date,open,high,low,close,volume,symbol,expiry,EMA_9,EMA_21,RSI_MA_14_20,ORB_High,ADX_14,Signal,EntryPrice,ExitPrice,StopLoss,Target
2025-08-25T09:15:00.000000,2513.05,2521.9,2509.65,2513.0,1471,ASIANPAINT,NaN,NaN,NaN,NaN,2521.9,NaN,,,,,
2025-08-25T09:20:00.000000,2513.0,2517.8,2511.35,2517.65,327,ASIANPAINT,NaN,NaN,NaN,NaN,2521.9,NaN,,,,,
2025-08-25T09:25:00.000000,2517.65,2520.0,2517.1,2519.0,797,ASIANPAINT,NaN,NaN,NaN,NaN,2521.9,NaN,,,,,
2025-08-25T09:30:00.000000,2519.0,2519.8,2515.9,2517.3,163,ASIANPAINT,NaN,NaN,NaN,NaN,2521.9,NaN,,,,,
2025-08-25T09:35:00.000000,2517.3,2519.65,2517.05,2519.25,33,ASIANPAINT,NaN,NaN,NaN,NaN,2521.9,NaN,,,,,
2025-08-25T09:40:00.000000,2519.25,2521.0,2517.55,2520.95,234,ASIANPAINT,NaN,NaN,NaN,NaN,2521.9,NaN,,,,,
2025-08-25T09:45:00.000000,2520.95,2522.45,2518.9,2522.45,67,ASIANPAINT,NaN,NaN,NaN,NaN,2521.9,NaN,,,,,
2025-08-25T09:50:00.000000,2520.15,2520.15,2518.8,2520.15,109,ASIANPAINT,NaN,NaN,NaN,NaN,2521.9,NaN,,,,,
2025-08-25T09:55:00.000000,2520.15,2521.95,2515.65,2515.65,245,ASIANPAINT,NaN,2518.377777777778,NaN,NaN,2521.9,NaN,,,,,
2025-08-25T10:00:00.000000,2515.65,2519.4,2515.65,2518.05,81,ASIANPAINT,NaN,2518.3122222222228,NaN,NaN,2521.9,NaN,,,,,
2025-08-25T10:05:00.000000,2518.05,2518.95,2517.0,2518.8,276,ASIANPAINT,NaN,2518.4097777777783,NaN,NaN,2521.9,NaN,,,,,
2025-08-25T10:10:00.000000,2518.8,2520.5,2517.55,2517.55,88,ASIANPAINT,NaN,2518.237822222223,NaN,NaN,2521.9,NaN,,,,,
2025-08-25T10:15:00.000000,2517.55,2518.75,2516.4,2516.9,74,ASIANPAINT,NaN,2517.9702577777784,NaN,NaN,2521.9,NaN,,,,,
2025-08-25T10:20:00.000000,2516.9,2521.8,2516.9,2520.6,129,ASIANPAINT,NaN,2518.4962062222226,NaN,NaN,2521.9,NaN,,,,,
2025-08-25T10:25:00.000000,2520.6,2521.95,2515.8,2516.1,98,ASIANPAINT,NaN,2518.016964977778,NaN,NaN,2521.9,NaN,,,,,
2025-08-25T10:30:00.000000,2516.1,2516.75,2514.55,2515.0,256,ASIANPAINT,NaN,2517.4135719822225,NaN,NaN,2521.9,NaN,,,,,
2025-08-25T10:35:00.000000,2515.0,2516.7,2514.65,2516.7,163,ASIANPAINT,NaN,2517.270857585778,NaN,NaN,2521.9,NaN,,,,,
2025-08-25T10:40:00.000000,2516.7,2516.7,2511.0,2513.1,147,ASIANPAINT,NaN,2516.4366860686223,NaN,NaN,2521.9,NaN,,,,,
2025-08-25T10:45:00.000000,2513.1,2513.1,2511.25,2511.25,95,ASIANPAINT,NaN,2515.3993488548977,NaN,NaN,2521.9,NaN,,,,,
2025-08-25T10:50:00.000000,2511.25,2513.0,2510.45,2512.4,139,ASIANPAINT,NaN,2514.799479083918,NaN,NaN,2521.9,NaN,,,,,
2025-08-25T10:55:00.000000,2512.4,2513.0,2511.0,2513.0,157,ASIANPAINT,NaN,2514.4395832671344,2516.897619047619,NaN,2521.9,NaN,,,,,
2025-08-25T11:00:00.000000,2513.0,2515.85,2509.0,2513.85,911211,ASIANPAINT,NaN,2514.3216666137073,2516.620562770563,NaN,2521.9,NaN,,,,,
2025-08-25T11:05:00.000000,2513.85,2515.55,2512.85,2515.45,52,ASIANPAINT,NaN,2514.547333290966,2516.5141479732392,NaN,2521.9,NaN,,,,,
2025-08-25T11:10:00.000000,2515.45,2515.45,2507.0,2507.0,110,ASIANPAINT,NaN,2513.037866632773,2515.6492254302175,NaN,2521.9,NaN,,,,,
2025-08-25T11:15:00.000000,2507.0,2509.0,2500.95,2504.1,240,ASIANPAINT,NaN,2511.2502933062183,2514.5992958456523,NaN,2521.9,NaN,,,,,
2025-08-25T11:20:00.000000,2504.1,2504.1,2501.9,2502.0,33,ASIANPAINT,NaN,2509.4002346449747,2513.4539053142294,NaN,2521.9,NaN,,,,,
2025-08-25T11:25:00.000000,2502.0,2503.15,2500.0,2500.45,316,ASIANPAINT,NaN,2507.61018771598,2512.271732103845,NaN,2521.9,NaN,,,,,
2025-08-25T11:30:00.000000,2500.45,2500.45,2491.2,2491.2,281,ASIANPAINT,NaN,2504.328150172784,2510.3561200944046,NaN,2521.9,24.559719288675414,,,,,
2025-08-25T11:35:00.000000,2491.2,2493.0,2489.1,2489.1,396,ASIANPAINT,NaN,2501.282520138227,2508.4237455403677,NaN,2521.9,27.63916149346218,,,,,
2025-08-25T11:40:00.000000,2489.1,2490.85,2488.15,2489.0,147,ASIANPAINT,NaN,2498.826016110582,2506.6579504912434,NaN,2521.9,30.574704627266506,,,,,
2025-08-25T11:45:00.000000,2489.0,2489.3,2489.0,2489.0,7,ASIANPAINT,NaN,2496.8608128884653,2505.0526822647666,NaN,2521.9,33.30056610865624,,,,,
2025-08-25T11:50:00.000000,2488.5,2489.75,2488.45,2489.75,86,ASIANPAINT,NaN,2495.438650310772,2503.661529331606,NaN,2521.9,35.88004291604112,,,,,
2025-08-25T11:55:00.000000,2489.75,2489.75,2485.75,2486.9,371,ASIANPAINT,NaN,2493.7309202486176,2502.1377539378236,NaN,2521.9,38.49954119245279,,,,,
2025-08-25T12:00:00.000000,2486.9,2489.15,2485.8,2488.4,451,ASIANPAINT,NaN,2492.664736198894,2500.8888672162034,39.07645014528261,2521.9,40.931932449120765,,,,,
2025-08-25T12:05:00.000000,2488.4,2488.4,2485.45,2485.45,51,ASIANPAINT,NaN,2491.221788959115,2499.485333832912,37.7127585644733,2521.9,43.220377235068995,,,,,
2025-08-25T12:10:00.000000,2485.45,2487.45,2485.45,2487.45,96,ASIANPAINT,NaN,2490.467431167292,2498.3912125753745,36.921417682299136,2521.9,45.34536167916377,,,,,
2025-08-25T12:15:00.000000,2487.7,2489.15,2487.0,2489.15,127,ASIANPAINT,NaN,2490.2039449338336,2497.5511023412496,36.565137201813116,2521.9,46.34423073527359,,,,,
2025-08-25T12:20:00.000000,2489.15,2489.15,2486.0,2487.0,225,ASIANPAINT,NaN,2489.5631559470667,2496.591911219318,36.0281713482221,2521.9,47.40997444556719,,,,,
2025-08-25T12:25:00.000000,2487.0,2487.0,2485.35,2485.35,5,ASIANPAINT,NaN,2488.7205247576535,2495.569919290289,35.385802888238906,2521.9,48.48877534067638,,,,,
2025-08-25T12:30:00.000000,2485.35,2488.9,2483.8,2488.9,310,ASIANPAINT,NaN,2488.7564198061227,2494.963562991172,35.54304262147411,2521.9,48.42119156617436,,,,,
2025-08-25T12:35:00.000000,2488.9,2491.9,2488.4,2488.4,316,ASIANPAINT,NaN,2488.685135844898,2494.3668754465198,35.62760599681858,2521.9,46.931206050276124,,,,,
2025-08-25T12:40:00.000000,2488.4,2488.4,2483.6,2484.0,107,ASIANPAINT,NaN,2487.7481086759185,2493.424432224109,35.238426110744626,2521.9,46.52660696953893,,,,,
2025-08-25T12:45:00.000000,2483.6,2484.95,2483.6,2484.95,53,ASIANPAINT,NaN,2487.188486940735,2492.6540292946443,35.083627890157345,2521.9,46.15090782314012,,,,,
2025-08-25T12:50:00.000000,2484.95,2487.4,2483.95,2487.4,24,ASIANPAINT,NaN,2487.230789552588,2492.1763902678586,35.43379646512905,2521.9,44.785739220427104,,,,,
2025-08-25T12:55:00.000000,2487.4,2487.4,2483.8,2485.15,87,ASIANPAINT,NaN,2486.8146316420703,2491.5376275162353,35.48770197919752,2521.9,43.55246320404532,,,,,
2025-08-25T13:00:00.000000,2485.15,2485.15,2480.8,2482.8,309,ASIANPAINT,NaN,2486.0117053136564,2490.743297742032,35.28218478999995,2521.9,43.05137749967436,,,,,
2025-08-25T13:05:00.000000,2482.8,2484.0,2480.0,2480.8,100,ASIANPAINT,NaN,2484.969364250925,2489.839361583666,34.89419741951021,2521.9,42.742456020936906,,,,,
2025-08-25T13:10:00.000000,2480.8,2481.0,2479.95,2480.4,149,ASIANPAINT,NaN,2484.0554914007403,2488.9812378033325,34.502965156961736,2521.9,42.46573881372761,,,,,
2025-08-25T13:15:00.000000,2480.4,2482.65,2477.6,2477.6,83,ASIANPAINT,NaN,2482.764393120592,2487.9465798212113,33.87772972808683,2521.9,42.667031324910944,,,,,
2025-08-25T13:20:00.000000,2477.6,2479.9,2477.6,2478.0,157,ASIANPAINT,NaN,2481.8115144964736,2487.0423452920104,33.408354509214774,2521.9,42.85394579958118,,,,,
2025-08-25T13:25:00.000000,2478.0,2479.35,2478.0,2478.3,95,ASIANPAINT,NaN,2481.1092115971787,2486.2475866291,33.05952239340825,2521.9,43.0275092403464,,,,,
2025-08-25T13:30:00.000000,2478.3,2478.3,2477.6,2477.6,725,ASIANPAINT,NaN,2480.407369277743,2485.461442390091,32.66631336270514,2521.9,43.27396770986803,,,,,
2025-08-25T13:35:00.000000,2477.6,2480.15,2477.6,2477.6,243,ASIANPAINT,NaN,2479.845895422194,2484.7467658091737,32.31055281111661,2521.9,42.47705119074977,,,,,
2025-08-25T13:40:00.000000,2477.6,2481.75,2477.0,2481.75,3327,ASIANPAINT,NaN,2480.2267163377555,2484.4743325537943,33.06141135427039,2521.9,40.94743323274944,,,,,
2025-08-25T13:45:00.000000,2481.75,2482.9,2481.0,2482.55,85,ASIANPAINT,NaN,2480.6913730702045,2484.299393230722,33.922194100336796,2521.9,39.001082387036085,,,,,
2025-08-25T13:50:00.000000,2482.55,2482.8,2481.0,2482.0,25,ASIANPAINT,NaN,2480.9530984561634,2484.0903574824747,34.60861469608137,2521.9,37.19375660173082,,,,,
2025-08-25T13:55:00.000000,2482.0,2485.25,2480.9,2485.25,1036,ASIANPAINT,NaN,2481.812478764931,2484.1957795295225,35.94662026550648,2521.9,34.619687603223426,,,,,
2025-08-25T14:00:00.000000,2485.25,2485.25,2482.7,2482.75,69,ASIANPAINT,NaN,2481.9999830119446,2484.0643450268385,36.71332118414445,2521.9,32.229480676037994,,,,,
2025-08-25T14:05:00.000000,2482.75,2482.75,2481.2,2481.4,4,ASIANPAINT,NaN,2481.879986409556,2483.8221318425803,37.18591276915743,2521.9,30.45816790120416,,,,,
2025-08-25T14:10:00.000000,2481.4,2481.4,2480.8,2481.15,52,ASIANPAINT,NaN,2481.7339891276447,2483.579210765982,37.57216494349164,2521.9,28.970747005613077,,,,,
2025-08-25T14:15:00.000000,2481.15,2481.9,2480.15,2481.2,791,ASIANPAINT,NaN,2481.6271913021155,2483.3629188781656,37.934154054356334,2521.9,27.84766289518102,,,,,
2025-08-25T14:20:00.000000,2481.2,2481.7,2479.2,2480.0,101,ASIANPAINT,NaN,2481.3017530416923,2483.0571989801506,38.046227573714624,2521.9,27.17169364597691,,,,,
2025-08-25T14:25:00.000000,2480.0,2483.0,2479.95,2483.0,119,ASIANPAINT,NaN,2481.641402433354,2483.051999072864,38.89172958767768,2521.9,25.865389160651663,,,,,
2025-08-25T14:30:00.000000,2483.0,2483.95,2482.3,2482.85,17,ASIANPAINT,NaN,2481.8831219466833,2483.0336355207855,39.62604192548962,2521.9,24.190371263648277,,,,,
2025-08-25T14:35:00.000000,2482.85,2485.2,2482.2,2483.6,90,ASIANPAINT,NaN,2482.2264975573466,2483.085123200714,40.47162875403424,2521.9,22.85795952041036,,,,,
2025-08-25T14:40:00.000000,2483.6,2485.2,2483.2,2484.95,43,ASIANPAINT,NaN,2482.771198045877,2483.2546574551943,41.55354734684483,2521.9,21.62072004454658,,,,,
2025-08-25T14:45:00.000000,2484.95,2490.0,2482.2,2490.0,904,ASIANPAINT,NaN,2484.2169584367016,2483.867870413813,43.479844587769726,2521.9,22.205501479533094,,,,,
2025-08-25T14:50:00.000000,2490.0,2490.3,2487.4,2490.3,124,ASIANPAINT,NaN,2485.4335667493615,2484.452609467103,45.2701517192757,2521.9,22.833745283220335,,,,,
2025-08-25T14:55:00.000000,2490.3,2490.3,2487.75,2490.05,254,ASIANPAINT,NaN,2486.3568533994894,2484.9614631519116,46.82134444227041,2521.9,23.417114529501344,,,,,
2025-08-25T15:00:00.000000,2490.05,2490.05,2484.4,2485.8,308,ASIANPAINT,NaN,2486.2454827195916,2485.037693774465,47.20023690862182,2521.9,22.270450077608746,,,,,
2025-08-25T15:05:00.000000,2485.8,2492.5,2485.4,2492.5,402,ASIANPAINT,NaN,2487.4963861756733,2485.7160852495135,48.61519773477574,2521.9,22.02901356128378,,,,,
2025-08-25T15:10:00.000000,2492.5,2494.8,2490.45,2493.75,295,ASIANPAINT,NaN,2488.7471089405385,2486.4464411359213,50.05422464841879,2521.9,22.452187727687125,,,,,
2025-08-25T15:15:00.000000,2493.75,2496.4,2493.6,2496.2,140,ASIANPAINT,NaN,2490.2376871524307,2487.333128305383,51.649498355491595,2521.9,23.24265002868031,,,,,
2025-08-25T15:20:00.000000,2496.2,2498.4,2491.25,2494.4,1641,ASIANPAINT,NaN,2491.0701497219447,2487.975571186712,52.69237724404056,2521.9,22.938280761072246,,,,,
2025-08-25T15:25:00.000000,2494.4,2494.5,2491.2,2494.5,277,ASIANPAINT,NaN,2491.756119777556,2488.5687010788292,53.64929757051506,2521.9,22.634502940617068,,,,,
2025-08-26T09:15:00.000000,2491.85,2491.95,2477.0,2491.5,628,ASIANPAINT,NaN,2491.704895822045,2488.835182798936,53.86912899558506,2491.95,23.346861440099733,,,,,
2025-08-26T09:20:00.000000,2491.5,2491.5,2481.0,2482.0,693,ASIANPAINT,NaN,2489.763916657636,2488.213802544487,52.632519204491004,2491.95,24.00833718961935,,,,,
2025-08-26T09:25:00.000000,2482.0,2484.9,2481.55,2481.7,376,ASIANPAINT,NaN,2488.1511333261087,2487.6216386768065,51.47833666304844,2491.95,24.622564671316137,,,,,
2025-08-26T09:30:00.000000,2481.7,2483.2,2479.75,2481.9,58,ASIANPAINT,NaN,2486.900906660887,2487.1014897061877,50.47075870864774,2491.95,25.501194052109618,,,,,
2025-08-26T09:35:00.000000,2481.9,2481.95,2479.25,2481.95,277,ASIANPAINT,NaN,2485.9107253287093,2486.6331724601705,49.56893558015423,2491.95,26.40175506907401,,,,,
2025-08-26T09:40:00.000000,2481.95,2484.55,2479.05,2479.05,211,ASIANPAINT,NaN,2484.5385802629676,2485.9437931456096,48.37016657628093,2491.95,26.29845757820351,,,,,
2025-08-26T09:45:00.000000,2479.05,2481.35,2476.25,2481.35,196,ASIANPAINT,NaN,2483.900864210374,2485.526175586918,47.74929671704518,2491.95,26.735721545226713,,,,,
2025-08-26T09:50:00.000000,2481.35,2482.15,2479.5,2481.8,409,ASIANPAINT,NaN,2483.480691368299,2485.1874323517436,47.276272545594914,2491.95,26.860862438414063,,,,,
2025-08-26T09:55:00.000000,2481.8,2484.6,2480.5,2483.55,137,ASIANPAINT,NaN,2483.4945530946393,2485.0385748652216,47.19090354137207,2491.95,26.158364615015007,,,,,
2025-08-26T10:00:00.000000,2483.55,2485.0,2482.25,2485.0,191,ASIANPAINT,NaN,2483.7956424757112,2485.0350680592924,47.38493527580822,2491.95,25.376963399754516,,,,,
2025-08-26T10:05:00.000000,2485.0,2485.0,2481.65,2484.05,100,ASIANPAINT,NaN,2483.846513980569,2484.9455164175383,47.39111277442335,2491.95,24.798763224195856,,,,,
2025-08-26T10:10:00.000000,2484.05,2485.0,2481.1,2481.95,247,ASIANPAINT,NaN,2483.467211184455,2484.6731967432165,47.03883670381581,2491.95,24.400488414196875,,,,,
2025-08-26T10:15:00.000000,2482.7,2483.05,2481.05,2481.65,58,ASIANPAINT,NaN,2483.1037689475643,2484.3983606756515,46.67002469362554,2491.95,24.043884720295818,,,,,
2025-08-26T10:20:00.000000,2481.65,2485.0,2481.65,2484.75,129,ASIANPAINT,NaN,2483.4330151580516,2484.430327886956,46.975706630145346,2491.95,22.96387498873244,,,,,
2025-08-26T10:25:00.000000,2484.75,2485.15,2483.05,2484.9,100,ASIANPAINT,NaN,2483.726412126441,2484.4730253517782,47.28147774211132,2491.95,21.90482724404671,,,,,
2025-08-26T10:30:00.000000,2484.9,2486.0,2484.0,2484.0,72,ASIANPAINT,NaN,2483.781129701153,2484.4300230470712,47.37637574652713,2491.95,20.595416111791195,,,,,
2025-08-26T10:35:00.000000,2484.0,2484.9,2483.25,2484.5,54,ASIANPAINT,NaN,2483.9249037609225,2484.4363845882467,47.57181112257071,2491.95,19.645119032186063,,,,,
2025-08-26T10:40:00.000000,2484.5,2484.5,2479.7,2481.9,34,ASIANPAINT,NaN,2483.519923008738,2484.2058041711334,47.22718087495478,2491.95,19.850488728325445,,,,,
2025-08-26T10:45:00.000000,2481.9,2482.4,2480.55,2482.4,46,ASIANPAINT,NaN,2483.2959384069904,2484.041640155576,47.03507959460365,2491.95,20.041189160454874,,,,,
2025-08-26T10:50:00.000000,2482.4,2485.95,2482.4,2485.0,192,ASIANPAINT,NaN,2483.6367507255923,2484.1287637777964,47.443481424068416,2491.95,18.81781832020958,,,,,
2025-08-26T10:55:00.000000,2485.0,2488.25,2484.75,2488.25,126,ASIANPAINT,NaN,2484.5594005804737,2484.5034216161785,48.41835822613697,2491.95,18.00387277405979,,,,,
2025-08-26T11:00:00.000000,2488.25,2489.1,2488.0,2488.0,150,ASIANPAINT,NaN,2485.247520464379,2484.821292378344,49.241601241192676,2491.95,17.50224108774307,,,,,
2025-08-26T11:05:00.000000,2488.0,2488.75,2487.0,2488.65,136,ASIANPAINT,NaN,2485.928016371503,2485.1693567075854,50.10541133559863,2491.95,16.66831874903022,,,,,
2025-08-26T11:10:00.000000,2488.65,2490.75,2487.1,2490.75,73,ASIANPAINT,NaN,2486.8924130972023,2485.676687915987,51.25190445656875,2491.95,16.505582131984934,,,,,
2025-08-26T11:15:00.000000,2490.75,2492.2,2490.4,2490.4,580,ASIANPAINT,NaN,2487.5939304777617,2486.1060799236243,52.19314787142766,2491.95,16.759807947202695,,,,,
2025-08-26T11:20:00.000000,2490.4,2493.8,2490.4,2493.55,93,ASIANPAINT,NaN,2488.785144382209,2486.7827999305678,53.5478805837623,2491.95,17.41278222583154,,,,,
2025-08-26T11:25:00.000000,2493.55,2496.0,2493.55,2495.9,127,ASIANPAINT,NaN,2490.208115505767,2487.6116363005162,55.08848202397736,2491.95,18.535544402909903,,,,,
2025-08-26T11:30:00.000000,2495.9,2495.9,2490.1,2491.3,87,ASIANPAINT,NaN,2490.426492404614,2487.9469420913783,55.34104383015864,2491.95,18.232813062637025,,,,,
2025-08-26T11:35:00.000000,2491.3,2492.05,2491.3,2492.0,15,ASIANPAINT,NaN,2490.741193923691,2488.315401901253,55.67980989858287,2491.95,17.951705389526495,,,,,
2025-08-26T11:40:00.000000,2492.0,2494.55,2486.55,2492.1,1016,ASIANPAINT,NaN,2491.0129551389527,2488.6594562738665,56.0027413282718,2491.95,17.152604797376473,,,,,
2025-08-26T11:45:00.000000,2492.1,2498.4,2492.1,2498.0,259,ASIANPAINT,NaN,2492.4103641111624,2489.5085966126057,57.115558644266876,2491.95,16.50090439703926,,,,,
2025-08-26T11:50:00.000000,2498.0,2501.9,2496.95,2496.95,803,ASIANPAINT,NaN,2493.3182912889297,2490.1850878296414,57.87237709496696,2491.95,16.680454160339913,,,,,
2025-08-26T11:55:00.000000,2496.95,2499.0,2495.45,2499.0,280,ASIANPAINT,NaN,2494.4546330311437,2490.986443481492,58.807995008801036,2491.95,16.40300400048877,,,,,
2025-08-26T12:00:00.000000,2499.0,2505.8,2499.0,2504.95,378,ASIANPAINT,NaN,2496.5537064249147,2492.2558577104473,60.24126906689821,2491.95,17.41132827416932,,,,,
2025-08-26T12:05:00.000000,2504.95,2505.6,2501.5,2504.75,288,ASIANPAINT,NaN,2498.192965139932,2493.3916888276794,61.48981113364736,2491.95,18.34762938544412,,,,,
2025-08-26T12:10:00.000000,2504.75,2507.0,2504.75,2505.05,5,ASIANPAINT,NaN,2499.5643721119454,2494.4515352978906,62.64724760573567,2491.95,19.44674811270614,,,,,
2025-08-26T12:15:00.000000,2505.05,2509.05,2505.05,2509.05,92,ASIANPAINT,NaN,2501.4614976895564,2495.7786684526277,64.03563586050979,2491.95,20.78931003009307,,,,,
2025-08-26T12:20:00.000000,2509.05,2510.0,2506.45,2510.0,188,ASIANPAINT,NaN,2503.169198151645,2497.071516775116,65.36466686081216,2491.95,22.180803085627616,,,,,
2025-08-26T12:25:00.000000,2510.0,2510.25,2506.8,2509.0,300,ASIANPAINT,NaN,2504.3353585213163,2498.1559243410143,66.29462278422187,2491.95,23.512234756063375,,,,,
2025-08-26T12:30:00.000000,2509.0,2510.0,2507.1,2509.0,103,ASIANPAINT,NaN,2505.268286817053,2499.141749400922,67.13601147683066,2491.95,24.74856416432515,,,,,
2025-08-26T12:35:00.000000,2509.0,2513.3,2509.0,2512.0,223,ASIANPAINT,NaN,2506.6146294536425,2500.3106812735655,68.16539073390801,2491.95,26.419367027387924,,,,,
2025-08-26T12:40:00.000000,2512.0,2515.0,2510.7,2515.0,111,ASIANPAINT,NaN,2508.291703562914,2501.6460738850596,69.32497300040929,2491.95,28.208667554768123,,,,,
2025-08-26T12:45:00.000000,2515.0,2517.95,2514.6,2517.9,481,ASIANPAINT,NaN,2510.213362850331,2503.1237035318723,70.56438233268541,2491.95,30.241534111175305,,,,,
2025-08-26T12:50:00.000000,2517.9,2520.55,2516.35,2516.35,266,ASIANPAINT,NaN,2511.440690280265,2504.3260941198837,71.25241247433131,2491.95,32.41487301987937,,,,,
2025-08-26T12:55:00.000000,2516.35,2522.5,2516.35,2521.0,698,ASIANPAINT,NaN,2513.3525522242116,2505.8419037453486,72.19536764641786,2491.95,34.62788468760906,,,,,
2025-08-26T13:00:00.000000,2521.0,2521.0,2513.3,2513.3,259,ASIANPAINT,NaN,2513.3420417793695,2506.5199124957717,71.40466083764017,2491.95,35.461618795797015,,,,,
2025-08-26T13:05:00.000000,2513.3,2514.0,2505.05,2505.05,379,ASIANPAINT,NaN,2511.683633423496,2506.386284087065,69.49018787479042,2491.95,33.79470365015915,,,,,
2025-08-26T13:10:00.000000,2505.05,2512.35,2505.05,2510.5,230,ASIANPAINT,NaN,2511.4469067387968,2506.7602582609684,68.32827316047825,2491.95,32.24685387206684,,,,,
2025-08-26T13:15:00.000000,2510.5,2510.5,2505.0,2505.25,185,ASIANPAINT,NaN,2510.2075253910375,2506.622962055426,66.65980493210222,2491.95,30.796436300761027,,,,,
2025-08-26T13:20:00.000000,2505.25,2512.15,2505.25,2510.25,1182,ASIANPAINT,NaN,2510.21602031283,2506.95269277766,65.63727341751334,2491.95,29.79587395909748,,,,,
2025-08-26T13:25:00.000000,2510.25,2514.8,2510.25,2514.65,96,ASIANPAINT,NaN,2511.102816250264,2507.652447979691,65.08860937654283,2491.95,29.38349663775744,,,,,
2025-08-26T13:30:00.000000,2514.65,2517.55,2513.45,2516.0,33,ASIANPAINT,NaN,2512.082253000211,2508.4113163451734,64.70218064194752,2491.95,29.48114500881613,,,,,
2025-08-26T13:35:00.000000,2516.0,2516.0,2513.9,2514.65,3,ASIANPAINT,NaN,2512.595802400169,2508.978469404703,64.17781221901969,2491.95,29.57181849622777,,,,,
2025-08-26T13:40:00.000000,2514.65,2516.85,2513.15,2513.55,17,ASIANPAINT,NaN,2512.786641920135,2509.3940630951847,63.55848075720628,2491.95,29.808200475810448,,,,,
2025-08-26T13:45:00.000000,2513.55,2516.0,2513.55,2514.7,52,ASIANPAINT,NaN,2513.169313536108,2509.8764209956225,63.11149900618877,2491.95,30.027698028280074,,,,,
2025-08-26T13:50:00.000000,2514.7,2516.3,2514.4,2514.4,127,ASIANPAINT,NaN,2513.415450828886,2510.287655450566,62.663139678688395,2491.95,30.291143365862617,,,,,
2025-08-26T13:55:00.000000,2514.4,2518.0,2514.4,2515.2,202,ASIANPAINT,NaN,2513.772360663109,2510.7342322277873,62.3447005880642,2491.95,30.86976836661493,,,,,
2025-08-26T14:00:00.000000,2515.2,2515.95,2512.8,2515.95,87,ASIANPAINT,NaN,2514.2078885304873,2511.208392934352,62.140835651635385,2491.95,30.74742280220372,,,,,
2025-08-26T14:05:00.000000,2515.95,2520.0,2514.55,2517.75,860,ASIANPAINT,NaN,2514.9163108243897,2511.8030844857744,62.15806213211494,2491.95,31.412625375946643,,,,,
2025-08-26T14:10:00.000000,2517.2,2517.2,2510.25,2510.25,204,ASIANPAINT,NaN,2513.983048659512,2511.6618949870676,61.02961667564921,2491.95,30.533225544743182,,,,,
2025-08-26T14:15:00.000000,2510.15,2510.2,2510.15,2510.2,55,ASIANPAINT,NaN,2513.2264389276097,2511.5289954427885,60.00202095893249,2491.95,29.684875670638654,,,,,
2025-08-26T14:20:00.000000,2510.2,2513.65,2510.2,2511.95,127,ASIANPAINT,NaN,2512.971151142088,2511.5672685843533,59.30691625526033,2491.95,29.60495809760888,,,,,
2025-08-26T14:25:00.000000,2511.95,2511.95,2505.0,2505.65,588,ASIANPAINT,NaN,2511.5069209136705,2511.0293350766847,57.86972921299728,2491.95,28.014608060258592,,,,,
2025-08-26T14:30:00.000000,2505.15,2506.0,2500.45,2501.75,475,ASIANPAINT,NaN,2509.555536730936,2510.1857591606226,56.16116330838305,2491.95,26.521490625275483,,,,,
2025-08-26T14:35:00.000000,2501.75,2502.55,2498.8,2502.55,913,ASIANPAINT,NaN,2508.154429384749,2509.4915992369297,54.73527142741375,2491.95,25.466442817160804,,,,,
2025-08-26T14:40:00.000000,2502.55,2502.95,2496.55,2498.35,530,ASIANPAINT,NaN,2506.1935435077994,2508.478726579027,53.02943270740746,2491.95,24.917543085531126,,,,,
2025-08-26T14:45:00.000000,2498.35,2499.2,2496.6,2498.0,309,ASIANPAINT,NaN,2504.5548348062393,2507.5261150718425,51.45301279829229,2491.95,24.40785047758928,,,,,
2025-08-26T14:50:00.000000,2498.0,2498.0,2494.0,2495.0,429,ASIANPAINT,NaN,2502.6438678449913,2506.3873773380387,49.74877198190484,2491.95,24.427308576989795,,,,,
2025-08-26T14:55:00.000000,2495.0,2495.0,2490.75,2490.75,113,ASIANPAINT,NaN,2500.265094275993,2504.965797580035,47.859149375269595,2491.95,24.99136410381092,,,,,
2025-08-26T15:00:00.000000,2490.75,2495.95,2485.0,2486.9,27629,ASIANPAINT,NaN,2497.592075420794,2503.3234523454867,45.876200391733114,2491.95,26.298387999263014,,,,,
2025-08-26T15:05:00.000000,2486.9,2487.0,2480.1,2480.45,1461,ASIANPAINT,NaN,2494.163660336635,2501.244047586806,43.70212031197251,2491.95,28.036424323221727,,,,,
2025-08-26T15:10:00.000000,2480.45,2480.5,2471.65,2475.0,4730,ASIANPAINT,NaN,2490.330928269308,2498.8582250789145,41.47524119424645,2491.95,30.33377451328516,,,,,
2025-08-26T15:15:00.000000,2475.0,2478.7,2473.35,2478.7,4340,ASIANPAINT,NaN,2488.0047426154465,2497.0256591626494,40.064922853426445,2491.95,32.46702826120121,,,,,
2025-08-26T15:20:00.000000,2478.7,2482.8,2476.85,2481.3,6618,ASIANPAINT,NaN,2486.6637940923574,2495.5960537842266,39.185989152479365,2491.95,33.32263356438862,,,,,
2025-08-26T15:25:00.000000,2481.3,2493.0,2476.3,2492.0,11345,ASIANPAINT,NaN,2487.731035273886,2495.2691398038423,39.716465172267704,2491.95,31.96563891554996,,,,,
2025-08-28T09:15:00.000000,2462.3,2504.95,2462.3,2503.95,2888,ASIANPAINT,NaN,2490.9748282191085,2496.058308912584,41.221782620235295,2507.1,32.14741681530231,,,,,
2025-08-28T09:20:00.000000,2503.95,2507.1,2494.55,2496.1,2439,ASIANPAINT,NaN,2491.999862575287,2496.06209901144,41.943037823952025,2507.1,31.955870274014995,,,,,
2025-08-28T09:25:00.000000,2496.1,2500.0,2490.2,2498.7,4176,ASIANPAINT,NaN,2493.3398900602297,2496.301908192218,42.79763044926996,2507.1,32.158613499682914,,,,,
2025-08-28T09:30:00.000000,2498.7,2501.5,2497.0,2497.75,1295,ASIANPAINT,NaN,2494.2219120481836,2496.4335529020163,43.49305317330153,2507.1,32.0841387690938,,,,,
2025-08-28T09:35:00.000000,2497.75,2501.85,2497.55,2501.85,1597,ASIANPAINT,NaN,2495.747529638547,2496.925957183651,44.45195722851596,2507.1,31.9512017026039,,,,,
2025-08-28T09:40:00.000000,2501.85,2513.0,2501.85,2508.15,2343,ASIANPAINT,NaN,2498.2280237108375,2497.94632471241,45.774997595800365,2507.1,30.066066723088483,,,,,
2025-08-28T09:45:00.000000,2508.15,2519.45,2508.15,2510.55,3530,ASIANPAINT,NaN,2500.69241896867,2499.092113374918,47.13285247324252,2507.1,28.317136956088667,,,,,
2025-08-28T09:50:00.000000,2510.55,2521.75,2506.2,2519.0,2472,ASIANPAINT,NaN,2504.353935174936,2500.9019212499256,48.86849648737433,2507.1,26.955814308277247,,,,,
2025-08-28T09:55:00.000000,2519.0,2527.0,2518.0,2521.55,2339,ASIANPAINT,NaN,2507.7931481399487,2502.779019318114,50.5757615085726,2507.1,26.258079910467757,,,,,
2025-08-28T10:00:00.000000,2521.55,2524.8,2517.9,2520.0,1993,ASIANPAINT,NaN,2510.234518511959,2504.3445630164674,51.95218862055934,2507.1,25.59520721986141,,,,,
2025-08-28T10:05:00.000000,2520.0,2521.0,2515.05,2519.8,1605,ASIANPAINT,NaN,2512.147614809567,2505.749602742243,53.174850632454586,2507.1,24.54472798463441,,,,,
2025-08-28T10:10:00.000000,2519.8,2522.0,2518.0,2518.0,508,ASIANPAINT,NaN,2513.3180918476537,2506.863275220221,54.06958814118715,2507.1,23.692070468667602,,,,,
2025-08-28T10:15:00.000000,2515.1,2520.4,2512.7,2517.0,3930,ASIANPAINT,NaN,2514.054473478123,2507.7847956547466,54.75937738390482,2507.1,22.10253537657229,,,,,
2025-08-28T10:20:00.000000,2517.0,2519.35,2515.15,2517.65,629,ASIANPAINT,NaN,2514.773578782498,2508.681632413406,55.434577322759225,2507.1,20.626538505340932,,,,,
2025-08-28T10:25:00.000000,2517.65,2520.0,2517.3,2518.7,653,ASIANPAINT,NaN,2515.5588630259986,2509.5923931030966,56.131078205594946,2507.1,19.353906904083733,,,,,
2025-08-28T10:30:00.000000,2518.7,2520.6,2515.2,2518.5,1450,ASIANPAINT,NaN,2516.147090420799,2510.4021755482695,56.7325030236388,2507.1,18.10982120228891,,,,,
2025-08-28T10:35:00.000000,2518.5,2520.0,2515.0,2517.85,520,ASIANPAINT,NaN,2516.487672336639,2511.079250498427,57.178191307410835,2507.1,16.987609318812233,,,,,
2025-08-28T10:40:00.000000,2517.85,2521.0,2517.0,2521.0,211,ASIANPAINT,NaN,2517.3901378693113,2511.9811368167516,57.87370532045465,2507.1,15.783876157423773,,,,,
2025-08-28T10:45:00.000000,2521.0,2522.7,2518.65,2519.4,681,ASIANPAINT,NaN,2517.792110295449,2512.65557892432,58.24696186924433,2507.1,14.975309120339428,,,,,
2025-08-28T10:50:00.000000,2519.4,2519.4,2512.2,2514.7,637,ASIANPAINT,NaN,2517.1736882363593,2512.841435385745,57.89896465248795,2507.1,14.709465325861126,,,,,
2025-08-28T10:55:00.000000,2514.7,2518.3,2513.05,2513.8,218,ASIANPAINT,NaN,2516.4989505890876,2512.9285776234046,57.46211181547616,2507.1,14.46261037384556,,,,,
2025-08-28T11:00:00.000000,2513.8,2515.4,2507.0,2510.15,965,ASIANPAINT,NaN,2515.22916047127,2512.6759796576407,56.5949033669894,2507.1,15.124992058761709,,,,,
2025-08-28T11:05:00.000000,2510.15,2512.3,2510.15,2512.0,400,ASIANPAINT,NaN,2514.583328377016,2512.6145269614917,56.04778758105525,2507.1,15.740060766183849,,,,,
2025-08-28T11:10:00.000000,2512.0,2512.0,2507.3,2511.5,276,ASIANPAINT,NaN,2513.966662701613,2512.5132063286287,55.48565620458071,2507.1,16.699924944407268,,,,,
2025-08-28T11:15:00.000000,2511.5,2511.5,2507.0,2508.9,542,ASIANPAINT,NaN,2512.9533301612905,2512.184733026026,54.63308625589686,2507.1,17.63182087564632,,,,,
2025-08-28T11:20:00.000000,2508.9,2518.35,2508.6,2518.35,385,ASIANPAINT,NaN,2514.0326641290326,2512.745211841842,54.98155785723408,2507.1,16.969838642498463,,,,,
2025-08-28T11:25:00.000000,2518.35,2519.5,2516.6,2517.5,124,ASIANPAINT,NaN,2514.726131303226,2513.1774653107655,55.18104295378849,2507.1,16.13118674111952,,,,,
2025-08-28T11:30:00.000000,2517.5,2519.15,2516.85,2519.0,414,ASIANPAINT,NaN,2515.5809050425805,2513.7067866461502,55.517401066136856,2507.1,15.352438546981931,,,,,
2025-08-28T11:35:00.000000,2519.0,2519.15,2517.0,2518.0,261,ASIANPAINT,NaN,2516.0647240340645,2514.0970787692277,55.67273214383949,2507.1,14.629315223854167,,,,,
2025-08-28T11:40:00.000000,2518.0,2520.0,2516.65,2520.0,440,ASIANPAINT,NaN,2516.8517792272514,2514.633707972025,56.03477275925347,2507.1,13.76230372608214,,,,,
2025-08-28T11:45:00.000000,2520.0,2523.0,2518.4,2523.0,167,ASIANPAINT,NaN,2518.081423381801,2515.3942799745682,56.67344834019045,2507.1,13.260096716199422,,,,,
2025-08-28T11:50:00.000000,2523.0,2523.0,2518.0,2518.0,121,ASIANPAINT,NaN,2518.065138705441,2515.6311636132436,56.4960517480911,2507.1,12.696514407114757,,,,,
2025-08-28T11:55:00.000000,2518.0,2518.0,2513.0,2514.3,83,ASIANPAINT,NaN,2517.3121109643525,2515.5101487393126,55.85786585346379,2507.1,12.509050580990776,,,,,
2025-08-28T12:00:00.000000,2514.3,2518.4,2512.0,2518.4,375,ASIANPAINT,NaN,2517.529688771482,2515.7728624902843,55.75119524688881,2507.1,12.53152603805324,,,,,
2025-08-28T12:05:00.000000,2518.4,2519.25,2516.8,2518.0,271,ASIANPAINT,NaN,2517.623751017186,2515.975329536622,55.60131215233642,2507.1,12.332821146901178,,,,,
2025-08-28T12:10:00.000000,2518.0,2519.0,2516.95,2518.9,169,ASIANPAINT,NaN,2517.879000813749,2516.2412086696568,55.571343335422654,2507.1,12.148309462259977,,,,,
2025-08-28T12:15:00.000000,2518.9,2525.0,2518.0,2519.0,774,ASIANPAINT,NaN,2518.103200650999,2516.492007881506,55.55652772515736,2507.1,12.013857000248237,,,,,
2025-08-28T12:20:00.000000,2518.15,2519.0,2514.15,2514.15,391,ASIANPAINT,NaN,2517.3125605207993,2516.2790980740965,54.85133311180435,2507.1,11.303946603680604,,,,,
2025-08-28T12:25:00.000000,2514.15,2515.8,2511.1,2511.1,188,ASIANPAINT,NaN,2516.0700484166396,2515.8082709764512,53.839395019486695,2507.1,11.254413265105699,,,,,
2025-08-28T12:30:00.000000,2511.1,2513.0,2511.1,2511.1,298,ASIANPAINT,NaN,2515.0760387333116,2515.3802463422285,52.92383198358024,2507.1,11.208418022143286,,,,,
2025-08-28T12:35:00.000000,2511.1,2512.7,2509.9,2512.7,297,ASIANPAINT,NaN,2514.6008309866493,2515.136587583844,52.3465051595719,2507.1,11.409938887481974,,,,,
2025-08-28T12:40:00.000000,2512.7,2515.85,2510.55,2512.5,1649,ASIANPAINT,NaN,2514.1806647893195,2514.8968978034945,51.795947437562205,2507.1,10.802272325269323,,,,,
2025-08-28T12:45:00.000000,2512.5,2513.0,2510.5,2511.15,323,ASIANPAINT,NaN,2513.5745318314557,2514.55627073045,51.10297742563804,2507.1,10.249560037633586,,,,,
2025-08-28T12:50:00.000000,2511.15,2512.2,2510.4,2510.4,74,ASIANPAINT,NaN,2512.9396254651647,2514.1784279367726,50.36740622655998,2507.1,9.761072907327817,,,,,
2025-08-28T12:55:00.000000,2510.4,2512.7,2508.6,2510.0,252,ASIANPAINT,NaN,2512.3517003721317,2513.798570851611,49.641993721807204,2507.1,9.754481440654734,,,,,
2025-08-28T13:00:00.000000,2510.0,2510.0,2505.0,2507.45,2855,ASIANPAINT,NaN,2511.3713602977055,2513.2214280469193,48.617106549956,2507.1,10.538497076647852,,,,,
2025-08-28T13:05:00.000000,2507.45,2508.6,2505.65,2508.0,399,ASIANPAINT,NaN,2510.6970882381643,2512.746752769927,47.80969943007039,2507.1,11.266511595784317,,,,,
2025-08-28T13:10:00.000000,2508.0,2508.0,2504.4,2505.7,370,ASIANPAINT,NaN,2509.6976705905313,2512.1061388817516,46.75474361260419,2507.1,12.208622504685852,,,,,
2025-08-28T13:15:00.000000,2505.7,2507.0,2505.3,2506.0,42,ASIANPAINT,NaN,2508.958136472425,2511.5510353470468,45.87124716303182,2507.1,13.083439777237277,,,,,
2025-08-28T13:20:00.000000,2506.0,2506.0,2500.0,2501.85,592,ASIANPAINT,NaN,2507.53650917794,2510.6691230427696,44.53897141278522,2507.1,14.908695233403611,,,,,
2025-08-28T13:25:00.000000,2501.85,2501.85,2497.35,2498.4,336,ASIANPAINT,NaN,2505.709207342352,2509.5537482206996,42.97555981834484,2507.1,17.005940544645693,,,,,
2025-08-28T13:30:00.000000,2498.4,2500.2,2496.4,2500.2,326,ASIANPAINT,NaN,2504.6073658738815,2508.7034074733633,41.98637285414099,2507.1,19.089633442165958,,,,,
2025-08-28T13:35:00.000000,2500.2,2500.8,2496.05,2500.75,285,ASIANPAINT,NaN,2503.835892699105,2507.9803704303304,41.22002657924965,2507.1,20.78694405116132,,,,,
2025-08-28T13:40:00.000000,2500.75,2501.2,2497.85,2500.0,652,ASIANPAINT,NaN,2503.068714159284,2507.2548822093913,40.43427715781899,2507.1,22.199030203833,,,,,
2025-08-28T13:45:00.000000,2500.0,2500.2,2498.35,2500.0,127,ASIANPAINT,NaN,2502.4549713274273,2506.595347463083,39.723361014619826,2507.1,23.510253059885276,,,,,
2025-08-28T13:50:00.000000,2500.0,2500.0,2497.0,2497.0,48,ASIANPAINT,NaN,2501.363977061942,2505.723043148257,38.712548622787686,2507.1,24.97911030929348,,,,,
2025-08-28T13:55:00.000000,2497.0,2499.05,2496.0,2497.8,421,ASIANPAINT,NaN,2500.6511816495536,2505.0027664984154,38.0176091181881,2507.1,26.523144254848717,,,,,
2025-08-28T14:00:00.000000,2497.8,2500.45,2495.8,2495.9,706,ASIANPAINT,NaN,2499.700945319643,2504.1752422712866,37.159057137103666,2507.1,27.290445938201714,,,,,
2025-08-28T14:05:00.000000,2495.9,2499.0,2495.9,2497.2,63,ASIANPAINT,NaN,2499.200756255714,2503.541129337533,36.74443668503194,2507.1,28.00294035845807,,,,,
2025-08-28T14:10:00.000000,2497.2,2499.0,2497.2,2499.0,38,ASIANPAINT,NaN,2499.160605004571,2503.1282993977575,36.842609789303665,2507.1,28.664542320124685,,,,,
2025-08-28T14:15:00.000000,2499.0,2499.0,2497.2,2498.5,82,ASIANPAINT,NaN,2499.028484003657,2502.707544907052,36.85355878400662,2507.1,29.278886998815114,,,,,
2025-08-28T14:20:00.000000,2498.5,2499.35,2497.0,2498.35,151,ASIANPAINT,NaN,2498.892787202926,2502.3114044609565,36.83902117232798,2507.1,29.643909460951814,,,,,
2025-08-28T14:25:00.000000,2498.35,2499.9,2497.2,2498.0,904,ASIANPAINT,NaN,2498.7142297623404,2501.9194586008693,36.765917849461225,2507.1,29.654131734989893,,,,,
2025-08-28T14:30:00.000000,2498.0,2502.0,2498.0,2498.5,825,ASIANPAINT,NaN,2498.671383809872,2501.608598728063,36.8563020446299,2507.1,28.51935104817877,,,,,
2025-08-28T14:35:00.000000,2498.5,2499.6,2497.0,2498.15,328,ASIANPAINT,NaN,2498.567107047898,2501.2941806618755,36.86978940053467,2507.1,27.83230093326947,,,,,
2025-08-28T14:40:00.000000,2498.15,2498.15,2495.0,2495.0,136,ASIANPAINT,NaN,2497.8536856383184,2500.721982419887,36.33372772259007,2507.1,27.85266146343672,,,,,
2025-08-28T14:45:00.000000,2495.0,2495.0,2493.0,2494.55,376,ASIANPAINT,NaN,2497.192948510655,2500.160893108988,35.779160638101025,2507.1,28.431448147454173,,,,,
2025-08-28T14:50:00.000000,2494.55,2495.65,2493.55,2495.35,274,ASIANPAINT,NaN,2496.824358808524,2499.7235391899894,35.56093322211949,2507.1,28.61189132640928,,,,,
2025-08-28T14:55:00.000000,2495.35,2497.8,2494.25,2495.0,227,ASIANPAINT,NaN,2496.459487046819,2499.294126536354,35.30038751265045,2507.1,27.6963433787912,,,,,
2025-08-28T15:00:00.000000,2495.0,2497.0,2491.85,2491.85,3449,ASIANPAINT,NaN,2495.5375896374553,2498.6173877603214,34.561619318233426,2507.1,27.581111342574978,,,,,
2025-08-28T15:05:00.000000,2491.85,2493.5,2490.05,2491.75,466,ASIANPAINT,NaN,2494.7800717099644,2497.9930797821103,33.878858416257145,2507.1,27.94836591519992,,,,,
2025-08-28T15:10:00.000000,2491.75,2491.75,2487.0,2489.8,289,ASIANPAINT,NaN,2493.7840573679714,2497.248254347373,32.99227641768261,2507.1,28.96614021955923,,,,,
2025-08-28T15:15:00.000000,2489.8,2490.0,2483.6,2488.1,1236,ASIANPAINT,NaN,2492.647245894377,2496.416594861248,31.983706329846438,2507.1,30.50829980948833,,,,,
2025-08-28T15:20:00.000000,2488.1,2488.35,2485.0,2487.55,776,ASIANPAINT,NaN,2491.627796715502,2495.6105407829527,31.00756903801751,2507.1,31.940305142993928,,,,,
2025-08-28T15:25:00.000000,2487.55,2488.5,2481.5,2481.5,802,ASIANPAINT,NaN,2489.6022373724018,2494.3277643481388,29.584070032603172,2507.1,33.79000324747354,,,,,
2025-08-29T09:15:00.000000,2481.55,2525.0,2481.55,2520.55,2237,ASIANPAINT,NaN,2495.7917898979213,2496.7116039528532,33.449961202879535,2530.0,34.270611703022105,,,,,
2025-08-29T09:20:00.000000,2520.55,2529.65,2520.1,2528.15,2851,ASIANPAINT,NaN,2502.263431918337,2499.5696399571393,37.28578811362822,2530.0,35.05151696045319,,,,,
2025-08-29T09:25:00.000000,2527.7,2530.0,2522.85,2529.35,1861,ASIANPAINT,NaN,2507.6807455346698,2502.2769454155814,40.80594275146561,2530.0,35.801472794688,,,,,
2025-08-29T09:30:00.000000,2529.35,2529.95,2521.85,2522.0,2488,ASIANPAINT,NaN,2510.544596427736,2504.0699503778014,43.1725516527408,2530.0,36.29881591264432,,,,,
2025-08-29T09:35:00.000000,2522.0,2523.25,2515.6,2519.25,3061,ASIANPAINT,NaN,2512.285677142189,2505.4499548889103,45.03519868820724,2530.0,35.596566888980895,,,,,
2025-08-29T09:40:00.000000,2519.25,2520.0,2507.45,2511.35,2135,ASIANPAINT,NaN,2512.0985417137513,2505.986322626282,45.99677208954237,2530.0,33.69644323329889,,,,,
2025-08-29T09:45:00.000000,2511.35,2514.35,2506.6,2506.6,1610,ASIANPAINT,NaN,2510.998833371001,2506.042111478438,46.48488703386276,2530.0,31.813079393840262,,,,,
2025-08-29T09:50:00.000000,2506.6,2510.25,2504.0,2506.0,977,ASIANPAINT,NaN,2509.999066696801,2506.0382831622164,46.878816886099806,2530.0,29.69684365516264,,,,,
2025-08-29T09:55:00.000000,2506.0,2507.05,2500.65,2504.2,984,ASIANPAINT,NaN,2508.8392533574406,2505.871166511106,47.0873197084846,2530.0,27.87461164827301,,,,,
2025-08-29T10:00:00.000000,2504.2,2504.2,2496.2,2496.8,525,ASIANPAINT,NaN,2506.4314026859524,2505.0465150100963,46.71711585655066,2530.0,26.74299249717711,,,,,
2025-08-29T10:05:00.000000,2496.8,2500.0,2495.0,2497.2,855,ASIANPAINT,NaN,2504.585122148762,2504.3331954637238,46.41956701343682,2530.0,25.838162757063653,,,,,
2025-08-29T10:10:00.000000,2499.3,2499.3,2494.5,2496.1,451,ASIANPAINT,NaN,2502.8880977190097,2503.5847231488397,46.06705973653874,2530.0,25.061277016744103,,,,,
2025-08-29T10:15:00.000000,2496.1,2502.0,2494.9,2502.0,582,ASIANPAINT,NaN,2502.7104781752078,2503.4406574080363,46.31469014986043,2530.0,23.87514622631321,,,,,
2025-08-29T10:20:00.000000,2502.0,2509.0,2502.0,2507.0,1793,ASIANPAINT,NaN,2503.568382540166,2503.7642340073057,46.961993562414335,2530.0,22.62290231900177,,,,,
2025-08-29T10:25:00.000000,2507.0,2511.0,2507.0,2509.8,130,ASIANPAINT,NaN,2504.814706032133,2504.3129400066414,47.769236799359284,2530.0,21.729660930757404,,,,,
2025-08-29T10:30:00.000000,2509.8,2510.5,2505.95,2506.45,467,ASIANPAINT,NaN,2505.1417648257066,2504.507218187856,48.18231982638969,2530.0,20.7250239535862,,,,,
2025-08-29T10:35:00.000000,2506.45,2508.5,2504.05,2505.5,548,ASIANPAINT,NaN,2505.2134118605654,2504.597471079869,48.46662961510418,2530.0,19.4722254485252,,,,,
2025-08-29T10:40:00.000000,2505.5,2511.4,2505.0,2509.6,275,ASIANPAINT,NaN,2506.0907294884523,2505.052246436245,49.08329733775489,2530.0,18.751513154740845,,,,,
2025-08-29T10:45:00.000000,2509.6,2512.2,2509.4,2510.75,68,ASIANPAINT,NaN,2507.0225835907618,2505.5702240329497,49.739130575676434,2530.0,18.203056922111994,,,,,
2025-08-29T10:50:00.000000,2510.75,2511.95,2508.0,2510.6,738,ASIANPAINT,NaN,2507.7380668726096,2506.0274763935904,50.31547686324644,2530.0,17.424255885905943,,,,,
2025-08-29T10:55:00.000000,2510.6,2511.7,2507.5,2510.3,221,ASIANPAINT,NaN,2508.2504534980876,2506.415887630537,50.80062718225111,2530.0,16.60223490659481,,,,,
2025-08-29T11:00:00.000000,2510.3,2511.45,2509.5,2509.5,117,ASIANPAINT,NaN,2508.50036279847,2506.6962614823065,51.138015010433854,2530.0,15.838929711520183,,,,,
2025-08-29T11:05:00.000000,2509.5,2509.5,2505.05,2507.6,719,ASIANPAINT,NaN,2508.320290238776,2506.7784195293693,51.20046769567915,2530.0,15.173830160788937,,,,,
2025-08-29T11:10:00.000000,2507.6,2508.6,2503.65,2503.65,388,ASIANPAINT,NaN,2507.386232191021,2506.494017753972,50.78811682645563,2530.0,14.811824086195779,,,,,
2025-08-29T11:15:00.000000,2503.65,2505.5,2502.0,2505.0,533,ASIANPAINT,NaN,2506.908985752817,2506.3581979581563,50.58607156863719,2530.0,14.773199539718888,,,,,
2025-08-29T11:20:00.000000,2505.0,2506.8,2500.9,2506.8,465,ASIANPAINT,NaN,2506.8871886022534,2506.3983617801423,50.62957110553731,2530.0,14.42857243314722,,,,,
2025-08-29T11:25:00.000000,2506.8,2509.7,2505.6,2509.7,477,ASIANPAINT,NaN,2507.4497508818026,2506.69851070922,51.01555789440202,2530.0,13.454318264961502,,,,,
2025-08-29T11:30:00.000000,2509.7,2511.0,2506.35,2511.0,1206,ASIANPAINT,NaN,2508.159800705442,2507.0895551902,51.514315624043306,2530.0,12.715273535079314,,,,,
2025-08-29T11:35:00.000000,2511.0,2513.7,2510.45,2513.7,146,ASIANPAINT,NaN,2509.2678405643537,2507.6905047183636,52.26521981107872,2530.0,12.579864933327125,,,,,
2025-08-29T11:40:00.000000,2513.7,2514.0,2512.0,2513.7,127,ASIANPAINT,NaN,2510.154272451483,2508.2368224712395,52.94460931363458,2530.0,12.514223202955518,,,,,
2025-08-29T11:45:00.000000,2513.7,2514.0,2505.5,2509.3,251,ASIANPAINT,NaN,2509.983417961186,2508.333474973854,52.88236649565199,2530.0,12.226362623841158,,,,,
2025-08-29T11:50:00.000000,2509.3,2509.8,2506.8,2506.8,173,ASIANPAINT,NaN,2509.346734368949,2508.1940681580495,52.48628861192668,2530.0,11.959063514663539,,,,,
2025-08-29T11:55:00.000000,2506.8,2510.0,2506.8,2508.0,350,ASIANPAINT,NaN,2509.077387495159,2508.1764255982266,52.29428911404894,2530.0,11.661288816756457,,,,,
2025-08-29T12:00:00.000000,2508.0,2510.25,2506.55,2508.2,196,ASIANPAINT,NaN,2508.9019099961274,2508.1785687256606,52.1492417490767,2530.0,11.384783740128453,,,,,
2025-08-29T12:05:00.000000,2508.2,2511.95,2507.55,2511.95,307,ASIANPAINT,NaN,2509.511527996902,2508.521426114237,52.53045052897258,2530.0,10.671310975651872,,,,,
2025-08-29T12:10:00.000000,2511.95,2517.0,2510.0,2516.15,141,ASIANPAINT,NaN,2510.8392223975216,2509.2149328311243,53.3617584961801,2530.0,10.964542736120892,,,,,
2025-08-29T12:15:00.000000,2516.15,2519.0,2514.0,2518.0,369,ASIANPAINT,NaN,2512.271377918017,2510.0135753010222,54.30707656796859,2530.0,11.624562978740313,,,,,
2025-08-29T12:20:00.000000,2517.6,2518.65,2516.15,2516.6,110,ASIANPAINT,NaN,2513.1371023344136,2510.6123411827475,54.9156973620368,2530.0,12.23743891831549,,,,,
2025-08-29T12:25:00.000000,2516.6,2519.0,2514.65,2515.75,320,ASIANPAINT,NaN,2513.6596818675307,2511.079401075225,55.31570352815312,2530.0,12.355816180831008,,,,,
2025-08-29T12:30:00.000000,2515.75,2518.0,2515.2,2516.6,170,ASIANPAINT,NaN,2514.2477454940245,2511.58127370475,55.78391051757207,2530.0,12.465737924595416,,,,,
2025-08-29T12:35:00.000000,2515.1,2518.55,2515.1,2517.3,138,ASIANPAINT,NaN,2514.8581963952197,2512.101157913409,56.29705728081813,2530.0,12.7021059665186,,,,,
2025-08-29T12:40:00.000000,2517.3,2518.0,2515.85,2515.85,104,ASIANPAINT,NaN,2515.0565571161756,2512.441961739463,56.46950509325103,2530.0,12.921590576875841,,,,,
2025-08-29T12:45:00.000000,2515.85,2519.15,2515.85,2519.15,122,ASIANPAINT,NaN,2515.8752456929406,2513.051783399512,57.06179147869513,2530.0,13.427933910717352,,,,,
2025-08-29T12:50:00.000000,2519.15,2519.15,2514.0,2514.0,185,ASIANPAINT,NaN,2515.5001965543524,2513.137984908647,56.670815172673215,2530.0,13.211143685118676,,,,,
2025-08-29T12:55:00.000000,2514.0,2514.0,2509.55,2510.2,76,ASIANPAINT,NaN,2514.4401572434817,2512.870895371497,55.76323341538799,2530.0,12.880672446814506,,,,,
2025-08-29T13:00:00.000000,2510.2,2510.2,2508.55,2509.8,159,ASIANPAINT,NaN,2513.5121257947853,2512.5917230649975,54.88688604686939,2530.0,12.834607905080162,,,,,
2025-08-29T13:05:00.000000,2509.8,2510.0,2507.0,2508.55,372,ASIANPAINT,NaN,2512.5197006358285,2512.224293695452,53.91779963923043,2530.0,13.183660554578779,,,,,
2025-08-29T13:10:00.000000,2508.55,2510.0,2506.5,2506.5,969,ASIANPAINT,NaN,2511.3157605086626,2511.703903359502,52.76177104493035,2530.0,13.632679522495618,,,,,
2025-08-29T13:15:00.000000,2506.5,2508.55,2506.0,2506.0,271,ASIANPAINT,NaN,2510.25260840693,2511.1853666904562,51.64846523945585,2530.0,14.178327859130572,,,,,
2025-08-29T13:20:00.000000,2506.0,2510.95,2506.0,2508.7,105,ASIANPAINT,NaN,2509.942086725544,2510.959424264051,51.14428137715292,2530.0,13.786990443016132,,,,,
2025-08-29T13:25:00.000000,2508.7,2510.75,2508.4,2510.0,23,ASIANPAINT,NaN,2509.9536693804353,2510.87220387641,50.91504537372413,2530.0,13.423605699481294,,,,,
2025-08-29T13:30:00.000000,2510.0,2510.0,2508.45,2510.0,25,ASIANPAINT,NaN,2509.962935504348,2510.792912614918,50.70764137062189,2530.0,13.086177009056088,,,,,
2025-08-29T13:35:00.000000,2510.0,2510.35,2509.4,2509.4,159,ASIANPAINT,NaN,2509.8503484034786,2510.66628419538,50.412196356759516,2530.0,12.62895837932115,,,,,
2025-08-29T13:40:00.000000,2509.4,2512.0,2509.4,2511.3,125,ASIANPAINT,NaN,2510.140278722783,2510.7238947230726,50.511077257768456,2530.0,11.904712386211482,,,,,
2025-08-29T13:45:00.000000,2511.3,2512.8,2511.3,2511.5,15,ASIANPAINT,NaN,2510.4122229782265,2510.7944497482476,50.638688501131746,2530.0,11.531509322732601,,,,,
2025-08-29T13:50:00.000000,2511.5,2516.75,2511.5,2516.75,132,ASIANPAINT,NaN,2511.6797783825814,2511.335863407498,51.62138523175697,2530.0,12.424794610015628,,,,,
2025-08-29T13:55:00.000000,2516.75,2519.0,2515.0,2516.8,106,ASIANPAINT,NaN,2512.7038227060652,2511.8326030977255,52.51769040326075,2530.0,13.809963506320406,,,,,
2025-08-29T14:00:00.000000,2516.8,2516.8,2510.0,2510.0,964,ASIANPAINT,NaN,2512.1630581648524,2511.666002816114,52.04458774103389,2530.0,13.24276697523264,,,,,
2025-08-29T14:05:00.000000,2510.0,2516.0,2509.7,2516.0,205,ASIANPAINT,NaN,2512.930446531882,2512.060002560104,52.483178625878004,2530.0,12.62110725176882,,,,,
2025-08-29T14:10:00.000000,2516.0,2520.6,2514.95,2520.6,1160,ASIANPAINT,NaN,2514.4643572255054,2512.8363659637307,53.39729148923976,2530.0,13.215089724140622,,,,,
2025-08-29T14:15:00.000000,2520.6,2521.85,2518.75,2520.15,157,ASIANPAINT,NaN,2515.6014857804043,2513.50124178521,54.147317657764454,2530.0,14.03693650215482,,,,,
2025-08-29T14:20:00.000000,2520.15,2523.0,2519.9,2522.95,247,ASIANPAINT,NaN,2517.0711886243234,2514.360219804736,55.122047389991245,2530.0,15.043515747553615,,,,,
2025-08-29T14:25:00.000000,2522.95,2522.95,2519.0,2519.0,545,ASIANPAINT,NaN,2517.4569508994587,2514.7820180043054,55.33733239685329,2530.0,15.64182090329699,,,,,
2025-08-29T14:30:00.000000,2519.0,2519.0,2515.5,2517.8,783,ASIANPAINT,NaN,2517.525560719567,2515.056380003914,55.344407551516106,2530.0,15.021427416086553,,,,,
2025-08-29T14:35:00.000000,2517.8,2526.0,2517.8,2526.0,2988,ASIANPAINT,NaN,2519.2204485756533,2516.051254549013,56.207592422572986,2530.0,15.92864093454979,,,,,
2025-08-29T14:40:00.000000,2526.0,2526.0,2522.35,2524.7,172,ASIANPAINT,NaN,2520.3163588605225,2516.837504135466,56.78430413567509,2530.0,16.77105348740851,,,,,
2025-08-29T14:45:00.000000,2524.7,2524.7,2522.45,2522.85,545,ASIANPAINT,NaN,2520.823087088418,2517.3840946686055,57.018164044067355,2530.0,17.55329371506303,,,,,
2025-08-29T14:50:00.000000,2522.85,2527.0,2521.3,2525.0,423,ASIANPAINT,NaN,2521.6584696707346,2518.076449698732,57.452142816103084,2530.0,18.712838923879982,,,,,
2025-08-29T14:55:00.000000,2525.0,2529.0,2524.55,2527.55,656,ASIANPAINT,NaN,2522.8367757365877,2518.937681544302,58.0943143638837,2530.0,20.13410347594816,,,,,
2025-08-29T15:00:00.000000,2527.55,2528.5,2520.4,2520.5,1608,ASIANPAINT,NaN,2522.3694205892702,2519.07971049482,57.643605018448966,2530.0,20.067737716676266,,,,,
2025-08-29T15:05:00.000000,2520.5,2523.0,2518.5,2518.5,1437,ASIANPAINT,NaN,2521.5955364714164,2519.0270095407454,56.98665594827572,2530.0,19.456321239700177,,,,,
2025-08-29T15:10:00.000000,2518.5,2518.65,2512.75,2514.25,1285,ASIANPAINT,NaN,2520.126429177133,2518.592735946132,55.90472815048134,2530.0,18.62931808575517,,,,,
2025-08-29T15:15:00.000000,2514.25,2516.9,2513.3,2516.45,802,ASIANPAINT,NaN,2519.3911433417065,2518.397941769211,55.201556595665735,2530.0,17.86138658566338,,,,,
2025-08-29T15:20:00.000000,2516.45,2519.0,2515.2,2518.85,1063,ASIANPAINT,NaN,2519.282914673365,2518.43903797201,54.85397153896768,2530.0,16.619794912674255,,,,,
2025-08-29T15:25:00.000000,2518.85,2522.6,2513.1,2517.4,4797,ASIANPAINT,NaN,2518.906331738692,2518.3445799745546,54.3583729504894,2530.0,16.205096123599038,,,,,
2025-09-01T09:15:00.000000,2517.4,2538.15,2517.4,2538.15,2038,ASIANPAINT,NaN,2522.755065390954,2520.1450727041406,55.648012922398614,2544.55,18.007131328839854,,,,,
2025-09-01T09:20:00.000000,2538.15,2544.55,2536.8,2544.55,906,ASIANPAINT,NaN,2527.1140523127633,2522.3637024583095,57.143340116724254,2544.55,20.2329593083478,,,,,
2025-09-01T09:25:00.000000,2544.55,2544.55,2530.2,2536.2,1421,ASIANPAINT,NaN,2528.9312418502104,2523.621547689372,57.604903204289535,2544.55,20.936862632163013,,,,,
2025-09-01T09:30:00.000000,2536.2,2540.0,2534.25,2538.0,145,ASIANPAINT,NaN,2530.7449934801684,2524.928679717611,58.129488528243016,2544.55,21.59048714713428,,,,,
2025-09-01T09:35:00.000000,2538.0,2538.0,2533.3,2536.3,67,ASIANPAINT,NaN,2531.855994784135,2525.962436106919,58.42871593680761,2544.55,22.00315374859993,,,,,
2025-09-01T09:40:00.000000,2536.3,2539.45,2535.45,2539.45,288,ASIANPAINT,NaN,2533.374795827308,2527.1885782790173,58.90240187974287,2544.55,22.558711425647978,,,,,
2025-09-01T09:45:00.000000,2539.45,2542.0,2538.0,2542.0,549,ASIANPAINT,NaN,2535.0998366618464,2528.535071162743,59.49052174655304,2544.55,23.37150375547323,,,,,
2025-09-01T09:50:00.000000,2542.0,2552.0,2541.1,2551.55,1895,ASIANPAINT,NaN,2538.3898693294773,2530.6273374206753,60.54096328214057,2544.55,25.070008123781577,,,,,
2025-09-01T09:55:00.000000,2551.55,2554.9,2549.15,2552.75,224,ASIANPAINT,NaN,2541.261895463582,2532.63848856425,61.54934963887652,2544.55,26.86912367042927,,,,,
2025-09-01T10:00:00.000000,2552.75,2555.0,2549.55,2552.9,310,ASIANPAINT,NaN,2543.5895163708656,2534.4804441493184,62.46932270960229,2544.55,28.547471079359987,,,,,
2025-09-01T10:05:00.000000,2552.4,2556.5,2551.1,2554.5,209,ASIANPAINT,NaN,2545.7716130966924,2536.3004037721075,63.38631360211241,2544.55,30.226455665630027,,,,,
2025-09-01T10:10:00.000000,2554.5,2555.95,2553.55,2553.6,264,ASIANPAINT,NaN,2547.3372904773537,2537.8730943382798,64.08994196190608,2544.55,31.78551278145221,,,,,
2025-09-01T10:15:00.000000,2555.0,2557.35,2552.7,2552.7,180,ASIANPAINT,NaN,2548.409832381883,2539.2209948529817,64.59590705932143,2544.55,33.35475678608332,,,,,
2025-09-01T10:20:00.000000,2552.7,2553.2,2548.0,2553.2,299,ASIANPAINT,NaN,2549.3678659055063,2540.4918135027106,65.08709113728202,2544.55,33.56296801246577,,,,,
2025-09-01T10:25:00.000000,2553.2,2554.8,2550.0,2554.8,166,ASIANPAINT,NaN,2550.454292724405,2541.792557729737,65.6409736475271,2544.55,33.9384982093417,,,,,
2025-09-01T10:30:00.000000,2554.8,2554.8,2549.0,2549.0,20,ASIANPAINT,NaN,2550.1634341795243,2542.4477797543063,65.26968574270056,2544.55,34.02709602657465,,,,,
2025-09-01T10:35:00.000000,2549.0,2554.5,2549.0,2552.8,154,ASIANPAINT,NaN,2550.6907473436195,2543.3888906857333,65.23814959140635,2544.55,34.10936542829095,,,,,
2025-09-01T10:40:00.000000,2552.8,2554.5,2552.5,2553.6,46,ASIANPAINT,NaN,2551.2725978748954,2544.3171733506665,65.2716875826636,2544.55,34.185758444170375,,,,,
2025-09-01T10:45:00.000000,2553.6,2557.0,2553.6,2557.0,187,ASIANPAINT,NaN,2552.4180782999165,2545.470157591515,65.55898241856815,2544.55,34.60722248034856,,,,,
2025-09-01T10:50:00.000000,2557.0,2558.0,2555.95,2558.0,217,ASIANPAINT,NaN,2553.5344626399333,2546.6092341741046,65.89210400823197,2544.55,35.133739280434575,,,,,
2025-09-01T10:55:00.000000,2558.0,2560.0,2555.65,2557.0,547,ASIANPAINT,NaN,2554.2275701119465,2547.553849249186,66.02622765124322,2544.55,35.886606752478755,,,,,
2025-09-01T11:00:00.000000,2557.0,2566.0,2556.4,2566.0,670,ASIANPAINT,NaN,2556.582056089557,2549.2307720447147,66.76345074583615,2544.55,37.24791066346985,,,,,
2025-09-01T11:05:00.000000,2566.0,2571.4,2565.85,2569.45,666,ASIANPAINT,NaN,2559.1556448716456,2551.068883677013,67.61903291799517,2544.55,38.968734445311085,,,,,
2025-09-01T11:10:00.000000,2569.45,2573.0,2569.0,2572.85,446,ASIANPAINT,NaN,2561.8945158973165,2553.048985160921,68.56443620407002,2544.55,40.68628406940839,,,,,
2025-09-01T11:15:00.000000,2572.85,2572.85,2567.55,2569.85,1142,ASIANPAINT,NaN,2563.485612717853,2554.5763501462916,68.93360050636487,2544.55,41.80877578825861,,,,,
2025-09-01T11:20:00.000000,2569.85,2571.05,2567.35,2569.3,370,ASIANPAINT,NaN,2564.6484901742824,2555.914863769356,69.17908305258652,2544.55,42.784172135549554,,,,,
2025-09-01T11:25:00.000000,2569.3,2571.3,2566.9,2570.85,392,ASIANPAINT,NaN,2565.8887921394257,2557.2726034266875,69.50288421331697,2544.55,43.53102844337013,,,,,
2025-09-01T11:30:00.000000,2570.85,2571.3,2569.1,2570.85,87,ASIANPAINT,NaN,2566.8810337115406,2558.5069122060795,69.79584716826358,2544.55,44.22453787206067,,,,,
2025-09-01T11:35:00.000000,2570.85,2577.0,2569.0,2576.35,2989,ASIANPAINT,NaN,2568.7748269692324,2560.129011096436,70.40990528617135,2544.55,45.44856288968628,,,,,
2025-09-01T11:40:00.000000,2576.35,2576.35,2566.55,2566.55,225,ASIANPAINT,NaN,2568.329861575386,2560.712737360396,69.4834800365306,2544.55,45.72755148756341,,,,,
2025-09-01T11:45:00.000000,2566.55,2568.4,2563.0,2567.3,488,ASIANPAINT,NaN,2568.1238892603087,2561.311579418542,68.70723100677768,2544.55,44.87680374961393,,,,,
2025-09-01T11:50:00.000000,2567.3,2567.3,2564.05,2566.0,142,ASIANPAINT,NaN,2567.699111408247,2561.7377994714016,67.82993653831768,2544.55,44.08682370723226,,,,,
2025-09-01T11:55:00.000000,2566.0,2569.55,2565.5,2569.55,200,ASIANPAINT,NaN,2568.0692891265976,2562.447999519456,67.34850379059868,2544.55,43.68908436720347,,,,,
2025-09-01T12:00:00.000000,2569.55,2571.0,2568.0,2568.0,392,ASIANPAINT,NaN,2568.055431301278,2562.9527268358693,66.69367557760667,2544.55,43.52608731438007,,,,,
2025-09-01T12:05:00.000000,2568.0,2570.2,2566.0,2570.2,864,ASIANPAINT,NaN,2568.4843450410226,2563.61156985079,66.30102846841906,2544.55,42.715799067955096,,,,,
2025-09-01T12:10:00.000000,2570.2,2570.2,2565.6,2565.6,161,ASIANPAINT,NaN,2567.907476032818,2563.792336227991,65.3095740282696,2544.55,41.83256142629277,,,,,
2025-09-01T12:15:00.000000,2565.6,2566.4,2564.25,2564.25,147,ASIANPAINT,NaN,2567.1759808262545,2563.8339420254465,64.23879920947256,2544.55,40.565978499764356,,,,,
2025-09-01T12:20:00.000000,2564.25,2567.25,2564.25,2565.6,37,ASIANPAINT,NaN,2566.8607846610034,2563.9944927504057,63.41855620622175,2544.55,39.56057564530249,,,,,
2025-09-01T12:25:00.000000,2565.6,2566.75,2561.7,2561.7,114,ASIANPAINT,NaN,2565.8286277288025,2563.7859025003686,62.17022138423181,2544.55,37.79271680902416,,,,,
2025-09-01T12:30:00.000000,2561.7,2563.0,2561.0,2562.0,713,ASIANPAINT,NaN,2565.062902183042,2563.6235477276077,61.07794008560676,2544.55,35.93322332948108,,,,,
2025-09-01T12:35:00.000000,2562.0,2565.0,2561.45,2564.7,127,ASIANPAINT,NaN,2564.9903217464334,2563.721407025098,60.42178761253931,2544.55,34.68292485684066,,,,,
2025-09-01T12:40:00.000000,2564.7,2565.05,2563.0,2564.0,38,ASIANPAINT,NaN,2564.792257397147,2563.74673365918,59.72817941394474,2544.55,33.53376544236026,,,,,
2025-09-01T12:45:00.000000,2564.0,2564.55,2563.1,2563.5,41,ASIANPAINT,NaN,2564.5338059177175,2563.724303326527,59.02634286042521,2544.55,32.4666888431999,,,,,
2025-09-01T12:50:00.000000,2563.5,2563.7,2560.0,2560.0,391,ASIANPAINT,NaN,2563.627044734174,2563.385730296843,57.89453785604702,2544.55,30.396493695715698,,,,,
2025-09-01T12:55:00.000000,2560.0,2562.45,2560.0,2561.15,58,ASIANPAINT,NaN,2563.1316357873393,2563.1824820880393,57.041949183687336,2544.55,28.47416963019466,,,,,
2025-09-01T13:00:00.000000,2561.15,2562.45,2561.15,2561.15,18,ASIANPAINT,NaN,2562.7353086298713,2562.9977109891265,56.27055943250476,2544.55,26.68915442649655,,,,,
2025-09-01T13:05:00.000000,2561.15,2566.75,2561.15,2565.95,227,ASIANPAINT,NaN,2563.378246903897,2563.266100899206,56.26077069720758,2544.55,26.27824700269549,,,,,
2025-09-01T13:10:00.000000,2565.95,2567.15,2565.6,2565.6,16,ASIANPAINT,NaN,2563.8225975231176,2563.4782735447325,56.19312302335755,2544.55,25.99717151668452,,,,,
2025-09-01T13:15:00.000000,2565.6,2568.0,2565.6,2568.0,58,ASIANPAINT,NaN,2564.658078018494,2563.8893395861205,56.44970060655714,2544.55,25.953192826456014,,,,,
2025-09-01T13:20:00.000000,2568.0,2568.4,2566.6,2566.6,122,ASIANPAINT,NaN,2565.0464624147953,2564.1357632601093,56.42927725615729,2544.55,26.015980763441245,,,,,
2025-09-01T13:25:00.000000,2566.6,2568.2,2566.0,2566.0,111,ASIANPAINT,NaN,2565.2371699318364,2564.305239327372,56.301746742325946,2544.55,25.798420084034145,,,,,
2025-09-01T13:30:00.000000,2566.0,2570.0,2566.0,2567.65,113,ASIANPAINT,NaN,2565.719735945469,2564.6093084794293,56.429613048935316,2544.55,26.089207995494455,,,,,
2025-09-01T13:35:00.000000,2567.65,2568.35,2567.65,2568.35,29,ASIANPAINT,NaN,2566.245788756375,2564.9493713449356,56.64746220468069,2544.55,26.359225341850454,,,,,
2025-09-01T13:40:00.000000,2568.35,2570.0,2568.35,2570.0,41,ASIANPAINT,NaN,2566.9966310051,2565.408519404487,57.08205868858081,2544.55,27.04547339692951,,,,,
2025-09-01T13:45:00.000000,2570.0,2572.95,2568.7,2569.45,483,ASIANPAINT,NaN,2567.48730480408,2565.775926731352,57.35153995822414,2544.55,28.338559550448114,,,,,
2025-09-01T13:50:00.000000,2569.45,2573.7,2569.45,2573.7,164,ASIANPAINT,NaN,2568.729843843264,2566.4962970285014,58.16844908178159,2544.55,29.68729174885314,,,,,
2025-09-01T13:55:00.000000,2573.7,2573.7,2571.75,2571.75,56,ASIANPAINT,NaN,2569.333875074611,2566.9739063895468,58.47400566029243,2544.55,30.939685933086377,,,,,
2025-09-01T14:00:00.000000,2571.75,2572.3,2569.8,2571.65,146,ASIANPAINT,NaN,2569.797100059689,2567.399005808679,58.72825587855738,2544.55,31.027241454290383,,,,,
2025-09-01T14:05:00.000000,2571.65,2571.65,2568.15,2568.15,15,ASIANPAINT,NaN,2569.4676800477514,2567.46727800789,58.228922114656335,2544.55,30.30381141688506,,,,,
2025-09-01T14:10:00.000000,2568.15,2571.0,2568.15,2571.0,301,ASIANPAINT,NaN,2569.774144038201,2567.788434552627,58.21556316257185,2544.55,29.63205495358012,,,,,
2025-09-01T14:15:00.000000,2571.0,2571.0,2568.95,2568.95,81,ASIANPAINT,NaN,2569.6093152305607,2567.8940314114793,57.809559799840144,2544.55,29.008281094796956,,,,,
2025-09-01T14:20:00.000000,2568.95,2571.0,2568.95,2571.0,740,ASIANPAINT,NaN,2569.8874521844486,2568.176392192254,57.75455547688891,2544.55,28.429062511641167,,,,,
2025-09-01T14:25:00.000000,2571.0,2571.0,2568.85,2570.0,35,ASIANPAINT,NaN,2569.909961747559,2568.3421747202306,57.50821450476236,2544.55,27.831622493226057,,,,,
2025-09-01T14:30:00.000000,2570.0,2571.5,2569.35,2570.1,166,ASIANPAINT,NaN,2569.947969398047,2568.5019770183912,57.301853402958606,2544.55,27.481419871277705,,,,,
2025-09-01T14:35:00.000000,2570.1,2572.0,2569.0,2569.0,55,ASIANPAINT,NaN,2569.758375518438,2568.547251834901,56.88417494444645,2544.55,27.360746756161948,,,,,
2025-09-01T14:40:00.000000,2569.0,2570.4,2566.05,2570.0,68,ASIANPAINT,NaN,2569.80670041475,2568.67931984991,56.6907455137069,2544.55,25.532809271813733,,,,,
2025-09-01T14:45:00.000000,2570.0,2571.45,2569.25,2570.0,45,ASIANPAINT,NaN,2569.8453603318003,2568.799381681736,56.515737933513975,2544.55,24.31401566212941,,,,,
2025-09-01T14:50:00.000000,2570.0,2571.15,2569.7,2571.0,16,ASIANPAINT,NaN,2570.0762882654403,2568.9994378924875,56.553196623505016,2544.55,23.182278738851114,,,,,
2025-09-01T14:55:00.000000,2571.0,2575.0,2571.0,2575.0,574,ASIANPAINT,NaN,2571.061030612352,2569.544943538625,57.260100547793634,2544.55,23.60133722628485,,,,,
2025-09-01T15:00:00.000000,2575.0,2575.0,2570.0,2570.0,257,ASIANPAINT,NaN,2570.8488244898817,2569.5863123078407,56.797845538581996,2544.55,23.445044595591618,,,,,
2025-09-01T15:05:00.000000,2570.0,2570.5,2569.25,2569.25,29,ASIANPAINT,NaN,2570.5290595919055,2569.555738461673,56.23795164280419,2544.55,22.904356059038513,,,,,
2025-09-01T15:10:00.000000,2569.25,2574.0,2569.25,2572.3,1545,ASIANPAINT,NaN,2570.8832476735242,2569.8052167833393,56.24818480354843,2544.55,23.522830726132106,,,,,
2025-09-01T15:15:00.000000,2572.3,2574.2,2571.0,2572.8,972,ASIANPAINT,NaN,2571.2665981388195,2570.077469803036,56.33704126280164,2544.55,24.152589607477896,,,,,
2025-09-01T15:20:00.000000,2572.8,2572.8,2564.0,2568.0,921,ASIANPAINT,NaN,2570.613278511056,2569.888608911851,55.51763053466923,2544.55,22.94896736492618,,,,,
2025-09-01T15:25:00.000000,2568.0,2569.0,2565.9,2568.0,427,ASIANPAINT,NaN,2570.0906228088447,2569.7169171925916,54.77625892350181,2544.55,21.831318139699587,,,,,
2025-09-02T09:15:00.000000,2568.2,2569.0,2554.55,2555.0,1965,ASIANPAINT,NaN,2567.0724982470756,2568.3790156296286,52.55227200048521,2569.0,23.179287571731745,,,,,
2025-09-02T09:20:00.000000,2554.0,2555.85,2545.4,2551.8,773,ASIANPAINT,NaN,2564.0179985976606,2566.8718323905714,50.291541667760676,2569.0,25.44022156411385,,,,,
2025-09-02T09:25:00.000000,2551.8,2551.8,2545.35,2546.6,752,ASIANPAINT,NaN,2560.5343988781283,2565.0289385368833,47.89788828033129,2569.0,27.544177965278504,,,,,
2025-09-02T09:30:00.000000,2546.6,2553.3,2545.2,2553.3,396,ASIANPAINT,NaN,2559.0875191025025,2563.9626713971666,46.799337337172396,2569.0,29.018980879595095,,,,,
2025-09-02T09:35:00.000000,2553.3,2553.6,2550.0,2553.0,413,ASIANPAINT,NaN,2557.870015282002,2562.966064906515,45.7805879231487,2569.0,30.290674874677762,,,,,
2025-09-02T09:40:00.000000,2553.0,2556.9,2551.3,2556.65,746,ASIANPAINT,NaN,2557.6260122256017,2562.3918771877406,45.38130622056316,2569.0,30.437245799518713,,,,,
2025-09-02T09:45:00.000000,2556.65,2558.0,2554.55,2555.0,690,ASIANPAINT,NaN,2557.1008097804815,2561.7198883524916,44.861153261665336,2569.0,30.250124483905687,,,,,
2025-09-02T09:50:00.000000,2555.0,2559.95,2554.55,2557.75,397,ASIANPAINT,NaN,2557.2306478243854,2561.358989411356,44.77488024626062,2569.0,29.51692453320396,,,,,
2025-09-02T09:55:00.000000,2557.75,2561.0,2557.75,2558.4,531,ASIANPAINT,NaN,2557.464518259508,2561.08999037396,44.78655058583816,2569.0,28.542012969604183,,,,,
2025-09-02T10:00:00.000000,2558.4,2561.85,2556.5,2561.25,522,ASIANPAINT,NaN,2558.2216146076066,2561.1045367036,45.18303451217794,2569.0,27.889965160479555,,,,,
2025-09-02T10:05:00.000000,2561.25,2564.35,2559.7,2560.4,374,ASIANPAINT,NaN,2558.6572916860855,2561.0404879123635,45.43418576364895,2569.0,26.574769838691672,,,,,
2025-09-02T10:10:00.000000,2560.4,2563.8,2560.0,2560.75,234,ASIANPAINT,NaN,2559.0758333488684,2561.0140799203305,45.71175244878525,2569.0,25.353517039888636,,,,,
2025-09-02T10:15:00.000000,2560.75,2564.4,2559.0,2561.25,331,ASIANPAINT,NaN,2559.510666679095,2561.0355272003003,46.038361582622905,2569.0,24.45980793531046,,,,,
2025-09-02T10:20:00.000000,2561.25,2566.95,2560.2,2560.2,1476,ASIANPAINT,NaN,2559.6485333432756,2560.9595701820913,46.17691200515272,2569.0,22.8834795679082,,,,,
2025-09-02T10:25:00.000000,2560.2,2562.0,2559.6,2560.35,311,ASIANPAINT,NaN,2559.7888266746204,2560.904154710992,46.327935163943614,2569.0,21.57960822029954,,,,,
2025-09-02T10:30:00.000000,2560.35,2562.55,2556.3,2557.55,1007,ASIANPAINT,NaN,2559.3410613396964,2560.599231555447,46.03910631616996,2569.0,21.18341236405097,,,,,
2025-09-02T10:35:00.000000,2557.55,2557.55,2556.1,2556.1,420,ASIANPAINT,NaN,2558.692849071757,2560.190210504952,45.57336140495352,2569.0,20.86196049285928,,,,,
2025-09-02T10:40:00.000000,2555.0,2557.3,2555.0,2556.0,212,ASIANPAINT,NaN,2558.1542792574055,2559.809282277229,45.13759614735023,2569.0,20.82446140710738,,,,,
2025-09-02T10:45:00.000000,2557.0,2560.0,2555.6,2557.7,743,ASIANPAINT,NaN,2558.0634234059244,2559.6175293429355,45.09698912471542,2569.0,19.896718479771273,,,,,
2025-09-02T10:50:00.000000,2558.9,2565.0,2558.9,2559.9,446,ASIANPAINT,NaN,2558.4307387247395,2559.6432084935777,45.48486437781358,2569.0,19.23770983654459,,,,,
2025-09-02T10:55:00.000000,2559.9,2562.0,2559.9,2561.2,249,ASIANPAINT,NaN,2558.9845909797914,2559.7847349941617,46.072093409587694,2569.0,18.625773239262667,,,,,
2025-09-02T11:00:00.000000,2561.2,2563.0,2560.5,2560.5,156,ASIANPAINT,NaN,2559.287672783833,2559.8497590856014,46.467993988933145,2569.0,18.301820179293312,,,,,
2025-09-02T11:05:00.000000,2560.5,2562.7,2560.1,2562.35,193,ASIANPAINT,NaN,2559.9001382270662,2560.077053714183,47.17055999171759,2569.0,17.868794083943943,,,,,
2025-09-02T11:10:00.000000,2562.35,2562.7,2559.0,2562.6,109,ASIANPAINT,NaN,2560.440110581653,2560.3064124674393,47.852203988919136,2569.0,17.09915769007467,,,,,
2025-09-02T11:15:00.000000,2562.6,2562.6,2559.0,2560.7,271,ASIANPAINT,NaN,2560.492088465322,2560.3421931522175,48.06082253649901,2569.0,16.384495324338914,,,,,
2025-09-02T11:20:00.000000,2560.7,2561.15,2557.1,2559.3,113,ASIANPAINT,NaN,2560.2536707722575,2560.2474483201977,47.96884439895862,2569.0,15.350891852902024,,,,,
2025-09-02T11:25:00.000000,2559.3,2559.75,2557.0,2557.5,276,ASIANPAINT,NaN,2559.702936617806,2559.9976802910887,47.547405352822906,2569.0,14.424360542620988,,,,,
2025-09-02T11:30:00.000000,2557.5,2560.0,2557.2,2559.2,325,ASIANPAINT,NaN,2559.6023492942445,2559.92516390099,47.5491087637755,2569.0,13.471769356351937,,,,,
2025-09-02T11:35:00.000000,2559.2,2559.4,2555.55,2556.85,799,ASIANPAINT,NaN,2559.0518794353957,2559.6456035463543,47.116325597875424,2569.0,13.168518085767515,,,,,
2025-09-02T11:40:00.000000,2556.85,2558.0,2555.85,2557.75,265,ASIANPAINT,NaN,2558.7915035483165,2559.4732759512312,46.931240072078545,2569.0,12.886927620224837,,,,,
2025-09-02T11:45:00.000000,2557.75,2557.75,2556.0,2556.55,122,ASIANPAINT,NaN,2558.3432028386533,2559.2075235920283,46.54096575943208,2569.0,12.625450759363778,,,,,
2025-09-02T11:50:00.000000,2556.55,2559.45,2556.45,2557.0,298,ASIANPAINT,NaN,2558.074562270923,2559.0068396291167,46.29940201474306,2569.0,11.811561644369766,,,,,
2025-09-02T11:55:00.000000,2557.0,2558.05,2556.5,2558.0,131,ASIANPAINT,NaN,2558.0596498167383,2558.9153087537425,46.33009221777447,2569.0,11.05580746616104,,,,,
2025-09-02T12:00:00.000000,2558.0,2558.65,2555.25,2555.4,218,ASIANPAINT,NaN,2557.527719853391,2558.595735230675,45.84403681812976,2569.0,10.72396428935673,,,,,
2025-09-02T12:05:00.000000,2555.4,2557.45,2555.35,2557.45,286,ASIANPAINT,NaN,2557.5121758827127,2558.4915774824317,45.90507535877844,2569.0,10.41582419660987,,,,,
2025-09-02T12:10:00.000000,2557.45,2558.35,2552.3,2554.2,821,ASIANPAINT,NaN,2556.84974070617,2558.101434074938,45.373655227049305,2569.0,11.306278059687129,,,,,
2025-09-02T12:15:00.000000,2554.2,2554.3,2551.6,2553.3,142,ASIANPAINT,NaN,2556.139792564936,2557.6649400681254,44.74684704687578,2569.0,12.36276305269331,,,,,
2025-09-02T12:20:00.000000,2553.3,2553.45,2551.0,2551.05,114,ASIANPAINT,NaN,2555.121834051949,2557.063581880114,43.83671102874326,2569.0,13.539391739262017,,,,,
2025-09-02T12:25:00.000000,2551.05,2551.2,2547.5,2548.0,406,ASIANPAINT,NaN,2553.697467241559,2556.2396198910124,42.61321430462097,2569.0,15.591818560637611,,,,,
2025-09-02T12:30:00.000000,2548.0,2551.85,2548.0,2551.2,234,ASIANPAINT,NaN,2553.197973793247,2555.781472628193,42.28729589323172,2569.0,17.127822448121943,,,,,
2025-09-02T12:35:00.000000,2551.2,2556.0,2549.25,2556.0,416,ASIANPAINT,NaN,2553.7583790345975,2555.8013387529027,42.92512858031282,2569.0,16.594244505815205,,,,,
2025-09-02T12:40:00.000000,2556.0,2560.15,2555.25,2560.15,529,ASIANPAINT,NaN,2555.036703227678,2556.1966715935478,44.13578208682902,2569.0,16.107965864597187,,,,,
2025-09-02T12:45:00.000000,2560.15,2560.5,2557.35,2559.35,250,ASIANPAINT,NaN,2555.8993625821427,2556.483337812316,45.09147261237025,2569.0,15.758552614899644,,,,,
2025-09-02T12:50:00.000000,2559.35,2559.6,2556.1,2557.0,237,ASIANPAINT,NaN,2556.119490065714,2556.530307102106,45.55908056469354,2569.0,14.977659222653156,,,,,
2025-09-02T12:55:00.000000,2557.0,2562.0,2557.0,2560.5,1021,ASIANPAINT,NaN,2556.9955920525713,2556.8911882746415,46.505380420060405,2569.0,14.974422889211493,,,,,
2025-09-02T13:00:00.000000,2560.5,2562.0,2556.4,2557.2,1200,ASIANPAINT,NaN,2557.036473642057,2556.919262067856,46.83106288819096,2569.0,14.74324098211234,,,,,
2025-09-02T13:05:00.000000,2557.2,2558.95,2556.35,2557.6,164,ASIANPAINT,NaN,2557.1491789136458,2556.9811473344143,47.18740487628985,2569.0,14.508713360331216,,,,,
2025-09-02T13:10:00.000000,2557.6,2558.6,2556.2,2557.1,39,ASIANPAINT,NaN,2557.1393431309166,2556.991952122195,47.427392566115884,2569.0,14.227448813063031,,,,,
2025-09-02T13:15:00.000000,2557.1,2558.6,2556.85,2556.85,30,ASIANPAINT,NaN,2557.0814745047333,2556.979047383814,47.60130353613862,2569.0,13.966274590599715,,,,,
2025-09-02T13:20:00.000000,2556.85,2558.4,2553.2,2553.2,147,ASIANPAINT,NaN,2556.3051796037867,2556.635497621649,47.169818825781576,2569.0,13.664512763100126,,,,,
2025-09-02T13:25:00.000000,2553.2,2556.35,2553.2,2554.8,487,ASIANPAINT,NaN,2556.0041436830293,2556.468634201499,47.082747502053074,2569.0,13.384305351850509,,,,,
2025-09-02T13:30:00.000000,2554.8,2557.15,2554.8,2557.1,198,ASIANPAINT,NaN,2556.223314946423,2556.5260310922718,47.41192978736764,2569.0,12.774398494854365,,,,,
2025-09-02T13:35:00.000000,2557.1,2558.7,2556.25,2557.0,661,ASIANPAINT,NaN,2556.3786519571386,2556.5691191747924,47.691865524274235,2569.0,12.153595351940194,,,,,
2025-09-02T13:40:00.000000,2557.0,2558.1,2552.15,2552.15,192,ASIANPAINT,NaN,2555.5329215657107,2556.167381067993,47.165336561952635,2569.0,12.445275580134863,,,,,
2025-09-02T13:45:00.000000,2552.15,2552.95,2550.0,2551.25,321,ASIANPAINT,NaN,2554.6763372525684,2555.7203464254485,46.56256505258729,2569.0,13.310263432037242,,,,,
2025-09-02T13:50:00.000000,2551.25,2551.25,2546.05,2548.0,479,ASIANPAINT,NaN,2553.341069802055,2555.018496750408,45.593074535880106,2569.0,14.998393958845487,,,,,
2025-09-02T13:55:00.000000,2548.0,2548.0,2539.0,2540.6,795,ASIANPAINT,NaN,2550.792855841644,2553.7077243185527,43.984838413750666,2569.0,17.646495408666283,,,,,
2025-09-02T14:00:00.000000,2540.6,2540.6,2535.25,2536.5,914,ASIANPAINT,NaN,2547.9342846733152,2552.143385744139,42.224072403468384,2569.0,20.519078374929027,,,,,
2025-09-02T14:05:00.000000,2536.5,2537.35,2533.05,2537.35,740,ASIANPAINT,NaN,2545.817427738652,2550.7985324946717,40.80381800775708,2569.0,23.399937725138468,,,,,
2025-09-02T14:10:00.000000,2537.35,2538.55,2533.5,2538.0,382,ASIANPAINT,NaN,2544.2539421909214,2549.6350295406105,39.65495117062795,2569.0,25.615514181547717,,,,,
2025-09-02T14:15:00.000000,2538.0,2542.2,2537.0,2542.2,462,ASIANPAINT,NaN,2543.843153752737,2548.9591177641914,39.432343573223115,2569.0,26.395227662067374,,,,,
2025-09-02T14:20:00.000000,2542.2,2544.15,2538.0,2538.0,476,ASIANPAINT,NaN,2542.6745230021897,2547.9628343310833,38.823121799342914,2569.0,26.50993528209122,,,,,
2025-09-02T14:25:00.000000,2538.0,2538.0,2533.2,2534.9,239,ASIANPAINT,NaN,2541.1196184017517,2546.7753039373483,38.00894274708367,2569.0,27.347192983291,,,,,
2025-09-02T14:30:00.000000,2534.9,2535.6,2530.9,2535.6,261,ASIANPAINT,NaN,2540.0156947214014,2545.7593672157714,37.40459070506238,2569.0,28.42604917011107,,,,,
2025-09-02T14:35:00.000000,2535.6,2538.55,2535.6,2538.55,182,ASIANPAINT,NaN,2539.722555777121,2545.103970196156,37.397423515690015,2569.0,28.550510075035536,,,,,
2025-09-02T14:40:00.000000,2538.55,2539.25,2537.0,2539.05,180,ASIANPAINT,NaN,2539.588044621697,2544.5536092692328,37.47992318176354,2569.0,28.465633544554873,,,,,
2025-09-02T14:45:00.000000,2539.05,2540.95,2538.0,2539.75,628,ASIANPAINT,NaN,2539.6204356973576,2544.116917517484,37.68382111537322,2569.0,27.901253057286194,,,,,
2025-09-02T14:50:00.000000,2539.75,2540.25,2536.3,2540.25,942,ASIANPAINT,NaN,2539.746348557886,2543.765379561349,37.963924606353544,2569.0,27.6856008812297,,,,,
2025-09-02T14:55:00.000000,2540.25,2542.0,2537.9,2539.0,495,ASIANPAINT,NaN,2539.5970788463087,2543.33216323759,38.05155414564852,2569.0,26.97838216554452,,,,,
2025-09-02T15:00:00.000000,2539.0,2541.35,2538.0,2540.3,916,ASIANPAINT,NaN,2539.737663077047,2543.056512034173,38.39740050665351,2569.0,26.32167907240828,,,,,
2025-09-02T15:05:00.000000,2540.3,2544.0,2539.55,2542.55,441,ASIANPAINT,NaN,2540.3001304616373,2543.010465485612,39.14711630260569,2569.0,24.94834857821608,,,,,
2025-09-02T15:10:00.000000,2542.55,2543.9,2540.1,2541.7,388,ASIANPAINT,NaN,2540.58010436931,2542.8913322596472,39.68880534047452,2569.0,23.673113119323325,,,,,
2025-09-02T15:15:00.000000,2541.7,2542.7,2537.95,2540.45,517,ASIANPAINT,NaN,2540.554083495448,2542.6693929633157,39.97905197224876,2569.0,23.011065869151185,,,,,
2025-09-02T15:20:00.000000,2540.45,2540.45,2535.8,2536.0,1098,ASIANPAINT,NaN,2539.6432667963586,2542.063084512105,39.62242654149248,2569.0,22.873869731396887,,,,,
2025-09-02T15:25:00.000000,2537.25,2540.0,2535.05,2536.9,985,ASIANPAINT,NaN,2539.094613437087,2541.5937131928226,39.49454751979447,2569.0,22.90715115765428,,,,,
2025-09-03T09:15:00.000000,2538.85,2543.1,2529.55,2543.1,1208,ASIANPAINT,NaN,2539.8956907496695,2541.7306483571115,40.50870015791384,2548.5,23.944287837989698,,,,,
2025-09-03T09:20:00.000000,2543.1,2544.0,2540.0,2544.0,539,ASIANPAINT,NaN,2540.7165525997357,2541.9369530519193,41.56478175363557,2548.5,24.59943300083708,,,,,
2025-09-03T09:25:00.000000,2544.0,2548.25,2542.25,2544.0,285,ASIANPAINT,NaN,2541.3732420797887,2542.124502774472,42.520284149764755,2548.5,23.899694870476406,,,,,
2025-09-03T09:30:00.000000,2544.0,2545.85,2543.75,2544.0,122,ASIANPAINT,NaN,2541.898593663831,2542.2950025222476,43.38478631769116,2548.5,23.249938035141497,,,,,
2025-09-03T09:35:00.000000,2543.65,2548.5,2543.65,2545.65,222,ASIANPAINT,NaN,2542.6488749310647,2542.6000022929525,44.45559243712546,2548.5,21.904606221868505,,,,,
2025-09-03T09:40:00.000000,2545.65,2552.25,2545.0,2552.25,172,ASIANPAINT,NaN,2544.5690999448516,2543.477274811775,46.34234025661088,2548.5,20.92841939597542,,,,,
2025-09-03T09:45:00.000000,2552.25,2558.5,2552.25,2554.45,258,ASIANPAINT,NaN,2546.545279955881,2544.474795283432,48.29052430839302,2548.5,21.192904103055525,,,,,
2025-09-03T09:50:00.000000,2554.45,2554.45,2548.85,2551.0,75,ASIANPAINT,NaN,2547.436223964705,2545.0679957122106,49.37329066634968,2548.5,20.5950563736596,,,,,
2025-09-03T09:55:00.000000,2552.15,2553.6,2550.75,2551.5,748,ASIANPAINT,NaN,2548.248979171764,2545.652723374737,50.41596777250493,2548.5,20.03991205350624,,,,,
2025-09-03T10:00:00.000000,2551.5,2553.7,2551.0,2551.85,166,ASIANPAINT,NaN,2548.9691833374113,2546.216112158852,51.405507730073204,2548.5,19.544480331448227,,,,,
2025-09-03T10:05:00.000000,2551.85,2554.55,2551.8,2551.9,117,ASIANPAINT,NaN,2549.555346669929,2546.73282923532,52.30780823352865,2548.5,19.262223413646353,,,,,
2025-09-03T10:10:00.000000,2551.9,2553.5,2550.75,2553.5,185,ASIANPAINT,NaN,2550.344277335943,2547.348026577564,53.35041197839702,2548.5,18.697056978766874,,,,,
2025-09-03T10:15:00.000000,2551.55,2556.9,2551.0,2556.9,610,ASIANPAINT,NaN,2551.6554218687543,2548.2163877977855,54.72068442137464,2548.5,18.890809186088784,,,,,
2025-09-03T10:20:00.000000,2556.9,2561.85,2556.9,2560.0,131,ASIANPAINT,NaN,2553.3243374950034,2549.287625270714,56.289162669814644,2548.5,19.918619697241752,,,,,
2025-09-03T10:25:00.000000,2560.0,2560.0,2555.5,2555.5,309,ASIANPAINT,NaN,2553.7594699960027,2549.8523866097403,56.73682627537222,2548.5,20.4543055189506,,,,,
2025-09-03T10:30:00.000000,2555.5,2558.35,2555.0,2557.3,760,ASIANPAINT,NaN,2554.467575996802,2550.5294423724913,57.35783415946236,2548.5,20.800329936478374,,,,,
2025-09-03T10:35:00.000000,2557.3,2557.3,2552.0,2552.0,185,ASIANPAINT,NaN,2553.974060797442,2550.6631294295375,56.98201545638406,2548.5,20.253012080146643,,,,,
2025-09-03T10:40:00.000000,2552.0,2553.55,2550.85,2552.55,114,ASIANPAINT,NaN,2553.6892486379534,2550.8346631177615,56.71784735746011,2548.5,19.43347699226123,,,,,
2025-09-03T10:45:00.000000,2552.55,2552.55,2548.0,2548.95,172,ASIANPAINT,NaN,2552.7413989103625,2550.663330107056,55.92357463191456,2548.5,18.14263882596349,,,,,
2025-09-03T10:50:00.000000,2548.95,2548.95,2544.15,2545.8,46,ASIANPAINT,NaN,2551.35311912829,2550.221209188233,54.780962789198185,2548.5,17.78545123671653,,,,,
2025-09-03T10:55:00.000000,2545.8,2547.25,2545.8,2547.0,55,ASIANPAINT,NaN,2550.482495302632,2549.928371989303,53.94144919046508,2548.5,17.453777046701493,,,,,
2025-09-03T11:00:00.000000,2547.0,2548.95,2547.0,2548.6,69,ASIANPAINT,NaN,2550.1059962421054,2549.8076108993664,53.43735927196302,2548.5,16.680012187177308,,,,,
2025-09-03T11:05:00.000000,2548.6,2551.05,2542.25,2549.05,122,ASIANPAINT,NaN,2549.8947969936844,2549.7387371812424,53.05372520095648,2548.5,16.947298093495682,,,,,
2025-09-03T11:10:00.000000,2549.05,2551.55,2549.05,2551.55,107,ASIANPAINT,NaN,2550.2258375949477,2549.903397437493,53.09888702278154,2548.5,17.0537552411039,,,,,
2025-09-03T11:15:00.000000,2551.55,2553.4,2548.65,2553.4,38,ASIANPAINT,NaN,2550.8606700759583,2550.2212703977207,53.40940350398538,2548.5,16.631371177679192,,,,,
2025-09-03T11:20:00.000000,2553.4,2553.4,2547.0,2547.0,201,ASIANPAINT,NaN,2550.0885360607667,2549.9284276342914,52.697376117326925,2548.5,16.59378884191567,,,,,
2025-09-03T11:25:00.000000,2547.0,2548.35,2546.25,2546.25,2,ASIANPAINT,NaN,2549.3208288486135,2549.594025122083,51.953358709140964,2548.5,16.71842418619804,,,,,
2025-09-03T11:30:00.000000,2546.25,2550.0,2546.25,2550.0,170,ASIANPAINT,NaN,2549.456663078891,2549.6309319291663,51.85447140719156,2548.5,16.33263876587878,,,,,
2025-09-03T11:35:00.000000,2550.0,2550.9,2548.35,2548.75,123,ASIANPAINT,NaN,2549.315330463113,2549.550847208333,51.58175850345095,2548.5,15.706623336116749,,,,,
2025-09-03T11:40:00.000000,2548.75,2552.8,2548.75,2552.0,247,ASIANPAINT,NaN,2549.85226437049,2549.7734974621208,51.799861471440245,2548.5,14.590586984538634,,,,,
2025-09-03T11:45:00.000000,2552.0,2552.0,2550.7,2550.7,17,ASIANPAINT,NaN,2550.021811496392,2549.857724965564,51.794086090056695,2548.5,13.554267515216097,,,,,
2025-09-03T11:50:00.000000,2550.7,2552.0,2549.3,2552.0,77,ASIANPAINT,NaN,2550.4174491971135,2550.052477241422,51.9767968655228,2548.5,12.989835193402598,,,,,
2025-09-03T11:55:00.000000,2552.0,2552.8,2550.4,2552.8,15,ASIANPAINT,NaN,2550.8939593576906,2550.302252037656,52.2584116820007,2548.5,12.208695120697444,,,,,
2025-09-03T12:00:00.000000,2552.8,2553.0,2550.4,2550.4,8,ASIANPAINT,NaN,2550.7951674861524,2550.311138216051,52.1022874464471,2548.5,11.417116047887522,,,,,
2025-09-03T12:05:00.000000,2550.4,2552.25,2550.4,2552.25,6,ASIANPAINT,NaN,2551.086133988922,2550.487398378228,52.24889745348792,2548.5,10.682078337421165,,,,,
2025-09-03T12:10:00.000000,2552.25,2555.1,2550.3,2553.6,148,ASIANPAINT,NaN,2551.5889071911374,2550.770362162026,52.584173288927985,2548.5,10.781675956380367,,,,,
2025-09-03T12:15:00.000000,2553.6,2556.0,2553.6,2554.0,25,ASIANPAINT,NaN,2552.07112575291,2551.0639656018416,52.9483167858037,2548.5,11.14115296836433,,,,,
2025-09-03T12:20:00.000000,2554.0,2554.85,2550.0,2550.3,29,ASIANPAINT,NaN,2551.716900602328,2550.9945141834924,52.602484092513826,2548.5,10.49622756884977,,,,,
2025-09-03T12:25:00.000000,2550.3,2550.3,2548.0,2548.0,110,ASIANPAINT,NaN,2550.9735204818626,2550.7222856213566,51.925023305602124,2548.5,10.489997237185532,,,,,
2025-09-03T12:30:00.000000,2548.0,2549.1,2548.0,2549.1,8,ASIANPAINT,NaN,2550.59881638549,2550.574805110324,51.51164819774471,2548.5,10.484211929211595,,,,,
2025-09-03T12:35:00.000000,2549.1,2552.25,2549.1,2550.5,89,ASIANPAINT,NaN,2550.579053108392,2550.568004645749,51.38749371650781,2548.5,10.04912844541485,,,,,
2025-09-03T12:40:00.000000,2550.5,2552.35,2550.2,2552.05,27,ASIANPAINT,NaN,2550.873242486714,2550.7027314961356,51.54221654712434,2548.5,9.676280157153343,,,,,
2025-09-03T12:45:00.000000,2552.05,2552.05,2549.35,2549.35,33,ASIANPAINT,NaN,2550.568593989371,2550.5797559055777,51.19979575819702,2548.5,9.029875549406494,,,,,
2025-09-03T12:50:00.000000,2549.35,2551.35,2549.35,2550.9,72,ASIANPAINT,NaN,2550.634875191497,2550.6088690050706,51.166498680650584,2548.5,8.429642699355849,,,,,
2025-09-03T12:55:00.000000,2550.9,2551.4,2550.6,2551.3,5,ASIANPAINT,NaN,2550.767900153198,2550.6716990955188,51.2078258906824,2548.5,7.891644084497836,,,,,
2025-09-03T13:00:00.000000,2551.3,2553.75,2551.3,2553.75,24,ASIANPAINT,NaN,2551.364320122558,2550.95154463229,51.66688182457755,2548.5,8.250787453373567,,,,,
2025-09-03T13:05:00.000000,2553.75,2557.6,2553.75,2556.0,168,ASIANPAINT,NaN,2552.2914560980466,2551.4104951202635,52.429665685938495,2548.5,9.680840530095972,,,,,
2025-09-03T13:10:00.000000,2556.0,2556.3,2555.9,2555.9,2,ASIANPAINT,NaN,2553.0131648784372,2551.8186319275123,53.0973236017547,2548.5,11.00874695848106,,,,,
2025-09-03T13:15:00.000000,2555.9,2557.0,2554.4,2555.15,131,ASIANPAINT,NaN,2553.4405319027496,2552.121483570466,53.52614381196081,2548.5,11.565787760029279,,,,,
2025-09-03T13:20:00.000000,2555.15,2556.9,2555.1,2555.1,14,ASIANPAINT,NaN,2553.7724255221997,2552.3922577913327,53.90195841768911,2548.5,12.083039932895483,,,,,
2025-09-03T13:25:00.000000,2555.1,2555.1,2553.0,2554.0,38,ASIANPAINT,NaN,2553.81794041776,2552.538416173939,53.968745950268925,2548.5,11.655468857126737,,,,,
2025-09-03T13:30:00.000000,2554.0,2554.05,2551.95,2552.6,48,ASIANPAINT,NaN,2553.574352334208,2552.5440147035806,53.69614927600837,2548.5,10.845659374424303,,,,,
2025-09-03T13:35:00.000000,2551.3,2552.4,2549.5,2550.25,32,ASIANPAINT,NaN,2552.9094818673666,2552.335467912346,52.94452157902815,2548.5,10.910916301984116,,,,,
2025-09-03T13:40:00.000000,2550.25,2552.25,2550.2,2552.25,57,ASIANPAINT,NaN,2552.777585493893,2552.3276981021327,52.71267754219734,2548.5,10.971512020432515,,,,,
2025-09-03T13:45:00.000000,2552.25,2552.6,2552.25,2552.6,2,ASIANPAINT,NaN,2552.7420683951145,2552.3524528201206,52.57880557967972,2548.5,10.871665003146688,,,,,
2025-09-03T13:50:00.000000,2552.6,2552.6,2550.15,2551.85,22,ASIANPAINT,NaN,2552.5636547160916,2552.3067752910188,52.28262281203035,2548.5,11.503572360782716,,,,,
2025-09-03T13:55:00.000000,2551.85,2551.85,2550.15,2551.2,11,ASIANPAINT,NaN,2552.290923772873,2552.2061593554718,51.86220896851159,2548.5,12.090343478587597,,,,,
2025-09-03T14:00:00.000000,2551.2,2552.35,2545.0,2545.4,3115,ASIANPAINT,NaN,2550.9127390182985,2551.5874175958834,50.40056525066206,2548.5,14.022336765532657,,,,,
2025-09-03T14:05:00.000000,2545.4,2546.1,2544.6,2545.95,177,ASIANPAINT,NaN,2549.9201912146386,2551.074925087167,49.221108291249884,2548.5,15.902545905799935,,,,,
2025-09-03T14:10:00.000000,2545.95,2553.95,2545.95,2552.1,67,ASIANPAINT,NaN,2550.356152971711,2551.168113715606,49.46244010371137,2548.5,14.845624875892481,,,,,
2025-09-03T14:15:00.000000,2552.1,2553.7,2552.1,2553.3,47,ASIANPAINT,NaN,2550.9449223773686,2551.361921559642,49.885269456555285,2548.5,13.864198205264131,,,,,
2025-09-03T14:20:00.000000,2553.3,2553.3,2553.1,2553.1,8,ASIANPAINT,NaN,2551.3759379018948,2551.5199286905836,50.22714879523999,2548.5,12.952873439680664,,,,,
2025-09-03T14:25:00.000000,2553.1,2554.8,2552.7,2554.55,56,ASIANPAINT,NaN,2552.010750321516,2551.795389718712,50.794645299901454,2548.5,12.571772780281083,,,,,
2025-09-03T14:30:00.000000,2554.55,2554.55,2551.95,2552.0,25,ASIANPAINT,NaN,2552.0086002572125,2551.8139906533747,50.77628652240057,2548.5,11.954679985178876,,,,,
2025-09-03T14:35:00.000000,2552.0,2553.1,2550.95,2551.5,63,ASIANPAINT,NaN,2551.90688020577,2551.7854460485223,50.66061829676931,2548.5,11.16778415104419,,,,,
2025-09-03T14:40:00.000000,2551.5,2553.25,2551.5,2553.25,31,ASIANPAINT,NaN,2552.175504164616,2551.9185873168385,50.90137031708345,2548.5,10.382924999118215,,,,,
2025-09-03T14:45:00.000000,2553.25,2553.25,2550.05,2553.0,59,ASIANPAINT,NaN,2552.340403331693,2552.016897560762,51.063770014033096,2548.5,10.171351880752098,,,,,
2025-09-03T14:50:00.000000,2553.0,2554.05,2552.25,2554.05,9,ASIANPAINT,NaN,2552.682322665354,2552.2017250552385,51.42354207856688,2548.5,9.657839950727537,,,,,
2025-09-03T14:55:00.000000,2554.05,2554.05,2552.1,2553.35,69,ASIANPAINT,NaN,2552.815858132283,2552.3061136865804,51.5780189048518,2548.5,9.238348999565194,,,,,
2025-09-03T15:00:00.000000,2553.35,2553.4,2551.0,2553.4,393,ASIANPAINT,NaN,2552.9326865058265,2552.4055578968914,51.72901955382711,2548.5,9.270377943522899,,,,,
2025-09-03T15:05:00.000000,2553.4,2556.05,2553.4,2554.1,101,ASIANPAINT,NaN,2553.166149204661,2552.559598088083,52.02844881281619,2548.5,8.991941879565738,,,,,
2025-09-03T15:10:00.000000,2554.1,2554.85,2552.9,2554.25,98,ASIANPAINT,NaN,2553.382919363729,2552.713270989166,52.335258753352605,2548.5,8.529126064842776,,,,,
2025-09-03T15:15:00.000000,2554.25,2554.85,2550.4,2554.85,158,ASIANPAINT,NaN,2553.676335490983,2552.90751908106,52.76086779034007,2548.5,8.674055795562763,,,,,
2025-09-03T15:20:00.000000,2554.85,2555.0,2552.4,2552.75,1525,ASIANPAINT,NaN,2553.4910683927865,2552.8931991646,52.51971853775359,2548.5,8.744104247033068,,,,,
2025-09-03T15:25:00.000000,2552.75,2562.0,2546.1,2559.0,1526,ASIANPAINT,NaN,2554.5928547142294,2553.448362876909,53.58425894367233,2548.5,9.710039153318187,,,,,
2025-09-04T09:15:00.000000,2558.95,2573.4,2555.0,2558.55,2062,ASIANPAINT,NaN,2555.3842837713837,2553.9121480699173,54.42274073314464,2573.4,12.483655027452361,,,,,
2025-09-04T09:20:00.000000,2558.55,2565.3,2554.25,2561.95,913,ASIANPAINT,NaN,2556.6974270171067,2554.642861881743,55.69455204442699,2573.4,14.81101711357122,,,,,
2025-09-04T09:25:00.000000,2561.95,2564.3,2560.0,2563.8,1051,ASIANPAINT,NaN,2558.1179416136856,2555.475328983403,57.082916372667434,2573.4,16.972139050681587,,,,,
2025-09-04T09:30:00.000000,2563.8,2570.1,2562.85,2570.1,810,ASIANPAINT,NaN,2560.5143532909483,2556.804844530366,58.96532105662101,2573.4,19.659229912629602,,,,,
2025-09-04T09:35:00.000000,2570.1,2571.45,2566.2,2567.4,311,ASIANPAINT,NaN,2561.8914826327587,2557.7680404821513,59.99046184820982,2573.4,22.28948067982625,,,,,
2025-09-04T09:40:00.000000,2567.4,2571.5,2564.1,2564.2,900,ASIANPAINT,NaN,2562.353186106207,2558.352764074683,60.21580237611567,2573.4,24.002826391777074,,,,,
2025-09-04T09:45:00.000000,2564.2,2568.95,2564.2,2567.5,218,ASIANPAINT,NaN,2563.3825488849657,2559.1843309769843,60.7964248435112,2573.4,25.59379026715998,,,,,
2025-09-04T09:50:00.000000,2567.5,2568.3,2564.4,2565.8,1074,ASIANPAINT,NaN,2563.8660391079725,2559.785755433622,60.97384467453161,2573.4,27.07111386572982,,,,,
2025-09-04T09:55:00.000000,2565.8,2570.55,2565.3,2569.8,846,ASIANPAINT,NaN,2565.052831286378,2560.6961413032927,61.56997569681953,2573.4,28.75096335781281,,,,,
2025-09-04T10:00:00.000000,2569.8,2582.2,2569.0,2580.65,2196,ASIANPAINT,NaN,2568.1722650291026,2562.510128457539,62.93169213419979,2573.4,31.402140665991112,,,,,
2025-09-04T10:05:00.000000,2580.65,2584.2,2573.55,2573.55,507,ASIANPAINT,NaN,2569.247812023282,2563.5137531432174,63.03204487235477,2573.4,33.995786400159865,,,,,
2025-09-04T10:10:00.000000,2573.55,2573.55,2567.65,2571.65,1306,ASIANPAINT,NaN,2569.728249618626,2564.2534119483794,62.85966122230528,2573.4,34.64788544046559,,,,,
2025-09-04T10:15:00.000000,2571.65,2578.0,2570.7,2577.15,668,ASIANPAINT,NaN,2571.2125996949007,2565.425829043981,63.14191658515238,2573.4,35.68569945881585,,,,,
2025-09-04T10:20:00.000000,2577.15,2582.4,2577.15,2580.4,738,ASIANPAINT,NaN,2573.0500797559207,2566.78711731271,63.625813036059384,2573.4,37.01885303583912,,,,,
2025-09-04T10:25:00.000000,2580.4,2580.4,2571.0,2572.0,1042,ASIANPAINT,NaN,2572.8400638047365,2567.261015738827,63.001465843358524,2573.4,36.79214634313926,,,,,
2025-09-04T10:30:00.000000,2572.0,2574.5,2570.0,2574.5,967,ASIANPAINT,NaN,2573.172051043789,2567.9191052171154,62.6401368531287,2573.4,36.36428899815947,,,,,
2025-09-04T10:35:00.000000,2574.5,2574.5,2570.95,2571.85,234,ASIANPAINT,NaN,2572.907640835031,2568.276459288287,62.00998004753393,2573.4,35.96699289210682,,,,,
2025-09-04T10:40:00.000000,2571.85,2573.45,2568.0,2569.2,775,ASIANPAINT,NaN,2572.1661126680247,2568.360417534806,61.147749787587536,2573.4,34.923823544262646,,,,,
2025-09-04T10:45:00.000000,2569.2,2571.0,2568.45,2569.0,313,ASIANPAINT,NaN,2571.5328901344196,2568.418561395278,60.34529559011825,2573.4,33.95516629269305,,,,,
2025-09-04T10:50:00.000000,2569.0,2571.0,2567.45,2569.0,397,ASIANPAINT,NaN,2571.026312107536,2568.471419450253,59.619265601931744,2573.4,32.81653840278519,,,,,
2025-09-04T10:55:00.000000,2569.0,2569.3,2565.75,2565.95,553,ASIANPAINT,NaN,2570.011049686029,2568.24219950023,58.5975787355263,2573.4,31.35394418840401,,,,,
2025-09-04T11:00:00.000000,2565.95,2569.65,2563.15,2563.15,93,ASIANPAINT,NaN,2568.638839748823,2567.7792722729364,57.36115018282883,2573.4,29.406998427942565,,,,,
2025-09-04T11:05:00.000000,2563.15,2564.35,2560.0,2560.0,615,ASIANPAINT,NaN,2566.9110717990584,2567.0720657026695,55.91624461723927,2573.4,27.663557653168652,,,,,
2025-09-04T11:10:00.000000,2560.0,2562.85,2558.45,2562.45,400,ASIANPAINT,NaN,2566.018857439247,2566.6518779115177,54.93476473600347,2573.4,26.344938393138698,,,,,
2025-09-04T11:15:00.000000,2562.45,2566.95,2560.5,2566.95,308,ASIANPAINT,NaN,2566.2050859513975,2566.6789799195617,54.58955505468537,2573.4,24.679023437512893,,,,,
2025-09-04T11:20:00.000000,2566.95,2566.95,2562.2,2562.2,223,ASIANPAINT,NaN,2565.4040687611177,2566.2717999268743,53.75708816247771,2573.4,23.132102407288933,,,,,
2025-09-04T11:25:00.000000,2562.2,2566.15,2562.0,2564.55,289,ASIANPAINT,NaN,2565.233255008894,2566.1152726607947,53.28067781653389,2573.4,21.64936395456627,,,,,
2025-09-04T11:30:00.000000,2564.55,2566.9,2563.65,2566.85,156,ASIANPAINT,NaN,2565.5566040071153,2566.182066055268,53.11092681526085,2573.4,20.445375062697156,,,,,
2025-09-04T11:35:00.000000,2566.85,2566.9,2563.4,2566.9,236,ASIANPAINT,NaN,2565.8252832056924,2566.2473327775165,52.96312492382087,2573.4,19.261372647515948,,,,,
2025-09-04T11:40:00.000000,2566.9,2569.95,2565.4,2568.3,511,ASIANPAINT,NaN,2566.320226564554,2566.4339388886515,52.99720697929172,2573.4,18.87493708275275,,,,,
2025-09-04T11:45:00.000000,2568.3,2571.0,2568.3,2570.0,292,ASIANPAINT,NaN,2567.0561812516435,2566.7581262624103,53.22990045165449,2573.4,18.74421308416863,,,,,
2025-09-04T11:50:00.000000,2570.0,2572.0,2568.2,2572.0,461,ASIANPAINT,NaN,2568.0449450013148,2567.2346602385546,53.67128654721198,2573.4,18.839859979941117,,,,,
2025-09-04T11:55:00.000000,2572.0,2573.0,2569.8,2571.75,352,ASIANPAINT,NaN,2568.785956001052,2567.6451456714135,54.03057368281403,2573.4,19.14529758585199,,,,,
2025-09-04T12:00:00.000000,2571.75,2573.2,2570.3,2571.3,146,ASIANPAINT,NaN,2569.288764800842,2567.9774051558306,54.27961984559169,2573.4,19.473440926838204,,,,,
2025-09-04T12:05:00.000000,2571.3,2575.5,2571.3,2575.0,1247,ASIANPAINT,NaN,2570.4310118406734,2568.615822868937,54.957337134862605,2573.4,20.27516810572888,,,,,
2025-09-04T12:10:00.000000,2573.5,2574.95,2572.45,2572.7,33,ASIANPAINT,NaN,2570.8848094725386,2568.9871116990334,55.17094469532769,2573.4,21.019629057555935,,,,,
2025-09-04T12:15:00.000000,2572.7,2574.95,2571.3,2572.95,252,ASIANPAINT,NaN,2571.297847578031,2569.3473742718484,55.39655526048913,2573.4,21.24178664640971,,,,,
2025-09-04T12:20:00.000000,2572.95,2573.0,2569.25,2569.5,201,ASIANPAINT,NaN,2570.9382780624246,2569.3612493380438,55.02257892484891,2573.4,20.6679881280179,,,,,
2025-09-04T12:25:00.000000,2569.5,2570.75,2567.1,2570.75,269,ASIANPAINT,NaN,2570.90062244994,2569.4874993982216,54.866946737938214,2573.4,19.40425282899062,,,,,
2025-09-04T12:30:00.000000,2570.75,2572.0,2569.1,2569.1,338,ASIANPAINT,NaN,2570.540497959952,2569.4522721802014,54.45558447999563,2573.4,18.60199475261937,,,,,
2025-09-04T12:35:00.000000,2569.1,2573.0,2569.1,2571.15,367,ASIANPAINT,NaN,2570.6623983679615,2569.6066110729103,54.396423108821445,2573.4,18.146370990047565,,,,,
2025-09-04T12:40:00.000000,2571.15,2573.0,2570.3,2572.5,880,ASIANPAINT,NaN,2571.0299186943694,2569.8696464299182,54.54080739568044,2573.4,17.723291781945175,,,,,
2025-09-04T12:45:00.000000,2572.0,2576.75,2571.5,2576.75,409,ASIANPAINT,NaN,2572.1739349554955,2570.4951331181073,55.227377687529476,2573.4,18.339643435246263,,,,,
2025-09-04T12:50:00.000000,2576.75,2576.75,2571.0,2574.95,1132,ASIANPAINT,NaN,2572.7291479643964,2570.900121016461,55.513635272178604,2573.4,18.708084990434195,,,,,
2025-09-04T12:55:00.000000,2574.95,2576.5,2572.2,2573.95,200,ASIANPAINT,NaN,2572.973318371517,2571.177382742237,55.589886378771524,2573.4,19.05020929168013,,,,,
2025-09-04T13:00:00.000000,2573.95,2575.9,2573.4,2575.9,262,ASIANPAINT,NaN,2573.5586546972136,2571.606711583852,55.928137125612736,2573.4,19.367896142837065,,,,,
2025-09-04T13:05:00.000000,2575.9,2575.9,2572.2,2572.85,130,ASIANPAINT,NaN,2573.4169237577707,2571.7197378035016,55.680516147109486,2573.4,19.103428623322966,,,,,
2025-09-04T13:10:00.000000,2572.85,2574.75,2572.3,2574.75,90,ASIANPAINT,NaN,2573.6835390062165,2571.9952161850015,55.73146243355891,2573.4,18.857851640917016,,,,,
2025-09-04T13:15:00.000000,2574.75,2575.8,2573.0,2575.0,173,ASIANPAINT,NaN,2573.946831204973,2572.2683783500015,55.81379384171253,2573.4,18.994071682475695,,,,,
2025-09-04T13:20:00.000000,2575.0,2575.9,2573.9,2575.9,88,ASIANPAINT,NaN,2574.3374649639786,2572.598525772729,56.023012849159336,2573.4,19.155445870388885,,,,,
2025-09-04T13:25:00.000000,2575.9,2577.0,2573.7,2574.0,335,ASIANPAINT,NaN,2574.2699719711827,2572.725932520663,55.83116289193074,2573.4,19.68804254789947,,,,,
2025-09-04T13:30:00.000000,2574.0,2579.75,2574.0,2579.05,848,ASIANPAINT,NaN,2575.225977576946,2573.300847746057,56.379883280367686,2573.4,20.994255106263946,,,,,
2025-09-04T13:35:00.000000,2579.05,2579.5,2576.4,2576.9,310,ASIANPAINT,NaN,2575.560782061557,2573.6280434055066,56.464011811949774,2573.4,22.207166767602384,,,,,
2025-09-04T13:40:00.000000,2576.9,2578.6,2571.75,2573.85,435,ASIANPAINT,NaN,2575.2186256492455,2573.6482212777332,56.011268096889324,2573.4,21.03793729871654,,,,,
2025-09-04T13:45:00.000000,2573.85,2573.85,2569.25,2571.85,257,ASIANPAINT,NaN,2574.5449005193964,2573.484746616121,55.28600488444718,2573.4,20.016588401848715,,,,,
2025-09-04T13:50:00.000000,2571.85,2576.55,2570.85,2574.4,457,ASIANPAINT,NaN,2574.515920415517,2573.567951469201,55.02733629677808,2573.4,19.031270007245755,,,,,
2025-09-04T13:55:00.000000,2574.4,2575.4,2571.9,2573.3,237,ASIANPAINT,NaN,2574.272736332414,2573.543592244728,54.61198806914518,2573.4,18.11633149797158,,,,,
2025-09-04T14:00:00.000000,2573.3,2574.0,2571.0,2572.45,718,ASIANPAINT,NaN,2573.908189065931,2573.444174767935,54.0950310134199,2573.4,16.926546427839348,,,,,
2025-09-04T14:05:00.000000,2572.45,2573.0,2569.0,2572.15,274,ASIANPAINT,NaN,2573.5565512527446,2573.3265225163045,53.575794689775606,2573.4,16.315557187065874,,,,,
2025-09-04T14:10:00.000000,2572.15,2574.0,2571.4,2573.95,89,ASIANPAINT,NaN,2573.6352410021955,2573.3832022875495,53.43051151638079,2573.4,15.36431907847003,,,,,
2025-09-04T14:15:00.000000,2573.95,2573.95,2570.55,2572.0,236,ASIANPAINT,NaN,2573.3081928017564,2573.257456625045,52.94293322846753,2573.4,14.781904506822999,,,,,
2025-09-04T14:20:00.000000,2572.0,2574.0,2569.6,2571.0,265,ASIANPAINT,NaN,2572.846554241405,2573.0522332954956,52.32620706663053,2573.4,14.570300837534328,,,,,
2025-09-04T14:25:00.000000,2571.0,2572.55,2569.0,2569.5,279,ASIANPAINT,NaN,2572.177243393124,2572.729302995905,51.51124640691448,2573.4,14.579651478552831,,,,,
2025-09-04T14:30:00.000000,2569.5,2571.45,2567.9,2570.65,3136,ASIANPAINT,NaN,2571.871794714499,2572.5402754508227,51.01890007264762,2573.4,14.95762686488369,,,,,
2025-09-04T14:35:00.000000,2570.65,2570.85,2568.9,2568.95,286,ASIANPAINT,NaN,2571.287435771599,2572.213886773475,50.273827755550805,2573.4,15.308604009333772,,,,,
2025-09-04T14:40:00.000000,2568.95,2575.0,2568.95,2573.9,1319,ASIANPAINT,NaN,2571.809948617279,2572.3671697940686,50.54922721152742,2573.4,14.590516367057429,,,,,
2025-09-04T14:45:00.000000,2573.9,2574.85,2570.6,2571.5,103,ASIANPAINT,NaN,2571.747958893823,2572.288336176426,50.37332935797764,2573.4,13.923720699229394,,,,,
2025-09-04T14:50:00.000000,2571.5,2572.95,2568.9,2568.9,268,ASIANPAINT,NaN,2571.1783671150583,2571.980305614933,49.8004257511536,2573.4,13.234676660268168,,,,,
2025-09-04T14:55:00.000000,2568.9,2572.0,2568.9,2570.75,273,ASIANPAINT,NaN,2571.092693692047,2571.8684596499393,49.62113800435734,2573.4,12.594850052661315,,,,,
2025-09-04T15:00:00.000000,2570.75,2572.3,2568.9,2570.1,404,ASIANPAINT,NaN,2570.8941549536376,2571.707690590854,49.35105548150702,2573.4,11.865178898656293,,,,,
2025-09-04T15:05:00.000000,2570.1,2571.2,2568.3,2570.2,1012,ASIANPAINT,NaN,2570.75532396291,2571.5706278098673,49.12646515417591,2573.4,11.45062824376727,,,,,
2025-09-04T15:10:00.000000,2570.2,2570.5,2565.0,2565.05,219,ASIANPAINT,NaN,2569.6142591703283,2570.977843463516,48.12721302328771,2573.4,12.29097433601383,,,,,
2025-09-04T15:15:00.000000,2565.05,2568.5,2564.0,2568.35,531,ASIANPAINT,NaN,2569.361407336263,2570.738948603196,47.86204791450614,2573.4,13.37975597712842,,,,,
2025-09-04T15:20:00.000000,2568.35,2569.0,2566.0,2568.35,461,ASIANPAINT,NaN,2569.15912586901,2570.521771457451,47.62213662560853,2573.4,14.123005402937382,,,,,
2025-09-04T15:25:00.000000,2568.35,2570.5,2568.35,2570.0,1564,ASIANPAINT,NaN,2569.327300695208,2570.4743376885917,47.71539566127874,2573.4,14.046336578796339,,,,,
2025-09-05T09:15:00.000000,2564.95,2596.0,2564.95,2592.95,4343,ASIANPAINT,NaN,2574.0518405561666,2572.5175797169018,50.108946185615416,2601.55,17.065462780679947,,,,,
2025-09-05T09:20:00.000000,2592.0,2601.55,2589.25,2590.25,6963,ASIANPAINT,NaN,2577.2914724449333,2574.129617924456,51.883269990789444,2601.55,20.261273582564506,,,,,
2025-09-05T09:25:00.000000,2592.1,2595.0,2590.0,2592.6,1752,ASIANPAINT,NaN,2580.3531779559466,2575.808743567687,53.638088126253294,2601.55,23.22881218431445,,,,,
2025-09-05T09:30:00.000000,2592.6,2594.7,2588.0,2590.0,1068,ASIANPAINT,NaN,2582.2825423647573,2577.0988577888065,54.84782109906359,2601.55,25.407379613776406,,,,,
2025-09-05T09:35:00.000000,2590.0,2592.4,2582.85,2582.85,1252,ASIANPAINT,NaN,2582.396033891806,2577.621688898915,55.037446221639925,2601.55,26.095007796242303,,,,,
2025-09-05T09:40:00.000000,2582.85,2584.35,2578.1,2579.8,986,ASIANPAINT,NaN,2581.876827113445,2577.819717180832,54.87483865477807,2601.55,25.69402315604798,,,,,
2025-09-05T09:45:00.000000,2579.8,2582.35,2576.5,2581.0,619,ASIANPAINT,NaN,2581.701461690756,2578.108833800756,54.841013798261,2601.55,24.997896844535557,,,,,
2025-09-05T09:50:00.000000,2581.0,2588.7,2581.0,2588.7,702,ASIANPAINT,NaN,2583.1011693526048,2579.0716670915967,55.459099369115314,2601.55,25.183182626304053,,,,,
2025-09-05T09:55:00.000000,2588.7,2589.0,2585.45,2588.0,754,ASIANPAINT,NaN,2584.080935482084,2579.8833337196334,55.93391564938413,2601.55,25.391431599486403,,,,,
2025-09-05T10:00:00.000000,2589.25,2591.45,2588.2,2590.0,468,ASIANPAINT,NaN,2585.264748385667,2580.8030306542123,56.52387743433007,2601.55,25.88260284029671,,,,,
2025-09-05T10:05:00.000000,2590.0,2590.0,2586.5,2587.2,829,ASIANPAINT,NaN,2585.6517987085335,2581.384573322011,56.70079427633241,2601.55,25.946330976881903,,,,,
2025-09-05T10:10:00.000000,2587.2,2588.6,2580.2,2582.25,645,ASIANPAINT,NaN,2584.971438966827,2581.4632484745553,56.28818965320128,2601.55,24.718039112587824,,,,,
2025-09-05T10:15:00.000000,2582.25,2582.35,2577.55,2578.0,801,ASIANPAINT,NaN,2583.5771511734615,2581.148407704141,55.48120775820667,2601.55,23.107461942926715,,,,,
2025-09-05T10:20:00.000000,2578.0,2583.15,2576.8,2581.0,1000,ASIANPAINT,NaN,2583.061720938769,2581.1349160946734,55.05922871771243,2601.55,21.746737561182936,,,,,
2025-09-05T10:25:00.000000,2581.0,2588.6,2578.3,2586.2,437,ASIANPAINT,NaN,2583.6893767510155,2581.595378267885,55.16101572997637,2601.55,21.332911336021684,,,,,
2025-09-05T10:30:00.000000,2586.2,2588.05,2584.0,2585.0,187,ASIANPAINT,NaN,2583.9515014008125,2581.9048893344407,55.11876870404675,2601.55,20.94864412694338,,,,,
2025-09-05T10:35:00.000000,2585.0,2586.6,2582.8,2583.35,557,ASIANPAINT,NaN,2583.83120112065,2582.0362630313098,54.893575721249725,2601.55,20.337636650317446,,,,,
2025-09-05T10:40:00.000000,2583.35,2586.0,2582.0,2584.55,129,ASIANPAINT,NaN,2583.97496089652,2582.264784573918,54.81281529050365,2601.55,19.59719308844535,,,,,
2025-09-05T10:45:00.000000,2584.55,2584.55,2580.3,2581.1,239,ASIANPAINT,NaN,2583.399968717216,2582.158895067198,54.338145791166575,2601.55,18.540313200064645,,,,,
2025-09-05T10:50:00.000000,2581.1,2582.7,2576.0,2576.1,355,ASIANPAINT,NaN,2581.9399749737727,2581.6080864247256,53.393520616210516,2601.55,17.722971205105004,,,,,
2025-09-05T10:55:00.000000,2576.1,2582.35,2576.1,2580.85,631,ASIANPAINT,NaN,2581.721979979018,2581.5391694770233,53.0679819482931,2601.55,16.964010781213908,,,,,
2025-09-05T11:00:00.000000,2580.85,2582.85,2579.65,2582.4,199,ASIANPAINT,NaN,2581.8575839832147,2581.617426797294,52.93512352501697,2601.55,16.14390400305063,,,,,
2025-09-05T11:05:00.000000,2582.4,2585.15,2575.75,2575.75,703,ASIANPAINT,NaN,2580.636067186572,2581.084024361176,52.14788812623714,2601.55,16.141411906397487,,,,,
2025-09-05T11:10:00.000000,2575.75,2578.45,2574.0,2578.45,541,ASIANPAINT,NaN,2580.1988537492575,2580.8445676010692,51.73045745983549,2601.55,16.447876311554015,,,,,
2025-09-05T11:15:00.000000,2578.45,2578.45,2573.7,2576.45,224,ASIANPAINT,NaN,2579.449082999406,2580.4450614555176,51.15842496356035,2601.55,16.7860086722201,,,,,
2025-09-05T11:20:00.000000,2576.45,2577.35,2574.25,2574.35,230,ASIANPAINT,NaN,2578.4292663995247,2579.8909649595616,50.44018410017391,2601.55,17.099988721410032,,,,,
2025-09-05T11:25:00.000000,2574.35,2574.35,2570.1,2570.2,331,ASIANPAINT,NaN,2576.7834131196196,2579.009968145056,49.419316467433035,2601.55,18.13091737053718,,,,,
2025-09-05T11:30:00.000000,2570.2,2574.55,2570.2,2572.3,458,ASIANPAINT,NaN,2575.8867304956957,2578.3999710409603,48.762136630996174,2601.55,19.024603524865192,,,,,
2025-09-05T11:35:00.000000,2572.3,2573.85,2571.0,2573.05,293,ASIANPAINT,NaN,2575.3193843965564,2577.9136100372366,48.26355992564087,2601.55,19.854454953884062,,,,,
2025-09-05T11:40:00.000000,2573.05,2573.05,2569.6,2569.7,735,ASIANPAINT,NaN,2574.195507517245,2577.1669182156697,47.48994125587592,2601.55,20.88312608750628,,,,,
2025-09-05T11:45:00.000000,2569.7,2571.0,2568.85,2568.85,89,ASIANPAINT,NaN,2573.126406013796,2576.410834741518,46.710419327908646,2601.55,21.975345817072963,,,,,
2025-09-05T11:50:00.000000,2568.85,2572.2,2568.85,2571.5,92,ASIANPAINT,NaN,2572.801124811037,2575.964395219562,46.38275499070389,2601.55,22.523922609728583,,,,,
2025-09-05T11:55:00.000000,2571.5,2571.5,2568.8,2568.95,163,ASIANPAINT,NaN,2572.0308998488294,2575.3267229268745,45.825010710746454,2601.55,23.044085346457205,,,,,
2025-09-05T12:00:00.000000,2568.95,2576.7,2568.0,2572.1,452,ASIANPAINT,NaN,2572.0447198790635,2575.0333844789766,45.760980654060575,2601.55,21.73213820436417,,,,,
2025-09-05T12:05:00.000000,2572.1,2574.3,2571.95,2573.25,87,ASIANPAINT,NaN,2572.285775903251,2574.8712586172514,45.85805904924494,2601.55,20.51390157242064,,,,,
2025-09-05T12:10:00.000000,2573.25,2575.0,2571.1,2571.1,67,ASIANPAINT,NaN,2572.048620722601,2574.528416924774,45.69470825249718,2601.55,19.62372143712136,,,,,
2025-09-05T12:15:00.000000,2571.1,2572.65,2569.05,2569.3,114,ASIANPAINT,NaN,2571.498896578081,2574.053106295249,45.343550523226064,2601.55,19.350161298448324,,,,,
2025-09-05T12:20:00.000000,2569.3,2573.6,2569.3,2572.95,482,ASIANPAINT,NaN,2571.7891172624645,2573.952823904772,45.55352589039409,2601.55,18.76258379836084,,,,,
2025-09-05T12:25:00.000000,2572.95,2572.95,2570.3,2570.3,105,ASIANPAINT,NaN,2571.4912938099715,2573.620749004338,45.42873497163793,2601.55,18.21697611970817,,,,,
2025-09-05T12:30:00.000000,2570.3,2572.0,2569.85,2571.5,161,ASIANPAINT,NaN,2571.493035047977,2573.4279536403074,45.48992812440334,2601.55,17.847937934268938,,,,,
2025-09-05T12:35:00.000000,2571.5,2571.5,2568.8,2570.9,488,ASIANPAINT,NaN,2571.3744280383817,2573.1981396730066,45.46917598023066,2601.55,17.82605139586475,,,,,
2025-09-05T12:40:00.000000,2570.9,2571.65,2569.65,2570.0,242,ASIANPAINT,NaN,2571.0995424307052,2572.907399702733,45.33286808446572,2601.55,17.73953757270463,,,,,
2025-09-05T12:45:00.000000,2570.0,2570.1,2565.8,2567.3,523,ASIANPAINT,NaN,2570.3396339445644,2572.397636093394,44.87007039956329,2601.55,18.724893276736168,,,,,
2025-09-05T12:50:00.000000,2567.3,2567.4,2564.7,2567.4,403,ASIANPAINT,NaN,2569.7517071556517,2571.943305539449,44.46959216918079,2601.55,19.89505189486366,,,,,
2025-09-05T12:55:00.000000,2567.4,2568.6,2565.35,2568.5,127,ASIANPAINT,NaN,2569.5013657245213,2571.6302777631354,44.31476393309546,2601.55,20.424190347866567,,,,,
2025-09-05T13:00:00.000000,2568.5,2568.5,2566.3,2567.3,1157,ASIANPAINT,NaN,2569.0610925796173,2571.236616148305,44.00593037814152,2601.55,20.915533197083555,,,,,
2025-09-05T13:05:00.000000,2567.3,2570.75,2566.4,2569.4,539,ASIANPAINT,NaN,2569.1288740636937,2571.069651043914,44.13230407119536,2601.55,20.35707455401991,,,,,
2025-09-05T13:10:00.000000,2569.4,2579.0,2569.35,2579.0,2575,ASIANPAINT,NaN,2571.103099250955,2571.7905918581037,45.61342110298606,2601.55,20.438377958558352,,,,,
2025-09-05T13:15:00.000000,2579.0,2582.0,2578.0,2580.15,656,ASIANPAINT,NaN,2572.912479400764,2572.5505380528216,47.079254771742356,2601.55,21.11368809401592,,,,,
2025-09-05T13:20:00.000000,2580.15,2584.25,2579.8,2582.1,301,ASIANPAINT,NaN,2574.7499835206113,2573.4186709571104,48.61509981259208,2601.55,22.138999092544946,,,,,
2025-09-05T13:25:00.000000,2582.1,2584.85,2581.45,2583.0,93,ASIANPAINT,NaN,2576.399986816489,2574.2897008701,50.10029793915156,2601.55,23.193993684581475,,,,,
2025-09-05T13:30:00.000000,2583.0,2583.0,2578.85,2580.35,63,ASIANPAINT,NaN,2577.189989453191,2574.8406371546366,50.95704429529666,2601.55,23.250811861206376,,,,,
2025-09-05T13:35:00.000000,2580.35,2586.95,2578.2,2581.6,1438,ASIANPAINT,NaN,2578.0719915625527,2575.4551246860333,51.883664236205696,2601.55,24.029701838251707,,,,,
2025-09-05T13:40:00.000000,2581.6,2583.2,2581.4,2581.6,144,ASIANPAINT,NaN,2578.777593250042,2576.0137497145756,52.72203465893292,2601.55,24.752956816936656,,,,,
2025-09-05T13:45:00.000000,2581.6,2584.75,2581.2,2582.0,278,ASIANPAINT,NaN,2579.4220746000337,2576.5579542859778,53.53381968079985,2601.55,25.694390030898443,,,,,
2025-09-05T13:50:00.000000,2582.0,2583.85,2581.7,2583.6,66,ASIANPAINT,NaN,2580.257659680027,2577.19814025998,54.481395350902034,2601.55,26.568578015291532,,,,,
2025-09-05T13:55:00.000000,2583.6,2585.8,2582.7,2583.3,435,ASIANPAINT,NaN,2580.8661277440215,2577.7528547818,55.26904967672063,2601.55,27.722778948868502,,,,,
2025-09-05T14:00:00.000000,2583.3,2585.8,2582.1,2583.55,397,ASIANPAINT,NaN,2581.4029021952174,2578.2798679834546,56.01800247299606,2601.55,28.540102942651654,,,,,
2025-09-05T14:05:00.000000,2583.55,2583.55,2580.7,2581.0,143,ASIANPAINT,NaN,2581.322321756174,2578.5271527122313,56.08788013783086,2601.55,28.712443568693434,,,,,
2025-09-05T14:10:00.000000,2581.0,2584.9,2581.0,2582.35,725,ASIANPAINT,NaN,2581.5278574049394,2578.874684283847,56.375532181253234,2601.55,29.157260152101262,,,,,
2025-09-05T14:15:00.000000,2582.35,2583.0,2580.95,2581.8,463,ASIANPAINT,NaN,2581.5822859239515,2579.140622076224,56.50435344910154,2601.55,29.54815609009055,,,,,
2025-09-05T14:20:00.000000,2581.8,2583.7,2581.3,2581.75,46,ASIANPAINT,NaN,2581.6158287391613,2579.3778382511127,56.60836733035612,2601.55,30.067480267212268,,,,,
2025-09-05T14:25:00.000000,2581.75,2581.75,2578.2,2580.3,228,ASIANPAINT,NaN,2581.352662991329,2579.461671137375,56.33775273420146,2601.55,29.203954357823967,,,,,
2025-09-05T14:30:00.000000,2580.3,2581.0,2578.35,2578.4,115,ASIANPAINT,NaN,2580.762130393063,2579.3651555794318,55.6536695644044,2601.55,28.40210887053483,,,,,
2025-09-05T14:35:00.000000,2578.4,2580.7,2578.2,2580.6,180,ASIANPAINT,NaN,2580.7297043144504,2579.4774141631196,55.502642852015136,2601.55,27.592916426305013,,,,,
2025-09-05T14:40:00.000000,2580.6,2580.7,2578.8,2579.0,206,ASIANPAINT,NaN,2580.3837634515603,2579.4340128755634,55.00371710159813,2601.55,26.84152344237733,,,,,
2025-09-05T14:45:00.000000,2579.0,2580.35,2578.4,2578.4,118,ASIANPAINT,NaN,2579.9870107612483,2579.340011705058,54.420052857891825,2601.55,25.950072962802974,,,,,
2025-09-05T14:50:00.000000,2578.4,2580.35,2578.4,2578.7,151,ASIANPAINT,NaN,2579.7296086089987,2579.28182882278,53.96334791058011,2601.55,25.12229751748393,,,,,
2025-09-05T14:55:00.000000,2578.7,2580.65,2578.7,2580.0,338,ASIANPAINT,NaN,2579.783686887199,2579.347117111618,53.857314133642625,2601.55,24.47447805450491,,,,,
2025-09-05T15:00:00.000000,2580.0,2580.25,2573.9,2578.2,1578,ASIANPAINT,NaN,2579.466949509759,2579.2428337378346,53.32272053562083,2601.55,23.684618630089037,,,,,
2025-09-05T15:05:00.000000,2578.2,2580.55,2575.25,2579.5,909,ASIANPAINT,NaN,2579.473559607807,2579.2662124889407,53.15194640126112,2601.55,22.815043805734838,,,,,
2025-09-05T15:10:00.000000,2579.5,2581.8,2578.7,2578.95,328,ASIANPAINT,NaN,2579.3688476862458,2579.237465899037,52.8594834144475,2601.55,21.44910052112586,,,,,
2025-09-05T15:15:00.000000,2578.95,2580.95,2576.95,2579.25,969,ASIANPAINT,NaN,2579.3450781489964,2579.238605362761,52.67210126051118,2601.55,20.838420724321676,,,,,
2025-09-05T15:20:00.000000,2579.25,2583.2,2579.25,2581.0,1029,ASIANPAINT,NaN,2579.6760625191973,2579.3987321479644,52.93563641671391,2601.55,19.371303066345025,,,,,
2025-09-05T15:25:00.000000,2581.0,2581.9,2575.0,2581.65,604,ASIANPAINT,NaN,2580.070850015358,2579.603392861786,53.32564700966931,2601.55,19.342665164137696,,,,,
2025-09-08T09:15:00.000000,2583.95,2583.95,2567.45,2567.45,462,ASIANPAINT,NaN,2577.5466800122863,2578.4985389652597,51.198476371589805,2583.95,20.87162288176234,,,,,
2025-09-08T09:20:00.000000,2567.45,2567.45,2555.15,2556.85,447,ASIANPAINT,NaN,2573.407344009829,2576.530489968418,48.48141147002216,2583.95,23.6475445520282,,,,,
2025-09-08T09:25:00.000000,2556.85,2556.85,2551.5,2554.55,846,ASIANPAINT,NaN,2569.635875207863,2574.5322636076526,45.895652980430796,2583.95,26.49235019435989,,,,,
2025-09-08T09:30:00.000000,2554.55,2557.45,2553.35,2555.0,491,ASIANPAINT,NaN,2566.7087001662903,2572.756603279684,43.64821187697194,2583.95,28.94504514205489,,,,,
2025-09-08T09:35:00.000000,2555.0,2555.15,2554.8,2555.15,65,ASIANPAINT,NaN,2564.3969601330323,2571.156002981531,41.64730871148726,2583.95,31.222547593485963,,,,,
2025-09-08T09:40:00.000000,2555.15,2564.4,2555.15,2563.4,293,ASIANPAINT,NaN,2564.197568106426,2570.4509118013916,41.3577324261903,2583.95,30.759920367947412,,,,,
2025-09-08T09:45:00.000000,2563.4,2563.5,2562.0,2562.55,181,ASIANPAINT,NaN,2563.868054485141,2569.7326470921744,41.01341257344773,2583.95,30.33033794423304,,,,,
2025-09-08T09:50:00.000000,2562.55,2566.55,2562.55,2565.4,117,ASIANPAINT,NaN,2564.174443588113,2569.3387700837948,41.14538512852294,2583.95,29.22735145730363,,,,,
2025-09-08T09:55:00.000000,2565.4,2565.4,2563.0,2563.35,100,ASIANPAINT,NaN,2564.0095548704903,2568.7943364398134,41.043637141603575,2583.95,28.203149719440603,,,,,
2025-09-08T10:00:00.000000,2563.35,2567.6,2563.35,2567.6,366,ASIANPAINT,NaN,2564.7276438963922,2568.6857603998305,41.57337369647182,2583.95,26.743277108880164,,,,,
2025-09-08T10:05:00.000000,2567.6,2567.6,2563.8,2563.8,11,ASIANPAINT,NaN,2564.542115117114,2568.241600363482,41.631209235534705,2583.95,25.387681113359758,,,,,
2025-09-08T10:10:00.000000,2563.8,2565.95,2562.5,2562.5,184,ASIANPAINT,NaN,2564.133692093691,2567.719636694075,41.547758315135376,2583.95,24.39745255627301,,,,,
2025-09-08T10:15:00.000000,2562.5,2564.3,2562.0,2562.0,96,ASIANPAINT,NaN,2563.7069536749527,2567.199669721886,41.41866663601584,2583.95,23.582878647499893,,,,,
2025-09-08T10:20:00.000000,2562.0,2564.5,2561.2,2563.7,131,ASIANPAINT,NaN,2563.705562939962,2566.8815179289873,41.575959673710386,2583.95,22.999334390255985,,,,,
2025-09-08T10:25:00.000000,2563.7,2567.0,2561.85,2563.2,235,ASIANPAINT,NaN,2563.6044503519697,2566.5468344808974,41.65669093646671,2583.95,21.751903372810045,,,,,
2025-09-08T10:30:00.000000,2563.2,2563.2,2560.05,2561.4,69,ASIANPAINT,NaN,2563.163560281576,2566.0789404371794,41.50750553670022,2583.95,21.01349303240503,,,,,
2025-09-08T10:35:00.000000,2561.4,2562.15,2560.6,2560.75,108,ASIANPAINT,NaN,2562.680848225261,2565.594491306527,41.292569969475174,2583.95,20.327826287743232,,,,,
2025-09-08T10:40:00.000000,2560.75,2562.4,2560.25,2560.25,33,ASIANPAINT,NaN,2562.194678580209,2565.108628460479,41.034359804334876,2583.95,19.77870910212434,,,,,
2025-09-08T10:45:00.000000,2560.25,2564.8,2560.25,2564.8,3,ASIANPAINT,NaN,2562.715742864167,2565.080571327708,41.63828896908798,2583.95,18.52276555236814,,,,,
2025-09-08T10:50:00.000000,2564.8,2564.8,2561.4,2561.4,36,ASIANPAINT,NaN,2562.4525942913338,2564.7459739342803,41.71852109870796,2583.95,17.356532256165952,,,,,
2025-09-08T10:55:00.000000,2561.4,2565.0,2561.4,2565.0,221,ASIANPAINT,NaN,2562.962075433067,2564.769067212982,42.36847769285718,2583.95,16.208764889593713,,,,,
2025-09-08T11:00:00.000000,2565.0,2565.0,2563.2,2563.4,35,ASIANPAINT,NaN,2563.049660346454,2564.6446065572563,42.73451317317538,2583.95,15.142980906348061,,,,,
2025-09-08T11:05:00.000000,2563.4,2565.5,2563.4,2564.05,34,ASIANPAINT,NaN,2563.2497282771633,2564.5905514156875,43.17110263596754,2583.95,14.15099435059659,,,,,
2025-09-08T11:10:00.000000,2564.05,2568.5,2564.0,2568.5,353,ASIANPAINT,NaN,2564.2997826217306,2564.9459558324434,44.22704261106978,2583.95,14.214360424893792,,,,,
2025-09-08T11:15:00.000000,2568.5,2570.0,2567.2,2570.0,327,ASIANPAINT,NaN,2565.4398260973844,2565.4054143931303,45.381227433933724,2583.95,14.697434658971048,,,,,
2025-09-08T11:20:00.000000,2570.0,2572.0,2567.85,2567.9,31,ASIANPAINT,NaN,2565.9318608779076,2565.6321949028456,46.08002390826779,2583.95,15.660894235845877,,,,,
2025-09-08T11:25:00.000000,2567.9,2570.0,2566.65,2566.65,21,ASIANPAINT,NaN,2566.0754887023263,2565.7247226389504,46.51328383533281,2583.95,16.045890655019498,,,,,
2025-09-08T11:30:00.000000,2571.2,2572.1,2570.05,2571.9,266,ASIANPAINT,NaN,2567.240390961861,2566.286111489955,47.62002451015021,2583.95,16.938782310848115,,,,,
2025-09-08T11:35:00.000000,2571.9,2571.9,2570.0,2571.75,2,ASIANPAINT,NaN,2568.142312769489,2566.782828627232,48.59558615365142,2583.95,17.745597983098243,,,,,
2025-09-08T11:40:00.000000,2571.75,2572.1,2568.2,2570.6,64,ASIANPAINT,NaN,2568.633850215591,2567.1298442065745,49.27425799218862,2583.95,17.706613176950523,,,,,
2025-09-08T11:45:00.000000,2570.6,2570.6,2566.0,2566.0,506,ASIANPAINT,NaN,2568.1070801724727,2567.027131096886,49.1585017902042,2583.95,16.818723405331664,,,,,
2025-09-08T11:50:00.000000,2566.0,2568.7,2566.0,2566.45,161,ASIANPAINT,NaN,2567.7756641379783,2566.974664633533,49.12441474263281,2583.95,15.994254331685582,,,,,
2025-09-08T11:55:00.000000,2566.45,2568.3,2565.6,2567.25,213,ASIANPAINT,NaN,2567.6705313103826,2566.9996951213934,49.223345920726814,2583.95,15.070742967194743,,,,,
2025-09-08T12:00:00.000000,2567.25,2567.35,2566.2,2566.2,30,ASIANPAINT,NaN,2567.376425048306,2566.926995564903,49.13965527553933,2583.95,14.213196700167535,,,,,
2025-09-08T12:05:00.000000,2566.2,2567.95,2563.3,2563.3,112,ASIANPAINT,NaN,2566.5611400386447,2566.5972686953664,48.61577846212104,2583.95,14.08396288853026,,,,,
2025-09-08T12:10:00.000000,2563.3,2565.0,2562.6,2562.6,100,ASIANPAINT,NaN,2565.7689120309155,2566.2338806321513,48.039232047595924,2583.95,14.198907396194313,,,,,
2025-09-08T12:15:00.000000,2562.6,2565.45,2562.6,2565.45,1,ASIANPAINT,NaN,2565.7051296247323,2566.162618756501,48.05169952500477,2583.95,14.09625590554772,,,,,
2025-09-08T12:20:00.000000,2565.45,2565.55,2562.9,2565.55,4,ASIANPAINT,NaN,2565.674103699786,2566.106926142274,48.08112424552201,2583.95,13.9523912941667,,,,,
2025-09-08T12:25:00.000000,2565.55,2565.55,2561.95,2561.95,215,ASIANPAINT,NaN,2564.929282959829,2565.7290237657035,47.53325009805707,2583.95,14.183543798212964,,,,,
2025-09-08T12:30:00.000000,2561.95,2561.95,2555.55,2555.55,292,ASIANPAINT,NaN,2563.0534263678633,2564.8036579688214,46.26043800741801,2583.95,16.151775797247552,,,,,
2025-09-08T12:35:00.000000,2555.55,2558.8,2555.55,2558.2,60,ASIANPAINT,NaN,2562.0827410942907,2564.2033254262014,45.605121829537715,2583.95,17.9794197963511,,,,,
2025-09-08T12:40:00.000000,2558.2,2558.2,2555.25,2556.0,37,ASIANPAINT,NaN,2560.8661928754327,2563.457568569274,44.76434438796212,2583.95,19.742523912556276,,,,,
2025-09-08T12:45:00.000000,2556.0,2557.3,2554.7,2554.7,181,ASIANPAINT,NaN,2559.6329543003462,2562.6614259720673,43.862274745467474,2583.95,21.504050436304066,,,,,
2025-09-08T12:50:00.000000,2554.7,2555.35,2553.45,2553.45,37,ASIANPAINT,NaN,2558.396363440277,2561.82402361097,42.911275067980014,2583.95,23.414468677831135,,,,,
2025-09-08T12:55:00.000000,2553.45,2556.0,2553.45,2555.1,37,ASIANPAINT,NaN,2557.737090752222,2561.2127487372454,42.39060166518213,2583.95,24.7935041569956,,,,,
2025-09-08T13:00:00.000000,2555.1,2555.45,2552.85,2553.4,93,ASIANPAINT,NaN,2556.8696726017774,2560.5024988520413,41.718098951508445,2583.95,26.220297902925925,,,,,
2025-09-08T13:05:00.000000,2553.4,2554.9,2553.0,2553.05,68,ASIANPAINT,NaN,2556.105738081422,2559.824998956401,41.06802945727008,2583.95,27.54517780986123,,,,,
2025-09-08T13:10:00.000000,2553.05,2558.0,2553.05,2558.0,57,ASIANPAINT,NaN,2556.4845904651374,2559.659089960365,41.462776045162855,2583.95,26.95113870727775,,,,,
2025-09-08T13:15:00.000000,2558.0,2558.0,2555.4,2555.4,15,ASIANPAINT,NaN,2556.26767237211,2559.271899963968,41.46560294384458,2583.95,26.39953096916452,,,,,
2025-09-08T13:20:00.000000,2555.4,2555.4,2549.0,2550.0,1356,ASIANPAINT,NaN,2555.014137897688,2558.4289999672433,40.85391228200394,2583.95,27.600644191577977,,,,,
2025-09-08T13:25:00.000000,2550.0,2550.0,2545.5,2545.5,79,ASIANPAINT,NaN,2553.1113103181506,2557.2536363338577,39.89191003977958,2583.95,29.319754988706357,,,,,
2025-09-08T13:30:00.000000,2545.5,2548.8,2543.45,2546.95,65,ASIANPAINT,NaN,2551.8790482545205,2556.316942121689,39.290270853744225,2583.95,31.21240593652761,,,,,
2025-09-08T13:35:00.000000,2546.95,2546.95,2540.0,2540.35,329,ASIANPAINT,NaN,2549.5732386036166,2554.8654019288083,38.213554256469735,2583.95,33.394739685604904,,,,,
2025-09-08T13:40:00.000000,2540.35,2544.0,2538.0,2542.7,920,ASIANPAINT,NaN,2548.1985908828933,2553.7594562989166,37.650970134485924,2583.95,35.632935521314366,,,,,
2025-09-08T13:45:00.000000,2542.7,2542.7,2540.0,2540.0,9,ASIANPAINT,NaN,2546.5588727063146,2552.5085966353786,36.929297762463655,2583.95,37.71126022590172,,,,,
2025-09-08T13:50:00.000000,2540.0,2541.0,2539.5,2539.5,179,ASIANPAINT,NaN,2545.147098165052,2551.3259969412534,36.23741208900076,2583.95,39.69652115723803,,,,,
2025-09-08T13:55:00.000000,2539.5,2541.0,2539.5,2541.0,162,ASIANPAINT,NaN,2544.3176785320416,2550.387269946594,35.89330232945504,2583.95,41.53997773633604,,,,,
2025-09-08T14:00:00.000000,2541.0,2542.0,2539.0,2539.0,775,ASIANPAINT,NaN,2543.254142825633,2549.352063587813,35.404922410524435,2583.95,42.6781534861412,,,,,
2025-09-08T14:05:00.000000,2539.0,2540.65,2538.0,2539.3,58,ASIANPAINT,NaN,2542.4633142605066,2548.4382396252845,35.02319402932462,2583.95,43.88587102617494,,,,,
2025-09-08T14:10:00.000000,2539.3,2543.05,2538.0,2543.05,172,ASIANPAINT,NaN,2542.580651408405,2547.9483996593494,35.3922830254668,2583.95,43.710697238907706,,,,,
2025-09-08T14:15:00.000000,2543.05,2543.05,2543.05,2543.05,0,ASIANPAINT,NaN,2542.6745211267244,2547.5030905994086,35.72622068864306,2583.95,43.5480358650167,,,,,
2025-09-08T14:20:00.000000,2543.75,2543.85,2543.3,2543.5,91,ASIANPAINT,NaN,2542.8396169013795,2547.1391732721895,36.11558695635188,2583.95,42.97146346497211,,,,,
2025-09-08T14:25:00.000000,2543.5,2543.5,2540.35,2541.1,102,ASIANPAINT,NaN,2542.4916935211036,2546.5901575201724,36.167275703561785,2583.95,43.096530451474614,,,,,
2025-09-08T14:30:00.000000,2541.1,2545.8,2541.1,2544.9,154,ASIANPAINT,NaN,2542.973354816883,2546.4365068365205,36.93237305401286,2583.95,42.10245097718439,,,,,
2025-09-08T14:35:00.000000,2544.9,2544.9,2543.0,2543.3,64,ASIANPAINT,NaN,2543.0386838535064,2546.1513698513822,37.40895458519691,2583.95,41.17937717962918,,,,,
2025-09-08T14:40:00.000000,2543.3,2544.0,2543.3,2543.3,39,ASIANPAINT,NaN,2543.090947082805,2545.8921544103473,37.84014739912534,2583.95,40.32223722475648,,,,,
2025-09-08T14:45:00.000000,2543.3,2543.3,2535.6,2536.1,356,ASIANPAINT,NaN,2541.6927576662442,2545.001958554861,37.387728460859414,2583.95,41.09400071030887,,,,,
2025-09-08T14:50:00.000000,2536.1,2536.1,2530.15,2533.15,359,ASIANPAINT,NaN,2539.9842061329955,2543.9245077771466,36.71003782052521,2583.95,42.47769398523484,,,,,
2025-09-08T14:55:00.000000,2533.15,2535.0,2531.35,2533.95,147,ASIANPAINT,NaN,2538.7773649063965,2543.0177343428604,36.2580332954652,2583.95,43.76255202623753,,,,,
2025-09-08T15:00:00.000000,2533.95,2535.25,2530.15,2533.0,175,ASIANPAINT,NaN,2537.6218919251173,2542.107031220782,35.757451778690374,2583.95,45.08701471575819,,,,,
2025-09-08T15:05:00.000000,2533.0,2534.05,2532.15,2532.2,92,ASIANPAINT,NaN,2536.5375135400936,2541.206392018893,35.22609386937549,2583.95,46.31687292745595,,,,,
2025-09-08T15:10:00.000000,2532.2,2532.9,2530.05,2530.05,38,ASIANPAINT,NaN,2535.240010832075,2540.19217456263,34.540102669986524,2583.95,47.69119013271815,,,,,
2025-09-08T15:15:00.000000,2530.05,2531.1,2527.4,2529.55,981,ASIANPAINT,NaN,2534.10200866566,2539.2247041478454,33.87255166256576,2583.95,49.225528950926055,,,,,
2025-09-08T15:20:00.000000,2529.55,2531.6,2526.0,2529.95,374,ASIANPAINT,NaN,2533.271606932528,2538.381549225314,33.37149398610996,2583.95,50.77434148532192,,,,,
2025-09-08T15:25:00.000000,2529.95,2532.65,2528.0,2528.0,255,ASIANPAINT,NaN,2532.217285546022,2537.4377720230127,32.72032287750003,2583.95,51.68114934162706,,,,,
2025-09-09T09:15:00.000000,2538.25,2546.85,2530.8,2535.0,625,ASIANPAINT,NaN,2532.773828436818,2537.216156384557,33.66456756797763,2546.85,47.99294448323144,,,,,
2025-09-09T09:20:00.000000,2535.0,2538.9,2535.0,2536.5,123,ASIANPAINT,NaN,2533.5190627494544,2537.1510512586883,34.781892022657026,2546.85,44.568182829006936,,,,,
2025-09-09T09:25:00.000000,2536.6,2538.0,2534.55,2536.0,422,ASIANPAINT,NaN,2534.0152501995635,2537.046410235171,35.719359088623605,2546.85,41.48842246326996,,,,,
2025-09-09T09:30:00.000000,2536.0,2538.2,2532.15,2534.2,110,ASIANPAINT,NaN,2534.052200159651,2536.7876456683375,36.304933412228735,2546.85,39.15458568301459,,,,,
2025-09-09T09:35:00.000000,2534.2,2539.5,2534.2,2538.35,398,ASIANPAINT,NaN,2534.9117601277208,2536.929677880307,37.57114857371048,2546.85,36.6628401687776,,,,,
2025-09-09T09:40:00.000000,2538.35,2540.0,2536.6,2540.0,549,ASIANPAINT,NaN,2535.9294081021767,2537.208798073006,38.975412826910194,2546.85,34.22242830662225,,,,,
2025-09-09T09:45:00.000000,2540.0,2541.25,2539.3,2539.3,311,ASIANPAINT,NaN,2536.6035264817415,2537.3989073390967,40.12622523396264,2546.85,31.920111154712433,,,,,
2025-09-09T09:50:00.000000,2539.3,2545.0,2539.3,2545.0,43,ASIANPAINT,NaN,2538.282821185393,2538.089915762815,41.97859361350751,2546.85,30.649701973547824,,,,,
2025-09-09T09:55:00.000000,2545.0,2545.0,2544.6,2544.6,102,ASIANPAINT,NaN,2539.5462569483143,2538.681741602559,43.58089152136209,2546.85,29.470036305323543,,,,,
2025-09-09T10:00:00.000000,2544.6,2549.3,2544.15,2549.3,295,ASIANPAINT,NaN,2541.4970055586514,2539.6470378205086,45.58415257011548,2546.85,29.242309850196982,,,,,
2025-09-09T10:05:00.000000,2549.3,2550.3,2547.05,2550.0,283,ASIANPAINT,NaN,2543.197604446921,2540.5882162004623,47.47120003108909,2546.85,29.21103031733462,,,,,
2025-09-09T10:10:00.000000,2550.0,2550.0,2545.15,2545.15,255,ASIANPAINT,NaN,2543.5880835575367,2541.002923818602,48.295874320498626,2546.85,28.579962780437473,,,,,
2025-09-09T10:15:00.000000,2545.15,2546.15,2543.15,2544.7,134,ASIANPAINT,NaN,2543.810466846029,2541.339021653275,48.967368258013686,2546.85,27.400216625533485,,,,,
2025-09-09T10:20:00.000000,2544.7,2545.0,2541.8,2545.0,78,ASIANPAINT,NaN,2544.048373476823,2541.6718378666133,49.617117984522466,2546.85,25.922134826359372,,,,,
2025-09-09T10:25:00.000000,2545.0,2550.0,2545.0,2546.35,325,ASIANPAINT,NaN,2544.5086987814584,2542.0971253332846,50.39820775531335,2546.85,25.616645156576975,,,,,
2025-09-09T10:30:00.000000,2546.35,2548.0,2546.05,2548.0,22,ASIANPAINT,NaN,2545.2069590251667,2542.633750302986,51.333739984477845,2546.85,25.33297617749332,,,,,
2025-09-09T10:35:00.000000,2548.0,2550.0,2543.05,2543.05,54,ASIANPAINT,NaN,2544.7755672201333,2542.6715911845326,51.28874169864062,2546.85,24.1984879798669,,,,,
2025-09-09T10:40:00.000000,2543.05,2543.85,2541.55,2541.55,108,ASIANPAINT,NaN,2544.1304537761066,2542.569628349575,51.01419470130673,2546.85,22.74462790388941,,,,,
2025-09-09T10:45:00.000000,2541.55,2543.65,2541.25,2543.65,162,ASIANPAINT,NaN,2544.0343630208854,2542.6678439541593,51.0991612384626,2546.85,21.313683323973272,,,,,
2025-09-09T10:50:00.000000,2543.55,2543.55,2541.5,2541.5,62,ASIANPAINT,NaN,2543.527490416708,2542.5616763219628,50.83198853804971,2546.85,19.984949071194002,,,,,
2025-09-09T10:55:00.000000,2541.5,2542.0,2540.0,2542.0,302,ASIANPAINT,NaN,2543.2219923333664,2542.510614838148,50.67462373446582,2546.85,18.80034642212058,,,,,
2025-09-09T11:00:00.000000,2542.0,2544.35,2540.8,2540.8,26,ASIANPAINT,NaN,2542.7375938666933,2542.355104398316,50.33364836322611,2546.85,17.888424039610893,,,,,
2025-09-09T11:05:00.000000,2540.8,2540.8,2540.8,2540.8,50,ASIANPAINT,NaN,2542.3500750933545,2542.2137312711966,50.02514683686638,2546.85,17.041638970137615,,,,,
2025-09-09T11:10:00.000000,2540.8,2540.8,2539.4,2539.7,62,ASIANPAINT,NaN,2541.8200600746836,2541.9852102465425,49.55256686898581,2546.85,15.842543601301239,,,,,
2025-09-09T11:15:00.000000,2539.7,2539.7,2537.3,2537.3,26,ASIANPAINT,NaN,2540.916048059747,2541.559282042311,48.730064162308494,2546.85,15.351922329298421,,,,,
2025-09-09T11:20:00.000000,2537.3,2538.3,2536.0,2537.9,190,ASIANPAINT,NaN,2540.3128384477977,2541.2266200384647,48.12193416180644,2546.85,15.254397711283426,,,,,
2025-09-09T11:25:00.000000,2537.9,2539.5,2536.45,2536.45,47,ASIANPAINT,NaN,2539.540270758238,2540.79238185315,47.33299732085441,2546.85,14.741258330203266,,,,,
2025-09-09T11:30:00.000000,2536.45,2539.05,2536.0,2536.0,110,ASIANPAINT,NaN,2538.8322166065905,2540.3567107755907,46.54559075481484,2546.85,14.399580563971,,,,,
2025-09-09T11:35:00.000000,2536.0,2537.85,2536.0,2537.85,58,ASIANPAINT,NaN,2538.6357732852725,2540.1288279778096,46.29220473996325,2546.85,14.082308352469608,,,,,
2025-09-09T11:40:00.000000,2537.85,2539.4,2537.2,2537.2,16,ASIANPAINT,NaN,2538.348618628218,2539.8625708889176,45.941496985422376,2546.85,13.1923855047368,,,,,
2025-09-09T11:45:00.000000,2537.2,2541.1,2537.2,2541.1,11,ASIANPAINT,NaN,2538.8988949025743,2539.9750644444707,46.48823619950799,2546.85,12.730570496837917,,,,,
2025-09-09T11:50:00.000000,2541.1,2542.2,2539.9,2542.2,30,ASIANPAINT,NaN,2539.5591159220594,2540.1773313131553,47.19374346431818,2546.85,12.662559285703239,,,,,
2025-09-09T11:55:00.000000,2542.2,2542.95,2540.2,2540.2,34,ASIANPAINT,NaN,2539.6872927376476,2540.1793921028684,47.40947836470783,2546.85,12.840409570514591,,,,,
2025-09-09T12:00:00.000000,2540.2,2541.05,2538.0,2538.0,5,ASIANPAINT,NaN,2539.349834190118,2539.9812655480623,47.18610419933816,2546.85,12.118943908150255,,,,,
2025-09-09T12:05:00.000000,2538.0,2540.75,2537.6,2538.4,53,ASIANPAINT,NaN,2539.1598673520944,2539.8375141346023,47.073479034268345,2546.85,11.297323685926923,,,,,
2025-09-09T12:10:00.000000,2538.4,2541.4,2538.4,2539.5,29,ASIANPAINT,NaN,2539.2278938816753,2539.8068310314566,47.21947763441783,2546.85,10.782208689061363,,,,,
2025-09-09T12:15:00.000000,2539.5,2540.15,2538.0,2538.7,134,ASIANPAINT,NaN,2539.12231510534,2539.706210028597,47.18315379956783,2546.85,10.135772427419194,,,,,
2025-09-09T12:20:00.000000,2538.7,2540.0,2538.6,2539.2,143,ASIANPAINT,NaN,2539.137852084272,2539.6601909350884,47.271308111953914,2546.85,9.535510184465753,,,,,
2025-09-09T12:25:00.000000,2539.2,2540.35,2538.75,2540.35,6,ASIANPAINT,NaN,2539.3802816674174,2539.7229008500804,47.627301718756996,2546.85,9.135577164253434,,,,,
2025-09-09T12:30:00.000000,2540.35,2540.35,2538.2,2538.2,76,ASIANPAINT,NaN,2539.1442253339337,2539.5844553182546,47.457981177839834,2546.85,8.49268816001364,,,,,
2025-09-09T12:35:00.000000,2538.2,2540.3,2538.2,2538.5,31,ASIANPAINT,NaN,2539.015380267147,2539.4858684711407,47.382003567724865,2546.85,7.8957197989338335,,,,,
2025-09-09T12:40:00.000000,2538.5,2541.45,2538.5,2538.55,773,ASIANPAINT,NaN,2538.922304213718,2539.400789519219,47.3268773075078,2546.85,7.922492870408981,,,,,
2025-09-09T12:45:00.000000,2538.55,2540.45,2538.55,2539.4,45,ASIANPAINT,NaN,2539.0178433709743,2539.4007177447447,47.513971643481824,2546.85,7.947353579635904,,,,,
2025-09-09T12:50:00.000000,2539.4,2540.35,2537.5,2537.5,152,ASIANPAINT,NaN,2538.7142746967793,2539.2279252224953,47.2081728089726,2546.85,7.403082715653284,,,,,
2025-09-09T12:55:00.000000,2537.5,2537.5,2534.05,2536.55,361,ASIANPAINT,NaN,2538.2814197574235,2538.984477474996,46.71345763997895,2546.85,8.4594137292113,,,,,
2025-09-09T13:00:00.000000,2536.55,2536.55,2534.0,2535.15,60,ASIANPAINT,NaN,2537.6551358059387,2538.6358886136327,45.96257411625474,2546.85,9.459255510949927,,,,,
2025-09-09T13:05:00.000000,2535.0,2536.4,2532.0,2532.0,240,ASIANPAINT,NaN,2536.524108644751,2538.0326260123934,44.70940750118219,2546.85,11.097440400590717,,,,,
2025-09-09T13:10:00.000000,2532.0,2534.2,2531.4,2532.2,98,ASIANPAINT,NaN,2535.6592869158007,2537.502387283994,43.64277337346776,2546.85,12.810587102414146,,,,,
2025-09-09T13:15:00.000000,2532.2,2532.2,2530.8,2531.9,85,ASIANPAINT,NaN,2534.9074295326404,2536.9930793490853,42.62450479946428,2546.85,14.591739211787374,,,,,
2025-09-09T13:20:00.000000,2531.9,2531.9,2528.8,2528.8,336,ASIANPAINT,NaN,2533.6859436261125,2536.248253953714,41.212013821335056,2546.85,16.816824649262973,,,,,
2025-09-09T13:25:00.000000,2528.8,2531.4,2528.8,2531.4,116,ASIANPAINT,NaN,2533.22875490089,2535.8075035942857,40.78584144060354,2546.85,18.88297541263317,,,,,
2025-09-09T13:30:00.000000,2531.4,2531.4,2528.4,2528.4,120,ASIANPAINT,NaN,2532.263003920712,2535.1340941766234,39.933572597718474,2546.85,20.913668310958663,,,,,
2025-09-09T13:35:00.000000,2528.4,2530.0,2528.4,2530.0,2,ASIANPAINT,NaN,2531.8104031365697,2534.667358342385,39.62441732247795,2546.85,22.799311716546622,,,,,
2025-09-09T13:40:00.000000,2530.0,2530.0,2526.6,2526.65,30,ASIANPAINT,NaN,2530.7783225092558,2533.9385075839864,38.86159968548064,2546.85,25.043962014454838,,,,,
2025-09-09T13:45:00.000000,2526.65,2529.35,2526.5,2527.9,90,ASIANPAINT,NaN,2530.202658007405,2533.3895523490787,38.51424139228142,2546.85,27.153742820249438,,,,,
2025-09-09T13:50:00.000000,2527.9,2528.35,2527.25,2527.25,12,ASIANPAINT,NaN,2529.612126405924,2532.831411226435,38.10394014670682,2546.85,29.112824997058706,,,,,
2025-09-09T13:55:00.000000,2527.25,2528.6,2527.25,2527.9,5,ASIANPAINT,NaN,2529.269701124739,2532.383101114941,37.92014771473007,2546.85,30.688170129660595,,,,,
2025-09-09T14:00:00.000000,2527.9,2528.2,2526.0,2528.2,59,ASIANPAINT,NaN,2529.0557608997915,2532.0028191954007,37.842910393526374,2546.85,32.52163315355458,,,,,
2025-09-09T14:05:00.000000,2528.2,2528.9,2526.85,2528.9,14,ASIANPAINT,NaN,2529.0246087198334,2531.7207447230917,37.98569158522526,2546.85,33.55152822641343,,,,,
2025-09-09T14:10:00.000000,2528.9,2532.0,2528.0,2532.0,298,ASIANPAINT,NaN,2529.619686975867,2531.746131566447,38.95144229167771,2546.85,32.165900558064834,,,,,
2025-09-09T14:15:00.000000,2532.0,2534.4,2532.0,2532.0,279,ASIANPAINT,NaN,2530.0957495806933,2531.7692105149517,39.825216740372774,2546.85,30.13639749213188,,,,,
2025-09-09T14:20:00.000000,2532.0,2536.35,2532.0,2532.1,419,ASIANPAINT,NaN,2530.4965996645547,2531.79928228632,40.64239555943859,2546.85,29.081546592537855,,,,,
2025-09-09T14:25:00.000000,2532.1,2534.1,2532.1,2534.1,173,ASIANPAINT,NaN,2531.217279731644,2532.008438442109,41.892729255610334,2546.85,28.102042185771975,,,,,
2025-09-09T14:30:00.000000,2534.1,2536.25,2533.9,2535.8,121,ASIANPAINT,NaN,2532.133823785315,2532.3531258564626,43.406659999339055,2546.85,28.000676836095668,,,,,
2025-09-09T14:35:00.000000,2535.8,2535.8,2531.0,2532.75,364,ASIANPAINT,NaN,2532.257059028252,2532.389205324057,43.9850389886462,2546.85,26.435056520665544,,,,,
2025-09-09T14:40:00.000000,2532.75,2533.4,2531.0,2531.6,156,ASIANPAINT,NaN,2532.125647222602,2532.3174593855065,44.248379047001485,2546.85,24.981266227766145,,,,,
2025-09-09T14:45:00.000000,2531.6,2531.8,2529.3,2529.3,198,ASIANPAINT,NaN,2531.5605177780817,2532.043144895915,44.01380308975439,2546.85,23.516792456216628,,,,,
2025-09-09T14:50:00.000000,2529.3,2533.8,2529.3,2533.8,411,ASIANPAINT,NaN,2532.0084142224655,2532.202858996286,44.81532196388194,2546.85,22.352963096029974,,,,,
2025-09-09T14:55:00.000000,2533.8,2533.8,2531.2,2531.2,32,ASIANPAINT,NaN,2531.8467313779724,2532.1116899966237,45.030438601992046,2546.85,21.272264404428082,,,,,
2025-09-09T15:00:00.000000,2531.2,2533.8,2531.2,2533.8,18,ASIANPAINT,NaN,2532.237385102378,2532.2651727242032,45.724615520809046,2546.85,20.268758476512037,,,,,
2025-09-09T15:05:00.000000,2533.8,2535.0,2533.65,2535.0,154,ASIANPAINT,NaN,2532.7899080819025,2532.5137933856395,46.565867242752056,2546.85,19.850076627936822,,,,,
2025-09-09T15:10:00.000000,2535.0,2536.15,2534.8,2535.4,35,ASIANPAINT,NaN,2533.311926465522,2532.776175805127,47.39872679948021,2546.85,19.913728594255026,,,,,
2025-09-09T15:15:00.000000,2535.4,2537.35,2534.3,2537.35,106,ASIANPAINT,NaN,2534.1195411724175,2533.191978004661,48.49294937778696,2546.85,20.40747999149985,,,,,
2025-09-09T15:20:00.000000,2537.35,2538.75,2534.1,2538.75,336,ASIANPAINT,NaN,2535.045632937934,2533.69725273151,49.711160216017596,2546.85,21.325777420497786,,,,,
2025-09-09T15:25:00.000000,2538.75,2549.85,2535.7,2537.85,1995,ASIANPAINT,NaN,2535.606506350347,2534.074775210464,50.586982563925126,2546.85,24.223241784241907,,,,,
2025-09-10T09:15:00.000000,2526.7,2554.5,2526.7,2551.2,1244,ASIANPAINT,NaN,2538.7252050802776,2535.6316138276943,52.876524474554216,2554.5,23.76277921006903,,,,,
2025-09-10T09:20:00.000000,2551.2,2551.85,2542.0,2543.55,603,ASIANPAINT,NaN,2539.6901640642222,2536.3514671160856,53.59060088807929,2554.5,23.33520681976565,,,,,
2025-09-10T09:25:00.000000,2543.55,2545.0,2542.8,2545.0,180,ASIANPAINT,NaN,2540.7521312513777,2537.1376973782594,54.3782735246026,2554.5,22.938175314483935,,,,,
2025-09-10T09:30:00.000000,2545.0,2547.5,2543.5,2546.45,281,ASIANPAINT,NaN,2541.8917050011023,2537.984270343872,55.232003278154664,2554.5,23.076772341695573,,,,,
2025-09-10T09:35:00.000000,2546.45,2549.4,2545.0,2546.9,622,ASIANPAINT,NaN,2542.893364000882,2538.794791221702,56.04916274202684,2554.5,23.55974552627928,,,,,
2025-09-10T09:40:00.000000,2545.0,2545.0,2538.85,2539.35,1371,ASIANPAINT,NaN,2542.1846912007054,2538.8452647470017,55.64592825014237,2554.5,22.273103808437867,,,,,
2025-09-10T09:45:00.000000,2540.65,2542.2,2539.2,2541.0,209,ASIANPAINT,NaN,2541.9477529605642,2539.0411497700015,55.47554670876648,2554.5,21.07836507044227,,,,,
2025-09-10T09:50:00.000000,2541.0,2542.2,2538.0,2538.0,131,ASIANPAINT,NaN,2541.1582023684514,2538.9464997909104,54.928434815905355,2554.5,19.662742056278507,,,,,
2025-09-10T09:55:00.000000,2538.0,2539.7,2536.0,2537.9,88,ASIANPAINT,NaN,2540.506561894761,2538.851363446282,54.42043907791457,2554.5,18.65976087487821,,,,,
2025-09-10T10:00:00.000000,2537.9,2539.15,2535.45,2535.8,298,ASIANPAINT,NaN,2539.565249515809,2538.5739667693474,53.684971402494114,2554.5,17.86140685463483,,,,,
2025-09-10T10:05:00.000000,2535.8,2537.1,2533.8,2533.8,256,ASIANPAINT,NaN,2538.412199612647,2538.1399697903157,52.768201954460665,2554.5,17.51601435790497,,,,,
2025-09-10T10:10:00.000000,2533.8,2535.75,2529.7,2531.95,455,ASIANPAINT,NaN,2537.1197596901175,2537.5772452639235,51.715104811215845,2554.5,18.053704522884836,,,,,
2025-09-10T10:15:00.000000,2531.95,2532.15,2529.4,2531.85,569,ASIANPAINT,NaN,2536.065807752094,2537.0565866035668,50.7500161102241,2554.5,18.61065599811317,,,,,
2025-09-10T10:20:00.000000,2531.85,2533.25,2526.15,2526.15,326,ASIANPAINT,NaN,2534.0826462016753,2536.0650787305153,49.24494137493777,2554.5,19.71907251445453,,,,,
2025-09-10T10:25:00.000000,2526.15,2528.35,2525.4,2527.0,343,ASIANPAINT,NaN,2532.6661169613403,2535.240980664105,48.03800145622058,2554.5,20.87532693682602,,,,,
2025-09-10T10:30:00.000000,2527.0,2533.0,2526.1,2532.6,166,ASIANPAINT,NaN,2532.652893569072,2535.000891512823,47.855597155790626,2554.5,20.466509646781628,,,,,
2025-09-10T10:35:00.000000,2532.6,2532.6,2529.2,2529.2,296,ASIANPAINT,NaN,2531.962314855258,2534.4735377389297,47.29685695359606,2554.5,20.086893591740402,,,,,
2025-09-10T10:40:00.000000,2529.05,2531.6,2528.9,2531.6,151,ASIANPAINT,NaN,2531.889851884206,2534.2123070353905,47.14375092512194,2554.5,19.802862023358706,,,,,
2025-09-10T10:45:00.000000,2531.6,2531.6,2528.95,2529.0,171,ASIANPAINT,NaN,2531.311881507365,2533.7384609412643,46.703830879837234,2554.5,19.53911842414713,,,,,
2025-09-10T10:50:00.000000,2529.0,2531.5,2529.0,2529.0,53,ASIANPAINT,NaN,2530.849505205892,2533.307691764786,46.3058079817225,2554.5,19.29421365345067,,,,,
2025-09-10T10:55:00.000000,2529.0,2536.4,2529.0,2534.8,322,ASIANPAINT,NaN,2531.6396041647135,2533.4433561498054,46.77753576676935,2554.5,18.318705387815726,,,,,
2025-09-10T11:00:00.000000,2534.8,2536.05,2533.8,2536.05,442,ASIANPAINT,NaN,2532.521683331771,2533.6803237725503,47.362486400801295,2554.5,17.41287628401185,,,,,
2025-09-10T11:05:00.000000,2536.05,2536.2,2533.3,2534.3,130,ASIANPAINT,NaN,2532.8773466654166,2533.7366579750455,47.64549395281426,2554.5,16.408124353056078,,,,,
2025-09-10T11:10:00.000000,2534.3,2535.75,2533.0,2534.5,363,ASIANPAINT,NaN,2533.2018773323334,2533.806052704587,47.9298208172694,2554.5,15.373135531949606,,,,,
2025-09-10T11:15:00.000000,2534.5,2535.65,2533.0,2533.75,357,ASIANPAINT,NaN,2533.311501865867,2533.80095700417,48.073416847561674,2554.5,14.412074483779312,,,,,
2025-09-10T11:20:00.000000,2533.75,2533.75,2527.3,2528.95,370,ASIANPAINT,NaN,2532.4392014926934,2533.359960912882,47.5453616014364,2554.5,14.944878234742236,,,,,
2025-09-10T11:25:00.000000,2528.95,2533.2,2528.95,2531.25,159,ASIANPAINT,NaN,2532.2013611941547,2533.168146284438,47.43575448389631,2554.5,15.439624574922092,,,,,
2025-09-10T11:30:00.000000,2531.25,2533.15,2530.65,2531.8,84,ASIANPAINT,NaN,2532.121088955324,2533.043769349489,47.423512983879895,2554.5,15.89903189080339,,,,,
2025-09-10T11:35:00.000000,2531.8,2534.35,2531.8,2534.3,68,ASIANPAINT,NaN,2532.556871164259,2533.1579721358994,47.798528228517426,2554.5,15.822239658342982,,,,,
2025-09-10T11:40:00.000000,2534.3,2534.3,2531.25,2531.25,136,ASIANPAINT,NaN,2532.2954969314073,2532.984520123545,47.68877395224325,2554.5,15.919766587931605,,,,,
2025-09-10T11:45:00.000000,2531.25,2532.3,2528.5,2530.9,167,ASIANPAINT,NaN,2532.016397545126,2532.7950182941318,47.53963770243988,2554.5,16.779300974166375,,,,,
2025-09-10T11:50:00.000000,2530.9,2532.15,2528.5,2532.15,79,ASIANPAINT,NaN,2532.0431180361006,2532.7363802673926,47.6169333088985,2554.5,17.577440047098662,,,,,
2025-09-10T11:55:00.000000,2532.15,2534.05,2531.95,2534.05,511,ASIANPAINT,NaN,2532.4444944288807,2532.855800243084,47.99878223866947,2554.5,17.45634023812837,,,,,
2025-09-10T12:00:00.000000,2534.05,2534.05,2529.95,2531.5,468,ASIANPAINT,NaN,2532.2555955431044,2532.732545675531,47.93146906304694,2554.5,17.924380821266958,,,,,
2025-09-10T12:05:00.000000,2531.5,2531.5,2528.8,2529.65,175,ASIANPAINT,NaN,2531.7344764344834,2532.4523142504827,47.59331422324296,2554.5,18.665388793129438,,,,,
2025-09-10T12:10:00.000000,2529.65,2532.0,2529.0,2529.0,571,ASIANPAINT,NaN,2531.1875811475866,2532.1384675004388,47.19115684329249,2554.5,19.11748870340233,,,,,
2025-09-10T12:15:00.000000,2531.1,2531.1,2528.6,2531.1,288,ASIANPAINT,NaN,2531.1700649180693,2532.0440613640353,47.22307392083067,2554.5,19.653571306838217,,,,,
2025-09-10T12:20:00.000000,2531.1,2531.1,2529.15,2530.0,94,ASIANPAINT,NaN,2530.9360519344555,2531.8582376036684,47.07203031240274,2554.5,20.151362295742967,,,,,
2025-09-10T12:25:00.000000,2530.0,2536.5,2530.0,2536.5,527,ASIANPAINT,NaN,2532.0488415475643,2532.2802160033348,47.98062236459706,2554.5,19.10423956102999,,,,,
2025-09-10T12:30:00.000000,2536.5,2539.9,2536.5,2538.5,227,ASIANPAINT,NaN,2533.3390732380512,2532.8456509121224,49.06177967814035,2554.5,19.12247373626507,,,,,
2025-09-10T12:35:00.000000,2538.5,2539.85,2537.6,2539.0,231,ASIANPAINT,NaN,2534.471258590441,2533.4051371928385,50.10426734185787,2554.5,19.139405470411933,,,,,
2025-09-10T12:40:00.000000,2539.0,2539.65,2538.1,2539.65,69,ASIANPAINT,NaN,2535.5070068723526,2533.9728519934897,51.13398219368283,2554.5,19.155127794976874,,,,,
2025-09-10T12:45:00.000000,2539.65,2539.65,2536.45,2536.7,153,ASIANPAINT,NaN,2535.745605497882,2534.2207745395363,51.48592356223368,2554.5,18.473383329410726,,,,,
2025-09-10T12:50:00.000000,2536.7,2539.0,2536.7,2539.0,130,ASIANPAINT,NaN,2536.396484398306,2534.6552495813967,52.137337416336436,2554.5,17.840334897099304,,,,,
2025-09-10T12:55:00.000000,2539.0,2539.4,2537.8,2539.15,123,ASIANPAINT,NaN,2536.9471875186446,2535.0638632558152,52.74817221681775,2554.5,17.397437738173146,,,,,
2025-09-10T13:00:00.000000,2539.15,2539.4,2536.7,2536.75,100,ASIANPAINT,NaN,2536.9077500149156,2535.2171484143773,52.82558180642208,2554.5,16.489086018843274,,,,,
2025-09-10T13:05:00.000000,2536.75,2538.25,2536.2,2536.2,340,ASIANPAINT,NaN,2536.7662000119326,2535.3064985585247,52.79053615587489,2554.5,15.42421031276796,,,,,
2025-09-10T13:10:00.000000,2536.2,2537.05,2535.0,2535.0,86,ASIANPAINT,NaN,2536.412960009546,2535.278635053204,52.528171084708525,2554.5,14.725392251699422,,,,,
2025-09-10T13:15:00.000000,2535.0,2535.6,2533.9,2534.0,92,ASIANPAINT,NaN,2535.930368007637,2535.162395502913,52.101205396230164,2554.5,14.518483566592165,,,,,
2025-09-10T13:20:00.000000,2534.0,2536.0,2534.0,2534.4,176,ASIANPAINT,NaN,2535.6242944061096,2535.09308682083,51.79827547110555,2554.5,14.126356568545585,,,,,
2025-09-10T13:25:00.000000,2534.4,2536.35,2534.4,2534.9,233,ASIANPAINT,NaN,2535.479435524888,2535.075533473482,51.63208976917635,2554.5,13.58273325236488,,,,,
2025-09-10T13:30:00.000000,2534.9,2536.3,2532.2,2532.9,52,ASIANPAINT,NaN,2534.9635484199102,2534.8777577031656,51.066013378379665,2554.5,13.979192527021237,,,,,
2025-09-10T13:35:00.000000,2532.9,2536.25,2532.9,2534.35,81,ASIANPAINT,NaN,2534.840838735928,2534.8297797301507,50.8835911831065,2554.5,14.347333282059283,,,,,
2025-09-10T13:40:00.000000,2534.35,2536.15,2534.1,2536.05,49,ASIANPAINT,NaN,2535.0826709887424,2534.9407088455914,51.079297466807475,2554.5,14.689178268880328,,,,,
2025-09-10T13:45:00.000000,2536.05,2536.1,2533.6,2533.8,155,ASIANPAINT,NaN,2534.826136790994,2534.8370080414466,50.7724253014488,2554.5,15.2197390471646,,,,,
2025-09-10T13:50:00.000000,2535.5,2535.5,2532.35,2532.55,480,ASIANPAINT,NaN,2534.370909432795,2534.629098219497,50.2472490447427,2554.5,16.215109884373987,,,,,
2025-09-10T13:55:00.000000,2534.15,2535.0,2532.15,2532.15,135,ASIANPAINT,NaN,2533.926727546236,2534.4037256540882,49.69290166480738,2554.5,17.216967636079133,,,,,
2025-09-10T14:00:00.000000,2532.15,2536.05,2532.15,2535.8,40,ASIANPAINT,NaN,2534.301382036989,2534.530659685535,50.00075670536522,2554.5,17.405175107462753,,,,,
2025-09-10T14:05:00.000000,2535.8,2538.75,2535.1,2536.7,102,ASIANPAINT,NaN,2534.781105629591,2534.7278724413954,50.45425019522636,2554.5,16.29288775221197,,,,,
2025-09-10T14:10:00.000000,2536.7,2538.3,2535.1,2535.1,113,ASIANPAINT,NaN,2534.844884503673,2534.7617022194504,50.50197770644034,2554.5,15.260049493764814,,,,,
2025-09-10T14:15:00.000000,2535.1,2537.35,2535.1,2536.05,38,ASIANPAINT,NaN,2535.0859076029383,2534.8788201995003,50.74395563933184,2554.5,14.300985396635312,,,,,
2025-09-10T14:20:00.000000,2535.5,2536.6,2534.45,2534.7,144,ASIANPAINT,NaN,2535.0087260823507,2534.8625638177277,50.65397719074229,2554.5,13.523842595159213,,,,,
2025-09-10T14:25:00.000000,2534.7,2536.0,2534.4,2534.4,43,ASIANPAINT,NaN,2534.8869808658806,2534.8205125615705,50.504162453235125,2554.5,12.831569995401038,,,,,
2025-09-10T14:30:00.000000,2534.4,2535.9,2534.0,2534.05,187,ASIANPAINT,NaN,2534.7195846927043,2534.750465965064,50.28541747611831,2554.5,12.43170788292892,,,,,
2025-09-10T14:35:00.000000,2534.05,2536.8,2534.05,2535.85,172,ASIANPAINT,NaN,2534.9456677541634,2534.8504236046037,50.53012249448765,2554.5,11.631687127522673,,,,,
2025-09-10T14:40:00.000000,2535.85,2537.4,2535.2,2535.2,173,ASIANPAINT,NaN,2534.9965342033306,2534.8822032769126,50.58178646720169,2554.5,11.267196964968301,,,,,
2025-09-10T14:45:00.000000,2535.2,2539.0,2535.2,2538.9,63,ASIANPAINT,NaN,2535.7772273626647,2535.247457524466,51.42673232447511,2554.5,11.819852244244828,,,,,
2025-09-10T14:50:00.000000,2538.9,2538.95,2537.4,2537.4,23,ASIANPAINT,NaN,2536.101781890132,2535.44314320406,51.79721122751628,2554.5,12.333032146430174,,,,,
2025-09-10T14:55:00.000000,2537.4,2538.6,2535.95,2536.1,86,ASIANPAINT,NaN,2536.1014255121054,2535.5028574582366,51.81112954948832,2554.5,11.763820033345684,,,,,
2025-09-10T15:00:00.000000,2537.85,2540.0,2537.5,2540.0,555,ASIANPAINT,NaN,2536.881140409684,2535.9116885983967,52.57704225138871,2554.5,12.009990875985638,,,,,
2025-09-10T15:05:00.000000,2540.0,2542.8,2540.0,2540.8,170,ASIANPAINT,NaN,2537.6649123277475,2536.356080543997,53.404156403241956,2554.5,13.427546225320024,,,,,
2025-09-10T15:10:00.000000,2540.8,2543.4,2540.6,2541.0,664,ASIANPAINT,NaN,2538.331929862198,2536.7782550399975,54.187020669114,2554.5,14.954803310699301,,,,,
2025-09-10T15:15:00.000000,2541.0,2543.0,2540.6,2543.0,216,ASIANPAINT,NaN,2539.2655438897586,2537.3438682181795,55.229915189252694,2554.5,16.37297060426577,,,,,
2025-09-10T15:20:00.000000,2543.0,2545.95,2542.45,2544.55,582,ASIANPAINT,NaN,2540.322435111807,2537.998971107436,56.40916709098295,2554.5,18.61257365574327,,,,,
2025-09-10T15:25:00.000000,2544.55,2547.5,2540.0,2542.0,600,ASIANPAINT,NaN,2540.6579480894457,2538.36270100676,56.75676732515689,2554.5,19.10359712654221,,,,,
2025-09-11T09:15:00.000000,2526.45,2546.45,2526.45,2539.1,1051,ASIANPAINT,NaN,2540.3463584715564,2538.4297281879635,56.38286305081474,2549.7,20.156122161371048,,,,,
2025-09-11T09:20:00.000000,2539.1,2549.7,2539.0,2545.0,409,ASIANPAINT,NaN,2541.277086777245,2539.027025625421,56.98195871352105,2549.7,20.093089576349477,,,,,
2025-09-11T09:25:00.000000,2543.7,2546.7,2542.5,2542.5,284,ASIANPAINT,NaN,2541.521669421796,2539.3427505685645,57.005058655120024,2549.7,20.034559318829444,,,,,
2025-09-11T09:30:00.000000,2542.5,2544.05,2537.9,2537.9,194,ASIANPAINT,NaN,2540.797335537437,2539.2115914259675,56.22504083173962,2549.7,20.8541586188981,,,,,
2025-09-11T09:35:00.000000,2537.9,2545.65,2537.9,2542.95,53,ASIANPAINT,NaN,2541.2278684299495,2539.5514467508797,56.240906183718934,2549.7,21.110564269624025,,,,,
2025-09-11T09:40:00.000000,2542.8,2544.8,2542.8,2544.75,7,ASIANPAINT,NaN,2541.9322947439596,2540.0240425007996,56.47855844483412,2549.7,21.34865523101238,,,,,
2025-09-11T09:45:00.000000,2544.75,2544.95,2542.8,2544.95,349,ASIANPAINT,NaN,2542.5358357951677,2540.4718568189087,56.7186983632281,2549.7,21.518119421961057,,,,,
2025-09-11T09:50:00.000000,2544.95,2547.5,2543.15,2547.5,42,ASIANPAINT,NaN,2543.528668636134,2541.1107789262805,57.251041691054894,2549.7,20.826211882683996,,,,,
2025-09-11T09:55:00.000000,2547.5,2547.5,2544.95,2544.95,4,ASIANPAINT,NaN,2543.812934908907,2541.4597990238913,57.25825667432824,2549.7,20.183726310498155,,,,,
2025-09-11T10:00:00.000000,2544.95,2547.75,2543.05,2543.05,148,ASIANPAINT,NaN,2543.6603479271257,2541.604362748992,56.93564709279015,2549.7,20.07002533165934,,,,,
2025-09-11T10:05:00.000000,2543.05,2544.55,2540.8,2540.8,102,ASIANPAINT,NaN,2543.0882783417005,2541.5312388627203,56.27747727078578,2549.7,20.48241051118078,,,,,
2025-09-11T10:10:00.000000,2540.8,2542.8,2540.7,2542.5,335,ASIANPAINT,NaN,2542.9706226733606,2541.6193080570183,55.94329512201014,2549.7,20.88782687904554,,,,,
2025-09-11T10:15:00.000000,2542.5,2544.95,2542.5,2544.95,42,ASIANPAINT,NaN,2543.3664981386883,2541.922098233653,55.99413369082335,2549.7,20.457781492836546,,,,,
2025-09-11T10:20:00.000000,2544.95,2545.95,2543.65,2545.95,155,ASIANPAINT,NaN,2543.8831985109505,2542.2882711215025,56.17841776547823,2549.7,19.70641740279379,,,,,
2025-09-11T10:25:00.000000,2545.95,2549.35,2544.65,2548.9,726,ASIANPAINT,NaN,2544.8865588087606,2542.8893373831843,56.72912509728158,2549.7,18.655097866503088,,,,,
2025-09-11T10:30:00.000000,2548.9,2551.2,2548.9,2550.2,107,ASIANPAINT,NaN,2545.9492470470086,2543.553943075622,57.38497884029545,2549.7,18.179014228560803,,,,,
2025-09-11T10:35:00.000000,2550.2,2552.3,2549.65,2552.15,31,ASIANPAINT,NaN,2547.189397637607,2544.33540279602,58.205884442422914,2549.7,18.02022374902193,,,,,
2025-09-11T10:40:00.000000,2552.15,2552.15,2548.35,2548.35,96,ASIANPAINT,NaN,2547.4215181100853,2544.7003661782,58.187339391208226,2549.7,17.423510197818917,,,,,
2025-09-11T10:45:00.000000,2548.35,2551.3,2548.35,2551.3,36,ASIANPAINT,NaN,2548.1972144880683,2545.300332889273,58.53821298269672,2549.7,16.869419043130403,,,,,
2025-09-11T10:50:00.000000,2551.3,2553.3,2550.8,2550.8,397,ASIANPAINT,NaN,2548.7177715904545,2545.8003026266115,58.75841783799146,2549.7,16.92427726378671,,,,,
2025-09-11T10:55:00.000000,2550.8,2553.05,2550.8,2552.65,9,ASIANPAINT,NaN,2549.504217272364,2546.4230023878285,59.187721889636954,2549.7,16.975217040110426,,,,,
2025-09-11T11:00:00.000000,2552.65,2553.35,2550.25,2551.25,77,ASIANPAINT,NaN,2549.853373817891,2546.8618203525716,59.28764501668995,2549.7,16.79251208572834,,,,,
2025-09-11T11:05:00.000000,2551.25,2553.0,2551.25,2551.5,13,ASIANPAINT,NaN,2550.182699054313,2547.2834730477925,59.412602848793995,2549.7,16.62285748523069,,,,,
2025-09-11T11:10:00.000000,2551.5,2552.1,2550.3,2550.9,148,ASIANPAINT,NaN,2550.3261592434505,2547.612248225266,59.39269808809086,2549.7,16.04047474143742,,,,,
2025-09-11T11:15:00.000000,2550.9,2552.85,2550.3,2552.6,82,ASIANPAINT,NaN,2550.7809273947605,2548.065680204787,59.629875092582225,2549.7,15.776414133701275,,,,,
2025-09-11T11:20:00.000000,2552.6,2552.6,2547.05,2549.4,52,ASIANPAINT,NaN,2550.5047419158086,2548.1869820043516,59.1519811676657,2549.7,15.09142478275606,,,,,
2025-09-11T11:25:00.000000,2549.4,2549.65,2548.0,2548.0,47,ASIANPAINT,NaN,2550.003793532647,2548.1699836403195,58.44677379002831,2549.7,14.455363242592645,,,,,
2025-09-11T11:30:00.000000,2548.0,2549.4,2546.3,2547.15,120,ASIANPAINT,NaN,2549.4330348261174,2548.077257854836,57.645304444026465,2549.7,14.47425255510387,,,,,
2025-09-11T11:35:00.000000,2547.15,2549.35,2545.4,2547.8,14,ASIANPAINT,NaN,2549.1064278608937,2548.052052595305,57.0466698800717,2549.7,14.79211668404737,,,,,
2025-09-11T11:40:00.000000,2547.8,2548.75,2545.25,2546.8,18,ASIANPAINT,NaN,2548.645142288715,2547.9382296320955,56.29870826452586,2549.7,15.138073411608458,,,,,
2025-09-11T11:45:00.000000,2546.8,2547.85,2545.0,2547.55,11,ASIANPAINT,NaN,2548.426113830972,2547.902936029178,55.781414485598646,2549.7,15.548292835480355,,,,,
2025-09-11T11:50:00.000000,2547.55,2547.55,2545.55,2547.4,66,ASIANPAINT,NaN,2548.220891064778,2547.85721457198,55.27924886294401,2549.7,15.92921087193283,,,,,
2025-09-11T11:55:00.000000,2547.4,2550.0,2546.0,2550.0,118,ASIANPAINT,NaN,2548.5767128518223,2548.0520132472543,55.37283971313027,2549.7,14.989666518148104,,,,,
2025-09-11T12:00:00.000000,2550.0,2552.0,2550.0,2551.45,17,ASIANPAINT,NaN,2549.1513702814577,2548.3609211338676,55.729364984529916,2549.7,14.574885608583765,,,,,
2025-09-11T12:05:00.000000,2551.45,2555.0,2551.4,2552.0,431,ASIANPAINT,NaN,2549.721096225166,2548.691746485334,56.15303973311799,2549.7,15.216083807926095,,,,,
2025-09-11T12:10:00.000000,2552.0,2552.35,2550.0,2550.05,78,ASIANPAINT,NaN,2549.786876980133,2548.8152240775767,56.01940166411973,2549.7,15.1614432149444,,,,,
2025-09-11T12:15:00.000000,2550.05,2554.8,2550.05,2553.15,148,ASIANPAINT,NaN,2550.4595015841064,2549.2092946159787,56.474975191820484,2549.7,15.855564490418072,,,,,
2025-09-11T12:20:00.000000,2553.15,2555.0,2553.1,2554.0,237,ASIANPAINT,NaN,2551.167601267285,2549.6448132872533,57.02901369240399,2549.7,16.556996163031922,,,,,
2025-09-11T12:25:00.000000,2554.0,2554.0,2551.5,2553.6,35,ASIANPAINT,NaN,2551.654081013828,2550.004375715685,57.41819803619734,2549.7,16.45697440592033,,,,,
2025-09-11T12:30:00.000000,2553.6,2556.0,2551.6,2556.0,288,ASIANPAINT,NaN,2552.5232648110623,2550.5494324688048,58.17323354756213,2549.7,16.97777036961106,,,,,
2025-09-11T12:35:00.000000,2556.0,2557.55,2554.85,2555.45,197,ASIANPAINT,NaN,2553.1086118488497,2550.9949386080043,58.6936240644865,2549.7,17.88581121843919,,,,,
2025-09-11T12:40:00.000000,2555.45,2559.5,2555.45,2558.05,47,ASIANPAINT,NaN,2554.09688947908,2551.6363078254585,59.57130952771099,2549.7,19.208595598193018,,,,,
2025-09-11T12:45:00.000000,2558.05,2558.05,2554.35,2554.35,35,ASIANPAINT,NaN,2554.147511583264,2551.8830071140533,59.37860876264291,2549.7,19.902640967328125,,,,,
2025-09-11T12:50:00.000000,2554.35,2555.0,2554.1,2555.0,10,ASIANPAINT,NaN,2554.318009266611,2552.1663701036846,59.317692222182906,2549.7,20.425156951868424,,,,,
2025-09-11T12:55:00.000000,2555.0,2556.4,2554.45,2556.25,78,ASIANPAINT,NaN,2554.704407413289,2552.5376091851676,59.47836606366229,2549.7,21.294843290880326,,,,,
2025-09-11T13:00:00.000000,2556.25,2557.2,2554.1,2554.75,16,ASIANPAINT,NaN,2554.7135259306315,2552.7387356228796,59.23875296721231,2549.7,22.31198230711291,,,,,
2025-09-11T13:05:00.000000,2554.75,2555.3,2553.0,2553.0,11,ASIANPAINT,NaN,2554.370820744505,2552.7624869298907,58.60502388800221,2549.7,22.67021009445087,,,,,
2025-09-11T13:10:00.000000,2553.0,2553.7,2550.0,2550.0,236,ASIANPAINT,NaN,2553.4966565956042,2552.511351754446,57.4093711250473,2549.7,21.6295078906147,,,,,
2025-09-11T13:15:00.000000,2550.0,2551.0,2549.75,2551.0,55,ASIANPAINT,NaN,2552.9973252764835,2552.3739561404054,56.54698369929191,2549.7,20.55990286176659,,,,,
2025-09-11T13:20:00.000000,2551.0,2551.0,2549.4,2551.0,35,ASIANPAINT,NaN,2552.5978602211867,2552.249051036732,55.766728409322745,2549.7,19.416161704804264,,,,,
2025-09-11T13:25:00.000000,2551.0,2551.15,2549.4,2549.65,12,ASIANPAINT,NaN,2552.0082881769495,2552.0127736697564,54.77219992842643,2549.7,18.41573506329951,,,,,
2025-09-11T13:30:00.000000,2549.65,2551.65,2549.45,2551.65,52,ASIANPAINT,NaN,2551.9366305415597,2551.9797942452333,54.34567918844154,2549.7,17.69907593111469,,,,,
2025-09-11T13:35:00.000000,2551.65,2551.65,2550.8,2551.15,53,ASIANPAINT,NaN,2551.779304433248,2551.9043584047577,53.84536743708673,2549.7,17.033606736943074,,,,,
2025-09-11T13:40:00.000000,2551.15,2551.95,2551.15,2551.8,197,ASIANPAINT,NaN,2551.7834435465984,2551.8948712770525,53.5495899565931,2549.7,16.555703275515246,,,,,
2025-09-11T13:45:00.000000,2551.8,2554.25,2551.8,2552.45,143,ASIANPAINT,NaN,2551.916754837279,2551.945337524593,53.43996302217911,2549.7,17.073480848419493,,,,,
2025-09-11T13:50:00.000000,2552.45,2554.4,2551.8,2552.0,119,ASIANPAINT,NaN,2551.933403869823,2551.9503068405393,53.2185567035556,2549.7,17.611068818118202,,,,,
2025-09-11T13:55:00.000000,2552.0,2552.0,2550.0,2551.0,871,ASIANPAINT,NaN,2551.746723095858,2551.863915309581,52.74870552705924,2549.7,17.052662129338604,,,,,
2025-09-11T14:00:00.000000,2551.0,2551.0,2550.0,2550.6,188,ASIANPAINT,NaN,2551.5173784766866,2551.7490139178008,52.21647962846321,2549.7,16.53414163261469,,,,,
2025-09-11T14:05:00.000000,2550.6,2553.0,2550.6,2553.0,121,ASIANPAINT,NaN,2551.8139027813495,2551.862739925273,52.39331074057905,2549.7,16.908296103609555,,,,,
2025-09-11T14:10:00.000000,2553.0,2554.0,2552.6,2552.65,8,ASIANPAINT,NaN,2551.9811222250796,2551.934309022976,52.44961960710773,2549.7,17.628608347764303,,,,,
2025-09-11T14:15:00.000000,2552.65,2554.9,2552.6,2552.6,70,ASIANPAINT,NaN,2552.1048977800638,2551.9948263845235,52.48498417396912,2549.7,18.614270970499405,,,,,
2025-09-11T14:20:00.000000,2552.6,2554.1,2552.55,2552.6,10,ASIANPAINT,NaN,2552.203918224051,2552.0498421677485,52.51698068684371,2549.7,19.4955318169984,,,,,
2025-09-11T14:25:00.000000,2552.6,2554.8,2552.6,2552.9,12,ASIANPAINT,NaN,2552.343134579241,2552.1271292434076,52.640444419202545,2549.7,20.569193911378857,,,,,
2025-09-11T14:30:00.000000,2552.9,2553.0,2551.25,2553.0,73,ASIANPAINT,NaN,2552.4745076633926,2552.2064811303703,52.78511538778815,2549.7,20.633222396354096,,,,,
2025-09-11T14:35:00.000000,2553.0,2556.55,2553.0,2554.95,35,ASIANPAINT,NaN,2552.969606130714,2552.4558919367005,53.509668171871205,2549.7,21.902418906390285,,,,,
2025-09-11T14:40:00.000000,2554.95,2556.55,2553.1,2554.95,35,ASIANPAINT,NaN,2553.365684904571,2552.6826290333643,54.165215928898725,2549.7,23.08095852285246,,,,,
2025-09-11T14:45:00.000000,2554.95,2556.9,2553.0,2555.65,161,ASIANPAINT,NaN,2553.8225479236567,2552.952390030331,54.960436157115616,2549.7,24.28120047020476,,,,,
2025-09-11T14:50:00.000000,2555.65,2555.85,2553.6,2555.5,156,ASIANPAINT,NaN,2554.1580383389255,2553.1839909366645,55.6072049595354,2549.7,25.39571084988904,,,,,
2025-09-11T14:55:00.000000,2555.5,2558.85,2553.9,2558.85,67,ASIANPAINT,NaN,2555.0964306711403,2553.699082669695,57.01946066361626,2549.7,27.259549682418832,,,,,
2025-09-11T15:00:00.000000,2558.85,2558.85,2554.25,2554.25,157,ASIANPAINT,NaN,2554.9271445369122,2553.749166063359,56.61105020397593,2549.7,28.990257169767926,,,,,
2025-09-11T15:05:00.000000,2554.25,2556.3,2554.0,2554.0,35,ASIANPAINT,NaN,2554.7417156295296,2553.771969148508,56.16872486495559,2549.7,30.3991553107235,,,,,
2025-09-11T15:10:00.000000,2554.0,2556.0,2553.95,2554.0,402,ASIANPAINT,NaN,2554.593372503624,2553.7926992259163,55.7685257486991,2549.7,31.66567784723338,,,,,
2025-09-11T15:15:00.000000,2556.0,2557.85,2555.0,2557.85,25,ASIANPAINT,NaN,2555.244698002899,2554.161544750833,56.34736864475312,2549.7,33.34329647079883,,,,,
2025-09-11T15:20:00.000000,2557.85,2557.85,2554.15,2555.85,397,ASIANPAINT,NaN,2555.365758402319,2554.3150406825753,56.26325671823842,2549.7,34.20534910229077,,,,,
2025-09-11T15:25:00.000000,2555.85,2559.0,2554.9,2559.0,202,ASIANPAINT,NaN,2556.092606721855,2554.740946075068,56.818970748425144,2549.7,35.332591136906395,,,,,
2025-09-12T09:15:00.000000,2558.4,2567.6,2558.35,2560.95,808,ASIANPAINT,NaN,2557.064085377484,2555.3054055227894,57.64784391789606,2568.25,37.81882640450276,,,,,
2025-09-12T09:20:00.000000,2560.95,2568.25,2560.0,2560.0,348,ASIANPAINT,NaN,2557.6512683019873,2555.7321868388995,58.11540464180838,2568.25,40.195207173282824,,,,,
2025-09-12T09:25:00.000000,2560.0,2561.75,2560.0,2561.0,699,ASIANPAINT,NaN,2558.32101464159,2556.211078944454,58.71243117441893,2568.25,42.40184645857861,,,,,
2025-09-12T09:30:00.000000,2561.0,2561.0,2557.2,2561.0,150,ASIANPAINT,NaN,2558.856811713272,2556.646435404049,59.25259803725705,2568.25,42.77749418011292,,,,,
2025-09-12T09:35:00.000000,2561.0,2561.1,2558.0,2559.75,153,ASIANPAINT,NaN,2559.0354493706172,2556.9285776400448,59.33623547992686,2568.25,43.1458958756232,,,,,
2025-09-12T09:40:00.000000,2559.75,2559.75,2555.75,2555.75,58,ASIANPAINT,NaN,2558.378359496494,2556.8214342182223,58.349919404306064,2568.25,42.297688290007684,,,,,
2025-09-12T09:45:00.000000,2555.75,2557.75,2553.1,2553.1,174,ASIANPAINT,NaN,2557.322687597195,2556.4831220165656,56.91247462434433,2568.25,40.33786900930378,,,,,
2025-09-12T09:50:00.000000,2553.1,2554.65,2551.8,2552.35,147,ASIANPAINT,NaN,2556.328150077756,2556.1073836514233,55.47025695412902,2568.25,38.0097506322054,,,,,
2025-09-12T09:55:00.000000,2552.35,2554.3,2552.25,2552.25,100,ASIANPAINT,NaN,2555.512520062205,2555.756712410385,54.14584673175126,2568.25,35.847926424899775,,,,,
2025-09-12T10:00:00.000000,2552.25,2555.3,2551.45,2555.3,167,ASIANPAINT,NaN,2555.470016049764,2555.71519310035,53.72096528618085,2568.25,34.18565763798651,,,,,
2025-09-12T10:05:00.000000,2555.3,2557.1,2554.65,2556.3,71,ASIANPAINT,NaN,2555.6360128398114,2555.7683573639547,53.56068008740947,2568.25,33.217684719720026,,,,,
2025-09-12T10:10:00.000000,2556.3,2558.0,2555.15,2558.0,47,ASIANPAINT,NaN,2556.108810271849,2555.9712339672315,53.77594916949301,2568.25,32.586902370454425,,,,,
2025-09-12T10:15:00.000000,2558.0,2564.05,2558.0,2563.5,421,ASIANPAINT,NaN,2557.587048217479,2556.655667242938,54.877743869869754,2568.25,33.37847102378449,,,,,
2025-09-12T10:20:00.000000,2563.5,2564.05,2561.65,2561.65,98,ASIANPAINT,NaN,2558.3996385739833,2557.10969749358,55.423835896135515,2568.25,34.11349905901956,,,,,
2025-09-12T10:25:00.000000,2561.65,2562.6,2555.85,2556.55,327,ASIANPAINT,NaN,2558.0297108591867,2557.0588159032545,54.89628952292277,2568.25,32.52914986317454,,,,,
2025-09-12T10:30:00.000000,2556.55,2558.9,2556.2,2557.75,324,ASIANPAINT,NaN,2557.9737686873495,2557.1216508211405,54.62384308058721,2568.25,31.057968467032737,,,,,
2025-09-12T10:35:00.000000,2557.75,2557.75,2555.4,2557.15,114,ASIANPAINT,NaN,2557.80901494988,2557.1242280192187,54.26539681180583,2568.25,29.418991649334696,,,,,
2025-09-12T10:40:00.000000,2557.15,2557.2,2555.65,2555.65,267,ASIANPAINT,NaN,2557.377211959904,2556.9902072901987,53.66338939715,2568.25,27.897084604329375,,,,,
2025-09-12T10:45:00.000000,2555.65,2559.0,2555.65,2555.75,147,ASIANPAINT,NaN,2557.051769567923,2556.8774611729077,53.13903837974941,2568.25,27.0206342474571,,,,,
2025-09-12T10:50:00.000000,2555.75,2558.55,2555.55,2556.6,84,ASIANPAINT,NaN,2556.9614156543385,2556.852237429916,52.84319042295734,2568.25,26.166574646732972,,,,,
2025-09-12T10:55:00.000000,2556.6,2558.35,2555.0,2555.65,19,ASIANPAINT,NaN,2556.699132523471,2556.7429431181054,52.37674906858272,2568.25,25.143139211202186,,,,,
2025-09-12T11:00:00.000000,2555.65,2555.65,2553.05,2555.55,161,ASIANPAINT,NaN,2556.4693060187765,2556.634493743732,51.93323969426705,2568.25,23.420488377558232,,,,,
2025-09-12T11:05:00.000000,2555.55,2555.55,2553.05,2553.05,61,ASIANPAINT,NaN,2555.785444815021,2556.30863067612,51.02085367096411,2568.25,21.820884032031703,,,,,
2025-09-12T11:10:00.000000,2553.05,2557.95,2553.05,2557.95,54,ASIANPAINT,NaN,2556.218355852017,2556.4578460692,51.24861172629053,2568.25,21.192830827563036,,,,,
2025-09-12T11:15:00.000000,2557.95,2558.7,2557.9,2558.7,126,ASIANPAINT,NaN,2556.7146846816136,2556.661678244727,51.590684036067884,2568.25,20.853223514429406,,,,,
2025-09-12T11:20:00.000000,2558.7,2559.1,2556.75,2556.75,30,ASIANPAINT,NaN,2556.721747745291,2556.6697074952067,51.48733742389749,2568.25,20.03211628394136,,,,,
2025-09-12T11:25:00.000000,2556.75,2559.15,2555.5,2555.6,20,ASIANPAINT,NaN,2556.4973981962326,2556.572461359279,51.16390302883339,2568.25,18.75058540944486,,,,,
2025-09-12T11:30:00.000000,2555.6,2557.6,2553.65,2553.65,45,ASIANPAINT,NaN,2555.9279185569862,2556.30678305389,50.503567136301385,2568.25,17.960302050683072,,,,,
2025-09-12T11:35:00.000000,2553.65,2555.5,2553.65,2555.5,25,ASIANPAINT,NaN,2555.842334845589,2556.2334391399,50.30875892329292,2568.25,17.226467503261414,,,,,
2025-09-12T11:40:00.000000,2555.5,2555.65,2553.2,2553.25,91,ASIANPAINT,NaN,2555.323867876471,2555.962217399909,49.71566585607896,2568.25,16.718510739859816,,,,,
2025-09-12T11:45:00.000000,2553.25,2555.0,2553.25,2554.95,12,ASIANPAINT,NaN,2555.2490943011767,2555.870197636281,49.543652664222364,2568.25,16.246836602415478,,,,,
2025-09-12T11:50:00.000000,2554.95,2555.6,2554.0,2555.6,68,ASIANPAINT,NaN,2555.3192754409415,2555.8456342148006,49.524036873727766,2568.25,15.501402961519181,,,,,
2025-09-12T11:55:00.000000,2555.6,2555.6,2554.0,2554.5,8,ASIANPAINT,NaN,2555.155420352753,2555.7233038316367,49.282676634168496,2568.25,14.809214580686907,,,,,
2025-09-12T12:00:00.000000,2554.5,2555.4,2554.5,2555.4,8,ASIANPAINT,NaN,2555.2043362822023,2555.693912574215,49.267479195400384,2568.25,14.166468227056939,,,,,
2025-09-12T12:05:00.000000,2555.4,2555.95,2555.0,2555.0,3,ASIANPAINT,NaN,2555.163469025762,2555.6308296129228,49.165316381308216,2568.25,13.245882027745026,,,,,
2025-09-12T12:10:00.000000,2555.0,2555.35,2553.9,2553.95,67,ASIANPAINT,NaN,2554.9207752206094,2555.478026920839,48.84010639545857,2568.25,12.986688010647105,,,,,
2025-09-12T12:15:00.000000,2553.95,2557.05,2553.95,2557.05,28,ASIANPAINT,NaN,2555.3466201764877,2555.6209335643994,49.26327995000862,2568.25,12.337200156786077,,,,,
2025-09-12T12:20:00.000000,2557.05,2557.05,2554.3,2554.3,22,ASIANPAINT,NaN,2555.1372961411903,2555.5008486949087,49.05182610977089,2568.25,11.73410429248655,,,,,
2025-09-12T12:25:00.000000,2554.3,2554.5,2546.4,2549.35,52,ASIANPAINT,NaN,2553.979836912952,2554.941680631735,48.031557574518565,2568.25,13.579856751720504,,,,,
2025-09-12T12:30:00.000000,2549.35,2549.35,2546.0,2547.0,61,ASIANPAINT,NaN,2552.583869530362,2554.2197096652135,46.7929066607308,2568.25,15.388748899586764,,,,,
2025-09-12T12:35:00.000000,2547.0,2547.0,2539.1,2540.1,245,ASIANPAINT,NaN,2550.0870956242893,2552.9360996956484,44.95630539276675,2568.25,18.305687094081264,,,,,
2025-09-12T12:40:00.000000,2540.1,2543.55,2539.85,2541.4,63,ASIANPAINT,NaN,2548.3496764994316,2551.8873633596804,43.58270953035537,2568.25,21.01427256039759,,,,,
2025-09-12T12:45:00.000000,2541.4,2542.75,2539.0,2539.0,108,ASIANPAINT,NaN,2546.479741199545,2550.715784872437,42.11716096176534,2568.25,23.651107156401135,,,,,
2025-09-12T12:50:00.000000,2539.0,2540.15,2538.4,2539.5,43,ASIANPAINT,NaN,2545.083792959636,2549.696168065852,40.906741782016134,2568.25,26.185967287096172,,,,,
2025-09-12T12:55:00.000000,2539.5,2540.25,2539.1,2539.1,45,ASIANPAINT,NaN,2543.8870343677086,2548.7328800598652,39.7714137303582,2568.25,28.481425492796152,,,,,
2025-09-12T13:00:00.000000,2539.1,2539.2,2538.6,2539.2,36,ASIANPAINT,NaN,2542.9496274941666,2547.8662545998773,38.77023878535515,2568.25,30.692981602534196,,,,,
2025-09-12T13:05:00.000000,2539.2,2539.8,2537.8,2537.9,24,ASIANPAINT,NaN,2541.9397019953335,2546.960231454434,37.72196068338344,2568.25,32.87486285716653,,,,,
2025-09-12T13:10:00.000000,2537.9,2540.05,2537.9,2540.05,291,ASIANPAINT,NaN,2541.561761596267,2546.33202859494,37.34764076060195,2568.25,34.73176509316828,,,,,
2025-09-12T13:15:00.000000,2540.05,2541.05,2538.45,2541.05,119,ASIANPAINT,NaN,2541.4594092770135,2545.851844177218,37.261970781019734,2568.25,35.78087855247838,,,,,
2025-09-12T13:20:00.000000,2541.05,2542.6,2540.4,2541.8,73,ASIANPAINT,NaN,2541.527527421611,2545.483494706562,37.374450192055505,2568.25,35.79087442499616,,,,,
2025-09-12T13:25:00.000000,2541.8,2544.5,2541.8,2544.5,60,ASIANPAINT,NaN,2542.122021937289,2545.3940860968746,38.112268529282574,2568.25,34.765695183558755,,,,,
2025-09-12T13:30:00.000000,2544.5,2545.15,2542.75,2545.15,16,ASIANPAINT,NaN,2542.7276175498314,2545.3718964517043,38.92280780489001,2568.25,33.48609602850844,,,,,
2025-09-12T13:35:00.000000,2545.15,2545.15,2541.8,2541.8,171,ASIANPAINT,NaN,2542.5420940398653,2545.0471785924583,39.07079348933064,2568.25,32.63118427826773,,,,,
2025-09-12T13:40:00.000000,2541.8,2546.65,2541.0,2544.05,149,ASIANPAINT,NaN,2542.843675231892,2544.9565259931437,39.69817555287423,2568.25,31.08124841696499,,,,,
2025-09-12T13:45:00.000000,2544.05,2548.15,2544.05,2547.5,34,ASIANPAINT,NaN,2543.7749401855135,2545.1877509028577,40.91625910181407,2568.25,28.96245112153204,,,,,
2025-09-12T13:50:00.000000,2547.5,2552.35,2547.5,2552.35,101,ASIANPAINT,NaN,2545.489952148411,2545.8388644571432,42.74167970669706,2568.25,28.280896329645525,,,,,
2025-09-12T13:55:00.000000,2552.35,2554.1,2551.0,2553.05,17,ASIANPAINT,NaN,2547.0019617187286,2546.4944222337667,44.48541882753816,2568.25,28.133897905087004,,,,,
2025-09-12T14:00:00.000000,2553.05,2554.65,2553.05,2553.25,3,ASIANPAINT,NaN,2548.251569374983,2547.1085656670607,46.09055450996944,2568.25,28.143784230226565,,,,,
2025-09-12T14:05:00.000000,2553.25,2553.25,2550.7,2550.7,1,ASIANPAINT,NaN,2548.7412554999864,2547.4350596973277,47.00368758793942,2568.25,27.11457947495591,,,,,
2025-09-12T14:10:00.000000,2550.7,2553.0,2550.7,2552.65,23,ASIANPAINT,NaN,2549.523004399989,2547.909145179389,48.12800738097762,2568.25,26.15888934506173,,,,,
2025-09-12T14:15:00.000000,2552.65,2552.95,2547.8,2549.95,78,ASIANPAINT,NaN,2549.608403519991,2548.094677435808,48.611556718665334,2568.25,24.443134734898624,,,,,
2025-09-12T14:20:00.000000,2549.95,2552.35,2549.95,2551.3,29,ASIANPAINT,NaN,2549.946722815993,2548.386070396189,49.26655821717713,2568.25,22.849934025461447,,,,,
2025-09-12T14:25:00.000000,2551.3,2554.6,2551.3,2554.6,109,ASIANPAINT,NaN,2550.877378252794,2548.9509730874447,50.34180392364917,2568.25,21.87903038781491,,,,,
2025-09-12T14:30:00.000000,2554.6,2554.6,2550.95,2550.95,65,ASIANPAINT,NaN,2550.8919026022354,2549.132702806768,50.62593106336327,2568.25,20.834291484652542,,,,,
2025-09-12T14:35:00.000000,2550.95,2552.95,2550.75,2550.8,132,ASIANPAINT,NaN,2550.8735220817885,2549.28427527888,50.856298975051615,2568.25,19.778645012849825,,,,,
2025-09-12T14:40:00.000000,2550.8,2551.75,2550.0,2551.05,92,ASIANPAINT,NaN,2550.908817665431,2549.444795708073,51.10653028077186,2568.25,18.47157748652749,,,,,
2025-09-12T14:45:00.000000,2551.05,2551.05,2549.9,2549.9,7,ASIANPAINT,NaN,2550.7070541323446,2549.48617791643,51.10749038466466,2568.25,17.21324440281031,,,,,
2025-09-12T14:50:00.000000,2549.9,2551.3,2549.4,2550.95,88,ASIANPAINT,NaN,2550.7556433058758,2549.6192526513,51.30251285998536,2568.25,16.15382087597329,,,,,
2025-09-12T14:55:00.000000,2550.95,2551.25,2549.3,2549.3,14,ASIANPAINT,NaN,2550.4645146447006,2549.590229683,51.14523375443029,2568.25,15.217930230430317,,,,,
2025-09-12T15:00:00.000000,2549.3,2550.55,2547.0,2549.95,50,ASIANPAINT,NaN,2550.3616117157603,2549.6229360754546,51.133391887991436,2568.25,15.355129505002065,,,,,
2025-09-12T15:05:00.000000,2549.95,2549.95,2547.15,2549.0,154,ASIANPAINT,NaN,2550.089289372608,2549.5663055231407,50.92314498924924,2568.25,15.482528831390116,,,,,
2025-09-12T15:10:00.000000,2549.0,2549.0,2546.1,2547.35,107,ASIANPAINT,NaN,2549.5414314980867,2549.3648232028554,50.40055958370568,2568.25,16.023646147586398,,,,,
2025-09-12T15:15:00.000000,2547.35,2548.15,2544.0,2544.0,48,ASIANPAINT,NaN,2548.4331451984694,2548.877112002596,49.34392694643858,2568.25,17.25897613515531,,,,,
2025-09-12T15:20:00.000000,2544.0,2544.0,2540.15,2540.3,323,ASIANPAINT,NaN,2546.8065161587756,2548.0973745478145,47.87027082028245,2568.25,19.398715219517214,,,,,
2025-09-12T15:25:00.000000,2540.3,2545.05,2540.0,2542.6,155,ASIANPAINT,NaN,2545.9652129270203,2547.597613225286,47.07059025086283,2568.25,20.779085540750096,,,,,
2025-09-15T09:15:00.000000,2544.0,2544.0,2530.0,2532.0,593,ASIANPAINT,NaN,2543.172170341616,2546.1796483866233,45.234152264645836,2544.0,23.687732259699477,,,,,
2025-09-15T09:20:00.000000,2532.0,2532.0,2528.3,2530.4,80,ASIANPAINT,NaN,2540.617736273293,2544.7451348969303,43.45110648266563,2544.0,26.563830673331893,,,,,
2025-09-15T09:25:00.000000,2530.4,2535.95,2528.0,2534.15,492,ASIANPAINT,NaN,2539.324189018634,2543.781940815391,42.5647077612918,2544.0,27.624168014853346,,,,,
2025-09-15T09:30:00.000000,2534.15,2534.15,2526.3,2526.3,203,ASIANPAINT,NaN,2536.7193512149074,2542.192673468537,41.1458493973304,2544.0,28.85951207106964,,,,,
2025-09-15T09:35:00.000000,2526.3,2527.7,2524.75,2524.75,172,ASIANPAINT,NaN,2534.325480971926,2540.6069758804883,39.75995224922933,2544.0,30.225212994655344,,,,,
2025-09-15T09:40:00.000000,2524.75,2526.9,2523.05,2523.05,325,ASIANPAINT,NaN,2532.0703847775408,2539.0108871640805,38.39512916804696,2544.0,31.722193979474405,,,,,
2025-09-15T09:45:00.000000,2523.05,2524.4,2517.8,2518.9,180,ASIANPAINT,NaN,2529.4363078220326,2537.1826246946184,36.91025154452254,2544.0,33.70501434901023,,,,,
2025-09-15T09:50:00.000000,2518.9,2519.95,2517.0,2517.55,417,ASIANPAINT,NaN,2527.059046257626,2535.3978406314714,35.49098192392024,2544.0,35.62475165975626,,,,,
2025-09-15T09:55:00.000000,2517.55,2517.55,2513.15,2516.1,284,ASIANPAINT,NaN,2524.867237006101,2533.6434914831557,34.125538128037114,2544.0,37.754565280527196,,,,,
2025-09-15T10:00:00.000000,2516.1,2516.4,2507.85,2507.85,159,ASIANPAINT,NaN,2521.4637896048807,2531.2986286210507,32.50310092994499,2544.0,40.11376206724429,,,,,
2025-09-15T10:05:00.000000,2507.85,2513.15,2507.45,2510.4,252,ASIANPAINT,NaN,2519.251031683905,2529.3987532918645,31.50977324333703,2544.0,42.33033528577592,,,,,
2025-09-15T10:10:00.000000,2510.4,2514.8,2510.4,2514.65,279,ASIANPAINT,NaN,2518.3308253471237,2528.057957538059,31.33372018267677,2544.0,43.750045429674955,,,,,
2025-09-15T10:15:00.000000,2514.65,2515.2,2509.4,2509.4,429,ASIANPAINT,NaN,2516.5446602776988,2526.3617795800537,30.850469769487958,2544.0,45.15734582567897,,,,,
2025-09-15T10:20:00.000000,2509.4,2512.15,2507.6,2512.15,207,ASIANPAINT,NaN,2515.665728222159,2525.0697996182307,30.839967665175124,2544.0,46.62093537230438,,,,,
2025-09-15T10:25:00.000000,2512.15,2513.8,2510.6,2511.9,24,ASIANPAINT,NaN,2514.9125825777273,2523.8725451074824,30.813153061108427,2544.0,47.31764738824889,,,,,
2025-09-15T10:30:00.000000,2511.9,2511.9,2511.9,2511.9,53,ASIANPAINT,NaN,2514.3100660621817,2522.7841319158933,30.78889222885761,2544.0,47.96459426019737,,,,,
2025-09-15T10:35:00.000000,2511.9,2512.15,2510.55,2510.55,45,ASIANPAINT,NaN,2513.5580528497453,2521.6719381053576,30.6630076886802,2544.0,48.72250129969291,,,,,
2025-09-15T10:40:00.000000,2510.55,2510.55,2502.95,2503.2,834,ASIANPAINT,NaN,2511.4864422797964,2519.9926710048708,30.06322283452645,2544.0,50.11919463748315,,,,,
2025-09-15T10:45:00.000000,2503.2,2503.2,2498.6,2500.3,539,ASIANPAINT,NaN,2509.2491538238373,2518.2024281862464,29.36154569502421,2544.0,51.70195705145934,,,,,
2025-09-15T10:50:00.000000,2500.3,2502.55,2500.3,2501.4,318,ASIANPAINT,NaN,2507.6793230590697,2516.6749347147693,28.92716972353569,2544.0,53.17166500729437,,,,,
2025-09-15T10:55:00.000000,2501.4,2507.65,2500.3,2507.65,126,ASIANPAINT,NaN,2507.6734584472556,2515.8544861043356,29.557017806493956,2544.0,52.73479314126014,,,,,
2025-09-15T11:00:00.000000,2507.65,2507.65,2502.55,2504.4,1040,ASIANPAINT,NaN,2507.0187667578043,2514.8131691857598,29.87621360461002,2544.0,52.32912640851407,,,,,
2025-09-15T11:05:00.000000,2504.4,2507.15,2504.4,2507.15,117,ASIANPAINT,NaN,2507.0450134062435,2514.1165174415996,30.56894554835132,2544.0,51.95243587096415,,,,,
2025-09-15T11:10:00.000000,2507.15,2508.5,2505.85,2508.5,167,ASIANPAINT,NaN,2507.3360107249946,2513.6059249469085,31.389282666231136,2544.0,51.117698998122414,,,,,
2025-09-15T11:15:00.000000,2508.5,2508.6,2505.4,2507.55,175,ASIANPAINT,NaN,2507.3788085799956,2513.0553863153714,32.04222262686023,2544.0,50.41214685932007,,,,,
2025-09-15T11:20:00.000000,2507.55,2507.55,2504.65,2505.8,63,ASIANPAINT,NaN,2507.0630468639965,2512.395805741247,32.467951999193446,2544.0,49.876316601824485,,,,,
2025-09-15T11:25:00.000000,2505.8,2506.65,2504.7,2506.65,92,ASIANPAINT,NaN,2506.9804374911973,2511.87345976477,32.993113091824824,2544.0,49.37875993415002,,,,,
2025-09-15T11:30:00.000000,2506.65,2509.0,2505.65,2508.45,115,ASIANPAINT,NaN,2507.274349992958,2511.562236149791,33.7644552769842,2544.0,47.96088806217078,,,,,
2025-09-15T11:35:00.000000,2508.45,2508.45,2507.05,2507.8,74,ASIANPAINT,NaN,2507.379479994366,2511.220214681628,34.3874745459517,2544.0,46.64429275247578,,,,,
2025-09-15T11:40:00.000000,2507.8,2511.9,2506.55,2510.95,583,ASIANPAINT,NaN,2508.0935839954927,2511.1956497105707,35.467201106691824,2544.0,44.149501574066434,,,,,
2025-09-15T11:45:00.000000,2510.95,2512.7,2510.95,2511.6,24,ASIANPAINT,NaN,2508.794867196394,2511.2324088277915,36.54630184260114,2544.0,41.56798912536949,,,,,
2025-09-15T11:50:00.000000,2511.6,2513.9,2511.6,2513.9,7,ASIANPAINT,NaN,2509.815893757115,2511.474917116174,37.87764981895457,2544.0,38.778188274075134,,,,,
2025-09-15T11:55:00.000000,2513.9,2517.15,2513.15,2514.25,593,ASIANPAINT,NaN,2510.702715005692,2511.72719737834,39.1356923908173,2544.0,36.77548764504579,,,,,
2025-09-15T12:00:00.000000,2514.25,2516.9,2510.85,2510.85,93,ASIANPAINT,NaN,2510.7321720045534,2511.647452162127,39.75743668838999,2544.0,34.20644812704603,,,,,
2025-09-15T12:05:00.000000,2510.85,2514.1,2510.85,2511.4,105,ASIANPAINT,NaN,2510.8657376036426,2511.6249565110247,40.413927524358826,2544.0,31.82091143176054,,,,,
2025-09-15T12:10:00.000000,2511.4,2513.35,2511.4,2512.85,123,ASIANPAINT,NaN,2511.262590082914,2511.7363241009316,41.25697953694495,2544.0,29.605770214709718,,,,,
2025-09-15T12:15:00.000000,2512.85,2513.0,2511.05,2511.05,53,ASIANPAINT,NaN,2511.2200720663313,2511.673931000847,41.731149325058176,2544.0,27.55397024492803,,,,,
2025-09-15T12:20:00.000000,2511.05,2512.75,2509.6,2511.0,145,ASIANPAINT,NaN,2511.176057653065,2511.6126645462246,42.15207288159194,2544.0,26.141287364472767,,,,,
2025-09-15T12:25:00.000000,2511.0,2511.0,2509.45,2509.9,128,ASIANPAINT,NaN,2510.920846122452,2511.4569677692953,42.3496307748529,2544.0,24.880174137959354,,,,,
2025-09-15T12:30:00.000000,2509.9,2511.0,2509.0,2509.0,11,ASIANPAINT,NaN,2510.5366768979616,2511.233607062996,42.37910244157325,2544.0,23.867626337372506,,,,,
2025-09-15T12:35:00.000000,2509.0,2510.55,2508.9,2510.5,46,ASIANPAINT,NaN,2510.529341518369,2511.1669155118143,42.732362835038835,2544.0,22.964198547676222,,,,,
2025-09-15T12:40:00.000000,2510.5,2510.5,2508.4,2509.95,79,ASIANPAINT,NaN,2510.4134732146954,2511.056286828922,42.95071515056899,2544.0,22.31635157038208,,,,,
2025-09-15T12:45:00.000000,2509.95,2509.95,2507.5,2508.6,75,ASIANPAINT,NaN,2510.0507785717564,2510.8329880262927,42.901800558859854,2544.0,22.054146363292357,,,,,
2025-09-15T12:50:00.000000,2508.6,2509.35,2505.35,2509.35,96,ASIANPAINT,NaN,2509.910622857405,2510.6981709329934,43.03980113516232,2544.0,22.533026868482004,,,,,
2025-09-15T12:55:00.000000,2509.35,2509.35,2507.4,2507.4,61,ASIANPAINT,NaN,2509.408498285924,2510.3983372118123,42.804954459753354,2544.0,22.97770162330096,,,,,
2025-09-15T13:00:00.000000,2507.4,2510.4,2507.4,2510.4,42,ASIANPAINT,NaN,2509.6067986287394,2510.3984883743747,43.29227048588255,2544.0,22.785667385656208,,,,,
2025-09-15T13:05:00.000000,2510.4,2510.4,2507.0,2507.0,229,ASIANPAINT,NaN,2509.0854389029914,2510.0895348857953,43.13472623024165,2544.0,22.75695602063001,,,,,
2025-09-15T13:10:00.000000,2507.0,2509.75,2506.9,2508.55,102,ASIANPAINT,NaN,2508.978351122393,2509.949577168905,43.3283622233347,2544.0,22.769240173643027,,,,,
2025-09-15T13:15:00.000000,2508.55,2508.55,2505.05,2506.1,89,ASIANPAINT,NaN,2508.4026808979147,2509.5996156080955,43.102017070162155,2544.0,23.456506735560886,,,,,
2025-09-15T13:20:00.000000,2506.1,2506.2,2504.0,2506.2,164,ASIANPAINT,NaN,2507.9621447183317,2509.290559643723,42.92020838005258,2544.0,24.431774026474532,,,,,
2025-09-15T13:25:00.000000,2506.2,2506.45,2506.0,2506.0,18,ASIANPAINT,NaN,2507.5697157746654,2508.99141785793,42.72148758869618,2544.0,25.165175167012556,,,,,
2025-09-15T13:30:00.000000,2506.0,2507.0,2505.15,2507.0,58,ASIANPAINT,NaN,2507.455772619732,2508.8103798708457,42.794529201447524,2544.0,26.12832558627517,,,,,
2025-09-15T13:35:00.000000,2507.0,2510.55,2507.0,2510.0,891,ASIANPAINT,NaN,2507.9646180957857,2508.918527155314,43.54203719491939,2544.0,24.904588830677767,,,,,
2025-09-15T13:40:00.000000,2510.0,2510.0,2506.15,2508.0,88,ASIANPAINT,NaN,2507.9716944766287,2508.8350246866494,43.81646100597338,2544.0,24.108003825262518,,,,,
2025-09-15T13:45:00.000000,2508.0,2511.9,2508.0,2511.9,909,ASIANPAINT,NaN,2508.757355581303,2509.113658806045,44.82463778531772,2544.0,22.46028553070875,,,,,
2025-09-15T13:50:00.000000,2511.9,2511.9,2509.35,2510.4,25,ASIANPAINT,NaN,2509.0858844650425,2509.230598914586,45.43576846053857,2544.0,20.930261400051677,,,,,
2025-09-15T13:55:00.000000,2510.4,2512.4,2510.4,2512.4,296,ASIANPAINT,NaN,2509.748707572034,2509.518726285987,46.34626988881241,2544.0,19.599002830411486,,,,,
2025-09-15T14:00:00.000000,2512.4,2513.3,2510.9,2513.3,23,ASIANPAINT,NaN,2510.4589660576275,2509.8624784418066,47.32424538748912,2544.0,18.782235251961396,,,,,
2025-09-15T14:05:00.000000,2513.3,2514.1,2511.7,2511.7,239,ASIANPAINT,NaN,2510.707172846102,2510.029525856188,47.86164934115635,2544.0,18.380633178623924,,,,,
2025-09-15T14:10:00.000000,2511.7,2513.05,2509.35,2509.35,84,ASIANPAINT,NaN,2510.4357382768817,2509.9677507783526,47.8812933798811,2544.0,17.314443285093084,,,,,
2025-09-15T14:15:00.000000,2509.35,2509.4,2506.75,2506.75,68,ASIANPAINT,NaN,2509.6985906215054,2509.6752279803204,47.44464177564504,2544.0,17.35114986058399,,,,,
2025-09-15T14:20:00.000000,2506.75,2507.95,2506.35,2507.95,61,ASIANPAINT,NaN,2509.3488724972044,2509.5183890730186,47.30349424252593,2544.0,17.526532710423098,,,,,
2025-09-15T14:25:00.000000,2507.95,2507.95,2506.6,2507.75,568,ASIANPAINT,NaN,2509.0290979977635,2509.357626430017,47.13915639029739,2544.0,17.689388213845127,,,,,
2025-09-15T14:30:00.000000,2507.75,2508.1,2507.7,2507.85,45,ASIANPAINT,NaN,2508.793278398211,2509.2205694818335,47.013720902387725,2544.0,17.751942117426356,,,,,
2025-09-15T14:35:00.000000,2507.85,2508.2,2505.05,2505.05,195,ASIANPAINT,NaN,2508.044622718569,2508.841426801667,46.38025033509331,2544.0,18.767881161800442,,,,,
2025-09-15T14:40:00.000000,2505.05,2508.05,2504.75,2507.75,156,ASIANPAINT,NaN,2507.9856981748553,2508.7422061833336,46.43251398680777,2544.0,19.806880934394492,,,,,
2025-09-15T14:45:00.000000,2507.75,2507.75,2502.6,2503.95,159,ASIANPAINT,NaN,2507.1785585398843,2508.306551075758,45.840573220394674,2544.0,21.39978308436078,,,,,
2025-09-15T14:50:00.000000,2503.95,2504.35,2502.8,2504.35,631,ASIANPAINT,NaN,2506.6128468319075,2507.9468646143255,45.39584556939508,2544.0,22.878906509329475,,,,,
2025-09-15T14:55:00.000000,2504.35,2505.45,2504.0,2504.0,56,ASIANPAINT,NaN,2506.090277465526,2507.5880587402958,44.935397453344024,2544.0,23.51578452382001,,,,,
2025-09-15T15:00:00.000000,2504.0,2505.6,2503.0,2504.1,120,ASIANPAINT,NaN,2505.6922219724206,2507.270962491178,44.54448269003106,2544.0,24.430325881552193,,,,,
2025-09-15T15:05:00.000000,2504.1,2504.1,2503.05,2503.2,184,ASIANPAINT,NaN,2505.1937775779365,2506.90087499198,44.02701414623173,2544.0,25.279542856589224,,,,,
2025-09-15T15:10:00.000000,2503.2,2503.25,2502.0,2503.0,720,ASIANPAINT,NaN,2504.7550220623493,2506.546249992709,43.52165775267029,2544.0,26.408059909705262,,,,,
2025-09-15T15:15:00.000000,2503.0,2504.1,2500.3,2501.65,896,ASIANPAINT,NaN,2504.1340176498793,2506.1011363570083,42.81501784108452,2544.0,27.94118489696471,,,,,
2025-09-15T15:20:00.000000,2501.65,2503.2,2500.4,2502.0,495,ASIANPAINT,NaN,2503.7072141199033,2505.7283057790983,42.28846334905962,2544.0,29.36480095656277,,,,,
2025-09-15T15:25:00.000000,2502.0,2505.0,2502.0,2502.1,837,ASIANPAINT,NaN,2503.3857712959225,2505.3984597991803,41.845924095025,2544.0,29.376831227275915,,,,,
2025-09-16T09:15:00.000000,2502.0,2502.0,2491.0,2491.85,3794,ASIANPAINT,NaN,2501.078617036738,2504.1667816356185,40.06547225999065,2502.0,31.64995251768128,,,,,
2025-09-16T09:20:00.000000,2491.85,2494.6,2489.1,2489.4,582,ASIANPAINT,NaN,2498.7428936293904,2502.8243469414715,38.255798035649484,2502.0,33.97450602746016,,,,,
2025-09-16T09:25:00.000000,2489.4,2492.55,2488.2,2492.55,627,ASIANPAINT,NaN,2497.5043149035123,2501.890315401338,37.452799318740865,2502.0,36.22985843760682,,,,,
2025-09-16T09:30:00.000000,2492.55,2493.85,2486.9,2486.9,267,ASIANPAINT,NaN,2495.38345192281,2500.5275594557615,36.22485803979467,2502.0,38.324114247028724,,,,,
2025-09-16T09:35:00.000000,2486.9,2491.55,2486.0,2490.5,340,ASIANPAINT,NaN,2494.406761538248,2499.6159631416012,35.89014133306499,2502.0,40.37229218978304,,,,,
2025-09-16T09:40:00.000000,2490.5,2491.15,2488.0,2488.55,178,ASIANPAINT,NaN,2493.235409230598,2498.609966492365,35.40260105631455,2502.0,42.27417170805491,,,,,
2025-09-16T09:45:00.000000,2488.55,2489.7,2486.8,2487.15,361,ASIANPAINT,NaN,2492.0183273844787,2497.5681513566956,34.83304180208182,2502.0,44.18417042671651,,,,,
2025-09-16T09:50:00.000000,2487.15,2492.0,2487.15,2492.0,149,ASIANPAINT,NaN,2492.014661907583,2497.061955778814,35.26241357123995,2502.0,44.60621581157479,,,,,
2025-09-16T09:55:00.000000,2492.0,2493.1,2492.0,2492.0,322,ASIANPAINT,NaN,2492.0117295260666,2496.6017779807403,35.65089279095444,2502.0,44.413642602863995,,,,,
2025-09-16T10:00:00.000000,2492.0,2495.9,2492.0,2493.0,588,ASIANPAINT,NaN,2492.2093836208533,2496.274343618855,36.19021228460525,2502.0,42.91693358153946,,,,,
2025-09-16T10:05:00.000000,2493.0,2493.45,2490.75,2493.0,51,ASIANPAINT,NaN,2492.3675068966827,2495.9766760171406,36.678168016955986,2502.0,41.84876544897762,,,,,
2025-09-16T10:10:00.000000,2493.0,2500.5,2492.45,2499.9,660,ASIANPAINT,NaN,2493.874005517346,2496.3333418337643,38.273660199285175,2502.0,39.268452504621145,,,,,
2025-09-16T10:15:00.000000,2499.9,2501.4,2499.5,2501.4,614,ASIANPAINT,NaN,2495.379204413877,2496.793947121604,39.92170227606866,2502.0,37.107653367095914,,,,,
2025-09-16T10:20:00.000000,2501.4,2506.1,2499.15,2504.35,579,ASIANPAINT,NaN,2497.1733635311016,2497.48086101964,41.789183156172015,2502.0,36.16818327282563,,,,,
2025-09-16T10:25:00.000000,2504.35,2509.55,2504.3,2507.6,402,ASIANPAINT,NaN,2499.2586908248813,2498.4007827451273,43.846804466166084,2502.0,35.91981034665804,,,,,
2025-09-16T10:30:00.000000,2507.6,2509.05,2506.7,2508.9,356,ASIANPAINT,NaN,2501.1869526599053,2499.3552570410247,45.84618352625342,2502.0,35.689178343788136,,,,,
2025-09-16T10:35:00.000000,2508.9,2509.95,2505.0,2505.75,201,ASIANPAINT,NaN,2502.0995621279244,2499.9365973100225,47.07805959718631,2502.0,34.89112507224974,,,,,
2025-09-16T10:40:00.000000,2505.75,2505.9,2504.5,2505.9,75,ASIANPAINT,NaN,2502.8596497023395,2500.4787248272933,48.21133747782258,2502.0,33.979846817646084,,,,,
2025-09-16T10:45:00.000000,2505.9,2507.45,2505.8,2505.8,129,ASIANPAINT,NaN,2503.4477197618717,2500.962477115721,49.21751600570764,2502.0,33.46770509864139,,,,,
2025-09-16T10:50:00.000000,2505.8,2508.2,2502.7,2502.7,304,ASIANPAINT,NaN,2503.2981758094975,2501.1204337415643,49.55535619695923,2502.0,31.95464302686926,,,,,
2025-09-16T10:55:00.000000,2502.7,2503.15,2498.35,2498.35,18,ASIANPAINT,NaN,2502.308540647598,2500.8685761286947,49.18831574393138,2502.0,29.978095797948956,,,,,
2025-09-16T11:00:00.000000,2498.35,2499.35,2496.4,2496.6,52,ASIANPAINT,NaN,2501.1668325180785,2500.4805237533587,48.617637658855045,2502.0,28.597354021745616,,,,,
2025-09-16T11:05:00.000000,2496.6,2497.8,2495.0,2496.0,89,ASIANPAINT,NaN,2500.133466014463,2500.0732034121443,48.01969479174278,2502.0,27.627322002980755,,,,,
2025-09-16T11:10:00.000000,2496.0,2497.7,2495.55,2495.55,161,ASIANPAINT,NaN,2499.2167728115705,2499.6620031019493,47.41510575350053,2502.0,26.726577985556244,,,,,
2025-09-16T11:15:00.000000,2495.55,2496.9,2491.6,2491.6,220,ASIANPAINT,NaN,2497.6934182492564,2498.929093729045,46.35319475632873,2502.0,26.727468244690783,,,,,
2025-09-16T11:20:00.000000,2491.6,2494.55,2491.35,2492.0,15,ASIANPAINT,NaN,2496.554734599405,2498.2991761173134,45.47710359166223,2502.0,26.777034560717365,,,,,
2025-09-16T11:25:00.000000,2492.0,2492.95,2489.9,2491.1,1051,ASIANPAINT,NaN,2495.463787679524,2497.644705561194,44.568740504432114,2502.0,27.108078757193958,,,,,
2025-09-16T11:30:00.000000,2491.1,2493.05,2491.1,2493.05,147,ASIANPAINT,NaN,2494.981030143619,2497.227005055631,44.179396603923294,2502.0,27.377304931024803,,,,,
2025-09-16T11:35:00.000000,2493.05,2494.55,2491.95,2494.55,110,ASIANPAINT,NaN,2494.8948241148955,2496.983640959664,44.14155928180865,2502.0,27.051039497715035,,,,,
2025-09-16T11:40:00.000000,2494.55,2497.55,2494.2,2497.55,27,ASIANPAINT,NaN,2495.4258592919164,2497.0351281451494,44.67872075644835,2502.0,25.71991883117377,,,,,
2025-09-16T11:45:00.000000,2497.55,2498.1,2494.25,2494.25,220,ASIANPAINT,NaN,2495.190687433533,2496.7819346774086,44.63260617389822,2502.0,24.30872835635416,,,,,
2025-09-16T11:50:00.000000,2494.25,2494.25,2494.25,2494.25,0,ASIANPAINT,NaN,2495.0025499468265,2496.551758797644,44.59088345635286,2502.0,22.99833720116452,,,,,
2025-09-16T11:55:00.000000,2494.25,2496.8,2494.25,2496.8,26,ASIANPAINT,NaN,2495.362039957461,2496.5743261796765,45.03885598625394,2502.0,21.750337447507803,,,,,
2025-09-16T12:00:00.000000,2496.8,2499.55,2496.6,2499.55,5,ASIANPAINT,NaN,2496.199631965969,2496.844841981524,45.90753898206683,2502.0,21.346221916545534,,,,,
2025-09-16T12:05:00.000000,2499.55,2500.0,2499.0,2499.0,23,ASIANPAINT,NaN,2496.759705572775,2497.040765437749,46.589045353597776,2502.0,21.086816174715178,,,,,
2025-09-16T12:10:00.000000,2499.0,2499.95,2498.25,2499.75,15,ASIANPAINT,NaN,2497.35776445822,2497.2870594888627,47.33473197134511,2502.0,20.564018312108523,,,,,
2025-09-16T12:15:00.000000,2499.75,2499.9,2498.5,2499.9,193,ASIANPAINT,NaN,2497.866211566576,2497.52459953533,48.03623410192076,2502.0,20.07856315397377,,,,,
2025-09-16T12:20:00.000000,2499.9,2501.45,2499.9,2501.0,288,ASIANPAINT,NaN,2498.492969253261,2497.840545032118,48.87172839969189,2502.0,20.085964419619902,,,,,
2025-09-16T12:25:00.000000,2501.0,2501.0,2498.5,2498.85,209,ASIANPAINT,NaN,2498.5643754026087,2497.9323136655617,49.1448922436566,2502.0,19.513609875994206,,,,,
2025-09-16T12:30:00.000000,2498.85,2501.0,2498.85,2501.0,84,ASIANPAINT,NaN,2499.051500322087,2498.21119424142,49.79497983649407,2502.0,18.982137799770346,,,,,
2025-09-16T12:35:00.000000,2501.0,2503.15,2501.0,2502.05,37,ASIANPAINT,NaN,2499.6512002576696,2498.560176583109,50.56797543016635,2502.0,19.16241826691861,,,,,
2025-09-16T12:40:00.000000,2502.05,2502.05,2499.55,2500.0,12,ASIANPAINT,NaN,2499.7209602061357,2498.691069621008,50.79958003541311,2502.0,18.702444799136426,,,,,
2025-09-16T12:45:00.000000,2500.0,2500.0,2499.2,2499.2,4,ASIANPAINT,NaN,2499.6167681649085,2498.737336019098,50.83540491065517,2502.0,18.12682128055802,,,,,
2025-09-16T12:50:00.000000,2499.2,2499.3,2499.0,2499.0,11,ASIANPAINT,NaN,2499.4934145319266,2498.7612145628163,50.823070891944155,2502.0,17.503618137654716,,,,,
2025-09-16T12:55:00.000000,2499.0,2499.0,2492.6,2492.95,107,ASIANPAINT,NaN,2498.184731625541,2498.232922329833,49.70010372805129,2502.0,17.76117912205159,,,,,
2025-09-16T13:00:00.000000,2492.95,2493.1,2492.95,2493.0,22,ASIANPAINT,NaN,2497.147785300433,2497.75720211803,48.695959464297445,2502.0,18.00034289327726,,,,,
2025-09-16T13:05:00.000000,2493.0,2493.75,2493.0,2493.0,6,ASIANPAINT,NaN,2496.3182282403463,2497.324729198209,47.78744798756778,2502.0,17.947283955133003,,,,,
2025-09-16T13:10:00.000000,2492.05,2492.05,2492.0,2492.0,120,ASIANPAINT,NaN,2495.454582592277,2496.8406629074625,46.796588500351845,2502.0,18.193865251944395,,,,,
2025-09-16T13:15:00.000000,2492.0,2492.0,2490.5,2490.5,57,ASIANPAINT,NaN,2494.4636660738215,2496.264239006784,45.657408019383084,2502.0,18.842858167321967,,,,,
2025-09-16T13:20:00.000000,2490.5,2491.75,2488.5,2490.4,102,ASIANPAINT,NaN,2493.6509328590573,2495.731126369804,44.61056388150244,2502.0,19.949358990228983,,,,,
2025-09-16T13:25:00.000000,2490.4,2490.4,2490.0,2490.0,132,ASIANPAINT,NaN,2492.920746287246,2495.21011488164,43.59558173593092,2502.0,20.976824040071214,,,,,
2025-09-16T13:30:00.000000,2490.0,2490.0,2486.6,2486.6,156,ASIANPAINT,NaN,2491.6565970297966,2494.4273771651274,42.16533838983013,2502.0,22.68393307165359,,,,,
2025-09-16T13:35:00.000000,2486.6,2487.95,2481.0,2482.8,427,ASIANPAINT,NaN,2489.8852776238373,2493.3703428773883,40.43569591515283,2502.0,25.14183496319045,,,,,
2025-09-16T13:40:00.000000,2482.8,2483.0,2480.6,2481.6,173,ASIANPAINT,NaN,2488.2282220990696,2492.3003117067165,38.75277147203141,2502.0,27.475549373509065,,,,,
2025-09-16T13:45:00.000000,2481.6,2481.6,2475.0,2475.0,564,ASIANPAINT,NaN,2485.582577679256,2490.727556097015,36.722449191190094,2502.0,30.25052723204831,,,,,
2025-09-16T13:50:00.000000,2476.0,2476.6,2475.0,2476.6,906,ASIANPAINT,NaN,2483.7860621434047,2489.4432328154685,35.338503202748335,2502.0,32.82729238640618,,,,,
2025-09-16T13:55:00.000000,2476.6,2476.6,2475.0,2476.0,491,ASIANPAINT,NaN,2482.2288497147238,2488.221120741335,34.03830914986855,2502.0,35.220002886881346,,,,,
2025-09-16T14:00:00.000000,2476.0,2478.95,2475.6,2477.15,439,ASIANPAINT,NaN,2481.213079771779,2487.214655219396,33.19628312791135,2502.0,36.305645119642065,,,,,
2025-09-16T14:05:00.000000,2477.15,2479.0,2476.0,2476.0,235,ASIANPAINT,NaN,2480.1704638174233,2486.1951411085415,32.32393783930458,2502.0,37.290249458157135,,,,,
2025-09-16T14:10:00.000000,2476.0,2479.45,2476.0,2479.0,360,ASIANPAINT,NaN,2479.9363710539387,2485.541037371401,32.3634429026027,2502.0,37.98204565954718,,,,,
2025-09-16T14:15:00.000000,2479.0,2479.0,2478.0,2479.0,198,ASIANPAINT,NaN,2479.749096843151,2484.946397610365,32.399185578920054,2502.0,38.62442784655223,,,,,
2025-09-16T14:20:00.000000,2479.0,2480.2,2477.0,2477.0,660,ASIANPAINT,NaN,2479.199277474521,2484.2239978276043,32.1778287095356,2502.0,38.58777812811005,,,,,
2025-09-16T14:25:00.000000,2477.0,2477.6,2475.1,2477.6,500,ASIANPAINT,NaN,2478.879421979617,2483.621816206913,32.14813049622884,2502.0,38.96595523791117,,,,,
2025-09-16T14:30:00.000000,2477.6,2478.05,2476.15,2476.7,515,ASIANPAINT,NaN,2478.4435375836933,2482.9925601881027,32.000678413465415,2502.0,39.078366614989754,,,,,
2025-09-16T14:35:00.000000,2476.7,2479.95,2475.85,2478.8,336,ASIANPAINT,NaN,2478.514830066955,2482.6114183528207,32.46726476251226,2502.0,38.22366608730364,,,,,
2025-09-16T14:40:00.000000,2478.8,2480.0,2478.05,2478.05,32,ASIANPAINT,NaN,2478.4218640535637,2482.19674395711,32.77085535573261,2502.0,37.405498325171585,,,,,
2025-09-16T14:45:00.000000,2478.05,2479.7,2478.0,2479.0,78,ASIANPAINT,NaN,2478.537491242851,2481.9061308701,33.315140105877944,2502.0,36.660938140610256,,,,,
2025-09-16T14:50:00.000000,2479.0,2479.0,2477.0,2477.35,90,ASIANPAINT,NaN,2478.2999929942807,2481.491937154636,33.528899685640205,2502.0,36.276141232347626,,,,,
2025-09-16T14:55:00.000000,2477.35,2479.35,2477.35,2479.35,63,ASIANPAINT,NaN,2478.5099943954247,2481.297215595124,34.27642878175113,2502.0,35.715581988366516,,,,,
2025-09-16T15:00:00.000000,2479.35,2480.0,2477.8,2479.5,796,ASIANPAINT,NaN,2478.70799551634,2481.1338323592036,34.9931852414086,2502.0,34.813902119137744,,,,,
2025-09-16T15:05:00.000000,2479.5,2484.55,2478.5,2482.9,242,ASIANPAINT,NaN,2479.5463964130718,2481.2943930538213,36.4741015116403,2502.0,32.77486808577611,,,,,
2025-09-16T15:10:00.000000,2482.9,2484.25,2482.0,2484.25,511,ASIANPAINT,NaN,2480.4871171304576,2481.563084594383,38.098212255812236,2502.0,30.881479340511742,,,,,
2025-09-16T15:15:00.000000,2484.25,2484.4,2482.0,2482.5,792,ASIANPAINT,NaN,2480.889693704366,2481.6482587221662,39.17156405951695,2502.0,29.183837140126823,,,,,
2025-09-16T15:20:00.000000,2482.5,2482.95,2478.0,2479.0,741,ASIANPAINT,NaN,2480.511754963493,2481.407507929242,39.46866972348488,2502.0,28.167592613979,,,,,
2025-09-16T15:25:00.000000,2479.0,2482.9,2477.35,2482.9,776,ASIANPAINT,NaN,2480.9894039707942,2481.5431890265836,40.54417780816154,2502.0,27.43535358635373,,,,,
2025-09-17T09:15:00.000000,2480.9,2493.1,2480.9,2485.2,707,ASIANPAINT,NaN,2481.8315231766355,2481.875626387803,41.91712231458476,2493.1,27.31518671736763,,,,,
2025-09-17T09:20:00.000000,2485.2,2489.25,2484.4,2487.3,423,ASIANPAINT,NaN,2482.9252185413084,2482.3687512616393,43.49114051094411,2493.1,27.203603196166256,,,,,
2025-09-17T09:25:00.000000,2487.3,2487.8,2483.0,2483.05,195,ASIANPAINT,NaN,2482.9501748330467,2482.430682965127,44.11219106242119,2493.1,26.59993983896741,,,,,
2025-09-17T09:30:00.000000,2483.05,2488.6,2483.05,2488.35,197,ASIANPAINT,NaN,2484.0301398664374,2482.96880269557,45.446818504608025,2493.1,26.231626357465093,,,,,
2025-09-17T09:35:00.000000,2488.35,2488.65,2488.0,2488.2,36,ASIANPAINT,NaN,2484.86411189315,2483.444366086882,46.6270873414204,2493.1,25.902103205116855,,,,,
2025-09-17T09:40:00.000000,2488.2,2488.2,2484.0,2484.0,147,ASIANPAINT,NaN,2484.69128951452,2483.4948782608017,46.98295367182145,2493.1,24.198995349302574,,,,,
2025-09-17T09:45:00.000000,2484.0,2484.0,2480.9,2482.85,57,ASIANPAINT,NaN,2484.323031611616,2483.436252964365,47.128828530198646,2493.1,23.186174013861937,,,,,
2025-09-17T09:50:00.000000,2482.85,2484.2,2482.05,2483.0,121,ASIANPAINT,NaN,2484.0584252892927,2483.396593603968,47.28596809752315,2493.1,22.1816075547973,,,,,
2025-09-17T09:55:00.000000,2483.0,2486.45,2483.0,2485.7,137,ASIANPAINT,NaN,2484.386740231434,2483.6059941854255,47.86942149504496,2493.1,20.64650325164551,,,,,
2025-09-17T10:00:00.000000,2485.7,2487.1,2485.7,2487.0,257,ASIANPAINT,NaN,2484.909392185147,2483.9145401685687,48.5960971819227,2493.1,19.414094290424007,,,,,
2025-09-17T10:05:00.000000,2487.0,2487.5,2486.1,2487.45,318,ASIANPAINT,NaN,2485.417513748118,2484.2359456077897,49.32318758053397,2493.1,18.39196326417753,,,,,
2025-09-17T10:10:00.000000,2487.45,2488.0,2486.85,2486.9,1009,ASIANPAINT,NaN,2485.7140109984944,2484.478132370718,49.86768741758674,2493.1,17.60072647536879,,,,,
2025-09-17T10:15:00.000000,2486.9,2488.0,2485.0,2485.0,359,ASIANPAINT,NaN,2485.5712087987954,2484.5255748824707,49.97771096824757,2493.1,16.47207550009442,,,,,
2025-09-17T10:20:00.000000,2485.0,2486.9,2484.2,2485.25,27,ASIANPAINT,NaN,2485.506967039036,2484.591431711337,50.12500680002412,2493.1,15.690915343020276,,,,,
2025-09-17T10:25:00.000000,2485.25,2486.7,2484.65,2486.7,45,ASIANPAINT,NaN,2485.745573631229,2484.783119737579,50.53573779202698,2493.1,14.965552340022857,,,,,
2025-09-17T10:30:00.000000,2486.7,2486.7,2485.1,2486.35,19,ASIANPAINT,NaN,2485.866458904983,2484.925563397799,50.82760100803732,2493.1,14.292000980096683,,,,,
2025-09-17T10:35:00.000000,2486.35,2486.85,2484.1,2485.55,160,ASIANPAINT,NaN,2485.8031671239864,2484.9823303616354,50.90543016221185,2493.1,14.04488332825259,,,,,
2025-09-17T10:40:00.000000,2485.55,2487.85,2485.55,2486.25,140,ASIANPAINT,NaN,2485.8925336991892,2485.097573056032,51.12890520973726,2493.1,13.364616447989874,,,,,
2025-09-17T10:45:00.000000,2486.25,2487.8,2486.25,2486.4,240,ASIANPAINT,NaN,2485.9940269593512,2485.2159755054836,51.36498421764169,2493.1,12.732940059174496,,,,,
2025-09-17T10:50:00.000000,2486.4,2490.0,2486.4,2488.0,593,ASIANPAINT,NaN,2486.395221567481,2485.4690686413487,51.93382583082016,2493.1,12.447610621301994,,,,,
2025-09-17T10:55:00.000000,2488.0,2489.75,2488.0,2489.4,43,ASIANPAINT,NaN,2486.9961772539846,2485.82642603759,52.73464785004503,2493.1,12.182661857563243,,,,,
2025-09-17T11:00:00.000000,2489.4,2490.0,2489.4,2490.0,34,ASIANPAINT,NaN,2487.5969418031877,2486.2058418523543,53.5781063060455,2493.1,12.043831474146753,,,,,
2025-09-17T11:05:00.000000,2490.0,2490.0,2488.0,2488.0,47,ASIANPAINT,NaN,2487.67755344255,2486.3689471385037,53.74563456563062,2493.1,11.204484548924595,,,,,
2025-09-17T11:10:00.000000,2488.0,2489.0,2486.25,2488.6,26,ASIANPAINT,NaN,2487.86204275404,2486.5717701259123,54.032313093832855,2493.1,11.159076476358651,,,,,
2025-09-17T11:15:00.000000,2488.6,2490.0,2488.6,2489.9,27,ASIANPAINT,NaN,2488.269634203232,2486.874336478102,54.57586095254153,2493.1,10.623442920358743,,,,,
2025-09-17T11:20:00.000000,2489.9,2489.9,2487.75,2489.2,31,ASIANPAINT,NaN,2488.4557073625856,2487.0857604346384,54.84875710342281,2493.1,10.498359004614773,,,,,
2025-09-17T11:25:00.000000,2489.2,2489.2,2485.3,2485.3,80,ASIANPAINT,NaN,2487.8245658900687,2486.923418576944,54.06970148733861,2493.1,11.31813305863963,,,,,
2025-09-17T11:30:00.000000,2485.3,2486.95,2485.25,2486.3,79,ASIANPAINT,NaN,2487.519652712055,2486.866744160858,53.61492337741158,2493.1,12.096908437462275,,,,,
2025-09-17T11:35:00.000000,2486.3,2488.75,2484.15,2488.75,353,ASIANPAINT,NaN,2487.765722169644,2487.037949237144,53.7586730372706,2493.1,11.86989473213497,,,,,
2025-09-17T11:40:00.000000,2488.75,2488.75,2486.7,2486.7,7,ASIANPAINT,NaN,2487.552577735715,2487.007226579222,53.39588786069345,2493.1,11.659096291473901,,,,,
2025-09-17T11:45:00.000000,2486.7,2488.9,2486.1,2488.9,53,ASIANPAINT,NaN,2487.822062188572,2487.179296890202,53.534200857744985,2493.1,11.726036755652048,,,,,
2025-09-17T11:50:00.000000,2488.9,2489.2,2488.9,2489.2,22,ASIANPAINT,NaN,2488.0976497508577,2487.3629971729106,53.720273447258684,2493.1,11.617060806164528,,,,,
2025-09-17T11:55:00.000000,2489.2,2489.2,2486.65,2486.65,74,ASIANPAINT,NaN,2487.808119800686,2487.2981792481005,53.28187681832082,2493.1,12.456582506076847,,,,,
2025-09-17T12:00:00.000000,2486.65,2488.05,2486.1,2486.8,59,ASIANPAINT,NaN,2487.606495840549,2487.252890225546,52.92022433117807,2493.1,13.439604874179892,,,,,
2025-09-17T12:05:00.000000,2486.8,2486.8,2485.0,2486.3,53,ASIANPAINT,NaN,2487.345196672439,2487.1662638414055,52.47394093636182,2493.1,14.743078050844806,,,,,
2025-09-17T12:10:00.000000,2486.3,2486.3,2484.15,2485.0,55,ASIANPAINT,NaN,2486.8761573379516,2486.969330764914,51.76664926475859,2493.1,16.236957592385735,,,,,
2025-09-17T12:15:00.000000,2485.0,2485.0,2484.1,2484.1,7,ASIANPAINT,NaN,2486.3209258703614,2486.708482513558,50.92530459254509,2493.1,17.64098588347563,,,,,
2025-09-17T12:20:00.000000,2484.1,2488.2,2484.1,2488.2,95,ASIANPAINT,NaN,2486.696740696289,2486.8440750123254,51.18154525729912,2493.1,16.98628551864643,,,,,
2025-09-17T12:25:00.000000,2488.2,2488.2,2486.35,2487.75,6,ASIANPAINT,NaN,2486.907392557031,2486.9264318293867,51.302839640647676,2493.1,16.37834946559074,,,,,
2025-09-17T12:30:00.000000,2487.75,2487.75,2486.0,2486.05,56,ASIANPAINT,NaN,2486.7359140456247,2486.8467562085334,51.008204967118076,2493.1,15.976978506445954,,,,,
2025-09-17T12:35:00.000000,2486.05,2487.75,2485.8,2486.8,105,ASIANPAINT,NaN,2486.7487312364997,2486.8425056441215,50.92429754246635,2493.1,15.700685579129892,,,,,
2025-09-17T12:40:00.000000,2486.8,2486.8,2486.75,2486.75,2,ASIANPAINT,NaN,2486.7489849892,2486.8340960401106,50.83572169198299,2493.1,15.44412786090783,,,,,
2025-09-17T12:45:00.000000,2486.75,2486.75,2484.1,2485.05,17,ASIANPAINT,NaN,2486.40918799136,2486.6719054910095,50.33418971219299,2493.1,16.389824094714346,,,,,
2025-09-17T12:50:00.000000,2485.05,2485.5,2483.4,2484.3,106,ASIANPAINT,NaN,2485.987350393088,2486.4562777190995,49.7052966483998,2493.1,17.52733471107972,,,,,
2025-09-17T12:55:00.000000,2484.3,2484.3,2483.55,2484.05,26,ASIANPAINT,NaN,2485.5998803144703,2486.237525199181,49.0768305682754,2493.1,18.583594569133282,,,,,
2025-09-17T13:00:00.000000,2484.05,2484.25,2484.05,2484.05,3,ASIANPAINT,NaN,2485.2899042515764,2486.038659271983,48.50821840054379,2493.1,19.564407294468733,,,,,
2025-09-17T13:05:00.000000,2484.05,2484.05,2483.7,2483.7,21,ASIANPAINT,NaN,2484.971923401261,2485.8260538836207,47.900739316381944,2493.1,20.624147781849327,,,,,
2025-09-17T13:10:00.000000,2483.7,2484.0,2482.8,2482.8,88,ASIANPAINT,NaN,2484.537538721009,2485.550958076019,47.1142210625307,2493.1,21.97661438517306,,,,,
2025-09-17T13:15:00.000000,2482.8,2482.8,2482.0,2482.0,244,ASIANPAINT,NaN,2484.030030976807,2485.2281437054717,46.20064230354358,2493.1,23.53467751529571,,,,,
2025-09-17T13:20:00.000000,2482.0,2484.6,2482.0,2482.95,187,ASIANPAINT,NaN,2483.814024781446,2485.021039732247,45.75507628013787,2493.1,23.492038685531863,,,,,
2025-09-17T13:25:00.000000,2482.95,2482.95,2482.95,2482.95,12,ASIANPAINT,NaN,2483.6412198251564,2484.832763392952,45.35194511610413,2493.1,23.45244548646544,,,,,
2025-09-17T13:30:00.000000,2482.95,2483.75,2482.25,2483.45,131,ASIANPAINT,NaN,2483.6029758601253,2484.7070576299566,45.19669446119256,2493.1,22.80494537527547,,,,,
2025-09-17T13:35:00.000000,2483.45,2484.1,2482.45,2484.1,39,ASIANPAINT,NaN,2483.7023806881,2484.6518705726876,45.3243599840636,2493.1,21.944453095281013,,,,,
2025-09-17T13:40:00.000000,2484.1,2484.4,2483.05,2483.05,36,ASIANPAINT,NaN,2483.57190455048,2484.5062459751707,45.085032097490895,2493.1,20.920310032472845,,,,,
2025-09-17T13:45:00.000000,2483.05,2485.1,2482.0,2483.4,364,ASIANPAINT,NaN,2483.5375236403843,2484.4056781592462,45.020654878009395,2493.1,20.608577426887933,,,,,
2025-09-17T13:50:00.000000,2483.4,2485.95,2483.15,2484.45,272,ASIANPAINT,NaN,2483.7200189123073,2484.4097074174965,45.40070253397759,2493.1,19.67081218937776,,,,,
2025-09-17T13:55:00.000000,2484.45,2485.8,2484.0,2485.0,59,ASIANPAINT,NaN,2483.976015129846,2484.463370379542,45.961212161404404,2493.1,18.800030183118313,,,,,
2025-09-17T14:00:00.000000,2485.0,2487.6,2482.85,2485.6,179,ASIANPAINT,NaN,2484.300812103877,2484.566700345038,46.6994063371389,2493.1,18.155401874810355,,,,,
2025-09-17T14:05:00.000000,2485.6,2486.95,2483.7,2485.2,326,ASIANPAINT,NaN,2484.4806496831015,2484.6242730409435,47.190695679235475,2493.1,17.55681844566725,,,,,
2025-09-17T14:10:00.000000,2485.2,2485.2,2484.3,2484.45,55,ASIANPAINT,NaN,2484.4745197464813,2484.6084300372213,47.31334509188791,2493.1,17.000990975748653,,,,,
2025-09-17T14:15:00.000000,2484.45,2487.0,2484.0,2486.8,259,ASIANPAINT,NaN,2484.939615797185,2484.8076636702012,48.30880848185123,2493.1,17.561268534383274,,,,,
2025-09-17T14:20:00.000000,2486.8,2486.8,2484.45,2485.0,214,ASIANPAINT,NaN,2484.9516926377482,2484.825148791092,48.497329642976446,2493.1,18.081526267401134,,,,,
2025-09-17T14:25:00.000000,2485.0,2486.4,2484.15,2486.4,34,ASIANPAINT,NaN,2485.2413541101987,2484.968317082811,49.131008696438805,2493.1,18.285729127953058,,,,,
2025-09-17T14:30:00.000000,2486.4,2488.0,2485.7,2488.0,110,ASIANPAINT,NaN,2485.793083288159,2485.2439246207373,50.16331101654182,2493.1,19.335270268007015,,,,,
2025-09-17T14:35:00.000000,2488.0,2491.0,2487.05,2491.0,497,ASIANPAINT,NaN,2486.834466630527,2485.76720420067,51.777006977695414,2493.1,21.435652919219056,,,,,
2025-09-17T14:40:00.000000,2491.0,2491.0,2487.55,2489.95,147,ASIANPAINT,NaN,2487.4575733044217,2486.1474583642457,52.8345660236577,2493.1,23.386008238201665,,,,,
2025-09-17T14:45:00.000000,2489.95,2489.95,2488.45,2489.4,37,ASIANPAINT,NaN,2487.846058643537,2486.4431439674963,53.58597414691532,2493.1,25.197052462971232,,,,,
2025-09-17T14:50:00.000000,2489.4,2491.0,2489.4,2490.0,43,ASIANPAINT,NaN,2488.2768469148295,2486.766494515906,54.41072410803934,2493.1,27.220049619178106,,,,,
2025-09-17T14:55:00.000000,2490.0,2491.8,2489.7,2490.6,207,ASIANPAINT,NaN,2488.7414775318634,2487.11499501446,55.30092477154928,2493.1,29.334448839886637,,,,,
2025-09-17T15:00:00.000000,2490.6,2493.65,2489.05,2493.6,330,ASIANPAINT,NaN,2489.713182025491,2487.7045409222364,56.7186317676849,2493.1,31.76151261230655,,,,,
2025-09-17T15:05:00.000000,2493.6,2493.6,2491.4,2493.2,75,ASIANPAINT,NaN,2490.4105456203924,2488.204128111124,57.83528518081661,2493.1,34.015214686696474,,,,,
2025-09-17T15:10:00.000000,2493.2,2494.1,2491.3,2493.85,105,ASIANPAINT,NaN,2491.0984364963138,2488.717389191931,58.97078618717653,2493.1,36.22587266423954,,,,,
2025-09-17T15:15:00.000000,2493.85,2494.6,2491.55,2493.85,135,ASIANPAINT,NaN,2491.648749197051,2489.183990174483,59.998144240549784,2493.1,38.39431024263912,,,,,
2025-09-17T15:20:00.000000,2493.85,2497.5,2493.85,2494.65,408,ASIANPAINT,NaN,2492.248999357641,2489.6809001586207,61.08930677716182,2493.1,40.94262771282528,,,,,
2025-09-17T15:25:00.000000,2494.65,2496.7,2491.75,2496.7,331,ASIANPAINT,NaN,2493.139199486113,2490.319000144201,62.4411323431511,2493.1,41.45961889598396,,,,,
2025-09-18T09:15:00.000000,2511.8,2511.8,2492.05,2494.35,667,ASIANPAINT,NaN,2493.38135958889,2490.685454676546,62.64577347127155,2511.8,43.920885360417245,,,,,
2025-09-18T09:20:00.000000,2494.15,2498.85,2493.45,2494.05,860,ASIANPAINT,NaN,2493.5150876711123,2490.991322433224,62.71309965071042,2511.8,46.20634707739101,,,,,
2025-09-18T09:25:00.000000,2494.05,2495.0,2492.5,2495.0,339,ASIANPAINT,NaN,2493.81207013689,2491.3557476665674,62.98801832678669,2511.8,47.856257248193224,,,,,
2025-09-18T09:30:00.000000,2495.0,2498.85,2495.0,2497.05,153,ASIANPAINT,NaN,2494.459656109512,2491.8734069696065,63.64536053296404,2511.8,49.697297576296705,,,,,
2025-09-18T09:35:00.000000,2497.05,2498.55,2497.0,2498.55,514,ASIANPAINT,NaN,2495.2777248876096,2492.4803699723698,64.49670214480219,2511.8,51.406835023821365,,,,,
2025-09-18T09:40:00.000000,2498.55,2499.5,2495.55,2497.8,696,ASIANPAINT,NaN,2495.7821799100875,2492.9639727021545,64.94919257853637,2511.8,52.275102166609585,,,,,
2025-09-18T09:45:00.000000,2497.8,2498.4,2496.0,2496.5,434,ASIANPAINT,NaN,2495.92574392807,2493.2854297292315,64.83740497033233,2511.8,53.08135022777007,,,,,
2025-09-18T09:50:00.000000,2496.5,2498.0,2494.0,2494.3,224,ASIANPAINT,NaN,2495.600595142456,2493.3776633902103,63.97160730894017,2511.8,52.83828769307581,,,,,
2025-09-18T09:55:00.000000,2494.3,2495.0,2492.6,2495.0,298,ASIANPAINT,NaN,2495.480476113965,2493.5251485365548,63.3625590067194,2511.8,51.96958816780765,,,,,
2025-09-18T10:00:00.000000,2495.0,2498.0,2493.6,2496.85,357,ASIANPAINT,NaN,2495.754380891172,2493.8274077605042,63.23698589807704,2511.8,51.67936916801478,,,,,
2025-09-18T10:05:00.000000,2496.85,2496.85,2492.35,2496.0,291,ASIANPAINT,NaN,2495.8035047129374,2494.024916145913,62.830730128400845,2511.8,50.86207991718627,,,,,
2025-09-18T10:10:00.000000,2496.0,2496.05,2492.7,2493.75,532,ASIANPAINT,NaN,2495.39280377035,2493.9999237690117,61.76834701583477,2511.8,50.10316846998837,,,,,
2025-09-18T10:15:00.000000,2493.75,2495.0,2492.85,2494.05,185,ASIANPAINT,NaN,2495.12424301628,2494.004476153647,60.887472251378405,2511.8,49.3984649833046,,,,,
2025-09-18T10:20:00.000000,2494.05,2496.0,2494.05,2496.0,55,ASIANPAINT,NaN,2495.299394413024,2494.1858874124064,60.58282611612528,2511.8,48.95436487835599,,,,,
2025-09-18T10:25:00.000000,2496.0,2496.0,2495.0,2495.95,207,ASIANPAINT,NaN,2495.429515530419,2494.346261284006,60.29072554989023,2511.8,48.541986209475134,,,,,
2025-09-18T10:30:00.000000,2495.95,2496.6,2495.0,2496.6,174,ASIANPAINT,NaN,2495.663612424335,2494.5511466218236,60.1893971258071,2511.8,48.293562195747015,,,,,
2025-09-18T10:35:00.000000,2496.55,2496.6,2495.0,2495.0,99,ASIANPAINT,NaN,2495.530889939468,2494.591951474385,59.55360487558345,2511.8,48.06288275442805,,,,,
2025-09-18T10:40:00.000000,2495.0,2496.55,2494.6,2496.45,331,ASIANPAINT,NaN,2495.7147119515744,2494.7608649767135,59.35930389069049,2511.8,47.58981372674442,,,,,
2025-09-18T10:45:00.000000,2496.45,2496.45,2494.6,2494.9,70,ASIANPAINT,NaN,2495.5517695612593,2494.773513615194,58.68984638895612,2511.8,47.15053534389533,,,,,
2025-09-18T10:50:00.000000,2494.9,2497.3,2494.45,2496.2,355,ASIANPAINT,NaN,2495.6814156490072,2494.903194195631,58.425900511331136,2511.8,46.98523774286865,,,,,
2025-09-18T10:55:00.000000,2496.2,2497.75,2494.95,2495.15,97,ASIANPAINT,NaN,2495.575132519206,2494.9256310869373,57.859819769603774,2511.8,46.9578712546029,,,,,
2025-09-18T11:00:00.000000,2495.15,2497.95,2495.0,2495.05,285,ASIANPAINT,NaN,2495.4701060153648,2494.936937351761,57.31634514422371,2511.8,46.99001258208438,,,,,
2025-09-18T11:05:00.000000,2495.05,2497.0,2495.05,2495.45,177,ASIANPAINT,NaN,2495.4660848122917,2494.983579410692,56.944346893873316,2511.8,47.01985810046005,,,,,
2025-09-18T11:10:00.000000,2495.45,2497.65,2494.25,2494.25,179,ASIANPAINT,NaN,2495.222867849833,2494.9168903733566,56.20980366978899,2511.8,46.35874458152998,,,,,
2025-09-18T11:15:00.000000,2494.25,2495.95,2494.0,2494.0,95,ASIANPAINT,NaN,2494.9782942798665,2494.8335367030513,55.46433360734349,2511.8,45.532869504189044,,,,,
2025-09-18T11:20:00.000000,2494.0,2495.8,2493.75,2494.95,219,ASIANPAINT,NaN,2494.9726354238933,2494.844124275501,55.11401812249645,2511.8,44.54767765906019,,,,,
2025-09-18T11:25:00.000000,2494.95,2495.85,2493.05,2494.1,466,ASIANPAINT,NaN,2494.7981083391146,2494.7764766140917,54.50242187199368,2511.8,43.03067114711469,,,,,
2025-09-18T11:30:00.000000,2494.1,2495.4,2492.0,2493.4,349,ASIANPAINT,NaN,2494.5184866712916,2494.6513423764472,53.715733777984845,2511.8,40.79681765013055,,,,,
2025-09-18T11:35:00.000000,2493.4,2494.7,2492.9,2494.55,109,ASIANPAINT,NaN,2494.5247893370333,2494.642129433134,53.422488757941885,2511.8,38.72252511721671,,,,,
2025-09-18T11:40:00.000000,2494.55,2494.55,2491.65,2491.8,422,ASIANPAINT,NaN,2493.979831469627,2494.383754030122,52.31850516775002,2511.8,36.031184317526666,,,,,
2025-09-18T11:45:00.000000,2491.8,2493.95,2491.0,2493.95,365,ASIANPAINT,NaN,2493.9738651757016,2494.3443218455654,52.02722515849082,2511.8,33.958127867007114,,,,,
2025-09-18T11:50:00.000000,2493.95,2495.15,2492.1,2492.9,348,ASIANPAINT,NaN,2493.7590921405613,2494.213019859605,51.468384241463,2511.8,31.849900668593254,,,,,
2025-09-18T11:55:00.000000,2492.9,2494.25,2492.4,2492.5,183,ASIANPAINT,NaN,2493.507273712449,2494.057290781459,50.85210031597472,2511.8,29.892261127208958,,,,,
2025-09-18T12:00:00.000000,2492.5,2494.45,2491.5,2492.95,757,ASIANPAINT,NaN,2493.3958189699592,2493.9566279831447,50.44954407719753,2511.8,28.075029179533338,,,,,
2025-09-18T12:05:00.000000,2492.95,2496.0,2492.95,2495.15,411,ASIANPAINT,NaN,2493.7466551759676,2494.0651163483135,50.770630883528796,2511.8,26.769367891496376,,,,,
2025-09-18T12:10:00.000000,2495.15,2495.35,2493.2,2493.65,387,ASIANPAINT,NaN,2493.7273241407743,2494.027378498467,50.599439203141216,2511.8,25.55696812403348,,,,,
2025-09-18T12:15:00.000000,2493.6,2495.3,2493.0,2494.35,225,ASIANPAINT,NaN,2493.8518593126196,2494.0567077258793,50.655011853332816,2511.8,24.274293184543954,,,,,
2025-09-18T12:20:00.000000,2494.35,2494.5,2492.0,2492.0,75,ASIANPAINT,NaN,2493.4814874500958,2493.8697342962537,50.04539159397983,2511.8,22.744914645035237,,,,,
2025-09-18T12:25:00.000000,2492.0,2492.15,2491.0,2491.0,114,ASIANPAINT,NaN,2492.9851899600767,2493.6088493602306,49.24763372770761,2511.8,21.98246046354748,,,,,
2025-09-18T12:30:00.000000,2491.0,2491.0,2490.0,2490.0,223,ASIANPAINT,NaN,2492.3881519680613,2493.2807721456643,48.29098082732283,2511.8,21.856218703669068,,,,,
2025-09-18T12:35:00.000000,2490.0,2493.55,2488.0,2490.15,1016,ASIANPAINT,NaN,2491.940521574449,2492.9961564960586,47.48027124376543,2511.8,20.59238477573652,,,,,
2025-09-18T12:40:00.000000,2490.15,2490.15,2484.4,2484.9,684,ASIANPAINT,NaN,2490.532417259559,2492.260142269144,45.750218252875534,2511.8,20.577467341990147,,,,,
2025-09-18T12:45:00.000000,2484.9,2488.2,2484.55,2487.5,876,ASIANPAINT,NaN,2489.925933807647,2491.8274020628583,45.013184838321536,2511.8,20.56361543922566,,,,,
2025-09-18T12:50:00.000000,2487.5,2487.5,2485.1,2485.1,351,ASIANPAINT,NaN,2488.960747046118,2491.215820057144,43.95183435339948,2511.8,20.55075295808721,,,,,
2025-09-18T12:55:00.000000,2485.1,2487.55,2484.95,2487.15,165,ASIANPAINT,NaN,2488.5985976368943,2490.846200051949,43.565401613786925,2511.8,20.60770533746388,,,,,
2025-09-18T13:00:00.000000,2487.15,2487.15,2482.5,2482.85,250,ASIANPAINT,NaN,2487.4488781095156,2490.119272774499,42.567266709187386,2511.8,21.647470639027823,,,,,
2025-09-18T13:05:00.000000,2482.85,2486.9,2482.85,2485.0,275,ASIANPAINT,NaN,2486.9591024876127,2489.6538843404537,42.20060063729191,2511.8,22.61296699048006,,,,,
2025-09-18T13:10:00.000000,2485.0,2485.0,2483.0,2484.75,199,ASIANPAINT,NaN,2486.51728199009,2489.2080766731397,41.830395135233324,2511.8,23.509499316828567,,,,,
2025-09-18T13:15:00.000000,2484.75,2484.8,2482.05,2484.0,393,ASIANPAINT,NaN,2486.013825592072,2488.7346151573997,41.37649627303042,2511.8,24.705089421578915,,,,,
2025-09-18T13:20:00.000000,2484.0,2484.2,2481.55,2483.35,164,ASIANPAINT,NaN,2485.4810604736576,2488.2451046885453,40.86159540780588,2511.8,25.99687774678995,,,,,
2025-09-18T13:25:00.000000,2483.35,2484.45,2482.35,2484.25,335,ASIANPAINT,NaN,2485.234848378926,2487.881913353223,40.652903429943045,2511.8,26.967956159737607,,,,,
2025-09-18T13:30:00.000000,2484.25,2485.8,2480.75,2483.55,366,ASIANPAINT,NaN,2484.897878703141,2487.4881030483843,40.33843177501206,2511.8,28.446686168981355,,,,,
2025-09-18T13:35:00.000000,2483.55,2485.5,2482.4,2482.65,225,ASIANPAINT,NaN,2484.448302962513,2487.0482754985314,39.89344256798571,2511.8,29.819792606136264,,,,,
2025-09-18T13:40:00.000000,2482.65,2484.65,2481.75,2483.85,275,ASIANPAINT,NaN,2484.3286423700106,2486.757523180483,39.86356052572708,2511.8,31.316368209058364,,,,,
2025-09-18T13:45:00.000000,2483.85,2483.85,2481.1,2481.1,186,ASIANPAINT,NaN,2483.6829138960084,2486.243202891348,39.344472142998875,2511.8,32.91702711261885,,,,,
2025-09-18T13:50:00.000000,2481.1,2482.75,2479.9,2481.7,813,ASIANPAINT,NaN,2483.2863311168067,2485.83018444668,39.06070341725318,2511.8,34.7556275659787,,,,,
2025-09-18T13:55:00.000000,2481.7,2482.25,2480.4,2482.25,331,ASIANPAINT,NaN,2483.0790648934453,2485.5047131333454,38.976918182459556,2511.8,36.46289941552713,,,,,
2025-09-18T14:00:00.000000,2482.75,2483.3,2481.05,2482.9,279,ASIANPAINT,NaN,2483.043251914756,2485.267921030314,39.10746351460396,2511.8,36.942166131109545,,,,,
2025-09-18T14:05:00.000000,2482.9,2482.9,2478.05,2479.95,973,ASIANPAINT,NaN,2482.424601531805,2484.7844736639217,38.66358888375713,2511.8,38.32464548960222,,,,,
2025-09-18T14:10:00.000000,2479.95,2483.75,2478.0,2479.85,1456,ASIANPAINT,NaN,2481.909681225444,2484.3358851490198,38.244565670191285,2511.8,38.873444226523866,,,,,
2025-09-18T14:15:00.000000,2479.85,2479.85,2476.35,2476.7,569,ASIANPAINT,NaN,2480.867744980355,2483.6417137718363,37.367309791734726,2511.8,39.849574617628456,,,,,
2025-09-18T14:20:00.000000,2476.7,2478.45,2472.05,2472.7,959,ASIANPAINT,NaN,2479.234195984284,2482.647012519851,36.09606384975907,2511.8,41.61521090632449,,,,,
2025-09-18T14:25:00.000000,2472.7,2476.45,2472.45,2473.2,255,ASIANPAINT,NaN,2478.027356787427,2481.7881931998645,35.11029881287093,2511.8,43.25473031725653,,,,,
2025-09-18T14:30:00.000000,2473.2,2474.0,2471.45,2472.95,317,ASIANPAINT,NaN,2477.0118854299417,2480.984721090786,34.18878151156869,2511.8,44.93907879874462,,,,,
2025-09-18T14:35:00.000000,2472.95,2473.0,2471.1,2471.1,251,ASIANPAINT,NaN,2475.8295083439534,2480.0861100825327,33.142214317197755,2511.8,46.558903642897924,,,,,
2025-09-18T14:40:00.000000,2471.1,2472.55,2470.0,2471.4,489,ASIANPAINT,NaN,2474.9436066751628,2479.2964637113932,32.30584553737435,2511.8,48.233786698303355,,,,,
2025-09-18T14:45:00.000000,2471.4,2473.0,2468.15,2473.0,2498,ASIANPAINT,NaN,2474.55488534013,2478.7240579194486,32.12442090129193,2511.8,50.0416989066424,,,,,
2025-09-18T14:50:00.000000,2473.0,2475.3,2472.0,2475.0,228,ASIANPAINT,NaN,2474.643908272104,2478.3855071994985,32.60368905358611,2511.8,50.03001167183792,,,,,
2025-09-18T14:55:00.000000,2475.0,2476.2,2473.0,2474.35,382,ASIANPAINT,NaN,2474.5851266176833,2478.0186429086352,32.92103850642094,2511.8,49.43737079456894,,,,,
2025-09-18T15:00:00.000000,2474.35,2478.0,2473.25,2477.55,878,ASIANPAINT,NaN,2475.1781012941465,2477.9760390078504,34.11335168373318,2511.8,47.826244765450156,,,,,
2025-09-18T15:05:00.000000,2477.55,2480.0,2475.05,2478.7,630,ASIANPAINT,NaN,2475.882481035317,2478.0418536435004,35.47426202095763,2511.8,45.320459006992174,,,,,
2025-09-18T15:10:00.000000,2478.7,2480.85,2476.8,2479.2,762,ASIANPAINT,NaN,2476.5459848282535,2478.1471396759093,36.8274012645422,2511.8,42.60292243414803,,,,,
2025-09-18T15:15:00.000000,2479.2,2479.95,2477.5,2479.95,1107,ASIANPAINT,NaN,2477.2267878626026,2478.3110360690084,38.23621616625476,2511.8,40.07949561650704,,,,,
2025-09-18T15:20:00.000000,2479.95,2480.0,2478.65,2479.95,756,ASIANPAINT,NaN,2477.771430290082,2478.4600327900075,39.51085822018517,2511.8,37.71103408505296,,,,,
2025-09-18T15:25:00.000000,2479.95,2480.0,2478.0,2480.0,727,ASIANPAINT,NaN,2478.217144232066,2478.6000298090976,40.67778423090156,2511.8,35.80526988459388,,,,,
2025-09-19T09:15:00.000000,2464.2,2486.0,2464.2,2480.0,477,ASIANPAINT,NaN,2478.5737153856526,2478.7272998264525,41.73357443107353,2486.0,37.22799696180588,,,,,
2025-09-19T09:20:00.000000,2480.0,2481.95,2469.8,2472.0,846,ASIANPAINT,NaN,2477.258972308522,2478.115727114957,40.937722610249246,2486.0,38.54910067635986,,,,,
2025-09-19T09:25:00.000000,2472.0,2481.3,2472.0,2479.3,438,ASIANPAINT,NaN,2477.6671778468176,2478.2233882863243,41.85937540217505,2486.0,39.77583983987428,,,,,
2025-09-19T09:30:00.000000,2479.3,2481.5,2477.0,2481.0,260,ASIANPAINT,NaN,2478.333742277454,2478.475807533022,42.9798500106221,2486.0,40.81472461490241,,,,,
2025-09-19T09:35:00.000000,2481.0,2481.55,2477.0,2477.0,144,ASIANPAINT,NaN,2478.066993821963,2478.341643211838,43.310521900856465,2486.0,41.75272617248804,,,,,
2025-09-19T09:40:00.000000,2477.0,2481.2,2477.0,2481.2,31,ASIANPAINT,NaN,2478.6935950575703,2478.6014938289436,44.279688869516,2486.0,42.623727618817554,,,,,
2025-09-19T09:45:00.000000,2481.2,2484.25,2479.9,2481.5,268,ASIANPAINT,NaN,2479.2548760460563,2478.8649943899486,45.200873126808425,2486.0,41.82501999871852,,,,,
2025-09-19T09:50:00.000000,2481.5,2490.0,2481.5,2489.0,533,ASIANPAINT,NaN,2481.203900836845,2479.786358536317,46.964926402358934,2486.0,38.93457660017547,,,,,
2025-09-19T09:55:00.000000,2489.0,2489.9,2487.6,2489.0,194,ASIANPAINT,NaN,2482.763120669476,2480.6239623057427,48.56097460404749,2486.0,36.250593444385494,,,,,
2025-09-19T10:00:00.000000,2489.0,2491.6,2487.0,2489.5,638,ASIANPAINT,NaN,2484.1104965355808,2481.4308748234025,50.060786927110314,2486.0,34.09102584166625,,,,,
2025-09-19T10:05:00.000000,2489.5,2491.6,2489.5,2489.95,66,ASIANPAINT,NaN,2485.2783972284647,2482.2053407485478,51.47012102212168,2486.0,32.08571306771267,,,,,
2025-09-19T10:10:00.000000,2489.95,2497.8,2489.95,2497.8,428,ASIANPAINT,NaN,2487.7827177827717,2483.6230370441344,53.496378908326996,2486.0,31.803531362687526,,,,,
2025-09-19T10:15:00.000000,2497.8,2497.8,2493.0,2495.1,479,ASIANPAINT,NaN,2489.246174226217,2484.6663973128493,54.797903516472736,2486.0,31.54150549373561,,,,,
2025-09-19T10:20:00.000000,2495.1,2496.1,2493.9,2493.9,32,ASIANPAINT,NaN,2490.1769393809736,2485.505815738954,55.74881879872813,2486.0,31.298195758280258,,,,,
2025-09-19T10:25:00.000000,2493.9,2500.0,2493.9,2499.6,272,ASIANPAINT,NaN,2492.061551504779,2486.787105217231,57.12384082551146,2486.0,31.87327827477626,,,,,
2025-09-19T10:30:00.000000,2499.65,2499.7,2497.05,2498.5,723,ASIANPAINT,NaN,2493.349241203823,2487.851913833846,58.161325957268424,2486.0,32.407283468665405,,,,,
2025-09-19T10:35:00.000000,2498.5,2502.0,2497.8,2500.0,619,ASIANPAINT,NaN,2494.6793929630585,2488.9562853034963,59.232242043048444,2486.0,33.320927485762,,,,,
2025-09-19T10:40:00.000000,2500.0,2504.3,2499.6,2502.25,642,ASIANPAINT,NaN,2496.193514370447,2490.16480482136,60.392117322876935,2486.0,34.53759368598442,,,,,
2025-09-19T10:45:00.000000,2502.25,2504.25,2500.95,2502.15,579,ASIANPAINT,NaN,2497.3848114963575,2491.2543680194185,61.42026198281384,2486.0,35.66735515761952,,,,,
2025-09-19T10:50:00.000000,2502.15,2503.95,2502.0,2503.0,460,ASIANPAINT,NaN,2498.507849197086,2492.322152744926,62.42684592174953,2486.0,36.71641938128069,,,,,
2025-09-19T10:55:00.000000,2503.0,2507.7,2502.7,2505.15,919,ASIANPAINT,NaN,2499.836279357669,2493.4883206772056,63.525526650557495,2486.0,38.26071436869102,,,,,
2025-09-19T11:00:00.000000,2505.15,2508.0,2504.2,2508.0,870,ASIANPAINT,NaN,2501.469023486135,2494.8075642520052,64.74619538902238,2486.0,39.735363091700265,,,,,
2025-09-19T11:05:00.000000,2508.0,2508.05,2503.65,2505.0,565,ASIANPAINT,NaN,2502.175218788908,2495.7341493200047,65.16806566184755,2486.0,40.806537593040666,,,,,
2025-09-19T11:10:00.000000,2505.0,2508.0,2505.0,2505.95,441,ASIANPAINT,NaN,2502.930175031126,2496.6628630181863,65.64082396075659,2486.0,41.80119962999961,,,,,
2025-09-19T11:15:00.000000,2505.95,2506.65,2503.95,2504.9,290,ASIANPAINT,NaN,2503.3241400249008,2497.4116936528967,65.83071728100981,2486.0,42.11736678193679,,,,,
2025-09-19T11:20:00.000000,2505.0,2506.3,2504.4,2506.2,195,ASIANPAINT,NaN,2503.8993120199207,2498.2106305935426,66.14224031412378,2486.0,42.41095056587846,,,,,
2025-09-19T11:25:00.000000,2506.2,2506.3,2503.8,2505.0,490,ASIANPAINT,NaN,2504.1194496159364,2498.82784599413,66.14034593582309,2486.0,42.31649126629283,,,,,
2025-09-19T11:30:00.000000,2505.0,2506.25,2504.25,2505.0,227,ASIANPAINT,NaN,2504.295559692749,2499.3889509037544,66.13863197450343,2486.0,42.228779059534745,,,,,
2025-09-19T11:35:00.000000,2505.0,2506.0,2503.8,2505.0,247,ASIANPAINT,NaN,2504.4364477541994,2499.8990462761403,66.13708124759515,2486.0,41.84840286029807,,,,,
2025-09-19T11:40:00.000000,2505.0,2506.2,2498.4,2498.5,309,ASIANPAINT,NaN,2503.2491582033595,2499.7718602510367,64.71360721748914,2486.0,38.93303299021413,,,,,
2025-09-19T11:45:00.000000,2498.5,2503.6,2498.5,2503.45,402,ASIANPAINT,NaN,2503.2893265626876,2500.1062365918515,64.15207842550744,2486.0,36.22590382513618,,,,,
2025-09-19T11:50:00.000000,2503.5,2504.1,2502.0,2503.0,253,ASIANPAINT,NaN,2503.23146125015,2500.369305992592,63.55962445854163,2486.0,33.77307894287104,,,,,
2025-09-19T11:55:00.000000,2503.0,2504.0,2502.6,2503.0,181,ASIANPAINT,NaN,2503.18516900012,2500.6084599932656,63.023594678905894,2486.0,31.49545583791056,,,,,
2025-09-19T12:00:00.000000,2503.0,2504.9,2502.4,2503.5,169,ASIANPAINT,NaN,2503.248135200096,2500.871327266605,62.6149269879274,2486.0,29.779233091906917,,,,,
2025-09-19T12:05:00.000000,2503.5,2504.7,2503.2,2503.5,159,ASIANPAINT,NaN,2503.298508160077,2501.1102975150957,62.24518002942304,2486.0,28.185597684903538,,,,,
2025-09-19T12:10:00.000000,2503.5,2504.95,2502.6,2504.85,289,ASIANPAINT,NaN,2503.6088065280615,2501.4502704682686,62.13186122058071,2486.0,26.38235318349791,,,,,
2025-09-19T12:15:00.000000,2504.85,2506.45,2503.0,2506.45,307,ASIANPAINT,NaN,2504.177045222449,2501.9047913347895,62.277930946689885,2486.0,25.41424704711283,,,,,
2025-09-19T12:20:00.000000,2506.45,2506.45,2504.75,2505.05,308,ASIANPAINT,NaN,2504.3516361779593,2502.1907193952634,62.04988711800979,2486.0,24.51529134904097,,,,,
2025-09-19T12:25:00.000000,2505.05,2506.5,2504.45,2506.2,63,ASIANPAINT,NaN,2504.7213089423676,2502.5551994502393,62.03431677509558,2486.0,23.494489301598595,,,,,
2025-09-19T12:30:00.000000,2506.2,2506.2,2505.0,2505.0,156,ASIANPAINT,NaN,2504.7770471538943,2502.777454045672,61.70711106727443,2486.0,22.54660168611639,,,,,
2025-09-19T12:35:00.000000,2505.0,2506.2,2504.0,2506.2,215,ASIANPAINT,NaN,2505.0616377231154,2503.0885945869745,61.6244460861161,2486.0,21.021324449475888,,,,,
2025-09-19T12:40:00.000000,2506.2,2506.2,2505.0,2505.0,60,ASIANPAINT,NaN,2505.0493101784923,2503.262358715431,61.23057115951581,2486.0,19.604995586881135,,,,,
2025-09-19T12:45:00.000000,2505.0,2505.0,2505.0,2505.0,35,ASIANPAINT,NaN,2505.039448142794,2503.4203261049374,60.87420813068698,2486.0,18.289833071614577,,,,,
2025-09-19T12:50:00.000000,2505.0,2507.0,2505.0,2505.0,265,ASIANPAINT,NaN,2505.0315585142353,2503.5639328226703,60.55178443793709,2486.0,18.26770070610207,,,,,
2025-09-19T12:55:00.000000,2505.0,2508.0,2505.0,2508.0,14,ASIANPAINT,NaN,2505.625246811388,2503.967211656973,60.85409851982318,2486.0,18.738192737683104,,,,,
2025-09-19T13:00:00.000000,2508.0,2508.55,2506.6,2508.55,23,ASIANPAINT,NaN,2506.2101974491106,2504.3838287790663,61.2248784422172,2486.0,19.428945927197407,,,,,
2025-09-19T13:05:00.000000,2508.55,2508.55,2505.55,2505.55,9,ASIANPAINT,NaN,2506.0781579592885,2504.489844344606,60.685302566978365,2486.0,19.257511628444266,,,,,
2025-09-19T13:10:00.000000,2505.55,2507.95,2505.55,2506.9,57,ASIANPAINT,NaN,2506.242526367431,2504.708949404187,60.46944885338992,2486.0,19.09832263674492,,,,,
2025-09-19T13:15:00.000000,2506.9,2508.45,2506.3,2508.45,119,ASIANPAINT,NaN,2506.6840210939445,2505.0490449128974,60.56599868623494,2486.0,19.227032760828127,,,,,
2025-09-19T13:20:00.000000,2508.45,2508.45,2506.3,2506.35,110,ASIANPAINT,NaN,2506.6172168751555,2505.1673135571796,60.084851739603096,2486.0,19.346549304619675,,,,,
2025-09-19T13:25:00.000000,2506.35,2507.5,2505.65,2505.65,49,ASIANPAINT,NaN,2506.4237735001243,2505.2111941428907,59.47146993994767,2486.0,18.889948177523046,,,,,
2025-09-19T13:30:00.000000,2505.65,2508.0,2505.1,2505.1,606,ASIANPAINT,NaN,2506.1590188000996,2505.201085584446,58.774948743431764,2486.0,18.010055409392233,,,,,
2025-09-19T13:35:00.000000,2505.1,2505.1,2500.85,2500.85,157,ASIANPAINT,NaN,2505.09721504008,2504.8055323494964,57.21401663494185,2486.0,18.688898131417357,,,,,
2025-09-19T13:40:00.000000,2500.85,2503.95,2500.85,2502.0,40,ASIANPAINT,NaN,2504.477772032064,2504.5504839540877,56.085831187161276,2486.0,19.319252087583546,,,,,
2025-09-19T13:45:00.000000,2502.0,2504.0,2502.0,2503.95,414,ASIANPAINT,NaN,2504.372217625651,2504.495894503716,55.5145111202071,2486.0,19.86500630469501,,,,,
2025-09-19T13:50:00.000000,2503.95,2507.05,2503.55,2506.55,228,ASIANPAINT,NaN,2504.807774100521,2504.6826313670144,55.52212660981727,2486.0,18.53405356572858,,,,,
2025-09-19T13:55:00.000000,2506.55,2508.0,2505.0,2508.0,705,ASIANPAINT,NaN,2505.4462192804167,2504.9842103336496,55.79186228927904,2486.0,17.78721518140143,,,,,
2025-09-19T14:00:00.000000,2508.0,2510.0,2507.3,2509.95,1330,ASIANPAINT,NaN,2506.3469754243333,2505.4356457578633,56.36344016909851,2486.0,17.98547959051299,,,,,
2025-09-19T14:05:00.000000,2509.95,2510.0,2504.6,2504.6,538,ASIANPAINT,NaN,2505.997580339467,2505.3596779616937,55.726300882198046,2486.0,16.7495425338899,,,,,
2025-09-19T14:10:00.000000,2504.6,2506.75,2504.6,2506.6,44,ASIANPAINT,NaN,2506.1180642715735,2505.4724345106306,55.50061026490978,2486.0,15.601886695597031,,,,,
2025-09-19T14:15:00.000000,2506.6,2507.25,2504.45,2504.7,445,ASIANPAINT,NaN,2505.8344514172586,2505.402213191482,54.94244673851374,2486.0,14.778852857960233,,,,,
2025-09-19T14:20:00.000000,2504.7,2506.35,2504.7,2505.0,61,ASIANPAINT,NaN,2505.667561133807,2505.365648355893,54.49358528129999,2486.0,14.014607151583206,,,,,
2025-09-19T14:25:00.000000,2505.0,2505.9,2505.0,2505.0,35,ASIANPAINT,NaN,2505.5340489070454,2505.3324075962664,54.087472534297085,2486.0,13.30495042423311,,,,,
2025-09-19T14:30:00.000000,2505.0,2506.2,2504.8,2506.1,257,ASIANPAINT,NaN,2505.647239125636,2505.4021887238787,53.944802764880315,2486.0,12.817210914830872,,,,,
2025-09-19T14:35:00.000000,2506.1,2506.1,2498.5,2498.8,757,ASIANPAINT,NaN,2504.277791300509,2504.8019897489808,52.547996207129295,2486.0,14.185413294590916,,,,,
2025-09-19T14:40:00.000000,2498.8,2499.45,2496.4,2498.65,74,ASIANPAINT,NaN,2503.1522330404073,2504.242717953619,51.26338321112934,2486.0,16.013477197940553,,,,,
2025-09-19T14:45:00.000000,2498.4,2499.6,2497.0,2497.85,365,ASIANPAINT,NaN,2502.091786432326,2503.661561776017,49.985798578851174,2486.0,17.623606139654935,,,,,
2025-09-19T14:50:00.000000,2497.85,2499.6,2497.0,2497.0,230,ASIANPAINT,NaN,2501.0734291458607,2503.0559652509246,48.70641092778672,2486.0,19.118725871246863,,,,,
2025-09-19T14:55:00.000000,2497.0,2497.0,2493.5,2493.9,1892,ASIANPAINT,NaN,2499.6387433166888,2502.223604773568,47.13605192621038,2486.0,21.34729755193286,,,,,
2025-09-19T15:00:00.000000,2494.9,2496.1,2477.75,2482.05,2044,ASIANPAINT,NaN,2496.120994653351,2500.3896407032435,44.70872319738799,2486.0,25.124549824166234,,,,,
2025-09-19T15:05:00.000000,2482.05,2486.15,2481.1,2481.1,506,ASIANPAINT,NaN,2493.1167957226808,2498.636037002949,42.45578371402779,2486.0,28.631998362668647,,,,,
2025-09-19T15:10:00.000000,2481.1,2482.65,2478.0,2479.5,305,ASIANPAINT,NaN,2490.3934365781447,2496.896397275408,40.32201715131791,2486.0,32.07112693623622,,,,,
2025-09-19T15:15:00.000000,2479.5,2482.3,2478.0,2478.15,315,ASIANPAINT,NaN,2487.944749262516,2495.1921793412803,38.31233238003467,2486.0,35.26460346883468,,,,,
2025-09-19T15:20:00.000000,2478.15,2483.55,2476.0,2482.0,976,ASIANPAINT,NaN,2486.7557994100125,2493.992890310255,37.36262347046805,2486.0,38.34434565946312,,,,,
2025-09-19T15:25:00.000000,2482.0,2496.0,2480.1,2495.8,4843,ASIANPAINT,NaN,2488.56463952801,2494.157173009323,38.57487018197284,2486.0,37.176070535483,,,,,
2025-09-22T09:15:00.000000,2486.9,2497.7,2480.95,2486.0,1335,ASIANPAINT,NaN,2488.051711622408,2493.415611826657,38.77289523673361,2497.7,35.70416983566829,,,,,
2025-09-22T09:20:00.000000,2488.0,2493.4,2484.4,2492.05,497,ASIANPAINT,NaN,2488.851369297927,2493.2914652969607,39.58119145699074,2497.7,34.33740490012606,,,,,
2025-09-22T09:25:00.000000,2492.05,2493.95,2485.4,2485.4,760,ASIANPAINT,NaN,2488.1610954383414,2492.5740593608734,39.78849662425897,2497.7,32.9317562940489,,,,,
2025-09-22T09:30:00.000000,2485.4,2488.35,2483.0,2488.35,372,ASIANPAINT,NaN,2488.198876350673,2492.1900539644303,40.268312964813305,2497.7,32.06256458944764,,,,,
2025-09-22T09:35:00.000000,2488.35,2489.5,2487.6,2488.45,942,ASIANPAINT,NaN,2488.2491010805384,2491.850049058573,40.71251998241859,2497.7,30.94838495115079,,,,,
2025-09-22T09:40:00.000000,2488.45,2489.1,2485.5,2487.55,270,ASIANPAINT,NaN,2488.1092808644307,2491.4591355077937,41.036252769555716,2497.7,30.30418118316995,,,,,
2025-09-22T09:45:00.000000,2487.55,2488.75,2484.3,2484.8,531,ASIANPAINT,NaN,2487.4474246915447,2490.85375955254,41.090948570015534,2497.7,29.921824794101152,,,,,
2025-09-22T09:50:00.000000,2484.8,2485.85,2476.65,2482.0,887,ASIANPAINT,NaN,2486.3579397532358,2490.048872320491,40.90847365717524,2497.7,30.692166520532393,,,,,
2025-09-22T09:55:00.000000,2482.0,2489.45,2482.0,2488.4,760,ASIANPAINT,NaN,2486.766351802589,2489.89897483681,41.47290965249113,2497.7,30.441012422101974,,,,,
2025-09-22T10:00:00.000000,2488.4,2492.5,2488.4,2492.15,2387,ASIANPAINT,NaN,2487.8430814420713,2490.103613488009,42.35633680769344,2497.7,29.475078510547377,,,,,
2025-09-22T10:05:00.000000,2492.15,2494.75,2490.5,2494.0,355,ASIANPAINT,NaN,2489.074465153657,2490.4578304436445,43.332178053403545,2497.7,28.07521120542606,,,,,
2025-09-22T10:10:00.000000,2494.0,2494.7,2491.95,2494.4,134,ASIANPAINT,NaN,2490.1395721229255,2490.816209494222,44.25430035118531,2497.7,26.775334422099125,,,,,
2025-09-22T10:15:00.000000,2494.4,2496.55,2493.75,2496.4,839,ASIANPAINT,NaN,2491.3916576983406,2491.3238268129294,45.28858659147368,2497.7,25.142079718958065,,,,,
2025-09-22T10:20:00.000000,2496.4,2497.0,2493.6,2493.9,640,ASIANPAINT,NaN,2491.8933261586726,2491.5580243753902,45.926503646995776,2497.7,23.52137887972301,,,,,
2025-09-22T10:25:00.000000,2493.9,2495.45,2492.45,2492.7,501,ASIANPAINT,NaN,2492.054660926938,2491.661840341264,46.36256956650053,2497.7,22.275419803878815,,,,,
2025-09-22T10:30:00.000000,2492.7,2494.15,2492.0,2493.8,107,ASIANPAINT,NaN,2492.4037287415504,2491.8562184920584,46.88608836671838,2497.7,21.221915320030146,,,,,
2025-09-22T10:35:00.000000,2493.8,2495.75,2491.8,2493.8,312,ASIANPAINT,NaN,2492.6829829932403,2492.0329259018713,47.35974823358215,2497.7,19.81542296150101,,,,,
2025-09-22T10:40:00.000000,2493.8,2497.0,2493.8,2497.0,164,ASIANPAINT,NaN,2493.5463863945924,2492.48447809261,48.1757877028609,2497.7,18.615640116752136,,,,,
2025-09-22T10:45:00.000000,2497.0,2497.65,2494.9,2496.4,266,ASIANPAINT,NaN,2494.117109115674,2492.8404346296456,48.82473380792683,2497.7,17.6711261679866,,,,,
2025-09-22T10:50:00.000000,2496.4,2497.65,2494.8,2496.3,231,ASIANPAINT,NaN,2494.553687292539,2493.154940572405,49.39615032783435,2497.7,16.763669820746834,,,,,
2025-09-22T10:55:00.000000,2496.3,2496.6,2494.2,2494.65,421,ASIANPAINT,NaN,2494.572949834031,2493.2908550658226,49.648671591062296,2497.7,15.730322503262002,,,,,
2025-09-22T11:00:00.000000,2496.6,2497.0,2495.0,2496.1,21,ASIANPAINT,NaN,2494.878359867225,2493.5462318780205,50.08604992384336,2497.7,14.895944941688128,,,,,
2025-09-22T11:05:00.000000,2495.0,2496.15,2495.0,2495.0,296,ASIANPAINT,NaN,2494.90268789378,2493.678392616382,50.29567327571075,2497.7,14.12116577736953,,,,,
2025-09-22T11:10:00.000000,2495.5,2496.15,2495.0,2495.1,621,ASIANPAINT,NaN,2494.942150315024,2493.8076296512563,50.50130291086491,2497.7,13.401727981930833,,,,,
2025-09-22T11:15:00.000000,2495.1,2495.85,2491.95,2491.95,945,ASIANPAINT,NaN,2494.343720252019,2493.6387542284147,50.15518724392654,2497.7,13.239434070003686,,,,,
2025-09-22T11:20:00.000000,2493.7,2493.95,2491.25,2492.65,335,ASIANPAINT,NaN,2494.004976201615,2493.548867480377,49.967829423479046,2497.7,13.309646841712071,,,,,
2025-09-22T11:25:00.000000,2492.65,2493.95,2491.85,2492.15,105,ASIANPAINT,NaN,2493.6339809612923,2493.4216977094334,49.71220266288915,2497.7,13.374844415441284,,,,,
2025-09-22T11:30:00.000000,2492.15,2495.0,2490.85,2495.0,3755,ASIANPAINT,NaN,2493.907184769034,2493.5651797358487,49.999467246525946,2497.7,12.969637181764421,,,,,
2025-09-22T11:35:00.000000,2495.0,2495.8,2493.8,2495.5,842,ASIANPAINT,NaN,2494.225747815227,2493.741072487135,50.345543874036146,2497.7,12.249159507513314,,,,,
2025-09-22T11:40:00.000000,2495.5,2503.2,2495.5,2501.0,1606,ASIANPAINT,NaN,2495.5805982521815,2494.400974988305,51.474850513344876,2497.7,13.43393657488978,,,,,
2025-09-22T11:45:00.000000,2501.0,2501.5,2498.85,2499.55,942,ASIANPAINT,NaN,2496.374478601745,2494.8690681711864,52.20122796673717,2497.7,14.534086708882212,,,,,
2025-09-22T11:50:00.000000,2499.55,2499.55,2493.8,2495.0,953,ASIANPAINT,NaN,2496.099582881396,2494.880971064715,52.04678300006165,2497.7,13.750597675060277,,,,,
2025-09-22T11:55:00.000000,2495.0,2495.0,2491.8,2494.8,157,ASIANPAINT,NaN,2495.839666305117,2494.873610058832,51.87438915934881,2497.7,13.084834590823247,,,,,
2025-09-22T12:00:00.000000,2494.5,2495.4,2492.45,2494.6,226,ASIANPAINT,NaN,2495.591733044094,2494.84873641712,51.68373534213307,2497.7,12.344625246113594,,,,,
2025-09-22T12:05:00.000000,2494.6,2495.0,2491.8,2492.95,379,ASIANPAINT,NaN,2495.063386435275,2494.676124015564,51.22387319271153,2497.7,11.85063383880356,,,,,
2025-09-22T12:10:00.000000,2492.95,2496.0,2491.8,2496.0,277,ASIANPAINT,NaN,2495.25070914822,2494.7964763777854,51.35186824705386,2497.7,11.060051312880029,,,,,
2025-09-22T12:15:00.000000,2496.35,2497.0,2492.55,2492.75,251,ASIANPAINT,NaN,2494.750567318576,2494.610433070714,50.91793108821832,2497.7,10.540330276508582,,,,,
2025-09-22T12:20:00.000000,2492.75,2495.35,2492.45,2493.0,425,ASIANPAINT,NaN,2494.4004538548606,2494.4640300642855,50.57099810347503,2497.7,10.021735267305518,,,,,
2025-09-22T12:25:00.000000,2493.0,2495.25,2492.5,2492.7,163,ASIANPAINT,NaN,2494.0603630838887,2494.303663694805,50.205260211541464,2497.7,9.540182758759814,,,,,
2025-09-22T12:30:00.000000,2492.7,2494.5,2492.3,2494.4,413,ASIANPAINT,NaN,2494.128290467111,2494.312421540732,50.207457276723076,2497.7,9.010861962239757,,,,,
2025-09-22T12:35:00.000000,2492.4,2494.8,2492.4,2493.0,157,ASIANPAINT,NaN,2493.902632373689,2494.1931104915743,49.94621612061225,2497.7,8.64290262701888,,,,,
2025-09-22T12:40:00.000000,2493.0,2497.2,2493.0,2494.2,415,ASIANPAINT,NaN,2493.962105898951,2494.1937368105223,49.95171213668989,2497.7,9.20869167969893,,,,,
2025-09-22T12:45:00.000000,2494.2,2496.25,2493.05,2495.25,609,ASIANPAINT,NaN,2494.219684719161,2494.2897607368386,50.164123133920626,2497.7,9.734067228616118,,,,,
2025-09-22T12:50:00.000000,2495.25,2496.2,2493.1,2493.6,183,ASIANPAINT,NaN,2494.0957477753286,2494.2270552153077,50.01506447080255,2497.7,10.22191595261065,,,,,
2025-09-22T12:55:00.000000,2493.6,2496.15,2493.1,2496.15,30,ASIANPAINT,NaN,2494.5065982202627,2494.4018683775525,50.38226372757386,2497.7,10.674918339177,,,,,
2025-09-22T13:00:00.000000,2496.15,2496.15,2493.05,2493.05,70,ASIANPAINT,NaN,2494.21527857621,2494.2789712523204,50.10715779083743,2497.7,11.064846326082487,,,,,
2025-09-22T13:05:00.000000,2493.05,2496.0,2493.05,2493.9,337,ASIANPAINT,NaN,2494.152222860968,2494.244519320291,50.027143833219405,2497.7,11.426922313923296,,,,,
2025-09-22T13:10:00.000000,2493.9,2495.0,2493.0,2493.0,130,ASIANPAINT,NaN,2493.9217782887745,2494.1313812002645,49.780750424056386,2497.7,11.727793828832414,,,,,
2025-09-22T13:15:00.000000,2493.0,2494.6,2491.8,2493.95,286,ASIANPAINT,NaN,2493.9274226310195,2494.1148920002406,49.76030269946896,2497.7,11.18783709903914,,,,,
2025-09-22T13:20:00.000000,2493.95,2494.45,2492.55,2493.8,267,ASIANPAINT,NaN,2493.9019381048156,2494.086265454764,49.709555632836285,2497.7,10.68644870708824,,,,,
2025-09-22T13:25:00.000000,2493.8,2494.0,2492.5,2493.4,130,ASIANPAINT,NaN,2493.8015504838527,2494.0238776861493,49.57343776313006,2497.7,10.185378104759232,,,,,
2025-09-22T13:30:00.000000,2493.4,2495.75,2493.4,2495.05,450,ASIANPAINT,NaN,2494.051240387082,2494.117161532863,49.83813386007105,2497.7,10.768756622553314,,,,,
2025-09-22T13:35:00.000000,2495.05,2496.0,2488.85,2494.25,3458,ASIANPAINT,NaN,2494.0909923096656,2494.129237757148,49.8807232520024,2497.7,11.217194041552917,,,,,
2025-09-22T13:40:00.000000,2494.25,2496.0,2494.2,2495.95,145,ASIANPAINT,NaN,2494.4627938477324,2494.294761597407,50.311679472680325,2497.7,11.633600216338264,,,,,
2025-09-22T13:45:00.000000,2495.95,2495.95,2493.05,2493.05,231,ASIANPAINT,NaN,2494.180235078186,2494.1816014521883,50.0168974263632,2497.7,12.497881569148834,,,,,
2025-09-22T13:50:00.000000,2493.05,2495.95,2493.05,2493.5,50,ASIANPAINT,NaN,2494.0441880625485,2494.1196376838075,49.85879840417191,2497.7,13.300428539615794,,,,,
2025-09-22T13:55:00.000000,2493.5,2494.8,2492.0,2494.35,327,ASIANPAINT,NaN,2494.1053504500387,2494.140579712552,49.9228135394458,2497.7,14.474071332919864,,,,,
2025-09-22T14:00:00.000000,2494.35,2494.35,2486.9,2491.85,4171,ASIANPAINT,NaN,2493.654280360031,2493.932345193229,49.41451990867013,2497.7,17.02681142120257,,,,,
2025-09-22T14:05:00.000000,2491.85,2494.15,2486.75,2486.75,211,ASIANPAINT,NaN,2492.2734242880247,2493.2794047211173,48.08249506248039,2497.7,19.429743957458527,,,,,
2025-09-22T14:10:00.000000,2486.75,2486.75,2481.2,2482.75,360,ASIANPAINT,NaN,2490.3687394304197,2492.3221861101065,46.378516111200106,2497.7,22.60232375882464,,,,,
2025-09-22T14:15:00.000000,2482.75,2486.45,2482.4,2482.65,639,ASIANPAINT,NaN,2488.8249915443357,2491.442896463733,44.82542200864969,2497.7,25.54829071723603,,,,,
2025-09-22T14:20:00.000000,2482.65,2484.4,2481.25,2481.9,79,ASIANPAINT,NaN,2487.4399932354686,2490.5753604215756,43.33138413051472,2497.7,28.439608297543238,,,,,
2025-09-22T14:25:00.000000,2481.9,2481.9,2478.85,2479.7,2056,ASIANPAINT,NaN,2485.891994588375,2489.5866912923416,41.731924881769146,2497.7,31.414114474597916,,,,,
2025-09-22T14:30:00.000000,2479.7,2480.3,2476.8,2478.1,562,ASIANPAINT,NaN,2484.3335956707,2488.5424466294016,40.11964791253774,2497.7,34.38761443545759,,,,,
2025-09-22T14:35:00.000000,2479.15,2480.0,2475.0,2478.15,1128,ASIANPAINT,NaN,2483.09687653656,2487.5976787540017,38.67663558949885,2497.7,37.31347304287984,,,,,
2025-09-22T14:40:00.000000,2478.15,2479.1,2476.0,2477.5,1854,ASIANPAINT,NaN,2481.977501229248,2486.6797079581834,37.30018168497695,2497.7,40.03034174977194,,,,,
2025-09-22T14:45:00.000000,2477.5,2481.0,2476.05,2481.0,556,ASIANPAINT,NaN,2481.7820009833986,2486.1633708710756,37.11828509056852,2497.7,41.36559683012912,,,,,
2025-09-22T14:50:00.000000,2481.0,2481.95,2478.5,2480.15,325,ASIANPAINT,NaN,2481.455600786719,2485.616700791887,36.82863212102378,2497.7,42.054770803372385,,,,,
2025-09-22T14:55:00.000000,2480.15,2481.75,2478.5,2478.55,378,ASIANPAINT,NaN,2480.8744806293753,2484.97427344717,36.33950065327185,2497.7,42.69471806424112,,,,,
2025-09-22T15:00:00.000000,2478.55,2483.5,2478.4,2482.3,135,ASIANPAINT,NaN,2481.1595845035004,2484.731157679246,36.87334734820426,2497.7,42.274814252425834,,,,,
2025-09-22T15:05:00.000000,2482.3,2483.5,2481.05,2483.0,508,ASIANPAINT,NaN,2481.5276676028,2484.5737797084053,37.518286495048486,2497.7,41.88490357002593,,,,,
2025-09-22T15:10:00.000000,2483.0,2484.95,2481.0,2481.85,319,ASIANPAINT,NaN,2481.59213408224,2484.3261633712773,37.89702592712358,2497.7,40.71308986732476,,,,,
2025-09-22T15:15:00.000000,2481.85,2482.9,2480.25,2482.15,580,ASIANPAINT,NaN,2481.703707265792,2484.128330337525,38.315758327716075,2497.7,39.85981783736995,,,,,
2025-09-22T15:20:00.000000,2482.15,2485.7,2480.65,2484.3,825,ASIANPAINT,NaN,2482.222965812634,2484.143936670477,39.21845845928465,2497.7,37.68179893463888,,,,,
2025-09-22T15:25:00.000000,2484.3,2487.95,2475.7,2481.0,532,ASIANPAINT,NaN,2481.9783726501073,2483.858124245888,39.415639876632554,2497.7,37.10232194851795,,,,,
2025-09-23T09:15:00.000000,2476.0,2482.75,2471.75,2473.1,2410,ASIANPAINT,NaN,2480.2026981200856,2482.8801129508074,38.572616750624036,2482.75,37.372962221490674,,,,,
2025-09-23T09:20:00.000000,2473.1,2473.8,2459.0,2459.0,1082,ASIANPAINT,NaN,2475.9621584960687,2480.7091935916433,36.84053764784383,2482.75,39.13781291088295,,,,,
2025-09-23T09:25:00.000000,2459.0,2464.8,2457.6,2458.95,6964,ASIANPAINT,NaN,2472.559726796855,2478.731085083312,35.270952532494654,2482.75,40.8867499594077,,,,,
2025-09-23T09:30:00.000000,2458.95,2459.0,2452.0,2453.9,912,ASIANPAINT,NaN,2468.827781437484,2476.473713712102,33.6154903494023,2482.75,42.898094012233706,,,,,
2025-09-23T09:35:00.000000,2453.9,2455.65,2450.0,2450.35,3835,ASIANPAINT,NaN,2465.1322251499873,2474.0988306473655,31.97431453280411,2482.75,44.88566316094797,,,,,
2025-09-23T09:40:00.000000,2451.0,2451.0,2444.0,2445.5,1888,ASIANPAINT,NaN,2461.20578011999,2471.4989369521504,30.317531257198574,2482.75,47.04299325385921,,,,,
2025-09-23T09:45:00.000000,2445.5,2446.55,2440.0,2441.4,985,ASIANPAINT,NaN,2457.244624095992,2468.7626699565003,28.691970508342436,2482.75,49.21825954835342,,,,,
2025-09-23T09:50:00.000000,2441.4,2446.85,2440.0,2446.05,1549,ASIANPAINT,NaN,2455.0056992767936,2466.6978817786367,28.04897146791607,2482.75,51.139915687352975,,,,,
2025-09-23T09:55:00.000000,2444.95,2448.8,2442.6,2445.95,344,ASIANPAINT,NaN,2453.194559421435,2464.8117107078515,27.462373222167972,2482.75,52.27710340430436,,,,,
2025-09-23T10:00:00.000000,2448.0,2448.0,2436.2,2438.95,1759,ASIANPAINT,NaN,2450.3456475371477,2462.4606460980467,26.621889361063058,2482.75,53.69507208951156,,,,,
2025-09-23T10:05:00.000000,2438.95,2439.35,2432.15,2437.45,676,ASIANPAINT,NaN,2447.766518029718,2460.1869509982243,25.80260870169675,2482.75,55.2006932660808,,,,,
2025-09-23T10:10:00.000000,2437.45,2437.45,2432.4,2433.8,570,ASIANPAINT,NaN,2444.9732144237746,2457.788137271113,24.92418456749548,2482.75,56.59877007289509,,,,,
2025-09-23T10:15:00.000000,2433.8,2435.0,2430.35,2432.05,733,ASIANPAINT,NaN,2442.3885715390197,2455.448306610103,24.06683819380604,2482.75,57.99207357590351,,,,,
2025-09-23T10:20:00.000000,2432.05,2432.2,2428.6,2430.6,952,ASIANPAINT,NaN,2440.0308572312156,2453.189369645548,23.239346882224282,2482.75,59.364828700565845,,,,,
2025-09-23T10:25:00.000000,2430.6,2434.8,2429.2,2434.0,1205,ASIANPAINT,NaN,2438.8246857849726,2451.444881495953,23.13062180155505,2482.75,59.76702870910834,,,,,
2025-09-23T10:30:00.000000,2434.0,2434.0,2430.25,2433.7,449,ASIANPAINT,NaN,2437.7997486279783,2449.831710450866,23.01649066719233,2482.75,60.14050014561208,,,,,
2025-09-23T10:35:00.000000,2433.7,2439.85,2433.25,2438.7,520,ASIANPAINT,NaN,2437.9797989023828,2448.8197367735147,23.794204197741866,2482.75,58.69063142132107,,,,,
2025-09-23T10:40:00.000000,2438.7,2438.7,2436.15,2437.15,259,ASIANPAINT,NaN,2437.8138391219063,2447.758851612286,24.384844031608534,2482.75,57.34432474876513,,,,,
2025-09-23T10:45:00.000000,2436.7,2437.9,2433.0,2433.25,451,ASIANPAINT,NaN,2436.901071297525,2446.4398651020783,24.652207902509442,2482.75,56.46770388886815,,,,,
2025-09-23T10:50:00.000000,2433.25,2437.8,2433.25,2436.0,310,ASIANPAINT,NaN,2436.72085703802,2445.4907864564348,25.35366495646631,2482.75,55.65369880467811,,,,,
2025-09-23T10:55:00.000000,2436.0,2438.35,2435.75,2437.85,177,ASIANPAINT,NaN,2436.9466856304157,2444.79616950585,26.284945954705044,2482.75,54.71859073116026,,,,,
2025-09-23T11:00:00.000000,2437.85,2443.0,2437.85,2441.9,1074,ASIANPAINT,NaN,2437.9373485043325,2444.5328813689543,27.729774214838553,2482.75,52.46471031467555,,,,,
2025-09-23T11:05:00.000000,2441.9,2443.9,2440.9,2443.9,427,ASIANPAINT,NaN,2439.129878803466,2444.4753466990496,29.311810824677217,2482.75,50.129196067350954,,,,,
2025-09-23T11:10:00.000000,2443.9,2444.4,2442.6,2443.2,369,ASIANPAINT,NaN,2439.943903042773,2444.359406090045,30.666155288610355,2482.75,47.82163854885488,,,,,
2025-09-23T11:15:00.000000,2443.2,2444.8,2442.25,2444.5,767,ASIANPAINT,NaN,2440.855122434218,2444.3721873545865,32.08078242827403,2482.75,45.56283369626433,,,,,
2025-09-23T11:20:00.000000,2444.5,2447.0,2444.25,2446.65,480,ASIANPAINT,NaN,2442.0140979473745,2444.579261231442,33.666733721463096,2482.75,42.83855128373263,,,,,
2025-09-23T11:25:00.000000,2446.65,2447.0,2444.0,2444.0,224,ASIANPAINT,NaN,2442.4112783578994,2444.526601119493,34.76463888349393,2482.75,40.36941597708823,,,,,
2025-09-23T11:30:00.000000,2444.0,2445.8,2444.0,2444.0,333,ASIANPAINT,NaN,2442.7290226863197,2444.478728290448,35.75798164914088,2482.75,38.07664747806128,,,,,
2025-09-23T11:35:00.000000,2444.0,2446.75,2442.35,2442.35,206,ASIANPAINT,NaN,2442.6532181490556,2444.285207536771,36.4422786477217,2482.75,36.376837505824476,,,,,
2025-09-23T11:40:00.000000,2442.35,2444.75,2442.35,2443.3,296,ASIANPAINT,NaN,2442.7825745192445,2444.1956432152465,37.22423698219029,2482.75,34.79844253160458,,,,,
2025-09-23T11:45:00.000000,2443.3,2445.95,2442.9,2445.0,301,ASIANPAINT,NaN,2443.2260596153956,2444.268766559315,38.21950020151046,2482.75,32.90540493286719,,,,,
2025-09-23T11:50:00.000000,2445.0,2450.2,2444.0,2450.2,848,ASIANPAINT,NaN,2444.6208476923166,2444.807969599377,39.879584955289545,2482.75,31.250064085308882,,,,,
2025-09-23T11:55:00.000000,2450.2,2452.0,2449.5,2451.25,174,ASIANPAINT,NaN,2445.946678153853,2445.393608726706,41.51707754438372,2482.75,30.167950213067744,,,,,
2025-09-23T12:00:00.000000,2451.25,2452.5,2449.1,2452.1,520,ASIANPAINT,NaN,2447.1773425230826,2446.003280660642,43.109854907502395,2482.75,29.287018242627905,,,,,
2025-09-23T12:05:00.000000,2452.1,2454.0,2450.6,2453.0,335,ASIANPAINT,NaN,2448.341874018466,2446.639346055129,44.67061481161821,2482.75,28.836448562658695,,,,,
2025-09-23T12:10:00.000000,2453.0,2454.0,2451.8,2453.8,453,ASIANPAINT,NaN,2449.433499214773,2447.290314595572,46.19073374151437,2482.75,28.418062431258715,,,,,
2025-09-23T12:15:00.000000,2453.8,2456.55,2453.8,2456.35,337,ASIANPAINT,NaN,2450.8167993718184,2448.113922359611,47.8948412557063,2482.75,28.634032812436942,,,,,
2025-09-23T12:20:00.000000,2456.35,2457.8,2454.4,2455.95,335,ASIANPAINT,NaN,2451.8434394974547,2448.826293054192,49.3475679663709,2482.75,29.103046362288296,,,,,
2025-09-23T12:25:00.000000,2455.95,2460.8,2455.95,2460.65,389,ASIANPAINT,NaN,2453.604751597964,2449.901175503811,51.20911295056164,2482.75,30.113010753068817,,,,,
2025-09-23T12:30:00.000000,2460.65,2461.8,2459.75,2460.6,113,ASIANPAINT,NaN,2455.003801278371,2450.8737959125556,52.8816694086817,2482.75,31.223751218895256,,,,,
2025-09-23T12:35:00.000000,2460.6,2464.55,2460.6,2464.55,340,ASIANPAINT,NaN,2456.913041022697,2452.1170871932322,54.78666458566605,2482.75,32.69042734915578,,,,,
2025-09-23T12:40:00.000000,2464.55,2465.9,2456.95,2458.3,262,ASIANPAINT,NaN,2457.1904328181577,2452.6791701756656,55.23791924905811,2482.75,32.554750917406565,,,,,
2025-09-23T12:45:00.000000,2458.3,2461.45,2457.6,2458.3,631,ASIANPAINT,NaN,2457.4123462545263,2453.1901547051507,55.646197277841395,2482.75,32.428765659353715,,,,,
2025-09-23T12:50:00.000000,2458.3,2459.3,2456.05,2457.95,402,ASIANPAINT,NaN,2457.519877003621,2453.6228679137735,55.94889918623178,2482.75,31.716609412251906,,,,,
2025-09-23T12:55:00.000000,2457.95,2458.0,2455.0,2455.0,280,ASIANPAINT,NaN,2457.0159016028965,2453.748061739794,55.682250515558735,2482.75,30.666844499841343,,,,,
2025-09-23T13:00:00.000000,2455.0,2457.6,2454.6,2455.2,493,ASIANPAINT,NaN,2456.652721282317,2453.8800561270855,55.47220859995402,2482.75,29.542491125627883,,,,,
2025-09-23T13:05:00.000000,2455.2,2458.15,2455.2,2456.0,31,ASIANPAINT,NaN,2456.5221770258536,2454.0727782973504,55.41177507293879,2482.75,28.655310247516294,,,,,
2025-09-23T13:10:00.000000,2456.0,2456.0,2454.4,2455.0,172,ASIANPAINT,NaN,2456.217741620683,2454.1570711794093,55.15924028776066,2482.75,27.506371419649195,,,,,
2025-09-23T13:15:00.000000,2455.0,2457.0,2455.0,2455.25,249,ASIANPAINT,NaN,2456.0241932965464,2454.2564283449174,54.976181760532214,2482.75,26.74997278324803,,,,,
2025-09-23T13:20:00.000000,2455.25,2457.55,2454.6,2455.95,256,ASIANPAINT,NaN,2456.0093546372373,2454.41038940447,54.94214303821023,2482.75,26.217357026616526,,,,,
2025-09-23T13:25:00.000000,2455.9,2458.05,2455.2,2455.2,275,ASIANPAINT,NaN,2455.8474837097897,2454.482172185882,54.73985629240809,2482.75,25.879826624730565,,,,,
2025-09-23T13:30:00.000000,2455.2,2460.0,2455.0,2457.55,477,ASIANPAINT,NaN,2456.187986967832,2454.7610656235292,55.006670012030455,2482.75,26.142139031220122,,,,,
2025-09-23T13:35:00.000000,2457.55,2458.0,2455.0,2456.05,280,ASIANPAINT,NaN,2456.1603895742655,2454.8782414759357,54.89524361461443,2482.75,26.385714837246137,,,,,
2025-09-23T13:40:00.000000,2456.05,2456.55,2450.0,2452.0,897,ASIANPAINT,NaN,2455.3283116594125,2454.6165831599415,53.98592074802454,2482.75,24.55457840710739,,,,,
2025-09-23T13:45:00.000000,2452.0,2454.4,2451.25,2451.6,346,ASIANPAINT,NaN,2454.58264932753,2454.3423483272195,53.09196000600696,2482.75,22.854237436264267,,,,,
2025-09-23T13:50:00.000000,2451.85,2455.0,2451.65,2453.7,933,ASIANPAINT,NaN,2454.406119462024,2454.283953024745,52.73323623765312,2482.75,21.39510670462803,,,,,
2025-09-23T13:55:00.000000,2453.85,2454.75,2451.85,2451.95,357,ASIANPAINT,NaN,2453.914895569619,2454.0717754770412,52.07461343448369,2482.75,20.0401995966801,,,,,
2025-09-23T14:00:00.000000,2452.05,2456.45,2452.05,2455.3,374,ASIANPAINT,NaN,2454.1919164556953,2454.1834322518557,52.13848983061718,2482.75,19.436297046263068,,,,,
2025-09-23T14:05:00.000000,2455.3,2459.4,2455.15,2457.1,356,ASIANPAINT,NaN,2454.7735331645563,2454.4485747744143,52.50630766470004,2482.75,19.818033437298215,,,,,
2025-09-23T14:10:00.000000,2457.0,2460.0,2453.2,2454.45,328,ASIANPAINT,NaN,2454.708826531645,2454.4487043403765,52.31394339807047,2482.75,19.316540129164796,,,,,
2025-09-23T14:15:00.000000,2454.4,2455.9,2452.2,2455.2,349,ASIANPAINT,NaN,2454.807061225316,2454.5170039457967,52.277295614249645,2482.75,18.445067872750958,,,,,
2025-09-23T14:20:00.000000,2455.2,2455.9,2452.2,2454.1,427,ASIANPAINT,NaN,2454.6656489802526,2454.4790944961787,52.02654886124596,2482.75,17.635843634652392,,,,,
2025-09-23T14:25:00.000000,2454.0,2455.8,2452.2,2452.9,346,ASIANPAINT,NaN,2454.3125191842023,2454.3355404510717,51.567310976266405,2482.75,16.884421127846583,,,,,
2025-09-23T14:30:00.000000,2452.75,2455.8,2452.2,2454.65,305,ASIANPAINT,NaN,2454.3800153473617,2454.3641276827925,51.512106126712865,2482.75,16.186671657241185,,,,,
2025-09-23T14:35:00.000000,2455.7,2458.7,2452.8,2454.0,357,ASIANPAINT,NaN,2454.3040122778893,2454.331025166175,51.32685343513762,2482.75,16.628175415793137,,,,,
2025-09-23T14:40:00.000000,2454.0,2454.6,2452.25,2453.95,327,ASIANPAINT,NaN,2454.2332098223114,2454.2963865147044,51.14837253277798,2482.75,16.754519979450166,,,,,
2025-09-23T14:45:00.000000,2453.95,2453.95,2449.15,2450.75,533,ASIANPAINT,NaN,2453.536567857849,2453.9739877406405,50.34173255364074,2482.75,15.635309357976867,,,,,
2025-09-23T14:50:00.000000,2450.75,2451.2,2449.0,2449.1,360,ASIANPAINT,NaN,2452.6492542862793,2453.530897946037,49.324595553390175,2482.75,14.656110376316022,,,,,
2025-09-23T14:55:00.000000,2449.1,2451.6,2445.95,2449.95,1055,ASIANPAINT,NaN,2452.1094034290236,2453.2053617691245,48.62117961841851,2482.75,14.846321521408703,,,,,
2025-09-23T15:00:00.000000,2449.95,2451.6,2447.05,2448.5,1416,ASIANPAINT,NaN,2451.387522743219,2452.777601608295,47.725810424175016,2482.75,15.022946156137621,,,,,
2025-09-23T15:05:00.000000,2448.5,2450.2,2446.9,2447.0,1070,ASIANPAINT,NaN,2450.5100181945754,2452.25236509845,46.6641090872035,2482.75,15.239354158438989,,,,,
2025-09-23T15:10:00.000000,2447.0,2448.25,2445.0,2448.15,1773,ASIANPAINT,NaN,2450.0380145556605,2451.8794228167726,46.02175163154088,2482.75,16.072258316667337,,,,,
2025-09-23T15:15:00.000000,2448.15,2448.15,2444.95,2446.6,1234,ASIANPAINT,NaN,2449.3504116445283,2451.3994752879753,45.17048696843044,2482.75,16.86159661900615,,,,,
2025-09-23T15:20:00.000000,2446.6,2447.8,2445.05,2446.95,649,ASIANPAINT,NaN,2448.8703293156227,2450.994977534523,44.50205177455124,2482.75,17.59455361403505,,,,,
2025-09-23T15:25:00.000000,2446.95,2455.0,2445.85,2449.05,899,ASIANPAINT,NaN,2448.906263452498,2450.818161395021,44.47970620579453,2482.75,17.4650003064781,,,,,
2025-09-24T09:15:00.000000,2447.5,2463.0,2445.1,2454.55,1255,ASIANPAINT,NaN,2450.0350107619984,2451.157419450019,45.61698766095697,2463.0,19.07522616400646,,,,,
2025-09-24T09:20:00.000000,2453.0,2453.0,2447.1,2451.65,1212,ASIANPAINT,NaN,2450.3580086095985,2451.2021995000173,46.05388611015287,2463.0,20.570435888854224,,,,,
2025-09-24T09:25:00.000000,2451.65,2454.2,2450.55,2451.7,526,ASIANPAINT,NaN,2450.626406887679,2451.2474540909247,46.4588577669943,2463.0,22.163071383240883,,,,,
2025-09-24T09:30:00.000000,2451.7,2453.75,2448.15,2450.25,665,ASIANPAINT,NaN,2450.5511255101433,2451.156776446295,46.53807777407786,2463.0,22.69193441313658,,,,,
2025-09-24T09:35:00.000000,2450.25,2451.6,2442.25,2448.35,1686,ASIANPAINT,NaN,2450.1109004081145,2450.9016149511776,46.25850016707626,2463.0,21.353077359771817,,,,,
2025-09-24T09:40:00.000000,2448.35,2452.0,2445.75,2450.5,1674,ASIANPAINT,NaN,2450.1887203264914,2450.8651045010706,46.471718653103956,2463.0,20.207490619722723,,,,,
2025-09-24T09:45:00.000000,2450.5,2454.0,2450.5,2453.4,253,ASIANPAINT,NaN,2450.830976261193,2451.0955495464277,47.213782466668356,2463.0,19.625103805107653,,,,,
2025-09-24T09:50:00.000000,2453.4,2461.6,2452.2,2459.45,1411,ASIANPAINT,NaN,2452.5547810089543,2451.855045042207,48.760613536501594,2463.0,20.501304330308873,,,,,
2025-09-24T09:55:00.000000,2459.45,2463.6,2459.45,2463.6,665,ASIANPAINT,NaN,2454.7638248071635,2452.922768220188,50.61005566594768,2463.0,21.6072258030629,,,,,
2025-09-24T10:00:00.000000,2463.6,2466.4,2462.35,2464.45,341,ASIANPAINT,NaN,2456.701059845731,2453.970698381989,52.36737799376003,2463.0,23.0139733658014,,,,,
2025-09-24T10:05:00.000000,2464.45,2466.95,2463.6,2463.6,260,ASIANPAINT,NaN,2458.080847876585,2454.846089438172,53.76665276460352,2463.0,24.392639404073044,,,,,
2025-09-24T10:10:00.000000,2463.6,2464.5,2459.0,2459.95,698,ASIANPAINT,NaN,2458.454678301268,2455.310081307429,54.277647068381384,2463.0,24.304582070713284,,,,,
2025-09-24T10:15:00.000000,2459.95,2464.0,2459.9,2462.8,553,ASIANPAINT,NaN,2459.323742641014,2455.9909830067536,55.09190383006622,2463.0,24.22281454687922,,,,,
2025-09-24T10:20:00.000000,2462.8,2466.95,2462.8,2464.1,804,ASIANPAINT,NaN,2460.2789941128112,2456.728166369776,55.9791707962997,2463.0,24.646345556296673,,,,,
2025-09-24T10:25:00.000000,2464.1,2469.0,2463.0,2466.65,602,ASIANPAINT,NaN,2461.553195290249,2457.630151245251,57.06135238878073,2463.0,25.357726947507825,,,,,
2025-09-24T10:30:00.000000,2466.65,2472.0,2465.0,2472.0,852,ASIANPAINT,NaN,2463.6425562321992,2458.9365011320465,58.52879915107704,2463.0,26.444799578607068,,,,,
2025-09-24T10:35:00.000000,2472.4,2472.4,2468.75,2468.8,218,ASIANPAINT,NaN,2464.6740449857593,2459.833182847315,59.22258820741408,2463.0,27.509153730008393,,,,,
2025-09-24T10:40:00.000000,2468.8,2471.4,2465.0,2466.65,452,ASIANPAINT,NaN,2465.0692359886075,2460.452893497559,59.45972035518513,2463.0,27.3307872540924,,,,,
2025-09-24T10:45:00.000000,2466.65,2466.65,2464.4,2465.95,62,ASIANPAINT,NaN,2465.245388790886,2460.9526304523265,59.54859983651386,2463.0,26.990832667490913,,,,,
2025-09-24T10:50:00.000000,2465.95,2468.35,2465.0,2468.35,218,ASIANPAINT,NaN,2465.866311032709,2461.625118593024,59.905023958208766,2463.0,26.986096398849835,,,,,
2025-09-24T10:55:00.000000,2468.35,2471.95,2466.7,2470.65,190,ASIANPAINT,NaN,2466.823048826167,2462.445562357295,60.47297804274742,2463.0,27.574880349039535,,,,,
2025-09-24T11:00:00.000000,2470.65,2473.7,2470.65,2472.45,666,ASIANPAINT,NaN,2467.9484390609337,2463.35505668845,61.168456019038224,2463.0,28.38139600588183,,,,,
2025-09-24T11:05:00.000000,2472.45,2475.0,2471.0,2471.95,2245,ASIANPAINT,NaN,2468.748751248747,2464.1364151713183,61.691588908231175,2463.0,29.318030427332506,,,,,
2025-09-24T11:10:00.000000,2471.95,2471.95,2468.4,2469.55,1084,ASIANPAINT,NaN,2468.9090009989977,2464.628559246653,61.667666698350104,2463.0,29.33123934492355,,,,,
2025-09-24T11:15:00.000000,2469.55,2473.0,2467.3,2467.9,645,ASIANPAINT,NaN,2468.7072007991983,2464.9259629515027,61.32530962728042,2463.0,28.9996063570588,,,,,
2025-09-24T11:20:00.000000,2467.9,2471.55,2466.4,2471.55,452,ASIANPAINT,NaN,2469.275760639359,2465.5281481377297,61.47671971099724,2463.0,28.409165284272206,,,,,
2025-09-24T11:25:00.000000,2471.55,2472.2,2469.25,2469.55,328,ASIANPAINT,NaN,2469.3306085114873,2465.8937710343,61.23141099272224,2463.0,27.997214975097673,,,,,
2025-09-24T11:30:00.000000,2469.55,2472.1,2468.0,2468.0,771,ASIANPAINT,NaN,2469.06448680919,2466.085246394818,60.725852650235915,2463.0,27.19863921871514,,,,,
2025-09-24T11:35:00.000000,2468.0,2471.0,2468.0,2469.2,406,ASIANPAINT,NaN,2469.091589447352,2466.368405813471,60.43823464859317,2463.0,26.457104587788503,,,,,
2025-09-24T11:40:00.000000,2469.2,2470.75,2469.0,2469.1,143,ASIANPAINT,NaN,2469.0932715578815,2466.6167325577007,60.15813163492972,2463.0,25.76853671621377,,,,,
2025-09-24T11:45:00.000000,2469.1,2472.55,2468.7,2470.1,851,ASIANPAINT,NaN,2469.2946172463053,2466.9333932342734,60.05646020355626,2463.0,25.596737065662957,,,,,
2025-09-24T11:50:00.000000,2470.1,2470.15,2468.0,2470.0,163,ASIANPAINT,NaN,2469.435693797044,2467.212175667521,59.941842088658774,2463.0,25.156057474216464,,,,,
2025-09-24T11:55:00.000000,2470.0,2473.0,2469.05,2470.65,457,ASIANPAINT,NaN,2469.6785550376353,2467.524705152292,59.945425475348266,2463.0,25.45318496069391,,,,,
2025-09-24T12:00:00.000000,2470.65,2473.5,2470.6,2472.8,516,ASIANPAINT,NaN,2470.302844030108,2468.0042774111744,60.28734170013864,2463.0,25.843507466490212,,,,,
2025-09-24T12:05:00.000000,2472.8,2473.6,2471.8,2471.95,1169,ASIANPAINT,NaN,2470.6322752240867,2468.362979464704,60.37612053228496,2463.0,26.229918280315186,,,,,
2025-09-24T12:10:00.000000,2472.0,2473.55,2469.0,2470.7,481,ASIANPAINT,NaN,2470.6458201792693,2468.5754358770037,60.13822366463785,2463.0,25.390983033513216,,,,,
2025-09-24T12:15:00.000000,2470.7,2471.15,2468.5,2468.6,413,ASIANPAINT,NaN,2470.2366561434155,2468.577668979094,59.427590660095234,2463.0,24.415880604158097,,,,,
2025-09-24T12:20:00.000000,2468.6,2469.6,2467.85,2469.6,285,ASIANPAINT,NaN,2470.1093249147325,2468.6706081628126,58.98320443692544,2463.0,23.25118680511584,,,,,
2025-09-24T12:25:00.000000,2469.6,2469.6,2465.25,2466.05,370,ASIANPAINT,NaN,2469.297459931786,2468.4323710571025,57.829317508410455,2463.0,21.958931485953713,,,,,
2025-09-24T12:30:00.000000,2466.05,2468.55,2462.3,2462.3,165,ASIANPAINT,NaN,2467.8979679454287,2467.874882779184,56.15647134740282,2463.0,21.64247877147426,,,,,
2025-09-24T12:35:00.000000,2462.3,2464.15,2462.3,2462.8,227,ASIANPAINT,NaN,2466.878374356343,2467.4135297992584,54.75575109513005,2463.0,21.348629822314766,,,,,
2025-09-24T12:40:00.000000,2462.8,2462.8,2460.65,2460.65,95,ASIANPAINT,NaN,2465.6326994850747,2466.798663453871,53.15644784820012,2463.0,21.535261653251005,,,,,
2025-09-24T12:45:00.000000,2460.65,2463.35,2460.65,2463.35,142,ASIANPAINT,NaN,2465.17615958806,2466.485148594428,52.31282769964155,2463.0,21.46738835917881,,,,,
2025-09-24T12:50:00.000000,2463.35,2468.4,2463.35,2466.9,369,ASIANPAINT,NaN,2465.5209276704477,2466.5228623585713,52.2197376414892,2463.0,20.291223386191486,,,,,
2025-09-24T12:55:00.000000,2466.9,2466.95,2464.9,2464.9,230,ASIANPAINT,NaN,2465.396742136358,2466.375329416883,51.78745119885212,2463.0,19.199070196988973,,,,,
2025-09-24T13:00:00.000000,2464.9,2468.2,2464.9,2468.2,117,ASIANPAINT,NaN,2465.9573937090863,2466.5412085608027,51.95588402424951,2463.0,18.574520302650928,,,,,
2025-09-24T13:05:00.000000,2468.2,2469.0,2465.4,2466.75,180,ASIANPAINT,NaN,2466.115914967269,2466.5601896007297,51.85091735026686,2463.0,18.238048901426016,,,,,
2025-09-24T13:10:00.000000,2466.75,2468.4,2465.4,2467.4,317,ASIANPAINT,NaN,2466.372731973815,2466.6365360006635,51.86724839818193,2463.0,17.92561117171717,,,,,
2025-09-24T13:15:00.000000,2467.45,2469.5,2466.0,2469.1,473,ASIANPAINT,NaN,2466.918185579052,2466.8604872733304,52.16884607207201,2463.0,17.987590239714176,,,,,
2025-09-24T13:20:00.000000,2469.1,2469.1,2466.75,2467.65,63,ASIANPAINT,NaN,2467.064548463242,2466.932261157573,52.15598531574914,2463.0,18.045142231425682,,,,,
2025-09-24T13:25:00.000000,2467.65,2467.65,2466.5,2467.0,124,ASIANPAINT,NaN,2467.0516387705934,2466.938419234157,52.01727276691903,2463.0,17.97249143775249,,,,,
2025-09-24T13:30:00.000000,2467.0,2468.4,2465.0,2465.4,343,ASIANPAINT,NaN,2466.721311016475,2466.798562940143,51.584435056294396,2463.0,17.172706701151565,,,,,
2025-09-24T13:35:00.000000,2465.4,2468.4,2465.0,2468.2,341,ASIANPAINT,NaN,2467.01704881318,2466.9259663092207,51.72863921367556,2463.0,16.43004944573642,,,,,
2025-09-24T13:40:00.000000,2468.2,2470.0,2467.7,2469.05,287,ASIANPAINT,NaN,2467.423639050544,2467.11906028111,52.01022753817192,2463.0,16.391547657757574,,,,,
2025-09-24T13:45:00.000000,2469.05,2471.55,2467.6,2471.55,480,ASIANPAINT,NaN,2468.248911240435,2467.521872982827,52.68269840709752,2463.0,16.911925687629,,,,,
2025-09-24T13:50:00.000000,2471.55,2471.6,2468.7,2468.75,414,ASIANPAINT,NaN,2468.349128992348,2467.6335208934793,52.70302275556409,2463.0,17.412608920029903,,,,,
2025-09-24T13:55:00.000000,2468.75,2470.0,2462.7,2464.1,285,ASIANPAINT,NaN,2467.4993031938784,2467.312291721345,51.92791588230276,2463.0,17.052863010112997,,,,,
2025-09-24T14:00:00.000000,2463.8,2467.2,2463.8,2466.15,376,ASIANPAINT,NaN,2467.2294425551027,2467.2066288375863,51.59397433452703,2463.0,16.718813236618725,,,,,
2025-09-24T14:05:00.000000,2466.15,2468.35,2466.15,2466.6,279,ASIANPAINT,NaN,2467.103554044082,2467.151480761442,51.371326773376914,2463.0,15.917942733034696,,,,,
2025-09-24T14:10:00.000000,2466.55,2468.45,2466.4,2468.3,534,ASIANPAINT,NaN,2467.3428432352657,2467.255891601311,51.4683935836752,2463.0,15.131381646116749,,,,,
2025-09-24T14:15:00.000000,2468.3,2470.8,2466.4,2466.4,272,ASIANPAINT,NaN,2467.1542745882125,2467.178083273919,51.21093415395664,2463.0,14.643632689654181,,,,,
2025-09-24T14:20:00.000000,2466.4,2466.4,2460.65,2460.65,566,ASIANPAINT,NaN,2465.85341967057,2466.5846211581083,50.123314096111194,2463.0,14.93181864701071,,,,,
2025-09-24T14:25:00.000000,2460.65,2461.0,2458.1,2460.15,282,ASIANPAINT,NaN,2464.712735736456,2465.9996555982802,49.07507539236071,2463.0,15.817056765652467,,,,,
2025-09-24T14:30:00.000000,2460.15,2460.15,2456.05,2456.9,658,ASIANPAINT,NaN,2463.150188589165,2465.1724141802547,47.731710254942236,2463.0,17.07665012422089,,,,,
2025-09-24T14:35:00.000000,2456.9,2459.6,2456.6,2457.6,516,ASIANPAINT,NaN,2462.0401508713317,2464.4840128911405,46.66493042560822,2463.0,18.246272528605854,,,,,
2025-09-24T14:40:00.000000,2457.6,2460.95,2457.6,2458.95,212,ASIANPAINT,NaN,2461.422120697065,2463.980920810128,45.98675801903397,2463.0,18.755776506111143,,,,,
2025-09-24T14:45:00.000000,2458.8,2462.05,2458.6,2459.55,378,ASIANPAINT,NaN,2461.047696557652,2463.5781098273887,45.501115283401916,2463.0,18.777508121009525,,,,,
2025-09-24T14:50:00.000000,2459.4,2461.45,2458.45,2458.95,364,ASIANPAINT,NaN,2460.6281572461216,2463.1573725703533,44.97071636981832,2463.0,18.840165015337675,,,,,
2025-09-24T14:55:00.000000,2458.95,2458.95,2452.5,2453.95,532,ASIANPAINT,NaN,2459.2925257968973,2462.3203387003214,43.8314756049449,2463.0,20.26928594758755,,,,,
2025-09-24T15:00:00.000000,2453.95,2457.5,2453.15,2453.5,513,ASIANPAINT,NaN,2458.134020637518,2461.518489727565,42.74878009392799,2463.0,21.59632681324815,,,,,
2025-09-24T15:05:00.000000,2453.5,2457.35,2453.5,2456.55,179,ASIANPAINT,NaN,2457.8172165100145,2461.066808843241,42.461572043589484,2463.0,22.828579045647277,,,,,
2025-09-24T15:10:00.000000,2456.55,2458.7,2454.6,2458.7,149,ASIANPAINT,NaN,2457.9937732080116,2460.851644402946,42.63531624687786,2463.0,23.34400148442059,,,,,
2025-09-24T15:15:00.000000,2458.7,2460.65,2457.8,2459.45,240,ASIANPAINT,NaN,2458.2850185664092,2460.7242221844963,42.938942942046644,2463.0,22.988718013184496,,,,,
2025-09-24T15:20:00.000000,2459.45,2459.5,2458.5,2458.5,1707,ASIANPAINT,NaN,2458.3280148531276,2460.522020167724,43.05532788016046,2463.0,22.65881193275098,,,,,
2025-09-24T15:25:00.000000,2458.5,2460.0,2458.5,2458.5,1028,ASIANPAINT,NaN,2458.362411882502,2460.3382001524765,43.16062853845391,2463.0,22.132623149085536,,,,,
2025-09-25T09:15:00.000000,2457.1,2458.5,2448.0,2453.15,1485,ASIANPAINT,NaN,2457.3199295060017,2459.6847274113425,42.45024521761992,2463.0,23.884514142529575,,,,,
2025-09-25T09:20:00.000000,2453.35,2463.0,2442.85,2444.2,1611,ASIANPAINT,NaN,2454.6959436048014,2458.2770249194023,40.93515820445923,2463.0,26.134574726391765,,,,,
2025-09-25T09:25:00.000000,2443.65,2445.2,2420.0,2435.3,13874,ASIANPAINT,NaN,2450.816754883841,2456.1882044721838,39.019532927409784,2463.0,29.622055048830557,,,,,
2025-09-25T09:30:00.000000,2435.3,2438.25,2433.9,2436.05,540,ASIANPAINT,NaN,2447.863403907073,2454.3574586110763,37.43102013286096,2463.0,32.86042963395229,,,,,
2025-09-25T09:35:00.000000,2436.05,2436.4,2428.3,2431.1,2064,ASIANPAINT,NaN,2444.5107231256584,2452.2431441918875,35.73848125388466,2463.0,36.06580563968762,,,,,
2025-09-25T09:40:00.000000,2429.5,2436.0,2428.9,2434.35,1490,ASIANPAINT,NaN,2442.4785785005265,2450.6164947198977,34.8055706514964,2463.0,39.042226216441854,,,,,
2025-09-25T09:45:00.000000,2434.35,2434.35,2427.45,2427.95,1070,ASIANPAINT,NaN,2439.5728628004213,2448.555904290816,33.610002159943086,2463.0,41.85728904674121,,,,,
2025-09-25T09:50:00.000000,2427.95,2430.6,2422.4,2425.65,982,ASIANPAINT,NaN,2436.788290240337,2446.4735493552876,32.41770094763515,2463.0,44.63722490426556,,,,,
2025-09-25T09:55:00.000000,2425.45,2425.85,2420.0,2424.25,785,ASIANPAINT,NaN,2434.28063219227,2444.453226686625,31.272510610850123,2463.0,47.29040650721979,,,,,
2025-09-25T10:00:00.000000,2425.55,2425.8,2420.0,2420.0,731,ASIANPAINT,NaN,2431.424505753816,2442.23020607875,30.046853721467137,2463.0,49.75407513853444,,,,,
2025-09-25T10:05:00.000000,2420.0,2423.9,2419.0,2420.0,769,ASIANPAINT,NaN,2429.1396046030527,2440.209278253409,28.937926059644436,2463.0,52.07384421064995,,,,,
2025-09-25T10:10:00.000000,2420.0,2420.6,2416.8,2417.85,299,ASIANPAINT,NaN,2426.881683682442,2438.1766165940085,27.839696911375537,2463.0,54.297949406519386,,,,,
2025-09-25T10:15:00.000000,2417.85,2419.2,2415.55,2416.65,812,ASIANPAINT,NaN,2424.835346945954,2436.219651449099,26.793801475049182,2463.0,56.402355943749725,,,,,
2025-09-25T10:20:00.000000,2416.65,2421.7,2416.65,2418.8,505,ASIANPAINT,NaN,2423.6282775567634,2434.6360467719082,26.30153322729321,2463.0,57.49380004018831,,,,,
2025-09-25T10:25:00.000000,2418.0,2420.95,2415.55,2420.0,723,ASIANPAINT,NaN,2422.9026220454107,2433.305497065371,26.10482790099215,2463.0,58.56837184733866,,,,,
2025-09-25T10:30:00.000000,2420.0,2425.8,2419.85,2425.0,472,ASIANPAINT,NaN,2423.3220976363286,2432.55045187761,26.86526545971088,2463.0,58.020506659662104,,,,,
2025-09-25T10:35:00.000000,2425.0,2425.0,2419.0,2422.0,188,ASIANPAINT,NaN,2423.057678109063,2431.5913198887365,27.301603889263024,2463.0,57.59287715274207,,,,,
2025-09-25T10:40:00.000000,2422.0,2422.0,2418.0,2420.55,287,ASIANPAINT,NaN,2422.5561424872503,2430.587563535215,27.580227588390095,2463.0,57.293313624754774,,,,,
2025-09-25T10:45:00.000000,2420.55,2420.6,2412.3,2413.55,1244,ASIANPAINT,NaN,2420.7549139898,2429.0386941229226,27.349243347619588,2463.0,57.510234390198605,,,,,
2025-09-25T10:50:00.000000,2413.55,2417.55,2413.55,2416.55,186,ASIANPAINT,NaN,2419.91393119184,2427.903358293566,27.652634801879994,2463.0,57.71166081525359,,,,,
2025-09-25T10:55:00.000000,2416.55,2419.75,2415.0,2419.75,836,ASIANPAINT,NaN,2419.8811449534724,2427.1621439032415,28.431735304611163,2463.0,57.183831461040185,,,,,
2025-09-25T11:00:00.000000,2419.75,2421.05,2417.8,2419.2,617,ASIANPAINT,NaN,2419.7449159627777,2426.4383126393104,29.089126561264038,2463.0,56.283480324977695,,,,,
2025-09-25T11:05:00.000000,2419.2,2419.2,2416.6,2418.0,188,ASIANPAINT,NaN,2419.3959327702223,2425.671193308464,29.577319736485947,2463.0,55.59228617612373,,,,,
2025-09-25T11:10:00.000000,2418.0,2421.2,2415.0,2420.8,335,ASIANPAINT,NaN,2419.676746216178,2425.228357553149,30.480914900849243,2463.0,54.30511332144848,,,,,
2025-09-25T11:15:00.000000,2420.8,2421.0,2419.65,2420.9,190,ASIANPAINT,NaN,2419.921396972942,2424.834870502863,31.314862384196967,2463.0,53.10988138496433,,,,,
2025-09-25T11:20:00.000000,2420.9,2420.9,2417.0,2417.0,123,ASIANPAINT,NaN,2419.3371175783536,2424.1226095480574,31.672716004005647,2463.0,52.38577785073658,,,,,
2025-09-25T11:25:00.000000,2417.0,2418.1,2414.3,2418.1,235,ASIANPAINT,NaN,2419.089694062683,2423.575099589143,32.189636512842704,2463.0,52.06652678041097,,,,,
2025-09-25T11:30:00.000000,2418.1,2418.45,2415.2,2416.4,101,ASIANPAINT,NaN,2418.5517552501465,2422.9228178083117,32.48271618401347,2463.0,51.64374217022854,,,,,
2025-09-25T11:35:00.000000,2416.4,2418.6,2415.0,2415.5,453,ASIANPAINT,NaN,2417.941404200117,2422.248016189374,32.65584468017255,2463.0,51.2792549767258,,,,,
2025-09-25T11:40:00.000000,2415.5,2415.55,2413.0,2413.65,214,ASIANPAINT,NaN,2417.083123360094,2421.4663783539763,32.62565687862083,2463.0,51.21928434638686,,,,,
2025-09-25T11:45:00.000000,2413.65,2413.65,2408.4,2410.9,1246,ASIANPAINT,NaN,2415.846498688075,2420.5057985036146,32.3400194551682,2463.0,51.705229248452056,,,,,
2025-09-25T11:50:00.000000,2410.9,2410.9,2408.0,2408.0,275,ASIANPAINT,NaN,2414.27719895046,2419.368907730559,31.836195975038734,2463.0,52.198817845854215,,,,,
2025-09-25T11:55:00.000000,2408.0,2410.0,2407.55,2408.8,309,ASIANPAINT,NaN,2413.181759160368,2418.408097936872,31.555340646411093,2463.0,52.70688764317423,,,,,
2025-09-25T12:00:00.000000,2408.8,2410.0,2406.2,2409.45,756,ASIANPAINT,NaN,2412.4354073282943,2417.593725397156,31.447270603777238,2463.0,53.328508091545544,,,,,
2025-09-25T12:05:00.000000,2409.45,2409.45,2405.4,2406.05,258,ASIANPAINT,NaN,2411.1583258626356,2416.5442958155963,31.035696791337248,2463.0,53.993533079494924,,,,,
2025-09-25T12:10:00.000000,2406.15,2408.75,2401.0,2402.0,1270,ASIANPAINT,NaN,2409.3266606901084,2415.2220871050877,30.34816774804536,2463.0,55.03464863243663,,,,,
2025-09-25T12:15:00.000000,2402.0,2404.8,2400.1,2400.9,951,ASIANPAINT,NaN,2407.6413285520866,2413.920079186443,29.647970037364658,2463.0,56.07724485029506,,,,,
2025-09-25T12:20:00.000000,2400.9,2404.7,2400.8,2401.85,484,ASIANPAINT,NaN,2406.4830628416694,2412.822799260403,29.242159177318747,2463.0,57.04536990973504,,,,,
2025-09-25T12:25:00.000000,2401.85,2402.7,2396.0,2396.7,2101,ASIANPAINT,NaN,2404.5264502733353,2411.35709023673,28.50398750932154,2463.0,58.319283309628474,,,,,
2025-09-25T12:30:00.000000,2396.75,2398.6,2395.3,2396.4,444,ASIANPAINT,NaN,2402.9011602186683,2409.9973547606637,27.816602560912223,2463.0,59.54962247734813,,,,,
2025-09-25T12:35:00.000000,2396.4,2396.9,2393.0,2395.7,983,ASIANPAINT,NaN,2401.4609281749345,2408.697595236967,27.147248320348808,2463.0,60.841468111015004,,,,,
2025-09-25T12:40:00.000000,2395.7,2396.25,2391.5,2392.1,1342,ASIANPAINT,NaN,2399.5887425399474,2407.1887229426975,26.31450890565129,2463.0,62.1315511839381,,,,,
2025-09-25T12:45:00.000000,2392.2,2393.4,2391.0,2393.0,564,ASIANPAINT,NaN,2398.270994031958,2405.898839038816,25.793911364146506,2463.0,63.359525048512964,,,,,
2025-09-25T12:50:00.000000,2393.0,2396.0,2391.55,2395.2,400,ASIANPAINT,NaN,2397.6567952255664,2404.926217308014,25.87399245621324,2463.0,63.21352361508375,,,,,
2025-09-25T12:55:00.000000,2395.2,2395.8,2393.0,2394.2,781,ASIANPAINT,NaN,2396.9654361804533,2403.9511066436494,25.85880549090887,2463.0,63.07795085547092,,,,,
2025-09-25T13:00:00.000000,2394.0,2395.55,2392.0,2393.8,1010,ASIANPAINT,NaN,2396.332348944363,2403.028278766954,25.80915062547325,2463.0,63.07052839769545,,,,,
2025-09-25T13:05:00.000000,2393.75,2398.0,2392.35,2396.85,806,ASIANPAINT,NaN,2396.43587915549,2402.466617060867,26.528473603649445,2463.0,61.88063231709226,,,,,
2025-09-25T13:10:00.000000,2396.8,2398.9,2393.0,2394.4,1620,ASIANPAINT,NaN,2396.028703324392,2401.733288237152,26.909002943873165,2463.0,60.371537097109176,,,,,
2025-09-25T13:15:00.000000,2394.35,2395.85,2393.0,2394.45,549,ASIANPAINT,NaN,2395.712962659514,2401.0711711246836,27.265639036948134,2463.0,58.970234392839174,,,,,
2025-09-25T13:20:00.000000,2394.5,2394.65,2388.0,2391.6,2162,ASIANPAINT,NaN,2394.890370127611,2400.210155567894,27.288261096114866,2463.0,58.51275210501039,,,,,
2025-09-25T13:25:00.000000,2391.6,2398.8,2391.6,2397.05,691,ASIANPAINT,NaN,2395.322296102089,2399.9228686980855,28.514831598334325,2463.0,56.43965258140354,,,,,
2025-09-25T13:30:00.000000,2397.15,2406.2,2396.15,2403.05,4399,ASIANPAINT,NaN,2396.867836881671,2400.207153361896,30.602268928559667,2463.0,52.43283184507893,,,,,
2025-09-25T13:35:00.000000,2403.0,2406.55,2401.45,2406.55,450,ASIANPAINT,NaN,2398.804269505337,2400.783775783542,32.950205678591146,2463.0,48.74428607311383,,,,,
2025-09-25T13:40:00.000000,2406.6,2408.4,2403.0,2408.4,553,ASIANPAINT,NaN,2400.7234156042696,2401.47615980322,35.298155507346905,2463.0,45.74869625331104,,,,,
2025-09-25T13:45:00.000000,2408.75,2411.3,2407.2,2409.65,1320,ASIANPAINT,NaN,2402.5087324834158,2402.2192361847456,37.57100257931055,2463.0,43.58495425782841,,,,,
2025-09-25T13:50:00.000000,2409.65,2413.8,2407.2,2407.2,1291,ASIANPAINT,NaN,2403.4469859867327,2402.6720328952233,39.221457932669594,2463.0,42.05486217086991,,,,,
2025-09-25T13:55:00.000000,2406.1,2408.4,2403.6,2407.95,371,ASIANPAINT,NaN,2404.347588789386,2403.1518480865666,40.81437205740083,2463.0,39.67810322100596,,,,,
2025-09-25T14:00:00.000000,2407.95,2410.8,2404.8,2407.15,678,ASIANPAINT,NaN,2404.908071031509,2403.515316442333,42.11726964189876,2463.0,37.94622656237069,,,,,
2025-09-25T14:05:00.000000,2407.15,2407.7,2404.8,2406.15,538,ASIANPAINT,NaN,2405.156456825207,2403.754833129394,43.12085073717785,2463.0,36.33805537935223,,,,,
2025-09-25T14:10:00.000000,2406.05,2406.05,2401.25,2405.4,546,ASIANPAINT,NaN,2405.2051654601655,2403.9043937539946,43.89572889742146,2463.0,33.928040492457846,,,,,
2025-09-25T14:15:00.000000,2403.65,2405.95,2403.3,2405.25,378,ASIANPAINT,NaN,2405.2141323681326,2404.0267215945405,44.56905616721867,2463.0,31.69016952605592,,,,,
2025-09-25T14:20:00.000000,2405.15,2405.2,2402.6,2403.2,384,ASIANPAINT,NaN,2404.811305894506,2403.9515650859457,44.80347230852202,2463.0,29.430435620123497,,,,,
2025-09-25T14:25:00.000000,2403.2,2406.0,2400.1,2401.45,704,ASIANPAINT,NaN,2404.1390447156045,2403.7241500781324,44.71869136563581,2463.0,27.946631658081554,,,,,
2025-09-25T14:30:00.000000,2401.45,2405.05,2400.0,2404.8,390,ASIANPAINT,NaN,2404.2712357724836,2403.821954616484,45.28410955519979,2463.0,26.59319197314131,,,,,
2025-09-25T14:35:00.000000,2404.8,2405.25,2401.15,2404.1,859,ASIANPAINT,NaN,2404.2369886179868,2403.847231469531,45.66861148966089,2463.0,25.274270607186025,,,,,
2025-09-25T14:40:00.000000,2404.05,2404.05,2401.6,2402.0,319,ASIANPAINT,NaN,2403.789590894389,2403.679301335937,45.648128804061145,2463.0,24.04955791022755,,,,,
2025-09-25T14:45:00.000000,2402.0,2404.45,2401.55,2402.3,159,ASIANPAINT,NaN,2403.4916727155114,2403.5539103053975,45.69152505272103,2463.0,22.77190360702693,,,,,
2025-09-25T14:50:00.000000,2402.3,2403.05,2400.15,2401.8,210,ASIANPAINT,NaN,2403.1533381724093,2403.3944639139977,45.63880744135536,2463.0,22.015379531803088,,,,,
2025-09-25T14:55:00.000000,2401.8,2401.8,2397.0,2398.0,996,ASIANPAINT,NaN,2402.1226705379277,2402.9040581036343,44.9619288638882,2463.0,22.15658582210682,,,,,
2025-09-25T15:00:00.000000,2398.0,2401.15,2397.75,2400.0,1312,ASIANPAINT,NaN,2401.698136430342,2402.640052821486,44.797956281889,2463.0,22.28770594881743,,,,,
2025-09-25T15:05:00.000000,2400.0,2403.6,2400.0,2403.3,1090,ASIANPAINT,NaN,2402.0185091442736,2402.7000480195325,45.29724963030581,2463.0,21.45120299402103,,,,,
2025-09-25T15:10:00.000000,2403.3,2405.0,2400.5,2401.95,1210,ASIANPAINT,NaN,2402.004807315419,2402.6318618359387,45.510052278723045,2463.0,20.181386478203162,,,,,
2025-09-25T15:15:00.000000,2401.95,2406.0,2400.6,2405.3,563,ASIANPAINT,NaN,2402.6638458523353,2402.8744198508534,46.29299476432393,2463.0,18.816755686732957,,,,,
2025-09-25T15:20:00.000000,2406.0,2408.0,2403.4,2405.1,1212,ASIANPAINT,NaN,2403.1510766818683,2403.076745318958,46.9627913304475,2463.0,18.184294390719025,,,,,
2025-09-25T15:25:00.000000,2405.1,2408.95,2400.1,2405.05,1572,ASIANPAINT,NaN,2403.5308613454945,2403.2561321081434,47.5585100240372,2463.0,17.254925131935064,,,,,
2025-09-26T09:15:00.000000,2398.0,2402.95,2367.05,2368.3,3174,ASIANPAINT,NaN,2396.4846890763956,2400.078301916494,44.975951227159065,2402.95,20.43909342658431,,,,,
2025-09-26T09:20:00.000000,2368.3,2376.8,2368.3,2370.0,643,ASIANPAINT,NaN,2391.1877512611163,2397.3439108331763,42.86490391058181,2402.95,23.39582112875861,,,,,
2025-09-26T09:25:00.000000,2370.0,2373.85,2368.9,2371.6,434,ASIANPAINT,NaN,2387.270201008893,2395.0035553028874,41.17022205298857,2402.95,26.141353995063316,,,,,
2025-09-26T09:30:00.000000,2371.6,2371.6,2366.0,2368.1,1156,ASIANPAINT,NaN,2383.4361608071144,2392.5577775480797,39.48282768667553,2402.95,28.858324611533565,,,,,
2025-09-26T09:35:00.000000,2368.1,2368.5,2364.2,2364.2,253,ASIANPAINT,NaN,2379.5889286456913,2389.9797977709813,37.795576758604135,2402.95,31.482189672902088,,,,,
2025-09-26T09:40:00.000000,2364.2,2368.5,2364.2,2367.0,364,ASIANPAINT,NaN,2377.071142916553,2387.890725246347,36.661324792752,2402.95,33.918635801315716,,,,,
2025-09-26T09:45:00.000000,2367.0,2369.05,2364.5,2369.05,188,ASIANPAINT,NaN,2375.4669143332426,2386.1779320421333,35.91644980990728,2402.95,36.0179341435008,,,,,
2025-09-26T09:50:00.000000,2369.05,2370.7,2367.0,2369.95,201,ASIANPAINT,NaN,2374.363531466594,2384.7026654928486,35.36787295817858,2402.95,37.469728417043406,,,,,
2025-09-26T09:55:00.000000,2369.95,2378.0,2369.95,2376.1,445,ASIANPAINT,NaN,2374.710825173275,2383.9206049934987,35.6684995682791,2402.95,36.93163405467801,,,,,
2025-09-26T10:00:00.000000,2376.1,2378.1,2375.05,2378.1,244,ASIANPAINT,NaN,2375.3886601386203,2383.391459084999,36.17627109357931,2402.95,36.40890654845121,,,,,
2025-09-26T10:05:00.000000,2378.1,2378.1,2374.8,2375.9,79,ASIANPAINT,NaN,2375.490928110896,2382.7104173499993,36.45788803348153,2402.95,35.95693665047313,,,,,
2025-09-26T10:10:00.000000,2375.9,2375.9,2373.1,2373.1,99,ASIANPAINT,NaN,2375.012742488717,2381.8367430454537,36.49375197468205,2402.95,35.7690752963852,,,,,
2025-09-26T10:15:00.000000,2373.1,2376.6,2369.0,2369.0,833,ASIANPAINT,NaN,2373.8101939909734,2380.669766404958,36.228790918753695,2402.95,36.10702317240154,,,,,
2025-09-26T10:20:00.000000,2369.0,2372.4,2366.65,2370.0,327,ASIANPAINT,NaN,2373.0481551927787,2379.699787640871,36.12658662359813,2402.95,36.68550416248801,,,,,
2025-09-26T10:25:00.000000,2370.0,2372.0,2364.75,2364.75,114,ASIANPAINT,NaN,2371.388524154223,2378.3407160371553,35.66697439803802,2402.95,37.42764949102213,,,,,
2025-09-26T10:30:00.000000,2364.75,2367.0,2360.0,2360.0,747,ASIANPAINT,NaN,2369.1108193233786,2376.6733782155957,34.96337838581901,2402.95,38.57660408654434,,,,,
2025-09-26T10:35:00.000000,2360.0,2360.35,2358.0,2360.0,241,ASIANPAINT,NaN,2367.288655458703,2375.1576165596325,34.32679151762086,2402.95,39.817057643249264,,,,,
2025-09-26T10:40:00.000000,2360.0,2362.05,2358.0,2362.05,190,ASIANPAINT,NaN,2366.2409243669626,2373.9660150542113,34.06564590421235,2402.95,40.460271454045746,,,,,
2025-09-26T10:45:00.000000,2362.05,2362.9,2360.05,2362.9,124,ASIANPAINT,NaN,2365.57273949357,2372.9600136856466,33.96076193327901,2402.95,40.80243936451601,,,,,
2025-09-26T10:50:00.000000,2362.9,2365.35,2361.8,2365.35,131,ASIANPAINT,NaN,2365.5281915948563,2372.2681942596787,34.24194824512348,2402.95,40.400894062358,,,,,
2025-09-26T10:55:00.000000,2365.35,2367.2,2364.7,2365.4,523,ASIANPAINT,NaN,2365.502553275885,2371.6438129633443,34.50412347895017,2402.95,39.51272789717729,,,,,
2025-09-26T11:00:00.000000,2365.4,2365.4,2363.05,2363.05,81,ASIANPAINT,NaN,2365.012042620708,2370.862557239404,34.524910876560895,2402.95,38.93888361555256,,,,,
2025-09-26T11:05:00.000000,2363.05,2368.05,2362.85,2365.15,43,ASIANPAINT,NaN,2365.0396340965667,2370.3432338540038,34.890705044008435,2402.95,37.67560669085158,,,,,
2025-09-26T11:10:00.000000,2365.15,2365.15,2360.65,2360.65,215,ASIANPAINT,NaN,2364.1617072772533,2369.462030776367,34.804741419585504,2402.95,36.868257728602124,,,,,
2025-09-26T11:15:00.000000,2360.65,2362.3,2360.2,2361.7,68,ASIANPAINT,NaN,2363.669365821803,2368.7563916148792,34.90219789488743,2402.95,36.19283081327021,,,,,
2025-09-26T11:20:00.000000,2361.7,2364.05,2361.7,2362.65,187,ASIANPAINT,NaN,2363.465492657442,2368.2012651044356,35.15196513744849,2402.95,35.05754286906231,,,,,
2025-09-26T11:25:00.000000,2362.65,2364.5,2361.5,2364.5,35,ASIANPAINT,NaN,2363.672394125954,2367.864786458578,35.690537662787946,2402.95,33.872519078930864,,,,,
2025-09-26T11:30:00.000000,2364.5,2365.0,2362.3,2364.15,44,ASIANPAINT,NaN,2363.767915300763,2367.5270785987072,36.136658808806175,2402.95,32.62073551470223,,,,,
2025-09-26T11:35:00.000000,2364.15,2364.15,2361.9,2363.0,15,ASIANPAINT,NaN,2363.6143322406106,2367.115525998825,36.4014007710033,2402.95,31.54907396478644,,,,,
2025-09-26T11:40:00.000000,2363.0,2363.5,2361.8,2361.8,56,ASIANPAINT,NaN,2363.2514657924885,2366.632296362568,36.49635642357793,2402.95,30.57791265206322,,,,,
2025-09-26T11:45:00.000000,2361.8,2363.5,2361.8,2361.85,61,ASIANPAINT,NaN,2362.9711726339906,2366.197542147789,36.59268591645576,2402.95,29.676120004534514,,,,,
2025-09-26T11:50:00.000000,2361.85,2365.0,2361.85,2364.4,22,ASIANPAINT,NaN,2363.2569381071926,2366.034129225263,37.20097744667187,2402.95,28.281581279370982,,,,,
2025-09-26T11:55:00.000000,2364.4,2366.8,2364.15,2366.8,376,ASIANPAINT,NaN,2363.965550485754,2366.103753841148,38.194008531562815,2402.95,26.367185628486258,,,,,
2025-09-26T12:00:00.000000,2366.8,2367.3,2365.85,2367.3,32,ASIANPAINT,NaN,2364.6324403886033,2366.2125034919527,39.18204836059039,2402.95,24.5448902954918,,,,,
2025-09-26T12:05:00.000000,2367.3,2367.3,2365.4,2367.1,209,ASIANPAINT,NaN,2365.1259523108824,2366.2931849926845,40.04047699989149,2402.95,22.88776841342176,,,,,
2025-09-26T12:10:00.000000,2365.75,2369.8,2365.75,2368.0,216,ASIANPAINT,NaN,2365.700761848706,2366.4483499933494,40.994129804561275,2402.95,21.992599536710127,,,,,
2025-09-26T12:15:00.000000,2369.3,2369.3,2365.0,2365.0,37,ASIANPAINT,NaN,2365.5606094789646,2366.316681812136,41.31314327552763,2402.95,20.877924437626763,,,,,
2025-09-26T12:20:00.000000,2365.0,2370.0,2364.3,2370.0,144,ASIANPAINT,NaN,2366.4484875831718,2366.6515289201234,42.50264455308703,2402.95,19.842868988477925,,,,,
2025-09-26T12:25:00.000000,2370.0,2373.95,2370.0,2372.35,209,ASIANPAINT,NaN,2367.6287900665375,2367.169571745567,43.92736265144002,2402.95,20.085914076792225,,,,,
2025-09-26T12:30:00.000000,2372.35,2372.35,2369.6,2369.6,66,ASIANPAINT,NaN,2368.02303205323,2367.3905197686972,44.71968626054886,2402.95,20.142038699614425,,,,,
2025-09-26T12:35:00.000000,2369.6,2371.4,2369.0,2369.0,51,ASIANPAINT,NaN,2368.218425642584,2367.536836153361,45.33265027800852,2402.95,19.933631273249585,,,,,
2025-09-26T12:40:00.000000,2369.0,2373.95,2367.85,2373.95,48,ASIANPAINT,NaN,2369.3647405140673,2368.11985104851,46.615185168882576,2402.95,20.45759717581899,,,,,
2025-09-26T12:45:00.000000,2373.95,2374.0,2372.0,2373.7,48,ASIANPAINT,NaN,2370.231792411254,2368.6271373168274,47.728313381148375,2402.95,20.957414956544266,,,,,
2025-09-26T12:50:00.000000,2373.7,2373.7,2370.45,2370.45,94,ASIANPAINT,NaN,2370.275433929003,2368.7928521062067,48.14869108552631,2402.95,20.70578848540441,,,,,
2025-09-26T12:55:00.000000,2370.45,2370.55,2369.7,2369.7,9,ASIANPAINT,NaN,2370.1603471432027,2368.8753200965516,48.40196129725259,2402.95,20.142014247630236,,,,,
2025-09-26T13:00:00.000000,2369.7,2376.5,2369.7,2376.5,188,ASIANPAINT,NaN,2371.4282777145622,2369.568472815047,49.567651516956985,2402.95,21.18557066830598,,,,,
2025-09-26T13:05:00.000000,2376.5,2376.5,2371.2,2372.6,28,ASIANPAINT,NaN,2371.6626221716497,2369.844066195497,49.98760272428036,2402.95,22.154587344647748,,,,,
2025-09-26T13:10:00.000000,2372.6,2372.8,2364.0,2364.0,577,ASIANPAINT,NaN,2370.13009773732,2369.3127874504517,49.303589313612235,2402.95,20.6017934125225,,,,,
2025-09-26T13:15:00.000000,2364.0,2364.0,2358.0,2358.0,258,ASIANPAINT,NaN,2367.704078189856,2368.2843522276835,48.13608462064116,2402.95,20.50975225719861,,,,,
2025-09-26T13:20:00.000000,2358.0,2358.0,2354.15,2354.15,142,ASIANPAINT,NaN,2364.9932625518845,2366.999411116076,46.77958718820319,2402.95,21.09243387471032,,,,,
2025-09-26T13:25:00.000000,2354.15,2355.9,2353.0,2355.0,108,ASIANPAINT,NaN,2362.9946100415077,2365.908555560069,45.6771198085453,2402.95,21.81667612443827,,,,,
2025-09-26T13:30:00.000000,2355.0,2355.1,2351.0,2351.0,308,ASIANPAINT,NaN,2360.595688033206,2364.5532323273355,44.373500379089265,2402.95,22.7990678388669,,,,,
2025-09-26T13:35:00.000000,2351.0,2351.95,2350.0,2351.6,542,ASIANPAINT,NaN,2358.796550426565,2363.375665752123,43.288189391604156,2402.95,23.862485134865008,,,,,
2025-09-26T13:40:00.000000,2351.6,2353.0,2350.4,2353.0,36,ASIANPAINT,NaN,2357.637240341252,2362.432423411021,42.531178585306094,2402.95,24.497670856501163,,,,,
2025-09-26T13:45:00.000000,2353.0,2353.2,2351.1,2353.2,24,ASIANPAINT,NaN,2356.7497922730017,2361.593112191837,41.87947025343879,2402.95,25.018321521054727,,,,,
2025-09-26T13:50:00.000000,2353.2,2353.2,2350.05,2350.5,1169,ASIANPAINT,NaN,2355.4998338184014,2360.5846474471246,41.04274434434058,2402.95,25.69475527117677,,,,,
2025-09-26T13:55:00.000000,2350.5,2350.5,2350.4,2350.4,4,ASIANPAINT,NaN,2354.479867054721,2359.658770406477,40.27659423221121,2402.95,26.322872324861525,,,,,
2025-09-26T14:00:00.000000,2350.4,2351.65,2350.0,2350.0,270,ASIANPAINT,NaN,2353.5838936437767,2358.7807003695243,39.54475239820445,2402.95,26.446001932501627,,,,,
2025-09-26T14:05:00.000000,2350.0,2353.05,2350.0,2351.35,244,ASIANPAINT,NaN,2353.1371149150214,2358.105182154113,39.157352805388854,2402.95,26.019928897449834,,,,,
2025-09-26T14:10:00.000000,2351.35,2354.8,2351.35,2354.8,59,ASIANPAINT,NaN,2353.469691932017,2357.804711049194,39.454355049978304,2402.95,24.990232622844978,,,,,
2025-09-26T14:15:00.000000,2354.8,2355.55,2353.0,2355.55,376,ASIANPAINT,NaN,2353.8857535456136,2357.599737317449,39.855423451037474,2402.95,23.77192063189756,,,,,
2025-09-26T14:20:00.000000,2355.55,2355.55,2352.0,2352.0,130,ASIANPAINT,NaN,2353.508602836491,2357.09067028859,39.763732985142845,2402.95,22.937168325211793,,,,,
2025-09-26T14:25:00.000000,2352.0,2354.3,2351.45,2354.25,29,ASIANPAINT,NaN,2353.6568822691925,2356.832427535082,40.08482590324168,2402.95,22.325399291948514,,,,,
2025-09-26T14:30:00.000000,2354.25,2354.25,2351.55,2352.8,124,ASIANPAINT,NaN,2353.485505815354,2356.4658432137107,40.18649270144577,2402.95,21.757328046775477,,,,,
2025-09-26T14:35:00.000000,2352.8,2352.8,2350.3,2351.55,282,ASIANPAINT,NaN,2353.098404652283,2356.0189483761005,40.118061228432204,2402.95,21.622304469104517,,,,,
2025-09-26T14:40:00.000000,2351.55,2351.55,2350.05,2350.05,99,ASIANPAINT,NaN,2352.4887237218263,2355.4763167055457,39.86731380212456,2402.95,21.574954932479788,,,,,
2025-09-26T14:45:00.000000,2350.05,2351.0,2347.4,2348.85,338,ASIANPAINT,NaN,2351.760978977461,2354.8739242777688,39.49234298577258,2402.95,22.291266512104745,,,,,
2025-09-26T14:50:00.000000,2348.85,2349.5,2344.2,2344.2,602,ASIANPAINT,NaN,2350.248783181969,2353.9035675252444,38.64809819360218,2402.95,23.68446742522479,,,,,
2025-09-26T14:55:00.000000,2344.2,2346.45,2344.0,2344.0,56,ASIANPAINT,NaN,2348.9990265455754,2353.003243204768,37.8644543094306,2402.95,25.019440792895587,,,,,
2025-09-26T15:00:00.000000,2344.0,2347.8,2343.0,2347.0,423,ASIANPAINT,NaN,2348.5992212364604,2352.4574938225164,37.810367133824776,2402.95,25.574348682237677,,,,,
2025-09-26T15:05:00.000000,2347.0,2347.3,2344.6,2345.8,210,ASIANPAINT,NaN,2348.0393769891684,2351.8522671113788,37.616383045633,2402.95,26.089620293769617,,,,,
2025-09-26T15:10:00.000000,2345.8,2345.8,2340.25,2342.0,986,ASIANPAINT,NaN,2346.831501591335,2350.95660646489,37.02441653147461,2402.95,27.533197977342848,,,,,
2025-09-26T15:15:00.000000,2342.0,2342.5,2340.65,2341.85,168,ASIANPAINT,NaN,2345.835201273068,2350.1287331498997,36.47336848436255,2402.95,28.873662969232278,,,,,
2025-09-26T15:20:00.000000,2341.85,2342.3,2340.05,2341.4,380,ASIANPAINT,NaN,2344.9481610184544,2349.3352119544543,35.925930172531444,2402.95,30.23788744273592,,,,,
2025-09-26T15:25:00.000000,2341.4,2342.5,2340.0,2340.0,351,ASIANPAINT,NaN,2343.9585288147637,2348.486556322231,35.277980932634776,2402.95,31.387762696539028,,,,,
2025-09-29T09:15:00.000000,2342.0,2350.7,2331.0,2333.85,792,ASIANPAINT,NaN,2341.9368230518107,2347.1559602929374,34.1427516921561,2350.7,33.793128062603124,,,,,
2025-09-29T09:20:00.000000,2333.85,2334.2,2329.55,2332.6,505,ASIANPAINT,NaN,2340.0694584414487,2345.8326911753975,33.02326065487121,2350.7,36.16915039010587,,,,,
2025-09-29T09:25:00.000000,2332.6,2335.6,2330.9,2334.75,381,ASIANPAINT,NaN,2339.0055667531587,2344.8251737958158,32.53833893714997,2350.7,37.70680677930708,,,,,
2025-09-29T09:30:00.000000,2334.75,2341.15,2334.75,2341.05,190,ASIANPAINT,NaN,2339.414453402527,2344.4819761780145,33.362071658608265,2350.7,36.96016098875062,,,,,
2025-09-29T09:35:00.000000,2341.05,2350.0,2341.05,2350.0,385,ASIANPAINT,NaN,2341.5315627220216,2344.983614707286,35.33741409665034,2350.7,34.63649792168635,,,,,
2025-09-29T09:40:00.000000,2350.0,2351.8,2346.2,2350.0,427,ASIANPAINT,NaN,2343.2252501776175,2345.439649733896,37.12462868345031,2350.7,32.831833696619945,,,,,
2025-09-29T09:45:00.000000,2350.0,2350.75,2348.5,2350.0,78,ASIANPAINT,NaN,2344.580200142094,2345.854227030815,38.74163235722171,2350.7,31.156074059058284,,,,,
2025-09-29T09:50:00.000000,2350.0,2351.0,2350.0,2351.0,187,ASIANPAINT,NaN,2345.864160113675,2346.322024573468,40.334611079753124,2350.7,29.65348972279533,,,,,
2025-09-29T09:55:00.000000,2351.0,2352.35,2350.0,2352.0,110,ASIANPAINT,NaN,2347.09132809094,2346.838204157698,41.907474890178435,2350.7,28.55252178207462,,,,,
2025-09-29T10:00:00.000000,2352.0,2353.0,2351.45,2352.9,61,ASIANPAINT,NaN,2348.253062472752,2347.389276506998,43.450524353237256,2350.7,27.67241351229436,,,,,
2025-09-29T10:05:00.000000,2352.9,2355.2,2352.5,2353.9,377,ASIANPAINT,NaN,2349.3824499782017,2347.9811604609076,44.981288757482304,2350.7,27.32201311349431,,,,,
2025-09-29T10:10:00.000000,2353.9,2355.6,2352.8,2355.1,26,ASIANPAINT,NaN,2350.5259599825613,2348.6283276917343,46.52739980019919,2350.7,27.079651041427187,,,,,
2025-09-29T10:15:00.000000,2355.1,2355.6,2352.7,2353.75,182,ASIANPAINT,NaN,2351.170767986049,2349.093934265213,47.64524841655164,2350.7,26.81888423411774,,,,,
2025-09-29T10:20:00.000000,2353.75,2353.75,2348.5,2350.6,206,ASIANPAINT,NaN,2351.0566143888395,2349.230849332012,48.057145108604715,2350.7,25.2160991115837,,,,,
2025-09-29T10:25:00.000000,2350.6,2351.8,2349.3,2350.7,74,ASIANPAINT,NaN,2350.9852915110714,2349.3644084836474,48.44664647890027,2350.7,23.727798640659234,,,,,
2025-09-29T10:30:00.000000,2350.0,2351.3,2350.0,2350.75,60,ASIANPAINT,NaN,2350.938233208857,2349.49037134877,48.8080651555581,2350.7,22.345805346229373,,,,,
2025-09-29T10:35:00.000000,2350.75,2350.75,2349.05,2350.2,17,ASIANPAINT,NaN,2350.7905865670855,2349.5548830443363,49.02117438022906,2350.7,20.75103952361156,,,,,
2025-09-29T10:40:00.000000,2350.2,2353.7,2350.2,2353.7,69,ASIANPAINT,NaN,2351.3724692536684,2349.9317118584877,49.84619559723476,2350.7,20.145627368949164,,,,,
2025-09-29T10:45:00.000000,2353.7,2353.7,2346.0,2346.0,303,ASIANPAINT,NaN,2350.2979754029348,2349.5742835077162,49.25684556032813,2350.7,19.09868896789721,,,,,
2025-09-29T10:50:00.000000,2346.0,2347.7,2345.0,2347.7,126,ASIANPAINT,NaN,2349.778380322348,2349.403894097924,49.0168839482142,2350.7,18.389723626350804,,,,,
2025-09-29T10:55:00.000000,2347.7,2348.45,2346.7,2346.7,107,ASIANPAINT,NaN,2349.1627042578784,2349.1580855435673,48.650826710333924,2350.7,17.493339580018652,,,,,
2025-09-29T11:00:00.000000,2346.7,2346.7,2345.05,2346.3,84,ASIANPAINT,NaN,2348.590163406303,2348.898259585061,48.25849768433575,2350.7,17.114625264769728,,,,,
2025-09-29T11:05:00.000000,2346.3,2346.7,2346.0,2346.0,10,ASIANPAINT,NaN,2348.0721307250424,2348.6347814409646,47.8554095442103,2350.7,16.762961972038585,,,,,
2025-09-29T11:10:00.000000,2346.0,2347.1,2345.0,2346.1,199,ASIANPAINT,NaN,2347.677704580034,2348.4043467645133,47.51233681457665,2350.7,16.7203107623526,,,,,
2025-09-29T11:15:00.000000,2346.1,2355.6,2345.2,2355.6,111,ASIANPAINT,NaN,2349.2621636640274,2349.0584970586483,48.7591643371102,2350.7,16.802093773874002,,,,,
2025-09-29T11:20:00.000000,2355.6,2360.0,2355.6,2360.0,792,ASIANPAINT,NaN,2351.409730931222,2350.053179144226,50.36609696776905,2350.7,17.70164025898067,,,,,
2025-09-29T11:25:00.000000,2360.0,2362.9,2360.0,2360.3,132,ASIANPAINT,NaN,2353.1877847449778,2350.9847083129325,51.85037662355818,2350.7,18.993917505408298,,,,,
2025-09-29T11:30:00.000000,2360.8,2361.9,2360.4,2361.9,9,ASIANPAINT,NaN,2354.9302277959823,2351.9770075572114,53.35745955118003,2350.7,20.19388923423395,,,,,
2025-09-29T11:35:00.000000,2361.9,2361.9,2357.65,2358.35,66,ASIANPAINT,NaN,2355.614182236786,2352.556370506556,54.02550585651164,2350.7,20.42913313050936,,,,,
2025-09-29T11:40:00.000000,2358.35,2358.35,2356.85,2357.3,15,ASIANPAINT,NaN,2355.9513457894286,2352.9876095514146,54.43886531185768,2350.7,20.404060222883952,,,,,
2025-09-29T11:45:00.000000,2357.3,2357.3,2351.4,2351.4,74,ASIANPAINT,NaN,2355.041076631543,2352.843281410377,53.88223293778126,2350.7,18.95710091186886,,,,,
2025-09-29T11:50:00.000000,2351.4,2352.9,2351.4,2352.5,34,ASIANPAINT,NaN,2354.5328613052343,2352.8120740094337,53.537832069194124,2350.7,17.613495837354844,,,,,
2025-09-29T11:55:00.000000,2352.5,2352.5,2351.15,2351.65,72,ASIANPAINT,NaN,2353.9562890441875,2352.706430917667,53.10008603516863,2350.7,16.42920466685045,,,,,
2025-09-29T12:00:00.000000,2351.65,2356.2,2350.0,2351.65,3355,ASIANPAINT,NaN,2353.49503123535,2352.610391743334,52.704030099621754,2350.7,16.076717750275808,,,,,
2025-09-29T12:05:00.000000,2351.65,2354.0,2349.65,2350.0,182,ASIANPAINT,NaN,2352.79602498828,2352.3730834030307,52.084670172881424,2350.7,15.650066109296132,,,,,
2025-09-29T12:10:00.000000,2350.0,2350.0,2343.55,2346.8,20,ASIANPAINT,NaN,2351.5968199906238,2351.8664394573007,51.06354821870239,2350.7,15.302518617493702,,,,,
2025-09-29T12:15:00.000000,2346.8,2346.8,2343.45,2343.45,30,ASIANPAINT,NaN,2349.967455992499,2351.101308597546,49.72372481343278,2350.7,15.001068065127708,,,,,
2025-09-29T12:20:00.000000,2343.45,2345.4,2343.2,2345.4,53,ASIANPAINT,NaN,2349.053964793999,2350.583007815951,48.88401833734963,2350.7,14.77772119025179,,,,,
2025-09-29T12:25:00.000000,2344.0,2346.85,2344.0,2346.8,44,ASIANPAINT,NaN,2348.603171835199,2350.239098014501,48.38204987491629,2350.7,14.149176698114507,,,,,
2025-09-29T12:30:00.000000,2346.8,2347.9,2345.95,2345.95,30,ASIANPAINT,NaN,2348.072537468159,2349.849180013183,47.80711537382463,2350.7,13.266689108198793,,,,,
2025-09-29T12:35:00.000000,2345.95,2347.4,2344.0,2344.65,51,ASIANPAINT,NaN,2347.3880299745274,2349.3765272847118,47.10262747059018,2350.7,12.960551990948632,,,,,
2025-09-29T12:40:00.000000,2344.65,2344.65,2339.4,2343.2,6298,ASIANPAINT,NaN,2346.550423979622,2348.8150248042834,46.26495688083834,2350.7,13.69543696449348,,,,,
2025-09-29T12:45:00.000000,2343.2,2345.15,2342.35,2344.3,31,ASIANPAINT,NaN,2346.1003391836975,2348.404568003894,45.7466740462555,2350.7,14.219198371529652,,,,,
2025-09-29T12:50:00.000000,2344.3,2346.05,2344.3,2346.05,26,ASIANPAINT,NaN,2346.090271346958,2348.1905163671763,45.64581364604784,2350.7,14.413778920590127,,,,,
2025-09-29T12:55:00.000000,2346.05,2347.85,2345.9,2347.85,36,ASIANPAINT,NaN,2346.4422170775665,2348.1595603337964,45.90992599355637,2350.7,14.02839382162215,,,,,
2025-09-29T13:00:00.000000,2347.8,2352.0,2347.8,2352.0,44,ASIANPAINT,NaN,2347.553773662053,2348.508691212542,46.85365831190097,2350.7,13.503730506558872,,,,,
2025-09-29T13:05:00.000000,2352.0,2352.0,2347.8,2349.55,75,ASIANPAINT,NaN,2347.9530189296424,2348.6033556477655,47.26315001339936,2350.7,13.016543142571544,,,,,
2025-09-29T13:10:00.000000,2349.55,2350.8,2347.45,2350.8,90,ASIANPAINT,NaN,2348.522415143714,2348.803050588878,47.837917621525,2350.7,12.458297090969205,,,,,
2025-09-29T13:15:00.000000,2350.8,2350.8,2350.8,2350.8,0,ASIANPAINT,NaN,2348.9779321149713,2348.9845914444345,48.357945457448196,2350.7,11.939925757338461,,,,,
2025-09-29T13:20:00.000000,2350.8,2350.8,2348.0,2350.7,56,ASIANPAINT,NaN,2349.322345691977,2349.1405376767584,48.80785065424515,2350.7,11.573504450656566,,,,,
2025-09-29T13:25:00.000000,2350.7,2350.7,2348.35,2350.1,63,ASIANPAINT,NaN,2349.4778765535816,2349.2277615243256,49.08575095746004,2350.7,11.233256094451948,,,,,
2025-09-29T13:30:00.000000,2350.1,2351.65,2350.1,2351.65,12,ASIANPAINT,NaN,2349.9123012428654,2349.447965022114,49.64227606935958,2350.7,10.58929384401978,,,,,
2025-09-29T13:35:00.000000,2351.65,2352.8,2351.65,2352.8,5,ASIANPAINT,NaN,2350.4898409942925,2349.7526954746495,50.36193281123273,2350.7,10.062015186106697,,,,,
2025-09-29T13:40:00.000000,2352.8,2353.0,2349.0,2349.0,190,ASIANPAINT,NaN,2350.191872795434,2349.6842686133177,50.18528980157019,2350.7,9.972161512548166,,,,,
2025-09-29T13:45:00.000000,2349.0,2351.25,2346.8,2348.0,100,ASIANPAINT,NaN,2349.7534982363472,2349.531153284834,49.83474152206376,2350.7,10.502635889598048,,,,,
2025-09-29T13:50:00.000000,2348.0,2349.05,2347.4,2349.05,100,ASIANPAINT,NaN,2349.612798589078,2349.487412077122,49.74481866466634,2350.7,10.995219239715796,,,,,
2025-09-29T13:55:00.000000,2349.05,2353.45,2349.05,2353.45,26,ASIANPAINT,NaN,2350.3802388712625,2349.847647342838,50.47904979367908,2350.7,10.471358956681158,,,,,
2025-09-29T14:00:00.000000,2353.45,2353.5,2353.45,2353.5,1,ASIANPAINT,NaN,2351.00419109701,2350.17967940258,51.15164576628188,2350.7,9.99999087266903,,,,,
2025-09-29T14:05:00.000000,2353.5,2353.5,2352.0,2352.0,104,ASIANPAINT,NaN,2351.203352877608,2350.3451630932545,51.42035162544644,2350.7,9.484191754012889,,,,,
2025-09-29T14:10:00.000000,2352.0,2354.3,2352.0,2354.3,76,ASIANPAINT,NaN,2351.8226823020864,2350.7046937211403,52.07064111745878,2350.7,8.8773267335612,,,,,
2025-09-29T14:15:00.000000,2354.3,2356.0,2353.5,2356.0,148,ASIANPAINT,NaN,2352.658145841669,2351.186085201037,52.9327574437193,2350.7,8.861081445617538,,,,,
2025-09-29T14:20:00.000000,2356.0,2357.85,2354.6,2354.6,226,ASIANPAINT,NaN,2353.046516673335,2351.4964410918515,53.37778391037778,2350.7,9.388536603415035,,,,,
2025-09-29T14:25:00.000000,2354.6,2355.0,2354.0,2355.0,60,ASIANPAINT,NaN,2353.4372133386682,2351.8149464471376,53.8506731555103,2350.7,9.643985168111813,,,,,
2025-09-29T14:30:00.000000,2355.0,2355.95,2354.7,2355.1,26,ASIANPAINT,NaN,2353.7697706709346,2352.113587679216,54.29702209906459,2350.7,10.16661400310529,,,,,
2025-09-29T14:35:00.000000,2355.1,2356.2,2355.1,2356.2,31,ASIANPAINT,NaN,2354.2558165367477,2352.485079708378,54.90754071021828,2350.7,10.728097211621167,,,,,
2025-09-29T14:40:00.000000,2356.2,2356.2,2353.5,2354.7,33,ASIANPAINT,NaN,2354.3446532293983,2352.6864360985255,55.04724302083521,2350.7,10.56383749423345,,,,,
2025-09-29T14:45:00.000000,2354.7,2354.7,2352.55,2352.55,50,ASIANPAINT,NaN,2353.9857225835185,2352.674032816841,54.64081489587402,2350.7,10.028462842695587,,,,,
2025-09-29T14:50:00.000000,2352.55,2353.85,2350.7,2350.7,14,ASIANPAINT,NaN,2353.3285780668148,2352.4945752880376,53.8658042250306,2350.7,9.784477119757621,,,,,
2025-09-29T14:55:00.000000,2350.7,2350.7,2347.4,2348.75,72,ASIANPAINT,NaN,2352.412862453452,2352.1541593527613,52.77815500736453,2350.7,10.577562426388535,,,,,
2025-09-29T15:00:00.000000,2348.75,2348.75,2338.55,2340.0,508,ASIANPAINT,NaN,2349.9302899627614,2351.049235775238,50.59513065357678,2350.7,13.044661974643537,,,,,
2025-09-29T15:05:00.000000,2340.0,2342.95,2340.0,2341.45,117,ASIANPAINT,NaN,2348.2342319702093,2350.1765779774887,48.95583323079145,2350.7,15.33554012659461,,,,,
2025-09-29T15:10:00.000000,2341.45,2344.5,2340.55,2344.5,120,ASIANPAINT,NaN,2347.4873855761675,2349.6605254340807,48.12127451983111,2350.7,16.85572036327843,,,,,
2025-09-29T15:15:00.000000,2344.5,2344.5,2340.5,2343.65,139,ASIANPAINT,NaN,2346.719908460934,2349.1141140309824,47.25224408150284,2350.7,18.27650854990788,,,,,
2025-09-29T15:20:00.000000,2343.65,2345.0,2341.05,2345.0,388,ASIANPAINT,NaN,2346.3759267687474,2348.740103664529,46.747468884150365,2350.7,19.3868032395986,,,,,
2025-09-29T15:25:00.000000,2345.0,2353.5,2345.0,2350.0,287,ASIANPAINT,NaN,2347.100741414998,2348.8546396950264,47.18610061972131,2350.7,18.27683205925994,,,,,
2025-09-30T09:15:00.000000,2345.45,2384.65,2345.45,2383.05,1495,ASIANPAINT,NaN,2354.2905931319983,2351.96330881366,50.0639492950791,2389.3,20.86057198247843,,,,,
2025-09-30T09:20:00.000000,2383.05,2389.3,2376.4,2378.5,1478,ASIANPAINT,NaN,2359.1324745055986,2354.3757352851458,52.12549698987149,2389.3,23.513553741410785,,,,,
2025-09-30T09:25:00.000000,2378.5,2379.55,2366.75,2368.8,701,ASIANPAINT,NaN,2361.065979604479,2355.687032077405,53.00402937467916,2389.3,24.30163657726165,,,,,
2025-09-30T09:30:00.000000,2368.8,2374.35,2366.0,2373.5,245,ASIANPAINT,NaN,2363.552783683583,2357.306392797641,54.05693314951718,2389.3,24.915481592256867,,,,,
2025-09-30T09:35:00.000000,2373.5,2373.5,2367.0,2367.95,561,ASIANPAINT,NaN,2364.4322269468666,2358.2739934524006,54.51019642534416,2389.3,25.485480534752423,,,,,
2025-09-30T09:40:00.000000,2367.95,2369.95,2364.2,2365.0,440,ASIANPAINT,NaN,2364.5457815574932,2358.8854485930915,54.66958935955193,2389.3,25.535802393749982,,,,,
2025-09-30T09:45:00.000000,2365.0,2368.0,2363.1,2366.0,619,ASIANPAINT,NaN,2364.8366252459946,2359.5322259937197,54.88088622650401,2389.3,25.39413779326555,,,,,
2025-09-30T09:50:00.000000,2366.0,2366.0,2362.0,2362.95,274,ASIANPAINT,NaN,2364.4593001967955,2359.8429327215636,54.80032467508954,2389.3,25.06832159199925,,,,,
2025-09-30T09:55:00.000000,2362.95,2362.95,2359.5,2359.55,412,ASIANPAINT,NaN,2363.4774401574364,2359.816302474149,54.4351754391688,2389.3,24.324531432095405,,,,,
2025-09-30T10:00:00.000000,2359.55,2361.85,2358.0,2359.65,509,ASIANPAINT,NaN,2362.711952125949,2359.801184067408,54.113187549596795,2389.3,23.3719832447647,,,,,
2025-09-30T10:05:00.000000,2359.65,2359.9,2355.75,2357.4,650,ASIANPAINT,NaN,2361.6495617007595,2359.5828946067345,53.61913269323664,2389.3,22.098070866737885,,,,,
2025-09-30T10:10:00.000000,2357.4,2357.4,2351.5,2351.5,159,ASIANPAINT,NaN,2359.6196493606076,2358.8480860061222,52.68129114845665,2389.3,20.80891172818998,,,,,
2025-09-30T10:15:00.000000,2351.5,2357.35,2351.35,2356.2,619,ASIANPAINT,NaN,2358.935719488486,2358.6073509146568,52.276595350289924,2389.3,19.63541774436613,,,,,
2025-09-30T10:20:00.000000,2356.2,2358.35,2356.1,2356.1,158,ASIANPAINT,NaN,2358.3685755907886,2358.379409922415,51.90169911662697,2389.3,18.366000954933302,,,,,
2025-09-30T10:25:00.000000,2356.1,2356.1,2348.8,2351.15,375,ASIANPAINT,NaN,2356.924860472631,2357.722190838559,51.140016581240836,2389.3,18.304119809614615,,,,,
2025-09-30T10:30:00.000000,2351.15,2351.15,2347.95,2347.95,339,ASIANPAINT,NaN,2355.1298883781046,2356.8338098532354,50.199775469474595,2389.3,18.36208772373064,,,,,
2025-09-30T10:35:00.000000,2347.95,2348.85,2342.95,2344.8,221,ASIANPAINT,NaN,2353.0639107024836,2355.739827139305,49.1138516502829,2389.3,19.05367867819722,,,,,
2025-09-30T10:40:00.000000,2344.8,2346.25,2343.0,2344.65,1593,ASIANPAINT,NaN,2351.3811285619868,2354.7316610357316,48.12004278782565,2389.3,19.695870278773327,,,,,
2025-09-30T10:45:00.000000,2344.65,2345.0,2339.0,2340.75,579,ASIANPAINT,NaN,2349.2549028495896,2353.4606009415743,46.93017963669038,2389.3,20.769690237821173,,,,,
2025-09-30T10:50:00.000000,2340.75,2344.95,2340.75,2342.35,204,ASIANPAINT,NaN,2347.8739222796717,2352.450546310522,46.06019315961463,2389.3,21.766808771222742,,,,,
2025-09-30T10:55:00.000000,2342.5,2346.15,2342.4,2346.15,256,ASIANPAINT,NaN,2347.5291378237375,2351.8777693732018,45.74306903894066,2389.3,22.391373026162665,,,,,
2025-09-30T11:00:00.000000,2346.15,2347.0,2344.4,2345.75,141,ASIANPAINT,NaN,2347.17331025899,2351.3206994301836,45.41987364051639,2389.3,22.753855469983108,,,,,
2025-09-30T11:05:00.000000,2345.75,2349.6,2345.75,2349.6,116,ASIANPAINT,NaN,2347.658648207192,2351.164272209258,45.59182846426962,2389.3,22.44071511909265,,,,,
2025-09-30T11:10:00.000000,2349.6,2353.3,2348.35,2351.1,1538,ASIANPAINT,NaN,2348.3469185657536,2351.1584292811435,45.91965558851115,2389.3,21.316416980588933,,,,,
2025-09-30T11:15:00.000000,2351.1,2351.1,2347.5,2349.15,274,ASIANPAINT,NaN,2348.507534852603,2350.97584480104,46.00246259566545,2389.3,20.431095240452237,,,,,
2025-09-30T11:20:00.000000,2349.15,2352.85,2348.4,2348.4,270,ASIANPAINT,NaN,2348.4860278820825,2350.7416770918544,45.994454483570294,2389.3,19.21889668497874,,,,,
2025-09-30T11:25:00.000000,2348.4,2348.4,2345.5,2347.0,93,ASIANPAINT,NaN,2348.188822305666,2350.4015246289587,45.829503426193035,2389.3,18.659660886705044,,,,,
2025-09-30T11:30:00.000000,2347.0,2347.0,2344.3,2345.3,154,ASIANPAINT,NaN,2347.6110578445328,2349.93774966269,45.49042116436457,2389.3,18.363851587766238,,,,,
2025-09-30T11:35:00.000000,2344.4,2346.3,2344.4,2345.0,123,ASIANPAINT,NaN,2347.088846275626,2349.4888633297182,45.14947123689454,2389.3,18.089171524465915,,,,,
2025-09-30T11:40:00.000000,2345.0,2345.45,2342.05,2342.55,362,ASIANPAINT,NaN,2346.181077020501,2348.8580575724714,44.56378733686274,2389.3,18.28740904866232,,,,,
2025-09-30T11:45:00.000000,2343.7,2345.7,2342.55,2344.8,106,ASIANPAINT,NaN,2345.904861616401,2348.489143247701,44.40727193266171,2389.3,18.398677298993128,,,,,
2025-09-30T11:50:00.000000,2344.8,2346.85,2344.8,2346.2,38,ASIANPAINT,NaN,2345.9638892931207,2348.281039316092,44.49011769822622,2389.3,18.158695782249456,,,,,
2025-09-30T11:55:00.000000,2346.2,2346.2,2344.0,2344.0,67,ASIANPAINT,NaN,2345.5711114344967,2347.89185392372,44.28344671249031,2389.3,18.112865381962006,,,,,
2025-09-30T12:00:00.000000,2344.0,2344.1,2342.0,2343.85,92,ASIANPAINT,NaN,2345.2268891475974,2347.5244126579273,44.077222594309305,2389.3,18.49928538562296,,,,,
2025-09-30T12:05:00.000000,2343.85,2344.65,2342.9,2344.25,13,ASIANPAINT,NaN,2345.0315113180777,2347.226738779934,43.96517287147014,2389.3,18.671865761649713,,,,,
2025-09-30T12:10:00.000000,2344.25,2346.5,2343.5,2346.5,85,ASIANPAINT,NaN,2345.325209054462,2347.160671618122,44.275475391094105,2389.3,18.218641455628923,,,,,
2025-09-30T12:15:00.000000,2346.5,2347.95,2344.75,2347.0,295,ASIANPAINT,NaN,2345.6601672435695,2347.1460651073835,44.645668234911646,2389.3,17.343959910097258,,,,,
2025-09-30T12:20:00.000000,2347.0,2349.05,2345.45,2348.5,122,ASIANPAINT,NaN,2346.2281337948557,2347.269150097621,45.2490015755691,2389.3,16.197409642132847,,,,,
2025-09-30T12:25:00.000000,2348.5,2349.55,2347.4,2347.6,284,ASIANPAINT,NaN,2346.5025070358847,2347.2992273614736,45.63010360338926,2389.3,15.101273675217334,,,,,
2025-09-30T12:30:00.000000,2347.6,2349.0,2347.6,2348.5,35,ASIANPAINT,NaN,2346.9020056287077,2347.4083885104305,46.1453229779786,2389.3,14.083433134510074,,,,,
2025-09-30T12:35:00.000000,2348.5,2349.05,2347.0,2347.35,55,ASIANPAINT,NaN,2346.9916045029663,2347.403080464028,46.38654500813168,2389.3,13.222761353068055,,,,,
2025-09-30T12:40:00.000000,2347.35,2347.4,2345.8,2347.4,235,ASIANPAINT,NaN,2347.073283602373,2347.4028004218435,46.615360578046754,2389.3,12.829761074965392,,,,,
2025-09-30T12:45:00.000000,2347.4,2348.35,2343.5,2344.75,247,ASIANPAINT,NaN,2346.6086268818985,2347.1616367471306,46.311993632345015,2389.3,13.1700893825598,,,,,
2025-09-30T12:50:00.000000,2344.75,2346.55,2344.05,2345.8,63,ASIANPAINT,NaN,2346.446901505519,2347.037851588301,46.278732006235025,2389.3,13.486108525326035,,,,,
2025-09-30T12:55:00.000000,2345.8,2346.25,2343.2,2344.3,450,ASIANPAINT,NaN,2346.017521204415,2346.7889559893642,45.96655392269108,2389.3,14.037654521320801,,,,,
2025-09-30T13:00:00.000000,2344.3,2344.3,2342.0,2343.0,58,ASIANPAINT,NaN,2345.414016963532,2346.4445054448765,45.451768392137744,2389.3,14.901553021243803,,,,,
2025-09-30T13:05:00.000000,2343.0,2347.2,2342.65,2347.2,153,ASIANPAINT,NaN,2345.7712135708257,2346.5131867680698,45.919197254624905,2389.3,14.443299005580753,,,,,
2025-09-30T13:10:00.000000,2347.2,2347.4,2345.65,2345.65,39,ASIANPAINT,NaN,2345.7469708566605,2346.4347152437,46.04719884088586,2389.3,13.938088300626577,,,,,
2025-09-30T13:15:00.000000,2345.65,2347.0,2345.0,2345.0,217,ASIANPAINT,NaN,2345.5975766853285,2346.3042865851817,46.04139116003334,2389.3,13.69883628656741,,,,,
2025-09-30T13:20:00.000000,2345.0,2346.35,2343.6,2345.15,231,ASIANPAINT,NaN,2345.508061348263,2346.199351441074,46.07044792841556,2389.3,13.952961270157784,,,,,
2025-09-30T13:25:00.000000,2345.15,2346.7,2345.0,2345.4,131,ASIANPAINT,NaN,2345.4864490786103,2346.126683128249,46.15718738199314,2389.3,14.024078549258268,,,,,
2025-09-30T13:30:00.000000,2345.4,2347.4,2345.25,2345.8,57,ASIANPAINT,NaN,2345.549159262888,2346.0969846620446,46.33653752959899,2389.3,13.756187475953386,,,,,
2025-09-30T13:35:00.000000,2345.8,2346.3,2344.65,2345.0,589,ASIANPAINT,NaN,2345.4393274103104,2345.997258783677,46.31006650437262,2389.3,13.739332330131313,,,,,
2025-09-30T13:40:00.000000,2345.0,2346.45,2345.0,2345.0,182,ASIANPAINT,NaN,2345.351461928248,2345.9065988942516,46.28611652916781,2389.3,13.645451773337795,,,,,
2025-09-30T13:45:00.000000,2345.0,2347.8,2345.0,2346.1,119,ASIANPAINT,NaN,2345.5011695425987,2345.924180812956,46.58153807921584,2389.3,12.871581152820914,,,,,
2025-09-30T13:50:00.000000,2346.1,2349.5,2346.1,2349.35,316,ASIANPAINT,NaN,2346.270935634079,2346.235618920869,47.640077899145915,2389.3,12.514495106681819,,,,,
2025-09-30T13:55:00.000000,2349.35,2349.35,2347.0,2349.35,115,ASIANPAINT,NaN,2346.886748507263,2346.5187444735175,48.59780440289217,2389.3,12.182915206695517,,,,,
2025-09-30T14:00:00.000000,2349.35,2349.5,2346.75,2346.75,211,ASIANPAINT,NaN,2346.85939880581,2346.539767703198,48.73804210012179,2389.3,11.740838413776487,,,,,
2025-09-30T14:05:00.000000,2346.75,2350.0,2346.75,2350.0,378,ASIANPAINT,NaN,2347.4875190446483,2346.8543342756343,49.58319859786568,2389.3,11.573089443601216,,,,,
2025-09-30T14:10:00.000000,2350.0,2350.0,2345.25,2345.25,857,ASIANPAINT,NaN,2347.040015235719,2346.7084857051223,49.293940970491,2389.3,10.89274682987971,,,,,
2025-09-30T14:15:00.000000,2345.25,2349.3,2345.25,2348.2,1350,ASIANPAINT,NaN,2347.272012188575,2346.8440779137477,49.61179171656163,2389.3,10.26100011713831,,,,,
2025-09-30T14:20:00.000000,2348.2,2351.35,2348.2,2351.35,796,ASIANPAINT,NaN,2348.08760975086,2347.253707194316,50.42159062461562,2389.3,10.418247115890798,,,,,
2025-09-30T14:25:00.000000,2351.35,2351.35,2348.5,2350.6,168,ASIANPAINT,NaN,2348.590087800688,2347.5579156311965,50.99472173445807,2389.3,10.564262186160963,,,,,
2025-09-30T14:30:00.000000,2350.6,2352.75,2350.0,2352.0,629,ASIANPAINT,NaN,2349.2720702405504,2347.961741482906,51.74050399282244,2389.3,11.332763359613363,,,,,
2025-09-30T14:35:00.000000,2352.0,2353.9,2350.05,2351.25,107,ASIANPAINT,NaN,2349.6676561924405,2348.260674075369,52.24364493151101,2389.3,12.508228797152794,,,,,
2025-09-30T14:40:00.000000,2351.25,2352.6,2350.05,2352.0,139,ASIANPAINT,NaN,2350.1341249539523,2348.60061279579,52.82957776316595,2389.3,13.599732417725123,,,,,
2025-09-30T14:45:00.000000,2352.0,2352.55,2350.0,2351.55,298,ASIANPAINT,NaN,2350.417299963162,2348.8687389052634,53.247266125806526,2389.3,14.57560099460024,,,,,
2025-09-30T14:50:00.000000,2351.55,2355.0,2351.55,2354.8,490,ASIANPAINT,NaN,2351.2938399705295,2349.4079444593303,54.17885673889315,2389.3,16.410904935705908,,,,,
2025-09-30T14:55:00.000000,2354.8,2354.8,2351.0,2351.0,92,ASIANPAINT,NaN,2351.2350719764236,2349.5526767812094,54.1447160965818,2389.3,17.699891155031914,,,,,
2025-09-30T15:00:00.000000,2351.0,2351.0,2350.0,2350.9,1120,ASIANPAINT,NaN,2351.168057581139,2349.6751607101905,54.09269123174659,2389.3,18.175967193311998,,,,,
2025-09-30T15:05:00.000000,2350.9,2351.35,2350.0,2351.25,1078,ASIANPAINT,NaN,2351.184446064911,2349.818327918355,54.11325390967746,2389.3,18.76667116256737,,,,,
2025-09-30T15:10:00.000000,2351.25,2352.0,2350.0,2351.0,230,ASIANPAINT,NaN,2351.1475568519286,2349.92575265305,54.07167615086329,2389.3,19.58919317017234,,,,,
2025-09-30T15:15:00.000000,2351.0,2351.5,2350.0,2350.95,1501,ASIANPAINT,NaN,2351.108045481543,2350.018866048227,54.021278733726604,2389.3,20.35296360580553,,,,,
2025-09-30T15:20:00.000000,2350.95,2350.95,2348.0,2350.0,1259,ASIANPAINT,NaN,2350.8864363852344,2350.0171509529337,53.72754029013187,2389.3,19.602002026862806,,,,,
2025-09-30T15:25:00.000000,2350.0,2354.8,2349.0,2354.8,1344,ASIANPAINT,NaN,2351.6691491081874,2350.451955411758,54.44000347112298,2389.3,20.48535871260461,,,,,
2025-10-01T09:15:00.000000,2358.75,2358.75,2348.6,2349.7,814,ASIANPAINT,NaN,2351.27531928655,2350.3835958288705,53.95807027507049,2358.75,22.342296927290914,,,,,
2025-10-01T09:20:00.000000,2349.7,2349.7,2341.1,2342.45,330,ASIANPAINT,NaN,2349.51025542924,2349.6623598444276,52.448339503407574,2358.75,20.888638302804953,,,,,
2025-10-01T09:25:00.000000,2342.45,2343.55,2335.65,2340.05,1211,ASIANPAINT,NaN,2347.618204343392,2348.78850894948,50.80924342432112,2358.75,20.65342153767019,,,,,
2025-10-01T09:30:00.000000,2340.05,2340.05,2333.8,2333.8,526,ASIANPAINT,NaN,2344.8545634747134,2347.4259172268,48.74133112237968,2358.75,20.82111908350658,,,,,
2025-10-01T09:35:00.000000,2333.8,2336.6,2333.8,2333.8,372,ASIANPAINT,NaN,2342.6436507797707,2346.1871974789087,46.870362849194564,2358.75,20.976838233211804,,,,,
2025-10-01T09:40:00.000000,2333.8,2338.4,2329.6,2338.4,1746,ASIANPAINT,NaN,2341.794920623817,2345.4792704353717,46.052103421735964,2358.75,21.93146497165038,,,,,
2025-10-01T09:45:00.000000,2338.4,2338.4,2333.0,2334.05,322,ASIANPAINT,NaN,2340.2459364990536,2344.4402458503378,44.88698789952418,2358.75,22.817904085914773,,,,,
2025-10-01T09:50:00.000000,2334.05,2335.95,2333.25,2335.25,282,ASIANPAINT,NaN,2339.246749199243,2343.6047689548527,44.04372187788363,2358.75,23.641026120588855,,,,,
2025-10-01T09:55:00.000000,2335.25,2335.25,2331.6,2333.45,299,ASIANPAINT,NaN,2338.087399359394,2342.681608140775,43.104803178712636,2358.75,24.721431282259996,,,,,
2025-10-01T10:00:00.000000,2333.45,2333.45,2325.0,2326.7,702,ASIANPAINT,NaN,2335.8099194875153,2341.228734673432,41.69677857357181,2358.75,26.708763103106303,,,,,
2025-10-01T10:05:00.000000,2326.7,2326.7,2322.1,2323.75,472,ASIANPAINT,NaN,2333.3979355900124,2339.639758794029,40.22134465431633,2358.75,28.88031063314238,,,,,
2025-10-01T10:10:00.000000,2323.75,2325.0,2321.05,2324.1,547,ASIANPAINT,NaN,2331.53834847201,2338.227053449117,38.95288232389196,2358.75,31.00753299224916,,,,,
2025-10-01T10:15:00.000000,2324.1,2324.55,2317.6,2323.55,5255,ASIANPAINT,NaN,2329.940678777608,2336.892775862834,37.76487342679109,2358.75,33.317781816946294,,,,,
2025-10-01T10:20:00.000000,2323.55,2328.65,2323.0,2327.65,332,ASIANPAINT,NaN,2329.4825430220862,2336.052523511667,37.47594880518681,2358.75,33.983746793792086,,,,,
2025-10-01T10:25:00.000000,2327.65,2331.9,2326.25,2330.55,1466,ASIANPAINT,NaN,2329.696034417669,2335.5522941015156,37.70415273998645,2358.75,33.607138273274494,,,,,
2025-10-01T10:30:00.000000,2330.9,2332.8,2330.9,2332.0,294,ASIANPAINT,NaN,2330.156827534135,2335.229358274105,38.14361306451025,2358.75,32.99725129421691,,,,,
2025-10-01T10:35:00.000000,2332.0,2333.65,2332.0,2332.0,1598,ASIANPAINT,NaN,2330.525462027308,2334.9357802491863,38.54122002479369,2358.75,32.1809842577858,,,,,
2025-10-01T10:40:00.000000,2332.0,2333.55,2332.0,2332.0,663,ASIANPAINT,NaN,2330.8203696218466,2334.668891135624,38.90095965552632,2358.75,31.423022009671204,,,,,
2025-10-01T10:45:00.000000,2332.0,2332.8,2331.55,2332.3,3287,ASIANPAINT,NaN,2331.116295697477,2334.453537396022,39.283594533633355,2358.75,30.813811373734172,,,,,
2025-10-01T10:50:00.000000,2332.3,2334.35,2332.0,2332.0,332,ASIANPAINT,NaN,2331.293036557982,2334.2304885418384,39.584496376451725,2358.75,29.730621992128977,,,,,
2025-10-01T10:55:00.000000,2332.0,2334.3,2332.0,2334.3,113,ASIANPAINT,NaN,2331.8944292463857,2334.2368077653077,40.31619588188205,2358.75,28.72480328063844,,,,,
2025-10-01T11:00:00.000000,2334.3,2334.3,2328.75,2328.75,224,ASIANPAINT,NaN,2331.2655433971086,2333.738007059371,40.17306197232078,2358.75,28.546272706510276,,,,,
2025-10-01T11:05:00.000000,2328.75,2329.7,2327.0,2327.1,686,ASIANPAINT,NaN,2330.4324347176866,2333.1345518721555,39.84334920703602,2358.75,28.73766666179213,,,,,
2025-10-01T11:10:00.000000,2327.1,2328.75,2327.1,2328.7,39,ASIANPAINT,NaN,2330.085947774149,2332.7314107928687,39.86770914918271,2358.75,28.915389620268137,,,,,
2025-10-01T11:15:00.000000,2328.7,2332.45,2327.35,2331.0,320,ASIANPAINT,NaN,2330.2687582193194,2332.574009811699,40.32634627219396,2358.75,27.744592098930212,,,,,
2025-10-01T11:20:00.000000,2331.0,2331.05,2329.0,2329.0,220,ASIANPAINT,NaN,2330.0150065754556,2332.249099828817,40.45671300201352,2358.75,26.657422971973567,,,,,
2025-10-01T11:25:00.000000,2329.0,2330.9,2327.55,2330.9,188,ASIANPAINT,NaN,2330.1920052603646,2332.1264543898337,40.930250767745534,2358.75,26.028008101962918,,,,,
2025-10-01T11:30:00.000000,2330.9,2330.9,2328.95,2328.95,221,ASIANPAINT,NaN,2329.9436042082916,2331.8376858089396,41.07270707278913,2358.75,25.443551436953033,,,,,
2025-10-01T11:35:00.000000,2328.95,2330.9,2328.95,2330.9,205,ASIANPAINT,NaN,2330.1348833666334,2331.7524416444903,41.565976124155156,2358.75,24.900841676586708,,,,,
2025-10-01T11:40:00.000000,2330.9,2331.15,2328.95,2331.0,122,ASIANPAINT,NaN,2330.307906693307,2331.6840378586276,42.03098474778918,2358.75,24.288054887540532,,,,,
2025-10-01T11:45:00.000000,2331.0,2332.95,2330.2,2332.45,101,ASIANPAINT,NaN,2330.7363253546455,2331.7536707805707,42.72719037169682,2358.75,22.96191610052414,,,,,
2025-10-01T11:50:00.000000,2332.45,2332.45,2329.25,2331.65,965,ASIANPAINT,NaN,2330.9190602837166,2331.7442461641554,43.21096678949661,2358.75,22.062105998181547,,,,,
2025-10-01T11:55:00.000000,2328.95,2332.0,2328.55,2330.2,187,ASIANPAINT,NaN,2330.7752482269734,2331.6038601492323,43.38812970616236,2358.75,21.467338119359706,,,,,
2025-10-01T12:00:00.000000,2330.2,2332.55,2329.8,2332.0,87,ASIANPAINT,NaN,2331.020198581579,2331.6398728629383,43.92017683315848,2358.75,20.6645213737606,,,,,
2025-10-01T12:05:00.000000,2332.0,2333.2,2330.75,2333.1,436,ASIANPAINT,NaN,2331.436158865263,2331.77261169358,44.618672472417124,2358.75,19.62169358789106,,,,,
2025-10-01T12:10:00.000000,2333.1,2333.15,2330.75,2332.45,117,ASIANPAINT,NaN,2331.6389270922105,2331.834192448709,45.11569446019094,2358.75,18.653353501012198,,,,,
2025-10-01T12:15:00.000000,2332.45,2333.5,2330.8,2331.4,191,ASIANPAINT,NaN,2331.5911416737686,2331.7947204079173,45.34758073708588,2358.75,17.579616117408644,,,,,
2025-10-01T12:20:00.000000,2331.4,2333.9,2331.35,2331.35,146,ASIANPAINT,NaN,2331.542913339015,2331.754291279925,45.54675090611252,2358.75,16.378464478800684,,,,,
2025-10-01T12:25:00.000000,2331.35,2333.05,2331.35,2333.0,58,ASIANPAINT,NaN,2331.834330671212,2331.8675375272046,46.112438921319324,2358.75,15.263109385807578,,,,,
2025-10-01T12:30:00.000000,2333.0,2333.0,2327.15,2328.7,279,ASIANPAINT,NaN,2331.2074645369694,2331.579579570186,45.752829123412425,2358.75,16.00938721947282,,,,,
2025-10-01T12:35:00.000000,2328.7,2329.8,2327.05,2327.05,147,ASIANPAINT,NaN,2330.3759716295754,2331.16779960926,45.1516172540896,2358.75,16.73634525916042,,,,,
2025-10-01T12:40:00.000000,2327.05,2329.0,2326.55,2328.05,368,ASIANPAINT,NaN,2329.9107773036603,2330.8843632811454,44.85419522310934,2358.75,17.58714427517086,,,,,
2025-10-01T12:45:00.000000,2328.05,2328.5,2327.0,2328.0,256,ASIANPAINT,NaN,2329.5286218429283,2330.622148437405,44.57590753431317,2358.75,18.377171932894843,,,,,
2025-10-01T12:50:00.000000,2328.0,2329.6,2327.1,2328.4,178,ASIANPAINT,NaN,2329.3028974743424,2330.4201349430955,44.431410123561264,2358.75,18.390421318531956,,,,,
2025-10-01T12:55:00.000000,2328.4,2330.0,2327.1,2328.7,127,ASIANPAINT,NaN,2329.1823179794737,2330.263759039178,44.38433699016661,2358.75,18.15048724744891,,,,,
2025-10-01T13:00:00.000000,2328.7,2331.0,2327.05,2328.65,322,ASIANPAINT,NaN,2329.075854383579,2330.1170536719796,44.33019205646367,2358.75,17.317730154676138,,,,,
2025-10-01T13:05:00.000000,2328.65,2329.25,2327.15,2329.25,145,ASIANPAINT,NaN,2329.110683506863,2330.0382306108904,44.46557308241108,2358.75,16.544455711387133,,,,,
2025-10-01T13:10:00.000000,2329.25,2330.0,2327.95,2330.0,87,ASIANPAINT,NaN,2329.2885468054906,2330.0347551008094,44.81707610876448,2358.75,15.365035878907904,,,,,
2025-10-01T13:15:00.000000,2330.0,2330.05,2327.15,2327.15,207,ASIANPAINT,NaN,2328.8608374443925,2329.7725046370997,44.43089028230376,2358.75,14.73497625605195,,,,,
2025-10-01T13:20:00.000000,2327.15,2330.0,2327.15,2327.65,247,ASIANPAINT,NaN,2328.618669955514,2329.5795496700907,44.24053626881438,2358.75,14.149920891971421,,,,,
2025-10-01T13:25:00.000000,2327.65,2329.6,2327.05,2329.15,124,ASIANPAINT,NaN,2328.7249359644115,2329.5404997000824,44.52599799783944,2358.75,13.669101474885691,,,,,
2025-10-01T13:30:00.000000,2329.15,2329.15,2326.25,2327.0,250,ASIANPAINT,NaN,2328.379948771529,2329.309545181893,44.27073589601495,2358.75,13.71584195700012,,,,,
2025-10-01T13:35:00.000000,2327.0,2329.35,2326.3,2328.35,300,ASIANPAINT,NaN,2328.373959017223,2329.222313801721,44.436657162813106,2358.75,13.598498555417459,,,,,
2025-10-01T13:40:00.000000,2328.35,2328.35,2326.2,2327.6,65,ASIANPAINT,NaN,2328.2191672137783,2329.0748307288372,44.40662788532447,2358.75,13.555408776187269,,,,,
2025-10-01T13:45:00.000000,2327.6,2328.25,2326.0,2327.7,113,ASIANPAINT,NaN,2328.1153337710225,2328.9498461171247,44.41068798502789,2358.75,13.652685437383811,,,,,
2025-10-01T13:50:00.000000,2327.7,2328.05,2326.7,2327.1,7128,ASIANPAINT,NaN,2327.912267016818,2328.781678288295,44.259709297028444,2358.75,13.743013765637743,,,,,
2025-10-01T13:55:00.000000,2327.1,2329.2,2326.55,2328.0,135,ASIANPAINT,NaN,2327.9298136134544,2328.7106166257227,44.4265465283954,2358.75,12.772915573284312,,,,,
2025-10-01T14:00:00.000000,2328.0,2332.55,2328.0,2330.55,331,ASIANPAINT,NaN,2328.4538508907635,2328.8778332961115,45.32471782211737,2358.75,13.903384585878147,,,,,
2025-10-01T14:05:00.000000,2330.55,2334.75,2330.55,2334.6,350,ASIANPAINT,NaN,2329.6830807126107,2329.398030269192,47.01221290814375,2358.75,15.813992115006227,,,,,
2025-10-01T14:10:00.000000,2334.6,2334.8,2332.0,2334.3,298,ASIANPAINT,NaN,2330.6064645700885,2329.8436638810836,48.4451330554617,2358.75,17.605569536161862,,,,,
2025-10-01T14:15:00.000000,2334.3,2334.8,2331.45,2334.3,277,ASIANPAINT,NaN,2331.3451716560708,2330.2487853464395,49.741584617320804,2358.75,18.801448429674117,,,,,
2025-10-01T14:20:00.000000,2334.3,2337.0,2333.8,2336.85,484,ASIANPAINT,NaN,2332.4461373248564,2330.8488957694904,51.39707836826455,2358.75,20.694137189164564,,,,,
2025-10-01T14:25:00.000000,2336.85,2336.95,2334.05,2336.35,319,ASIANPAINT,NaN,2333.226909859885,2331.348996154082,52.71959628623204,2358.75,22.451633894405695,,,,,
2025-10-01T14:30:00.000000,2336.35,2336.35,2330.0,2335.4,322,ASIANPAINT,NaN,2333.661527887908,2331.7172692309837,53.58582217137654,2358.75,21.35808958359041,,,,,
2025-10-01T14:35:00.000000,2335.4,2337.0,2335.4,2337.0,118,ASIANPAINT,NaN,2334.3292223103263,2332.1975174827126,54.68919943097214,2358.75,20.630639557078474,,,,,
2025-10-01T14:40:00.000000,2337.0,2339.8,2335.4,2338.45,254,ASIANPAINT,NaN,2335.153377848261,2332.765924984284,55.94955713272263,2358.75,21.018862227591065,,,,,
2025-10-01T14:45:00.000000,2338.45,2341.7,2337.0,2341.6,372,ASIANPAINT,NaN,2336.4427022786085,2333.5690227129853,57.56645794948532,2358.75,21.955744702592188,,,,,
2025-10-01T14:50:00.000000,2341.6,2341.7,2337.7,2340.0,262,ASIANPAINT,NaN,2337.1541618228866,2334.1536570118046,58.48328600626144,2358.75,22.825707000807515,,,,,
2025-10-01T14:55:00.000000,2340.0,2340.0,2336.1,2337.2,321,ASIANPAINT,NaN,2337.1633294583094,2334.4305972834586,58.48693339144303,2358.75,22.710615886981458,,,,,
2025-10-01T15:00:00.000000,2337.2,2338.4,2334.6,2336.2,348,ASIANPAINT,NaN,2336.9706635666475,2334.5914520758715,58.22666870220563,2358.75,21.83634580577208,,,,,
2025-10-01T15:05:00.000000,2336.2,2336.85,2333.6,2335.1,91,ASIANPAINT,NaN,2336.596530853318,2334.6376837053376,57.709512485145495,2358.75,20.552442931120613,,,,,
2025-10-01T15:10:00.000000,2335.1,2336.0,2334.05,2335.6,1456,ASIANPAINT,NaN,2336.3972246826547,2334.725167004852,57.355392686145954,2358.75,19.360247404658534,,,,,
2025-10-01T15:15:00.000000,2335.6,2336.65,2334.45,2334.75,676,ASIANPAINT,NaN,2336.067779746124,2334.7274245498656,56.807284140788425,2358.75,18.549548334279727,,,,,
2025-10-01T15:20:00.000000,2334.75,2335.95,2334.05,2335.3,1134,ASIANPAINT,NaN,2335.914223796899,2334.7794768635144,56.449363778746175,2358.75,17.582247936211576,,,,,
2025-10-01T15:25:00.000000,2335.3,2339.0,2335.0,2339.0,555,ASIANPAINT,NaN,2336.5313790375194,2335.163160785013,56.92245665089882,2358.75,17.945240347476325,,,,,
2025-10-03T09:15:00.000000,2340.4,2361.4,2340.4,2350.55,915,ASIANPAINT,NaN,2339.3351032300156,2336.5619643500117,58.727227925453214,2361.4,21.569976271049914,,,,,
2025-10-03T09:20:00.000000,2350.55,2350.55,2347.0,2349.4,879,ASIANPAINT,NaN,2341.3480825840124,2337.7290585000105,60.08103419640995,2361.4,24.935802485796817,,,,,
2025-10-03T09:25:00.000000,2349.4,2349.4,2340.0,2346.55,696,ASIANPAINT,NaN,2342.38846606721,2338.530962272737,60.65674728076827,2361.4,25.923285180848506,,,,,
2025-10-03T09:30:00.000000,2346.55,2350.35,2345.35,2347.45,95,ASIANPAINT,NaN,2343.400772853768,2339.341783884306,61.27699571526149,2361.4,26.95079961900236,,,,,
2025-10-03T09:35:00.000000,2347.45,2349.65,2346.0,2348.3,170,ASIANPAINT,NaN,2344.3806182830144,2340.156167167551,61.93314848053515,2361.4,27.904920168716654,,,,,
2025-10-03T09:40:00.000000,2348.3,2349.8,2348.3,2348.3,56,ASIANPAINT,NaN,2345.1644946264114,2340.8965156068643,62.52681050625894,2361.4,28.810533493488695,,,,,
2025-10-03T09:45:00.000000,2348.3,2349.0,2346.05,2348.7,310,ASIANPAINT,NaN,2345.871595701129,2341.6059232789676,63.11337408575295,2361.4,28.955865272189747,,,,,
2025-10-03T09:50:00.000000,2348.7,2349.0,2348.35,2348.65,39,ASIANPAINT,NaN,2346.4272765609035,2342.2462938899707,63.62974561948616,2361.4,29.090816209555012,,,,,
2025-10-03T09:55:00.000000,2348.65,2349.0,2344.0,2344.0,181,ASIANPAINT,NaN,2345.9418212487226,2342.4057217181553,62.92261839733618,2361.4,27.95965320948097,,,,,
2025-10-03T10:00:00.000000,2344.0,2345.0,2341.35,2342.3,83,ASIANPAINT,NaN,2345.213456998978,2342.3961106528686,61.92875352608883,2361.4,26.253618905334186,,,,,
2025-10-03T10:05:00.000000,2342.3,2342.45,2340.0,2340.25,346,ASIANPAINT,NaN,2344.2207655991824,2342.201009684426,60.634101657756126,2361.4,24.403762395205643,,,,,
2025-10-03T10:10:00.000000,2340.25,2340.25,2338.0,2338.1,826,ASIANPAINT,NaN,2342.996612479346,2341.8281906222055,59.08518412424459,2361.4,23.138728431071947,,,,,
2025-10-03T10:15:00.000000,2338.1,2339.55,2337.05,2339.55,61,ASIANPAINT,NaN,2342.307289983477,2341.6210823838232,57.98164882663982,2361.4,22.174061318315825,,,,,
2025-10-03T10:20:00.000000,2339.6,2341.1,2338.95,2341.1,88,ASIANPAINT,NaN,2342.0658319867816,2341.573711258021,57.28716293801074,2361.4,20.867476683579188,,,,,
2025-10-03T10:25:00.000000,2341.1,2346.1,2341.1,2342.35,413,ASIANPAINT,NaN,2342.122665589425,2341.6442829618372,56.894316325521906,2361.4,20.243506224096507,,,,,
2025-10-03T10:30:00.000000,2342.35,2345.2,2342.35,2343.3,32,ASIANPAINT,NaN,2342.35813247154,2341.794802692579,56.71474622133311,2361.4,19.664105083148304,,,,,
2025-10-03T10:35:00.000000,2343.3,2345.1,2342.45,2343.6,104,ASIANPAINT,NaN,2342.6065059772322,2341.9589115387084,56.608967584956154,2361.4,19.126089737982113,,,,,
2025-10-03T10:40:00.000000,2343.6,2345.7,2342.35,2342.5,495,ASIANPAINT,NaN,2342.5852047817857,2342.008101398826,56.2503436347594,2361.4,18.76823753401757,,,,,
2025-10-03T10:45:00.000000,2342.5,2342.6,2340.8,2340.95,64,ASIANPAINT,NaN,2342.2581638254287,2341.911910362569,55.57327240876149,2361.4,17.954118733625716,,,,,
2025-10-03T10:50:00.000000,2340.95,2343.05,2340.95,2342.0,153,ASIANPAINT,NaN,2342.206531060343,2341.919918511426,55.19621835648814,2361.4,17.31821331716606,,,,,
2025-10-03T10:55:00.000000,2342.0,2342.4,2340.8,2341.95,536,ASIANPAINT,NaN,2342.1552248482744,2341.9226531922054,54.842846649488706,2361.4,16.677317966307154,,,,,
2025-10-03T11:00:00.000000,2341.95,2341.95,2340.55,2341.0,68,ASIANPAINT,NaN,2341.9241798786197,2341.8387756292777,54.28564440870196,2361.4,15.993336082374876,,,,,
2025-10-03T11:05:00.000000,2341.0,2341.55,2340.0,2340.0,123,ASIANPAINT,NaN,2341.539343902896,2341.671614208434,53.5386668782375,2361.4,15.155598590966088,,,,,
2025-10-03T11:10:00.000000,2340.0,2341.8,2339.15,2339.15,20,ASIANPAINT,NaN,2341.0614751223166,2341.442376553122,52.66168835309655,2361.4,14.082835013190948,,,,,
2025-10-03T11:15:00.000000,2339.15,2341.3,2339.0,2339.0,15,ASIANPAINT,NaN,2340.6491800978533,2341.22034232102,51.83205655010436,2361.4,13.143473678089842,,,,,
2025-10-03T11:20:00.000000,2339.0,2342.05,2338.6,2340.9,75,ASIANPAINT,NaN,2340.6993440782826,2341.191220291836,51.64006044661023,2361.4,12.43438989529834,,,,,
2025-10-03T11:25:00.000000,2340.9,2343.0,2339.45,2342.05,17,ASIANPAINT,NaN,2340.969475262626,2341.2692911743966,51.77154874176539,2361.4,12.142942080862309,,,,,
2025-10-03T11:30:00.000000,2342.05,2345.0,2342.05,2344.0,57,ASIANPAINT,NaN,2341.5755802101007,2341.51753743127,52.35776079037912,2361.4,12.575540669212026,,,,,
2025-10-03T11:35:00.000000,2344.0,2344.7,2342.5,2342.5,56,ASIANPAINT,NaN,2341.7604641680805,2341.6068522102455,52.44887871197159,2361.4,12.977239358393906,,,,,
2025-10-03T11:40:00.000000,2342.5,2345.0,2342.5,2345.0,147,ASIANPAINT,NaN,2342.4083713344644,2341.915320191132,53.08728602558591,2361.4,13.457436650616659,,,,,
2025-10-03T11:45:00.000000,2345.0,2346.25,2344.0,2345.7,223,ASIANPAINT,NaN,2343.0666970675716,2342.2593819919384,53.80624568345396,2361.4,14.339584975827945,,,,,
2025-10-03T11:50:00.000000,2345.7,2345.7,2343.6,2345.15,137,ASIANPAINT,NaN,2343.4833576540573,2342.5221654472166,54.28447981495478,2361.4,14.929200179629918,,,,,
2025-10-03T11:55:00.000000,2345.15,2345.15,2342.0,2342.65,32,ASIANPAINT,NaN,2343.3166861232457,2342.533786770197,54.00334697057403,2361.4,14.608738310845329,,,,,
2025-10-03T12:00:00.000000,2342.65,2344.05,2340.8,2340.8,19,ASIANPAINT,NaN,2342.813348898597,2342.376169791088,53.29836000198521,2361.4,13.726421367179919,,,,,
2025-10-03T12:05:00.000000,2340.8,2349.0,2340.8,2349.0,215,ASIANPAINT,NaN,2344.0506791188773,2342.9783361737163,54.214427252200494,2361.4,14.636585979282128,,,,,
2025-10-03T12:10:00.000000,2349.0,2349.0,2344.6,2344.6,73,ASIANPAINT,NaN,2344.160543295102,2343.125760157924,54.14402339201956,2361.4,15.481738833377035,,,,,
2025-10-03T12:15:00.000000,2344.6,2345.2,2341.9,2341.9,147,ASIANPAINT,NaN,2343.7084346360816,2343.0143274162947,53.62082688895748,2361.4,15.042722989647038,,,,,
2025-10-03T12:20:00.000000,2341.9,2342.25,2338.5,2341.3,165,ASIANPAINT,NaN,2343.2267477088653,2342.858479469359,53.04952930284659,2361.4,14.513523911608297,,,,,
2025-10-03T12:25:00.000000,2341.3,2341.3,2338.65,2341.05,38,ASIANPAINT,NaN,2342.791398167092,2342.6940722448717,52.4900312300193,2361.4,14.022124767715182,,,,,
2025-10-03T12:30:00.000000,2341.05,2341.6,2340.1,2341.6,44,ASIANPAINT,NaN,2342.5531185336736,2342.5946111317016,52.093362436435406,2361.4,13.445627906626125,,,,,
2025-10-03T12:35:00.000000,2341.6,2347.2,2341.6,2346.95,61,ASIANPAINT,NaN,2343.4324948269386,2342.9905555742744,52.64852478677337,2361.4,13.869872525605413,,,,,
2025-10-03T12:40:00.000000,2346.95,2348.45,2346.85,2347.75,28,ASIANPAINT,NaN,2344.295995861551,2343.4232323402493,53.267190240208606,2361.4,14.576822885317627,,,,,
2025-10-03T12:45:00.000000,2347.75,2347.75,2347.0,2347.75,61,ASIANPAINT,NaN,2344.9867966892407,2343.816574854772,53.82693517426905,2361.4,15.233276790764686,,,,,
2025-10-03T12:50:00.000000,2347.75,2349.5,2347.0,2349.5,15,ASIANPAINT,NaN,2345.8894373513926,2344.3332498679747,54.6003691301216,2361.4,16.28446004905336,,,,,
2025-10-03T12:55:00.000000,2349.5,2352.0,2349.5,2352.0,142,ASIANPAINT,NaN,2347.111549881114,2345.0302271527044,55.64619071091044,2361.4,17.815614501463774,,,,,
2025-10-03T13:00:00.000000,2352.0,2352.0,2348.9,2350.0,320,ASIANPAINT,NaN,2347.689239904891,2345.482024684277,56.117643200783355,2361.4,18.963214557520246,,,,,
2025-10-03T13:05:00.000000,2350.0,2352.0,2350.0,2350.85,127,ASIANPAINT,NaN,2348.321391923913,2345.970022440252,56.67036536857268,2361.4,20.028843181001257,,,,,
2025-10-03T13:10:00.000000,2350.85,2354.2,2350.85,2354.2,90,ASIANPAINT,NaN,2349.49711353913,2346.7182022184106,57.6233262769179,2361.4,21.518805567195056,,,,,
2025-10-03T13:15:00.000000,2354.2,2354.45,2352.4,2354.0,280,ASIANPAINT,NaN,2350.3976908313043,2347.3801838349186,58.43495020068165,2361.4,22.956395193045065,,,,,
2025-10-03T13:20:00.000000,2354.0,2354.0,2351.8,2353.05,213,ASIANPAINT,NaN,2350.9281526650434,2347.8956216681077,58.92265568298524,2361.4,23.967253232232576,,,,,
2025-10-03T13:25:00.000000,2353.05,2353.5,2350.1,2351.5,66,ASIANPAINT,NaN,2351.0425221320347,2348.2232924255522,58.97434148024668,2361.4,24.034024584017157,,,,,
2025-10-03T13:30:00.000000,2351.5,2353.45,2350.1,2353.45,71,ASIANPAINT,NaN,2351.5240177056276,2348.698447659593,59.33073036950123,2361.4,24.096026553531413,,,,,
2025-10-03T13:35:00.000000,2353.45,2353.45,2352.8,2353.15,16,ASIANPAINT,NaN,2351.849214164502,2349.103134235994,59.57484712139031,2361.4,24.15359981093751,,,,,
2025-10-03T13:40:00.000000,2353.15,2353.15,2350.95,2350.95,9,ASIANPAINT,NaN,2351.6693713316017,2349.2710311236306,59.24251219970257,2361.4,23.244045221071126,,,,,
2025-10-03T13:45:00.000000,2350.95,2352.0,2350.0,2350.0,23,ASIANPAINT,NaN,2351.3354970652813,2349.3373010214823,58.71846125715574,2361.4,21.951144690013102,,,,,
2025-10-03T13:50:00.000000,2350.0,2350.0,2348.2,2348.75,154,ASIANPAINT,NaN,2350.818397652225,2349.2839100195292,57.95800932863146,2361.4,20.79007073965034,,,,,
2025-10-03T13:55:00.000000,2348.75,2350.55,2348.75,2350.0,130,ASIANPAINT,NaN,2350.65471812178,2349.349009108663,57.536586587404386,2361.4,19.46421907415905,,,,,
2025-10-03T14:00:00.000000,2350.0,2351.1,2350.0,2350.9,63,ASIANPAINT,NaN,2350.703774497424,2349.4900082806025,57.342047065513825,2361.4,18.16397218678523,,,,,
2025-10-03T14:05:00.000000,2350.9,2350.9,2349.6,2349.6,2,ASIANPAINT,NaN,2350.4830195979393,2349.5000075278203,56.84047538768505,2361.4,16.96479450739007,,,,,
2025-10-03T14:10:00.000000,2349.6,2350.0,2347.0,2347.0,42,ASIANPAINT,NaN,2349.7864156783517,2349.2727341162004,55.8057362554638,2361.4,16.937183556849483,,,,,
2025-10-03T14:15:00.000000,2347.0,2350.15,2347.0,2350.15,11,ASIANPAINT,NaN,2349.8591325426814,2349.3524855601822,55.55163206108976,2361.4,16.832551569703845,,,,,
2025-10-03T14:20:00.000000,2350.15,2351.75,2348.45,2351.75,14,ASIANPAINT,NaN,2350.237306034145,2349.5704414183474,55.62349126785928,2361.4,15.924911350492641,,,,,
2025-10-03T14:25:00.000000,2351.75,2352.7,2351.25,2352.7,41,ASIANPAINT,NaN,2350.729844827316,2349.854946743952,55.86095902524199,2361.4,14.932422697090717,,,,,
2025-10-03T14:30:00.000000,2352.7,2354.0,2352.3,2353.95,6,ASIANPAINT,NaN,2351.373875861853,2350.2272243126836,56.29705718054139,2361.4,14.57162670236966,,,,,
2025-10-03T14:35:00.000000,2353.95,2356.0,2352.0,2356.0,116,ASIANPAINT,NaN,2352.299100689482,2350.7520221024397,57.027773798380075,2361.4,14.991100595533172,,,,,
2025-10-03T14:40:00.000000,2356.0,2357.5,2356.0,2357.5,226,ASIANPAINT,NaN,2353.339280551586,2351.3654746385814,57.9143027537957,2361.4,15.872059763959408,,,,,
2025-10-03T14:45:00.000000,2357.5,2358.0,2356.25,2357.4,108,ASIANPAINT,NaN,2354.151424441269,2351.914067853256,58.68674560731584,2361.4,16.846400586219335,,,,,
2025-10-03T14:50:00.000000,2357.4,2358.4,2357.4,2357.8,93,ASIANPAINT,NaN,2354.881139553015,2352.449152593869,59.44975143012657,2361.4,17.87845301926098,,,,,
2025-10-03T14:55:00.000000,2357.8,2358.5,2357.45,2358.5,80,ASIANPAINT,NaN,2355.604911642412,2352.9992296307896,60.254287709761655,2361.4,18.86996992965365,,,,,
2025-10-03T15:00:00.000000,2358.5,2359.85,2357.3,2359.2,127,ASIANPAINT,NaN,2356.3239293139295,2353.5629360279904,61.096329986119294,2361.4,20.226937734555836,,,,,
2025-10-03T15:05:00.000000,2359.2,2360.4,2358.1,2358.1,302,ASIANPAINT,NaN,2356.679143451144,2353.975396389082,61.46717410391061,2361.4,21.654674931293254,,,,,
2025-10-03T15:10:00.000000,2358.1,2358.1,2356.1,2357.5,141,ASIANPAINT,NaN,2356.843314760915,2354.2958148991656,61.593952346243825,2361.4,21.68945349020438,,,,,
2025-10-03T15:15:00.000000,2357.5,2357.8,2356.4,2357.4,65,ASIANPAINT,NaN,2356.954651808732,2354.578013544696,61.67267044791876,2361.4,21.721747866336138,,,,,
2025-10-03T15:20:00.000000,2357.4,2359.3,2356.9,2357.2,235,ASIANPAINT,NaN,2357.0037214469853,2354.816375949724,61.667835249285496,2361.4,22.312406467260494,,,,,
2025-10-03T15:25:00.000000,2357.2,2358.4,2355.95,2356.5,218,ASIANPAINT,NaN,2356.9029771575883,2354.969432681567,61.393473741162246,2361.4,22.263493736801014,,,,,
2025-10-06T09:15:00.000000,2345.7,2351.95,2343.0,2349.7,1268,ASIANPAINT,NaN,2355.462381726071,2354.490393346879,59.32617268292658,2351.95,23.348252603898427,,,,,
2025-10-06T09:20:00.000000,2349.7,2351.25,2345.55,2350.0,458,ASIANPAINT,NaN,2354.369905380857,2354.08217576989,57.543079524029544,2351.95,24.355528694774595,,,,,
2025-10-06T09:25:00.000000,2350.0,2351.9,2345.0,2351.9,494,ASIANPAINT,NaN,2353.8759243046857,2353.8837961544455,56.4612309186301,2351.95,25.02088843491332,,,,,
2025-10-06T09:30:00.000000,2351.9,2351.9,2347.8,2350.0,750,ASIANPAINT,NaN,2353.1007394437484,2353.530723776769,55.07830354396601,2351.95,25.63872247932785,,,,,
2025-10-06T09:35:00.000000,2350.0,2351.7,2348.4,2349.6,376,ASIANPAINT,NaN,2352.4005915549988,2353.173385251608,53.74557851483246,2351.95,26.212425520569912,,,,,
2025-10-06T09:40:00.000000,2349.6,2353.0,2349.0,2352.6,471,ASIANPAINT,NaN,2352.440473243999,2353.1212593196437,53.33368644129024,2351.95,26.131477839210174,,,,,
2025-10-06T09:45:00.000000,2352.6,2355.0,2350.65,2355.0,423,ASIANPAINT,NaN,2352.952378595199,2353.292053926949,53.48442300743133,2351.95,25.196487023325442,,,,,
2025-10-06T09:50:00.000000,2355.0,2356.8,2353.45,2355.35,741,ASIANPAINT,NaN,2353.4319028761593,2353.47913993359,53.692843607872035,2351.95,23.639375245808854,,,,,
2025-10-06T09:55:00.000000,2355.35,2355.4,2353.2,2353.2,157,ASIANPAINT,NaN,2353.3855223009273,2353.4537635759907,53.35170057600045,2351.95,22.28043334326913,,,,,
2025-10-06T10:00:00.000000,2353.2,2354.6,2347.8,2347.95,363,ASIANPAINT,NaN,2352.298417840742,2352.9534214327186,52.050095191506365,2351.95,22.562933986288858,,,,,
2025-10-06T10:05:00.000000,2347.95,2350.8,2347.65,2349.1,479,ASIANPAINT,NaN,2351.6587342725934,2352.6031103933806,51.14119542321608,2351.95,22.860742585779953,,,,,
2025-10-06T10:10:00.000000,2349.1,2349.95,2346.55,2348.7,260,ASIANPAINT,NaN,2351.066987418075,2352.2482821758003,50.2491355411287,2351.95,23.401586051394666,,,,,
2025-10-06T10:15:00.000000,2348.7,2349.75,2346.35,2348.9,214,ASIANPAINT,NaN,2350.63358993446,2351.9438928870914,49.492986933740106,2351.95,23.95245538463762,,,,,
2025-10-06T10:20:00.000000,2348.9,2350.45,2348.5,2349.6,357,ASIANPAINT,NaN,2350.426871947568,2351.7308117155376,48.99277225999928,2351.95,24.130623643683457,,,,,
2025-10-06T10:25:00.000000,2349.6,2351.0,2348.3,2350.15,165,ASIANPAINT,NaN,2350.3714975580547,2351.5871015595794,48.686468971347985,2351.95,24.031991099518375,,,,,
2025-10-06T10:30:00.000000,2350.15,2352.9,2350.0,2350.0,775,ASIANPAINT,NaN,2350.2971980464436,2351.4428195996175,48.37435086772733,2351.95,23.08025786776752,,,,,
2025-10-06T10:35:00.000000,2350.0,2351.75,2350.0,2351.4,199,ASIANPAINT,NaN,2350.517758437155,2351.4389269087433,48.48002700858061,2351.95,22.19650558114173,,,,,
2025-10-06T10:40:00.000000,2351.4,2352.0,2350.35,2351.0,246,ASIANPAINT,NaN,2350.614206749724,2351.399024462494,48.469833076462095,2351.95,21.259242696623122,,,,,
2025-10-06T10:45:00.000000,2351.0,2351.6,2349.0,2351.4,198,ASIANPAINT,NaN,2350.7713653997794,2351.3991131477214,48.576682902876826,2351.95,20.901997116726665,,,,,
2025-10-06T10:50:00.000000,2351.4,2351.65,2350.05,2351.3,187,ASIANPAINT,NaN,2350.8770923198235,2351.390102861565,48.643527703385814,2351.95,20.544185378785908,,,,,
2025-10-06T10:55:00.000000,2351.3,2352.0,2350.15,2350.15,134,ASIANPAINT,NaN,2350.731673855859,2351.2773662377863,48.36354992358027,2351.95,20.020452266921016,,,,,
2025-10-06T11:00:00.000000,2350.15,2352.0,2350.0,2350.7,225,ASIANPAINT,NaN,2350.725339084687,2351.2248783979876,48.2964848869068,2351.95,19.599610704859856,,,,,
2025-10-06T11:05:00.000000,2351.0,2352.0,2350.7,2352.0,273,ASIANPAINT,NaN,2350.9802712677497,2351.2953439981707,48.654437706104375,2351.95,19.208829254374496,,,,,
2025-10-06T11:10:00.000000,2352.0,2355.8,2352.0,2354.55,280,ASIANPAINT,NaN,2351.6942170141997,2351.591221816519,49.666304803846856,2351.95,18.75835246643308,,,,,
2025-10-06T11:15:00.000000,2354.55,2354.55,2350.0,2352.25,229,ASIANPAINT,NaN,2351.8053736113598,2351.65111074229,49.86102433372773,2351.95,17.45135979534493,,,,,
2025-10-06T11:20:00.000000,2352.25,2352.7,2350.4,2350.95,109,ASIANPAINT,NaN,2351.634298889088,2351.5873734020815,49.6820750272075,2351.95,16.23772374362022,,,,,
2025-10-06T11:25:00.000000,2350.95,2351.35,2349.9,2349.9,185,ASIANPAINT,NaN,2351.2874391112705,2351.433975820074,49.25046393276129,2351.95,15.346667719889577,,,,,
2025-10-06T11:30:00.000000,2349.9,2351.25,2346.0,2346.0,236,ASIANPAINT,NaN,2350.2299512890163,2350.939978018249,48.038695694096866,2351.95,16.017468894281965,,,,,
2025-10-06T11:35:00.000000,2346.0,2346.7,2340.0,2341.9,2613,ASIANPAINT,NaN,2348.5639610312132,2350.118161834772,46.32385643071948,2351.95,18.066579049109304,,,,,
2025-10-06T11:40:00.000000,2341.9,2342.55,2340.0,2341.85,97,ASIANPAINT,NaN,2347.2211688249704,2349.3665107588836,44.76567224880328,2351.95,19.969324192877547,,,,,
2025-10-06T11:45:00.000000,2341.85,2341.85,2338.2,2338.2,155,ASIANPAINT,NaN,2345.4169350599764,2348.351373417167,42.91418660332979,2351.95,22.069925826811993,,,,,
2025-10-06T11:50:00.000000,2338.2,2340.5,2335.0,2335.0,491,ASIANPAINT,NaN,2343.333548047981,2347.1376121974245,40.931495934747005,2351.95,24.524024503782453,,,,,
2025-10-06T11:55:00.000000,2335.0,2336.8,2333.2,2335.3,490,ASIANPAINT,NaN,2341.7268384383847,2346.061465634022,39.231932057189745,2351.95,27.044956361643035,,,,,
2025-10-06T12:00:00.000000,2335.3,2338.05,2334.05,2338.05,225,ASIANPAINT,NaN,2340.991470750708,2345.333150576384,38.51084276845605,2351.95,28.75817886577995,,,,,
2025-10-06T12:05:00.000000,2338.05,2340.75,2338.05,2339.5,190,ASIANPAINT,NaN,2340.6931766005664,2344.802864160349,38.24590526844685,2351.95,29.125758370258676,,,,,
2025-10-06T12:10:00.000000,2339.5,2339.7,2336.65,2336.7,254,ASIANPAINT,NaN,2339.8945412804533,2344.066240145772,37.63133194833496,2351.95,29.74821881361724,,,,,
2025-10-06T12:15:00.000000,2336.7,2338.95,2336.7,2338.1,444,ASIANPAINT,NaN,2339.5356330243626,2343.5238546779747,37.43904917888033,2351.95,30.326217796735904,,,,,
2025-10-06T12:20:00.000000,2338.1,2339.4,2337.2,2337.35,467,ASIANPAINT,NaN,2339.09850641949,2342.962595161795,37.158935178058336,2351.95,30.649115917141064,,,,,
2025-10-06T12:25:00.000000,2337.35,2339.4,2337.0,2337.6,160,ASIANPAINT,NaN,2338.798805135592,2342.4750865107226,36.974803182952726,2351.95,30.996824999852585,,,,,
2025-10-06T12:30:00.000000,2337.6,2338.4,2336.4,2337.35,195,ASIANPAINT,NaN,2338.5090441084735,2342.0091695552023,36.76854478990252,2351.95,31.467855815696318,,,,,
2025-10-06T12:35:00.000000,2337.35,2339.0,2337.35,2337.9,109,ASIANPAINT,NaN,2338.387235286779,2341.6356086865476,36.751099600037364,2351.95,31.576188320561663,,,,,
2025-10-06T12:40:00.000000,2337.9,2342.3,2337.9,2341.45,234,ASIANPAINT,NaN,2338.999788229423,2341.6187351695885,37.69703407251349,2351.95,30.104779015683697,,,,,
2025-10-06T12:45:00.000000,2341.45,2344.3,2341.3,2343.85,231,ASIANPAINT,NaN,2339.969830583538,2341.821577426899,39.080412187142265,2351.95,27.965720839124163,,,,,
2025-10-06T12:50:00.000000,2343.7,2344.3,2341.55,2344.3,447,ASIANPAINT,NaN,2340.8358644668306,2342.046888569908,40.425533194358586,2351.95,25.97945253231888,,,,,
2025-10-06T12:55:00.000000,2344.3,2345.45,2343.7,2345.2,156,ASIANPAINT,NaN,2341.7086915734644,2342.3335350635525,41.83142128300036,2351.95,24.549188283563872,,,,,
2025-10-06T13:00:00.000000,2345.2,2346.95,2343.85,2346.95,89,ASIANPAINT,NaN,2342.7569532587713,2342.7532136941386,43.451287818835276,2351.95,23.751573321548864,,,,,
2025-10-06T13:05:00.000000,2346.95,2347.4,2344.8,2345.1,130,ASIANPAINT,NaN,2343.225562607017,2342.9665579037624,44.44102939464317,2351.95,23.16485707547742,,,,,
2025-10-06T13:10:00.000000,2345.2,2346.95,2345.2,2346.95,39,ASIANPAINT,NaN,2343.9704500856133,2343.32868900342,45.704819393355024,2351.95,22.6200491326968,,,,,
2025-10-06T13:15:00.000000,2346.95,2347.8,2346.1,2347.8,45,ASIANPAINT,NaN,2344.7363600684907,2343.735171821291,47.008573117301445,2351.95,22.42597282399836,,,,,
2025-10-06T13:20:00.000000,2347.8,2348.0,2346.7,2348.0,109,ASIANPAINT,NaN,2345.3890880547924,2344.122883473901,48.22677836414541,2351.95,22.31971912952813,,,,,
2025-10-06T13:25:00.000000,2348.0,2349.4,2346.35,2349.4,85,ASIANPAINT,NaN,2346.191270443834,2344.60262133991,49.597003248390834,2351.95,22.722523051602376,,,,,
2025-10-06T13:30:00.000000,2349.4,2351.0,2348.7,2350.7,614,ASIANPAINT,NaN,2347.0930163550674,2345.1569284908273,51.06969459120692,2351.95,23.603533155642086,,,,,
2025-10-06T13:35:00.000000,2350.7,2352.0,2349.3,2351.4,174,ASIANPAINT,NaN,2347.954413084054,2345.7244804462066,52.523767217557705,2351.95,24.710099154481416,,,,,
2025-10-06T13:40:00.000000,2351.4,2351.6,2350.0,2350.5,85,ASIANPAINT,NaN,2348.4635304672433,2346.1586185874608,53.53499280069314,2351.95,25.73762472483222,,,,,
2025-10-06T13:45:00.000000,2350.5,2351.4,2350.0,2350.0,252,ASIANPAINT,NaN,2348.7708243737948,2346.5078350795097,54.281441483455176,2351.95,26.691755611586537,,,,,
2025-10-06T13:50:00.000000,2350.0,2353.05,2348.3,2353.05,702,ASIANPAINT,NaN,2349.6266594990357,2347.1025773450087,55.52860594696641,2351.95,26.41884648869131,,,,,
2025-10-06T13:55:00.000000,2353.05,2355.0,2353.0,2354.0,187,ASIANPAINT,NaN,2350.5013275992287,2347.72961576819,56.81095665595311,2351.95,26.85926723177253,,,,,
2025-10-06T14:00:00.000000,2354.0,2355.0,2350.0,2352.35,649,ASIANPAINT,NaN,2350.871062079383,2348.1496506983544,57.41380570478848,2351.95,25.633295163781156,,,,,
2025-10-06T14:05:00.000000,2352.35,2353.95,2352.0,2353.95,48,ASIANPAINT,NaN,2351.4868496635063,2348.6769551803222,58.244896614691086,2351.95,24.494892529217736,,,,,
2025-10-06T14:10:00.000000,2353.95,2354.0,2352.75,2354.0,77,ASIANPAINT,NaN,2351.989479730805,2349.1608683457475,59.00564302931005,2351.95,23.459257301455306,,,,,
2025-10-06T14:15:00.000000,2354.0,2354.0,2352.4,2352.4,84,ASIANPAINT,NaN,2352.071583784644,2349.4553348597706,59.1513261032259,2351.95,22.30542703636114,,,,,
2025-10-06T14:20:00.000000,2352.6,2353.75,2350.9,2353.75,832,ASIANPAINT,NaN,2352.4072670277155,2349.8457589634277,59.55561711383183,2351.95,20.967825348539254,,,,,
2025-10-06T14:25:00.000000,2353.75,2354.25,2350.15,2350.15,301,ASIANPAINT,NaN,2351.9558136221726,2349.8734172394797,58.88098003596042,2351.95,20.082459140802335,,,,,
2025-10-06T14:30:00.000000,2350.15,2353.0,2350.0,2351.0,138,ASIANPAINT,NaN,2351.764650897738,2349.9758338540723,58.46060267034793,2351.95,19.332376952459864,,,,,
2025-10-06T14:35:00.000000,2351.0,2353.45,2351.0,2351.9,150,ASIANPAINT,NaN,2351.7917207181904,2350.1507580491566,58.278346380301805,2351.95,18.366500078988263,,,,,
2025-10-06T14:40:00.000000,2351.9,2352.9,2350.25,2352.85,571,ASIANPAINT,NaN,2352.0033765745525,2350.3961436810514,58.31772848043844,2351.95,17.861016617247355,,,,,
2025-10-06T14:45:00.000000,2352.85,2353.45,2351.3,2353.0,298,ASIANPAINT,NaN,2352.202701259642,2350.632857891865,58.386106374476896,2351.95,17.042457380281892,,,,,
2025-10-06T14:50:00.000000,2353.0,2358.9,2352.05,2355.1,712,ASIANPAINT,NaN,2352.7821610077135,2351.0389617198775,58.882985920863206,2351.95,17.79347668883501,,,,,
2025-10-06T14:55:00.000000,2355.1,2357.9,2355.1,2357.0,212,ASIANPAINT,NaN,2353.6257288061706,2351.580874290798,59.67223604328726,2351.95,18.490851761062906,,,,,
2025-10-06T15:00:00.000000,2357.0,2357.95,2354.75,2356.55,141,ASIANPAINT,NaN,2354.2105830449364,2352.0326129916343,60.23032035296439,2351.95,18.92686666087589,,,,,
2025-10-06T15:05:00.000000,2356.55,2356.55,2354.45,2355.8,289,ASIANPAINT,NaN,2354.528466435949,2352.3751027196677,60.473538370858904,2351.95,19.14499909871344,,,,,
2025-10-06T15:10:00.000000,2355.6,2355.9,2352.55,2352.55,169,ASIANPAINT,NaN,2354.1327731487595,2352.391002472425,59.71497617972811,2351.95,18.25673261897176,,,,,
2025-10-06T15:15:00.000000,2352.55,2353.7,2351.1,2352.8,107,ASIANPAINT,NaN,2353.866218519008,2352.428184065841,59.08916007727253,2351.95,17.18454365012584,,,,,
2025-10-06T15:20:00.000000,2352.8,2354.0,2351.1,2353.0,971,ASIANPAINT,NaN,2353.692974815206,2352.480167332583,58.57378719545381,2351.95,16.038762760054226,,,,,
2025-10-06T15:25:00.000000,2353.0,2356.95,2353.0,2356.85,834,ASIANPAINT,NaN,2354.324379852165,2352.8774248478026,58.95039408544796,2351.95,16.093030858905827,,,,,
2025-10-07T09:15:00.000000,2356.4,2364.4,2356.0,2358.15,884,ASIANPAINT,NaN,2355.089503881732,2353.3567498616385,59.52297212042043,2364.4,18.07751282185945,,,,,
2025-10-07T09:20:00.000000,2358.15,2359.95,2356.75,2356.75,564,ASIANPAINT,NaN,2355.4216031053857,2353.6652271469443,59.60754239450528,2364.4,19.92024607317353,,,,,
2025-10-07T09:25:00.000000,2356.8,2356.8,2351.05,2355.25,223,ASIANPAINT,NaN,2355.3872824843083,2353.809297406313,59.25372572387325,2364.4,19.32862180609168,,,,,
2025-10-07T09:30:00.000000,2355.25,2359.8,2355.25,2358.0,325,ASIANPAINT,NaN,2355.9098259874468,2354.1902703693754,59.47412230052607,2364.4,19.490518855230185,,,,,
2025-10-07T09:35:00.000000,2358.0,2359.05,2357.0,2359.05,19,ASIANPAINT,NaN,2356.5378607899574,2354.6320639721594,59.857453806801686,2364.4,19.64085182943023,,,,,
2025-10-07T09:40:00.000000,2359.05,2359.5,2357.55,2357.55,31,ASIANPAINT,NaN,2356.740288631966,2354.8973308837813,59.77030606101254,2364.4,19.88812638851894,,,,,
2025-10-07T09:45:00.000000,2357.55,2359.0,2357.55,2358.8,59,ASIANPAINT,NaN,2357.1522309055727,2355.2521189852555,59.928042271074716,2364.4,20.11773847910132,,,,,
2025-10-07T09:50:00.000000,2358.8,2361.75,2358.7,2361.75,145,ASIANPAINT,NaN,2358.071784724458,2355.8428354411412,60.560373971299846,2364.4,20.989682113953393,,,,,
2025-10-07T09:55:00.000000,2361.75,2362.5,2360.0,2360.0,142,ASIANPAINT,NaN,2358.4574277795664,2356.2207594919464,60.63503970387407,2364.4,21.96382114798336,,,,,
2025-10-07T10:00:00.000000,2360.0,2362.5,2360.0,2361.55,101,ASIANPAINT,NaN,2359.0759422236533,2356.7052359017694,60.958941243836826,2364.4,22.868378822439755,,,,,
2025-10-07T10:05:00.000000,2361.55,2361.55,2358.95,2358.95,79,ASIANPAINT,NaN,2359.0507537789226,2356.909305365245,60.57058262607735,2364.4,23.204877226242644,,,,,
2025-10-07T10:10:00.000000,2358.95,2360.4,2357.0,2357.0,175,ASIANPAINT,NaN,2358.6406030231383,2356.9175503320407,59.77079942299481,2364.4,22.653599163896406,,,,,
2025-10-07T10:15:00.000000,2357.0,2357.0,2355.0,2355.95,288,ASIANPAINT,NaN,2358.1024824185106,2356.829591210946,58.81960779964943,2364.4,21.35993498100543,,,,,
2025-10-07T10:20:00.000000,2355.95,2357.8,2355.95,2357.8,6,ASIANPAINT,NaN,2358.0419859348085,2356.917810191769,58.34139900075471,2364.4,20.426111776788954,,,,,
2025-10-07T10:25:00.000000,2357.8,2360.05,2357.8,2358.55,8,ASIANPAINT,NaN,2358.143588747847,2357.0661910834265,58.057153461643175,2364.4,20.254603998194614,,,,,
2025-10-07T10:30:00.000000,2358.55,2362.5,2358.0,2362.0,249,ASIANPAINT,NaN,2358.9148709982774,2357.5147191667515,58.408709794537934,2364.4,20.743709258145003,,,,,
2025-10-07T10:35:00.000000,2362.0,2363.8,2362.0,2362.3,57,ASIANPAINT,NaN,2359.5918967986217,2357.9497446970468,58.77498173615062,2364.4,21.50774041778084,,,,,
2025-10-07T10:40:00.000000,2362.3,2362.8,2359.6,2361.2,196,ASIANPAINT,NaN,2359.9135174388975,2358.2452224518606,58.81200662270888,2364.4,21.22392122378577,,,,,
2025-10-07T10:45:00.000000,2361.2,2361.2,2359.4,2360.5,144,ASIANPAINT,NaN,2360.030813951118,2358.4502022289644,58.66009739064531,2364.4,20.8814149997656,,,,,
2025-10-07T10:50:00.000000,2360.5,2362.45,2360.5,2361.55,14,ASIANPAINT,NaN,2360.3346511608943,2358.7320020263314,58.72830550333724,2364.4,20.918763504555418,,,,,
2025-10-07T10:55:00.000000,2361.55,2362.25,2359.95,2359.95,28,ASIANPAINT,NaN,2360.2577209287156,2358.842729114847,58.35747713102861,2364.4,20.7155203854403,,,,,
2025-10-07T11:00:00.000000,2359.95,2361.45,2357.8,2357.8,91,ASIANPAINT,NaN,2359.7661767429727,2358.7479355589517,57.50151575685773,2364.4,19.653530365373143,,,,,
2025-10-07T11:05:00.000000,2357.8,2359.0,2357.8,2359.0,9,ASIANPAINT,NaN,2359.612941394378,2358.7708505081378,56.999592374956165,2364.4,18.66739677531078,,,,,
2025-10-07T11:10:00.000000,2359.0,2359.0,2356.15,2356.15,48,ASIANPAINT,NaN,2358.9203531155026,2358.5325913710344,55.917225020107665,2364.4,17.55429693623693,,,,,
2025-10-07T11:15:00.000000,2356.15,2356.25,2353.0,2353.45,206,ASIANPAINT,NaN,2357.8262824924022,2358.0705376100314,54.44184976590249,2364.4,17.54411985315679,,,,,
2025-10-07T11:20:00.000000,2353.45,2353.45,2347.45,2347.45,806,ASIANPAINT,NaN,2355.7510259939218,2357.1050341909377,52.280927694622946,2364.4,18.826953408069066,,,,,
2025-10-07T11:25:00.000000,2347.45,2353.9,2347.45,2353.9,464,ASIANPAINT,NaN,2355.3808207951374,2356.813667446307,51.6190623435837,2364.4,19.83649284827944,,,,,
2025-10-07T11:30:00.000000,2353.9,2353.9,2351.8,2353.3,483,ASIANPAINT,NaN,2354.96465663611,2356.4942431330064,50.93585974608994,2364.4,20.773922328474786,,,,,
2025-10-07T11:35:00.000000,2353.3,2353.3,2351.8,2351.8,1,ASIANPAINT,NaN,2354.331725308888,2356.0674937572785,50.10614043116718,2364.4,21.64439256008475,,,,,
2025-10-07T11:40:00.000000,2351.8,2352.6,2351.8,2352.6,69,ASIANPAINT,NaN,2353.9853802471102,2355.752267052071,49.50900777724752,2364.4,22.452686346579718,,,,,
2025-10-07T11:45:00.000000,2352.6,2353.95,2351.05,2351.05,28,ASIANPAINT,NaN,2353.398304197688,2355.3247882291557,48.73901135530516,2364.4,22.534605006763513,,,,,
2025-10-07T11:50:00.000000,2351.05,2352.9,2351.05,2352.9,211,ASIANPAINT,NaN,2353.2986433581505,2355.104352935596,48.4108628394242,2364.4,22.610672334077037,,,,,
2025-10-07T11:55:00.000000,2352.9,2353.45,2352.9,2353.45,55,ASIANPAINT,NaN,2353.3289146865204,2354.9539572141784,48.2218764679012,2364.4,22.397074404458426,,,,,
2025-10-07T12:00:00.000000,2353.45,2353.45,2353.4,2353.4,19,ASIANPAINT,NaN,2353.3431317492164,2354.812688376526,48.04194132806014,2364.4,22.19873346981257,,,,,
2025-10-07T12:05:00.000000,2353.4,2357.85,2353.4,2356.8,8,ASIANPAINT,NaN,2354.0345053993733,2354.993353069569,48.53881058116026,2364.4,21.176871752304567,,,,,
2025-10-07T12:10:00.000000,2356.8,2356.8,2353.75,2353.75,5,ASIANPAINT,NaN,2353.977604319499,2354.8803209723355,48.4260394463506,2364.4,20.22800015747571,,,,,
2025-10-07T12:15:00.000000,2353.75,2354.0,2353.75,2354.0,51,ASIANPAINT,NaN,2353.982083455599,2354.800291793032,48.37259816205497,2364.4,19.346905105134624,,,,,
2025-10-07T12:20:00.000000,2354.0,2354.0,2352.6,2352.6,54,ASIANPAINT,NaN,2353.7056667644792,2354.600265266393,48.07253288777121,2364.4,17.99053214362061,,,,,
2025-10-07T12:25:00.000000,2352.6,2356.5,2352.6,2356.0,36,ASIANPAINT,NaN,2354.1645334115833,2354.727513878539,48.459382094175226,2364.4,17.731196787725523,,,,,
2025-10-07T12:30:00.000000,2356.0,2356.5,2355.4,2356.0,8,ASIANPAINT,NaN,2354.5316267292665,2354.8431944350355,48.80938851901695,2364.4,17.490385385822943,,,,,
2025-10-07T12:35:00.000000,2356.0,2360.0,2356.0,2358.75,46,ASIANPAINT,NaN,2355.375301383413,2355.198358577305,49.60856476245908,2364.4,18.40320107330345,,,,,
2025-10-07T12:40:00.000000,2358.75,2358.75,2358.4,2358.4,19,ASIANPAINT,NaN,2355.9802411067303,2355.4894168884593,50.253727784082116,2364.4,19.250815640249638,,,,,
2025-10-07T12:45:00.000000,2358.4,2359.95,2358.4,2359.95,54,ASIANPAINT,NaN,2356.7741928853843,2355.894924444054,51.10266077256145,2364.4,20.380508184691752,,,,,
2025-10-07T12:50:00.000000,2359.95,2359.95,2358.95,2358.95,62,ASIANPAINT,NaN,2357.2093543083074,2356.1726585855035,51.63139756905696,2364.4,21.429508404530857,,,,,
2025-10-07T12:55:00.000000,2358.95,2360.0,2358.95,2360.0,239,ASIANPAINT,NaN,2357.767483446646,2356.520598714094,52.29896378840304,2364.4,22.41894670866476,,,,,
2025-10-07T13:00:00.000000,2360.0,2365.1,2358.45,2365.1,130,ASIANPAINT,NaN,2359.233986757317,2357.30054428554,53.66460561958973,2364.4,24.57118395588416,,,,,
2025-10-07T13:05:00.000000,2365.1,2367.75,2365.1,2366.2,270,ASIANPAINT,NaN,2360.6271894058536,2358.109585714127,55.03675834508153,2364.4,27.01000037359092,,,,,
2025-10-07T13:10:00.000000,2366.2,2369.8,2365.45,2369.8,286,ASIANPAINT,NaN,2362.4617515246828,2359.1723506492067,56.67827951507671,2364.4,29.562610305616825,,,,,
2025-10-07T13:15:00.000000,2369.8,2371.65,2369.35,2369.35,599,ASIANPAINT,NaN,2363.8394012197464,2360.0975914992787,58.043683774385535,2364.4,32.163554145041836,,,,,
2025-10-07T13:20:00.000000,2369.35,2370.95,2368.0,2368.0,255,ASIANPAINT,NaN,2364.671520975797,2360.8159922720715,58.91903814620973,2364.4,33.82261072986283,,,,,
2025-10-07T13:25:00.000000,2368.0,2368.0,2366.75,2366.75,48,ASIANPAINT,NaN,2365.087216780638,2361.355447520065,59.388279267059694,2364.4,34.69950264365956,,,,,
2025-10-07T13:30:00.000000,2366.75,2367.45,2365.0,2365.55,133,ASIANPAINT,NaN,2365.17977342451,2361.7367704727862,59.51167185096246,2364.4,34.65078830961955,,,,,
2025-10-07T13:35:00.000000,2365.55,2367.05,2364.35,2367.05,14,ASIANPAINT,NaN,2365.5538187396082,2362.219791338897,59.85735574640445,2364.4,34.299048826817554,,,,,
2025-10-07T13:40:00.000000,2367.05,2367.7,2366.2,2367.7,167,ASIANPAINT,NaN,2365.9830549916865,2362.71799212627,60.26960857293351,2364.4,34.13974653822941,,,,,
2025-10-07T13:45:00.000000,2367.7,2367.7,2366.2,2366.2,60,ASIANPAINT,NaN,2366.026443993349,2363.0345382966093,60.24035723649811,2364.4,33.99182298454041,,,,,
2025-10-07T13:50:00.000000,2366.2,2367.7,2366.05,2367.0,24,ASIANPAINT,NaN,2366.2211551946793,2363.3950348150993,60.352754783014035,2364.4,33.77105350882554,,,,,
2025-10-07T13:55:00.000000,2367.0,2367.0,2366.3,2367.0,78,ASIANPAINT,NaN,2366.3769241557434,2363.7227589228173,60.45444780129035,2364.4,33.56605328137601,,,,,
2025-10-07T14:00:00.000000,2367.0,2367.0,2366.05,2367.0,96,ASIANPAINT,NaN,2366.501539324595,2364.020689929834,60.54645577020701,2364.4,33.218576819228886,,,,,
2025-10-07T14:05:00.000000,2367.0,2369.65,2367.0,2368.5,129,ASIANPAINT,NaN,2366.9012314596757,2364.4278999362127,60.9184283637411,2364.4,33.71560165270195,,,,,
2025-10-07T14:10:00.000000,2368.5,2369.75,2367.85,2369.75,73,ASIANPAINT,NaN,2367.4709851677408,2364.9117272147387,61.47799949392335,2364.4,34.204892431878484,,,,,
2025-10-07T14:15:00.000000,2369.75,2369.75,2365.4,2365.4,187,ASIANPAINT,NaN,2367.0567881341926,2364.9561156497625,60.72473122891717,2364.4,33.18971254945897,,,,,
2025-10-07T14:20:00.000000,2365.4,2367.1,2364.5,2366.25,32,ASIANPAINT,NaN,2366.895430507354,2365.0737414997843,60.220080986004376,2364.4,31.777944514559774,,,,,
2025-10-07T14:25:00.000000,2366.25,2366.4,2362.1,2362.1,26,ASIANPAINT,NaN,2365.936344405883,2364.80340136344,58.846233296198065,2364.4,29.64962563654558,,,,,
2025-10-07T14:30:00.000000,2362.1,2365.6,2362.1,2364.3,123,ASIANPAINT,NaN,2365.6090755247064,2364.7576376031275,58.06913860233304,2364.4,27.673329535532396,,,,,
2025-10-07T14:35:00.000000,2364.3,2364.3,2360.05,2360.5,23,ASIANPAINT,NaN,2364.5872604197652,2364.370579639207,56.67214363430668,2364.4,26.66854424164149,,,,,
2025-10-07T14:40:00.000000,2360.5,2360.5,2358.4,2358.9,173,ASIANPAINT,NaN,2363.449808335812,2363.8732542174607,55.15526437598226,2364.4,26.310772113749355,,,,,
2025-10-07T14:45:00.000000,2358.9,2360.95,2358.9,2359.5,72,ASIANPAINT,NaN,2362.6598466686496,2363.475685652237,53.918945961275334,2364.4,25.74697628092105,,,,,
2025-10-07T14:50:00.000000,2359.5,2360.6,2359.5,2360.0,12,ASIANPAINT,NaN,2362.1278773349195,2363.1597142293067,52.91703923261162,2364.4,25.223451579009055,,,,,
2025-10-07T14:55:00.000000,2360.0,2360.0,2359.5,2359.5,204,ASIANPAINT,NaN,2361.6023018679357,2362.8270129357334,51.91836053467457,2364.4,24.7373214986622,,,,,
2025-10-07T15:00:00.000000,2359.5,2359.5,2354.0,2354.0,163,ASIANPAINT,NaN,2360.0818414943487,2362.024557214303,50.170202239790974,2364.4,25.970990059093115,,,,,
2025-10-07T15:05:00.000000,2354.0,2354.75,2353.7,2353.7,130,ASIANPAINT,NaN,2358.805473195479,2361.26777928573,48.54976794238861,2364.4,27.185724786781492,,,,,
2025-10-07T15:10:00.000000,2353.7,2353.7,2350.0,2351.25,124,ASIANPAINT,NaN,2357.294378556383,2360.357072077936,46.7793070019345,2364.4,29.053211372072756,,,,,
2025-10-07T15:15:00.000000,2351.25,2351.25,2348.1,2351.1,820,ASIANPAINT,NaN,2356.0555028451063,2359.515520070851,45.159442809436015,2364.4,31.091476505820122,,,,,
2025-10-07T15:20:00.000000,2351.1,2352.9,2350.4,2350.7,205,ASIANPAINT,NaN,2354.984402276085,2358.714109155319,43.6433483855806,2364.4,32.09911491416649,,,,,
2025-10-07T15:25:00.000000,2350.7,2358.0,2350.7,2358.0,176,ASIANPAINT,NaN,2355.587521820868,2358.649190141199,44.01908100585538,2364.4,30.8834554993611,,,,,
2025-10-08T09:15:00.000000,2358.2,2369.0,2358.0,2365.0,1038,ASIANPAINT,NaN,2357.470017456694,2359.226536491999,45.41332263389909,2369.0,30.273100970068263,,,,,
2025-10-08T09:20:00.000000,2365.0,2365.0,2357.0,2359.25,660,ASIANPAINT,NaN,2357.8260139653553,2359.228669538181,45.795295595031774,2369.0,29.436753559884725,,,,,
2025-10-08T09:25:00.000000,2359.25,2359.25,2355.0,2358.3,96,ASIANPAINT,NaN,2357.920811172284,2359.14424503471,46.012634387792986,2369.0,28.13246757965438,,,,,
2025-10-08T09:30:00.000000,2358.3,2358.4,2357.3,2357.3,66,ASIANPAINT,NaN,2357.7966489378273,2358.9765863951907,46.07208220786336,2369.0,26.921344883726203,,,,,
2025-10-08T09:35:00.000000,2357.3,2357.35,2355.55,2357.35,156,ASIANPAINT,NaN,2357.707319150262,2358.8287149047187,46.13405457150522,2369.0,25.324472935657024,,,,,
2025-10-08T09:40:00.000000,2357.35,2358.35,2356.5,2356.55,78,ASIANPAINT,NaN,2357.4758553202096,2358.62155900429,46.06995733599488,2369.0,24.082326252835873,,,,,
2025-10-08T09:45:00.000000,2356.55,2359.0,2356.55,2359.0,108,ASIANPAINT,NaN,2357.7806842561677,2358.6559627311726,46.43675228433037,2369.0,23.08750144191931,,,,,
2025-10-08T09:50:00.000000,2359.0,2360.6,2359.0,2359.0,58,ASIANPAINT,NaN,2358.0245474049343,2358.6872388465204,46.76861438044343,2369.0,22.549365222536096,,,,,
2025-10-08T09:55:00.000000,2359.0,2359.0,2351.0,2352.7,502,ASIANPAINT,NaN,2356.9596379239474,2358.1429444059277,46.13666437836804,2369.0,21.84548362039461,,,,,
2025-10-08T10:00:00.000000,2352.7,2352.7,2348.7,2351.3,104,ASIANPAINT,NaN,2355.827710339158,2357.5208585508435,45.39358858231388,2369.0,21.63067285088257,,,,,
2025-10-08T10:05:00.000000,2351.3,2351.3,2350.95,2350.95,5,ASIANPAINT,NaN,2354.8521682713263,2356.9235077734943,44.67775205972956,2369.0,21.431205707764242,,,,,
2025-10-08T10:10:00.000000,2350.95,2351.25,2344.35,2344.35,250,ASIANPAINT,NaN,2352.751734617061,2355.7804616122676,43.326902482032466,2369.0,22.34596194686861,,,,,
2025-10-08T10:15:00.000000,2343.0,2346.95,2340.05,2345.0,656,ASIANPAINT,NaN,2351.201387693649,2354.800419647516,42.23879096521332,2369.0,23.74724975988924,,,,,
2025-10-08T10:20:00.000000,2345.0,2348.45,2343.0,2346.6,168,ASIANPAINT,NaN,2350.281110154919,2354.054926952287,41.584809019710136,2369.0,24.619808362283596,,,,,
2025-10-08T10:25:00.000000,2346.6,2347.9,2344.25,2345.8,48,ASIANPAINT,NaN,2349.3848881239355,2353.3044790475337,40.90314204848518,2369.0,25.430041350221213,,,,,
2025-10-08T10:30:00.000000,2345.8,2345.8,2342.8,2343.35,141,ASIANPAINT,NaN,2348.1779104991483,2352.399526406849,40.020974247749734,2369.0,26.389357453581248,,,,,
2025-10-08T10:35:00.000000,2343.35,2347.4,2343.0,2347.4,18,ASIANPAINT,NaN,2348.0223283993187,2351.9450240062265,40.042868583997816,2369.0,26.774069799061444,,,,,
2025-10-08T10:40:00.000000,2347.4,2349.4,2347.4,2348.55,76,ASIANPAINT,NaN,2348.127862719455,2351.636385460206,40.27372711583701,2369.0,26.526351261218558,,,,,
2025-10-08T10:45:00.000000,2348.55,2349.65,2347.95,2348.95,50,ASIANPAINT,NaN,2348.292290175564,2351.3921686001872,40.55767927427305,2369.0,26.220778717793728,,,,,
2025-10-08T10:50:00.000000,2348.95,2349.9,2343.25,2343.25,61,ASIANPAINT,NaN,2347.2838321404515,2350.6519714547157,40.098840871622045,2369.0,26.75879876672789,,,,,
2025-10-08T10:55:00.000000,2343.25,2345.45,2335.55,2338.5,344,ASIANPAINT,NaN,2345.527065712361,2349.547246777014,39.224557987197976,2369.0,28.237981020628062,,,,,
2025-10-08T11:00:00.000000,2338.5,2340.6,2338.5,2339.0,136,ASIANPAINT,NaN,2344.2216525698886,2348.5884061609217,38.53262906196172,2369.0,29.61150739924965,,,,,
2025-10-08T11:05:00.000000,2339.0,2339.15,2337.7,2338.35,37,ASIANPAINT,NaN,2343.047322055911,2347.6576419644744,37.84374470599919,2369.0,30.978247094467736,,,,,
2025-10-08T11:10:00.000000,2338.35,2338.4,2336.95,2338.05,108,ASIANPAINT,NaN,2342.047857644729,2346.784219967704,37.19018359273278,2369.0,32.335161684164575,,,,,
2025-10-08T11:15:00.000000,2338.05,2339.85,2336.8,2339.85,527,ASIANPAINT,NaN,2341.6082861157834,2346.153836334276,37.003794931972685,2369.0,33.08569319890645,,,,,
2025-10-08T11:20:00.000000,2339.15,2339.15,2337.4,2339.0,22,ASIANPAINT,NaN,2341.086628892627,2345.5034875766146,36.73322871920419,2369.0,33.782615319738184,,,,,
2025-10-08T11:25:00.000000,2339.0,2339.0,2334.05,2336.35,37,ASIANPAINT,NaN,2340.1393031141015,2344.671352342377,36.187313713563924,2369.0,34.89120370864241,,,,,
2025-10-08T11:30:00.000000,2336.35,2337.7,2335.35,2336.75,91,ASIANPAINT,NaN,2339.461442491281,2343.9512294021606,35.790785704245614,2369.0,35.92060721262491,,,,,
2025-10-08T11:35:00.000000,2336.75,2338.2,2336.75,2338.2,30,ASIANPAINT,NaN,2339.2091539930248,2343.4283903656005,35.786114733036975,2369.0,36.67183896246456,,,,,
2025-10-08T11:40:00.000000,2338.2,2339.0,2337.8,2338.95,150,ASIANPAINT,NaN,2339.15732319442,2343.021263968728,35.96282775013384,2369.0,37.03463150489008,,,,,
2025-10-08T11:45:00.000000,2338.95,2338.95,2334.55,2335.5,24,ASIANPAINT,NaN,2338.425858555536,2342.3375126988435,35.664723943726216,2369.0,37.88255365410226,,,,,
2025-10-08T11:50:00.000000,2335.5,2335.5,2334.05,2335.5,38,ASIANPAINT,NaN,2337.8406868444285,2341.715920635312,35.39501097602408,2369.0,38.74269875422432,,,,,
2025-10-08T11:55:00.000000,2335.5,2336.4,2334.1,2336.4,33,ASIANPAINT,NaN,2337.552549475543,2341.232655123011,35.389033549071605,2369.0,39.14279603058983,,,,,
2025-10-08T12:00:00.000000,2336.4,2336.4,2335.3,2335.4,9,ASIANPAINT,NaN,2337.1220395804344,2340.702413748192,35.24017523307947,2369.0,39.51431493007209,,,,,
2025-10-08T12:05:00.000000,2335.4,2336.15,2334.5,2334.65,54,ASIANPAINT,NaN,2336.6276316643475,2340.1521943165385,34.99826184805671,2369.0,40.006206084715075,,,,,
2025-10-08T12:10:00.000000,2334.65,2335.85,2334.65,2335.85,14,ASIANPAINT,NaN,2336.472105331478,2339.761085742308,35.12706186530703,2369.0,40.46296215688357,,,,,
2025-10-08T12:15:00.000000,2335.85,2336.95,2335.3,2336.95,28,ASIANPAINT,NaN,2336.5676842651824,2339.505532493007,35.551696441335174,2369.0,40.30514237960073,,,,,
2025-10-08T12:20:00.000000,2336.95,2336.95,2330.65,2331.85,137,ASIANPAINT,NaN,2335.6241474121457,2338.809574993643,35.17279171241699,2369.0,41.050110491196186,,,,,
2025-10-08T12:25:00.000000,2331.85,2332.5,2328.3,2330.25,164,ASIANPAINT,NaN,2334.5493179297164,2338.0314318124024,34.63750155756312,2369.0,42.09062841783373,,,,,
2025-10-08T12:30:00.000000,2330.25,2330.25,2326.0,2326.0,91,ASIANPAINT,NaN,2332.839454343773,2336.9376652840024,33.717609018127206,2369.0,43.356667085679405,,,,,
2025-10-08T12:35:00.000000,2326.0,2327.5,2325.75,2326.0,59,ASIANPAINT,NaN,2331.4715634750182,2335.943332076366,32.88532529197091,2369.0,44.56370544740677,,,,,
2025-10-08T12:40:00.000000,2326.0,2327.8,2325.8,2325.9,62,ASIANPAINT,NaN,2330.3572507800145,2335.0303018876057,32.12230210840381,2369.0,45.52480217188939,,,,,
2025-10-08T12:45:00.000000,2325.9,2328.9,2325.7,2328.9,190,ASIANPAINT,NaN,2330.0658006240114,2334.473001716005,32.28780200579008,2369.0,45.827819360153974,,,,,
2025-10-08T12:50:00.000000,2328.9,2328.9,2327.75,2328.5,8,ASIANPAINT,NaN,2329.752640499209,2333.9300015600047,32.383086976111386,2369.0,46.10919246354252,,,,,
2025-10-08T12:55:00.000000,2328.5,2332.55,2328.5,2332.55,68,ASIANPAINT,NaN,2330.3121123993674,2333.8045468727314,33.457213402049696,2369.0,44.580364218008846,,,,,
2025-10-08T13:00:00.000000,2332.55,2332.6,2330.75,2332.35,55,ASIANPAINT,NaN,2330.7196899194937,2333.6723153388466,34.39493856979331,2369.0,43.138802930359795,,,,,
2025-10-08T13:05:00.000000,2332.35,2332.4,2331.45,2332.05,19,ASIANPAINT,NaN,2330.985751935595,2333.5248321262243,35.18943253627551,2369.0,41.80021030611424,,,,,
2025-10-08T13:10:00.000000,2332.05,2332.8,2330.95,2332.8,12,ASIANPAINT,NaN,2331.348601548476,2333.4589382965673,36.0937133160342,2369.0,40.707173408744154,,,,,
2025-10-08T13:15:00.000000,2332.8,2332.8,2331.85,2332.1,222,ASIANPAINT,NaN,2331.4988812387805,2333.3353984514247,36.771221516636444,2369.0,39.69221057547194,,,,,
2025-10-08T13:20:00.000000,2332.1,2332.9,2330.0,2331.0,261,ASIANPAINT,NaN,2331.3991049910246,2333.123089501295,37.166238918164694,2369.0,39.308700042161476,,,,,
2025-10-08T13:25:00.000000,2331.0,2331.15,2329.3,2330.35,18,ASIANPAINT,NaN,2331.1892839928196,2332.8709904557227,37.39656027078442,2369.0,39.14763770541401,,,,,
2025-10-08T13:30:00.000000,2330.35,2330.35,2327.75,2328.0,90,ASIANPAINT,NaN,2330.5514271942557,2332.4281731415663,37.180234270191264,2369.0,39.40365770128198,,,,,
2025-10-08T13:35:00.000000,2328.0,2328.85,2327.4,2328.0,54,ASIANPAINT,NaN,2330.0411417554046,2332.0256119468786,36.98451074584508,2369.0,39.72919469140357,,,,,
2025-10-08T13:40:00.000000,2328.0,2328.0,2325.4,2327.55,98,ASIANPAINT,NaN,2329.542913404324,2331.618738133526,36.72577529718002,2369.0,40.498521331565975,,,,,
2025-10-08T13:45:00.000000,2327.55,2327.55,2326.0,2327.55,5,ASIANPAINT,NaN,2329.144330723459,2331.24885284866,36.4916813198164,2369.0,41.21289606885963,,,,,
2025-10-08T13:50:00.000000,2327.55,2329.7,2326.2,2329.65,40,ASIANPAINT,NaN,2329.245464578767,2331.103502589691,37.01037875342671,2369.0,40.51104120236992,,,,,
2025-10-08T13:55:00.000000,2329.65,2330.0,2328.55,2328.55,8,ASIANPAINT,NaN,2329.1063716630138,2330.871365990628,37.233004242872866,2369.0,39.683578575991085,,,,,
2025-10-08T14:00:00.000000,2328.55,2330.05,2325.5,2325.5,33,ASIANPAINT,NaN,2328.385097330411,2330.38305999148,36.850951497646605,2369.0,39.77898023885812,,,,,
2025-10-08T14:05:00.000000,2325.5,2326.25,2321.0,2322.0,272,ASIANPAINT,NaN,2327.108077864329,2329.620963628618,35.99472779642526,2369.0,40.76411551073385,,,,,
2025-10-08T14:10:00.000000,2322.0,2322.6,2320.45,2322.1,92,ASIANPAINT,NaN,2326.1064622914632,2328.93723966238,35.25399326590374,2369.0,41.769246966757194,,,,,
2025-10-08T14:15:00.000000,2322.1,2322.7,2321.3,2321.3,28,ASIANPAINT,NaN,2325.1451698331707,2328.2429451476182,34.47408793113876,2369.0,42.64389076465873,,,,,
2025-10-08T14:20:00.000000,2321.3,2324.9,2321.3,2324.9,102,ASIANPAINT,NaN,2325.0961358665368,2327.9390410432893,34.91579712630206,2369.0,42.2273641579367,,,,,
2025-10-08T14:25:00.000000,2324.9,2326.95,2323.55,2326.95,331,ASIANPAINT,NaN,2325.4669086932295,2327.849128221172,35.848797955974945,2369.0,40.855696103978836,,,,,
2025-10-08T14:30:00.000000,2326.95,2328.25,2324.9,2327.0,83,ASIANPAINT,NaN,2325.7735269545838,2327.77193474652,36.70563179886709,2369.0,39.016130553786795,,,,,
2025-10-08T14:35:00.000000,2327.0,2330.7,2326.5,2330.7,50,ASIANPAINT,NaN,2326.758821563667,2328.0381224968364,38.32718982368979,2369.0,36.35763578814854,,,,,
2025-10-08T14:40:00.000000,2330.7,2330.7,2326.8,2329.25,261,ASIANPAINT,NaN,2327.2570572509335,2328.1482931789424,39.46849865614975,2369.0,33.889033505770165,,,,,
2025-10-08T14:45:00.000000,2329.25,2329.25,2329.25,2329.25,19,ASIANPAINT,NaN,2327.6556458007467,2328.248448344493,40.501111409327805,2369.0,31.596759957847386,,,,,
2025-10-08T14:50:00.000000,2329.25,2331.7,2327.9,2331.7,52,ASIANPAINT,NaN,2328.464516640597,2328.562225767721,41.960313868901494,2369.0,30.128784142004218,,,,,
2025-10-08T14:55:00.000000,2331.7,2331.7,2329.75,2331.4,139,ASIANPAINT,NaN,2329.051613312478,2328.8202052433826,43.20389893178056,2369.0,28.765663741578418,,,,,
2025-10-08T15:00:00.000000,2331.4,2331.65,2330.8,2330.8,7,ASIANPAINT,NaN,2329.4012906499825,2329.000186584893,44.17124416337606,2369.0,27.499909084040176,,,,,
2025-10-08T15:05:00.000000,2330.8,2332.0,2329.2,2331.1,52,ASIANPAINT,NaN,2329.7410325199858,2329.1910787135394,45.11734209487017,2369.0,25.58453390254159,,,,,
2025-10-08T15:10:00.000000,2331.1,2331.85,2327.6,2327.6,66,ASIANPAINT,NaN,2329.312826015989,2329.046435194127,45.11275610129166,2369.0,24.364789257264277,,,,,
2025-10-08T15:15:00.000000,2327.6,2329.1,2326.4,2327.0,210,ASIANPAINT,NaN,2328.850260812791,2328.8603956310244,44.98022287696608,2369.0,23.680999875991493,,,,,
2025-10-08T15:20:00.000000,2327.0,2329.2,2325.25,2325.25,166,ASIANPAINT,NaN,2328.130208650233,2328.532177846386,44.502712113927004,2369.0,23.44890105722491,,,,,
2025-10-08T15:25:00.000000,2325.25,2325.3,2321.6,2324.45,239,ASIANPAINT,NaN,2327.3941669201863,2328.1610707694417,43.9162767118869,2369.0,24.28196918138797,,,,,
2025-10-09T09:15:00.000000,2326.55,2337.5,2326.0,2327.3,1135,ASIANPAINT,NaN,2327.375333536149,2328.082791608583,44.17645624875558,2338.4,23.89101799876381,,,,,
2025-10-09T09:20:00.000000,2327.3,2334.35,2326.8,2333.0,423,ASIANPAINT,NaN,2328.500266828919,2328.5298105532574,45.55430013439285,2338.4,23.527991900612808,,,,,
2025-10-09T09:25:00.000000,2333.0,2333.0,2328.7,2332.25,479,ASIANPAINT,NaN,2329.250213463135,2328.8680095938703,46.62847292272482,2338.4,23.19089623804402,,,,,
2025-10-09T09:30:00.000000,2332.25,2335.1,2332.25,2333.85,161,ASIANPAINT,NaN,2330.170170770508,2329.3209178126094,47.87265511378228,2338.4,23.336133562543758,,,,,
2025-10-09T09:35:00.000000,2333.85,2338.4,2333.75,2337.9,255,ASIANPAINT,NaN,2331.7161366164064,2330.1008343750996,49.585472985549394,2338.4,24.100982527475846,,,,,
2025-10-09T09:40:00.000000,2337.0,2338.1,2336.95,2336.95,146,ASIANPAINT,NaN,2332.762909293125,2330.723485795545,50.90185169229576,2338.4,24.811199423484215,,,,,
2025-10-09T09:45:00.000000,2336.95,2339.4,2335.85,2336.1,102,ASIANPAINT,NaN,2333.4303274345,2331.212259814132,51.88390111937611,2338.4,25.71158167644756,,,,,
2025-10-09T09:50:00.000000,2336.1,2336.1,2330.8,2333.0,189,ASIANPAINT,NaN,2333.3442619476,2331.374781649211,52.074906489948695,2338.4,24.817999869883852,,,,,
2025-10-09T09:55:00.000000,2333.0,2336.0,2333.0,2334.0,761,ASIANPAINT,NaN,2333.47540955808,2331.613437862919,52.42296551627043,2338.4,23.988245335217552,,,,,
2025-10-09T10:00:00.000000,2333.2,2334.75,2331.4,2333.25,128,ASIANPAINT,NaN,2333.4303276464643,2331.762216239017,52.57214697841943,2338.4,22.726035029782192,,,,,
2025-10-09T10:05:00.000000,2333.25,2335.5,2332.5,2332.5,100,ASIANPAINT,NaN,2333.2442621171713,2331.8292874900158,52.53984126302277,2338.4,21.75328978729748,,,,,
2025-10-09T10:10:00.000000,2332.5,2334.2,2330.0,2330.35,1195,ASIANPAINT,NaN,2332.665409693737,2331.694806809105,52.05659106868397,2338.4,20.301717054280356,,,,,
2025-10-09T10:15:00.000000,2330.0,2330.35,2328.7,2330.1,29,ASIANPAINT,NaN,2332.1523277549895,2331.549824371914,51.56828332948326,2338.4,19.31512154477406,,,,,
2025-10-09T10:20:00.000000,2330.1,2331.3,2329.4,2331.3,18,ASIANPAINT,NaN,2331.9818622039916,2331.5271130653764,51.40541946734863,2338.4,18.10374141333253,,,,,
2025-10-09T10:25:00.000000,2331.3,2332.3,2329.6,2330.45,39,ASIANPAINT,NaN,2331.675489763193,2331.4291936957966,51.06624185653525,2338.4,16.950496824849214,,,,,
2025-10-09T10:30:00.000000,2330.45,2332.2,2328.15,2328.15,92,ASIANPAINT,NaN,2330.9703918105547,2331.1310851779967,50.27946095936703,2338.4,16.049589616576924,,,,,
2025-10-09T10:35:00.000000,2328.15,2331.95,2328.15,2331.95,107,ASIANPAINT,NaN,2331.166313448444,2331.205531979997,50.4272802816655,2338.4,15.213032923181226,,,,,
2025-10-09T10:40:00.000000,2331.95,2332.0,2331.1,2331.1,11,ASIANPAINT,NaN,2331.153050758755,2331.1959381636334,50.380227971614936,2338.4,14.417870660752058,,,,,
2025-10-09T10:45:00.000000,2331.1,2331.2,2330.0,2330.1,130,ASIANPAINT,NaN,2330.942440607004,2331.096307421485,50.126772025892706,2338.4,14.057338230352181,,,,,
2025-10-09T10:50:00.000000,2330.1,2330.1,2326.0,2326.0,115,ASIANPAINT,NaN,2329.953952485603,2330.6330067468048,49.15331194446161,2338.4,14.872289130133746,,,,,
2025-10-09T10:55:00.000000,2326.0,2327.95,2326.0,2327.0,294,ASIANPAINT,NaN,2329.3631619884827,2330.3027334061862,48.5085631959827,2338.4,15.629029251359485,,,,,
2025-10-09T11:00:00.000000,2327.0,2332.0,2327.0,2332.0,234,ASIANPAINT,NaN,2329.890529590786,2330.4570303692603,48.922222242688804,2338.4,14.785205993106489,,,,,
2025-10-09T11:05:00.000000,2332.0,2335.45,2330.75,2335.45,161,ASIANPAINT,NaN,2331.002423672629,2330.9109366993275,49.830614038059714,2338.4,14.470055728640395,,,,,
2025-10-09T11:10:00.000000,2335.45,2335.45,2330.7,2332.05,276,ASIANPAINT,NaN,2331.2119389381032,2331.0144879084796,50.02839073306511,2338.4,14.160635001453004,,,,,
2025-10-09T11:15:00.000000,2332.05,2333.5,2330.65,2330.65,18,ASIANPAINT,NaN,2331.0995511504825,2330.9813526440726,49.973238837198735,2338.4,13.855323409217204,,,,,
2025-10-09T11:20:00.000000,2330.65,2332.0,2330.65,2332.0,50,ASIANPAINT,NaN,2331.279640920386,2331.073956949157,50.14898654232753,2338.4,13.571819787855391,,,,,
2025-10-09T11:25:00.000000,2332.0,2332.0,2329.8,2329.8,24,ASIANPAINT,NaN,2330.983712736309,2330.958142681052,49.93290956721417,2338.4,12.969911581389088,,,,,
2025-10-09T11:30:00.000000,2329.8,2329.8,2326.95,2326.95,109,ASIANPAINT,NaN,2330.176970189047,2330.5937660736836,49.30025116085312,2338.4,12.68833687584535,,,,,
2025-10-09T11:35:00.000000,2326.95,2329.25,2326.95,2329.25,21,ASIANPAINT,NaN,2329.9915761512375,2330.4716055215304,49.1432358957615,2338.4,12.426874649269019,,,,,
2025-10-09T11:40:00.000000,2329.25,2330.0,2328.35,2330.0,22,ASIANPAINT,NaN,2329.99326092099,2330.4287322923005,49.132286873620366,2338.4,11.876366538040372,,,,,
2025-10-09T11:45:00.000000,2330.0,2330.5,2328.95,2328.95,44,ASIANPAINT,NaN,2329.784608736792,2330.2943020839098,48.9443017090843,2338.4,11.158835488565893,,,,,
2025-10-09T11:50:00.000000,2328.95,2328.95,2325.4,2327.4,121,ASIANPAINT,NaN,2329.3076869894335,2330.031183712645,48.517482674430475,2338.4,11.71397438738904,,,,,
2025-10-09T11:55:00.000000,2327.4,2327.4,2325.5,2327.4,49,ASIANPAINT,NaN,2328.9261495915466,2329.791985193314,48.13131307164844,2338.4,12.229460507724818,,,,,
2025-10-09T12:00:00.000000,2327.4,2327.4,2325.2,2326.75,172,ASIANPAINT,NaN,2328.4909196732374,2329.515441084831,47.667378944949526,2338.4,12.805323936480962,,,,,
2025-10-09T12:05:00.000000,2326.75,2326.75,2325.0,2325.25,124,ASIANPAINT,NaN,2327.84273573859,2329.1276737134826,46.9881126455375,2338.4,13.407848942838779,,,,,
2025-10-09T12:10:00.000000,2325.25,2327.6,2324.45,2325.6,41,ASIANPAINT,NaN,2327.394188590872,2328.806976103166,46.46178137496922,2338.4,13.519760440144967,,,,,
2025-10-09T12:15:00.000000,2325.6,2326.2,2325.6,2326.2,2,ASIANPAINT,NaN,2327.1553508726975,2328.5699782756055,46.14146443329348,2338.4,13.623678259072141,,,,,
2025-10-09T12:20:00.000000,2326.2,2327.9,2325.95,2325.95,99,ASIANPAINT,NaN,2326.914280698158,2328.3317984323685,45.80079217201852,2338.4,12.841052953256364,,,,,
2025-10-09T12:25:00.000000,2325.95,2328.95,2325.95,2328.95,52,ASIANPAINT,NaN,2327.3214245585264,2328.3879985748804,46.24760134738339,2338.4,12.22079042686801,,,,,
2025-10-09T12:30:00.000000,2328.95,2328.95,2326.7,2328.6,9,ASIANPAINT,NaN,2327.5771396468213,2328.4072714317094,46.5698832514376,2338.4,11.644832366650258,,,,,
2025-10-09T12:35:00.000000,2328.6,2330.0,2327.05,2330.0,20,ASIANPAINT,NaN,2328.061711717457,2328.5520649379177,47.18962722618028,2338.4,11.599991239744066,,,,,
2025-10-09T12:40:00.000000,2330.0,2330.0,2330.0,2330.0,18,ASIANPAINT,NaN,2328.4493693739655,2328.683695398107,47.750347965233175,2338.4,11.55835305047403,,,,,
2025-10-09T12:45:00.000000,2330.0,2331.0,2329.8,2331.0,87,ASIANPAINT,NaN,2328.9594954991726,2328.8942685437337,48.49733321037915,2338.4,11.985340112913397,,,,,
2025-10-09T12:50:00.000000,2331.0,2332.55,2331.0,2331.85,6,ASIANPAINT,NaN,2329.537596399338,2329.1629714033943,49.37108245899727,2338.4,13.023669670331103,,,,,
2025-10-09T12:55:00.000000,2331.85,2332.6,2330.05,2332.6,235,ASIANPAINT,NaN,2330.15007711947,2329.47542854854,50.33324092778881,2338.4,13.381455213096087,,,,,
2025-10-09T13:00:00.000000,2332.6,2332.6,2330.05,2330.7,52,ASIANPAINT,NaN,2330.260061695576,2329.5867532259454,50.61434336658484,2338.4,13.713684645663573,,,,,
2025-10-09T13:05:00.000000,2330.7,2331.85,2330.7,2331.05,4,ASIANPAINT,NaN,2330.418049356461,2329.7197756599503,50.958662010589705,2338.4,14.022183404476237,,,,,
2025-10-09T13:10:00.000000,2331.05,2332.3,2331.0,2331.0,31,ASIANPAINT,NaN,2330.5344394851686,2329.836159690864,51.254167007193956,2338.4,14.532186206276146,,,,,
2025-10-09T13:15:00.000000,2331.0,2335.3,2331.0,2335.3,100,ASIANPAINT,NaN,2331.487551588135,2330.33287244624,52.49796455715297,2338.4,16.21728539875388,,,,,
2025-10-09T13:20:00.000000,2335.3,2335.3,2334.05,2334.6,12,ASIANPAINT,NaN,2332.1100412705077,2330.7207931329453,53.39267388773183,2338.4,17.782020363197486,,,,,
2025-10-09T13:25:00.000000,2334.6,2338.05,2334.2,2335.9,207,ASIANPAINT,NaN,2332.868033016406,2331.1916301208594,54.45634128752865,2338.4,20.05770587270486,,,,,
2025-10-09T13:30:00.000000,2335.9,2337.1,2335.3,2336.35,148,ASIANPAINT,NaN,2333.5644264131247,2331.660572837145,55.504578868179145,2338.4,22.170842417247425,,,,,
2025-10-09T13:35:00.000000,2336.35,2337.5,2334.9,2337.5,69,ASIANPAINT,NaN,2334.3515411304998,2332.19142985195,56.66823062214999,2338.4,24.133040637179807,,,,,
2025-10-09T13:40:00.000000,2337.5,2338.85,2336.7,2336.7,27,ASIANPAINT,NaN,2334.8212329044,2332.601299865409,57.41963576411504,2338.4,26.32356323223916,,,,,
2025-10-09T13:45:00.000000,2336.7,2338.8,2336.0,2337.45,35,ASIANPAINT,NaN,2335.34698632352,2333.0420907867356,58.25156546649918,2338.4,27.75933755572623,,,,,
2025-10-09T13:50:00.000000,2337.45,2340.95,2337.45,2340.95,14,ASIANPAINT,NaN,2336.467589058816,2333.760991624305,59.59939717375185,2338.4,29.67348485958448,,,,,
2025-10-09T13:55:00.000000,2340.95,2340.95,2336.0,2336.0,499,ASIANPAINT,NaN,2336.3740712470526,2333.9645378402774,59.3053667899982,2338.4,30.354588572505513,,,,,
2025-10-09T14:00:00.000000,2336.0,2336.0,2334.55,2335.9,26,ASIANPAINT,NaN,2336.2792569976423,2334.1404889457067,59.01376097329367,2338.4,30.02637500718216,,,,,
2025-10-09T14:05:00.000000,2335.9,2337.1,2334.7,2334.7,51,ASIANPAINT,NaN,2335.9634055981137,2334.1913535870062,58.43998311316591,2338.4,30.109543062401304,,,,,
2025-10-09T14:10:00.000000,2334.7,2335.8,2332.95,2334.85,216,ASIANPAINT,NaN,2335.740724478491,2334.2512305336422,57.955455416157825,2338.4,29.143078654239613,,,,,
2025-10-09T14:15:00.000000,2334.85,2335.55,2333.45,2335.1,89,ASIANPAINT,NaN,2335.6125795827925,2334.32839139422,57.57786078862952,2338.4,28.24564741808947,,,,,
2025-10-09T14:20:00.000000,2335.1,2335.1,2332.7,2334.1,154,ASIANPAINT,NaN,2335.310063666234,2334.3076285402,56.95002221160117,2338.4,26.975519118303982,,,,,
2025-10-09T14:25:00.000000,2334.1,2335.8,2330.9,2331.0,156,ASIANPAINT,NaN,2334.448050932987,2334.006935036545,55.62106803563428,2338.4,25.243300366797843,,,,,
2025-10-09T14:30:00.000000,2331.0,2333.4,2331.0,2331.35,105,ASIANPAINT,NaN,2333.8284407463893,2333.7653954877683,54.520185472528105,2338.4,23.63481152611357,,,,,
2025-10-09T14:35:00.000000,2331.35,2334.2,2330.75,2332.45,165,ASIANPAINT,NaN,2333.5527525971115,2333.6458140797895,53.84121482909413,2338.4,22.177375133048276,,,,,
2025-10-09T14:40:00.000000,2332.45,2332.5,2330.5,2331.3,134,ASIANPAINT,NaN,2333.102202077689,2333.4325582543543,52.94346911284414,2338.4,20.68293595047791,,,,,
2025-10-09T14:45:00.000000,2331.3,2334.45,2331.0,2332.8,1270,ASIANPAINT,NaN,2333.041761662151,2333.375052958504,52.560350668069255,2338.4,20.272008727662403,,,,,
2025-10-09T14:50:00.000000,2332.8,2334.75,2332.5,2333.0,208,ASIANPAINT,NaN,2333.033409329721,2333.3409572350038,52.26969162737314,2338.4,20.026726128933348,,,,,
2025-10-09T14:55:00.000000,2333.0,2335.15,2333.0,2333.45,152,ASIANPAINT,NaN,2333.116727463777,2333.3508702136396,52.13714200824528,2338.4,19.984307160720487,,,,,
2025-10-09T15:00:00.000000,2333.45,2336.75,2333.3,2335.2,737,ASIANPAINT,NaN,2333.5333819710213,2333.5189729214903,52.49442806994379,2338.4,20.626763490468086,,,,,
2025-10-09T15:05:00.000000,2333.9,2335.7,2332.15,2334.35,250,ASIANPAINT,NaN,2333.696705576817,2333.5945208377184,52.54806931679279,2338.4,20.449401239603333,,,,,
2025-10-09T15:10:00.000000,2334.3,2336.35,2334.3,2336.05,51,ASIANPAINT,NaN,2334.1673644614534,2333.8177462161075,53.03637929298639,2338.4,20.56913892882834,,,,,
2025-10-09T15:15:00.000000,2336.05,2336.05,2336.0,2336.0,4,ASIANPAINT,NaN,2334.5338915691627,2334.016132923734,53.461122224102574,2338.4,20.680323925965848,,,,,
2025-10-09T15:20:00.000000,2336.0,2336.0,2333.35,2336.0,415,ASIANPAINT,NaN,2334.82711325533,2334.196484476122,53.845413447493414,2338.4,19.25401159951292,,,,,
2025-10-09T15:25:00.000000,2336.0,2343.2,2333.55,2343.2,429,ASIANPAINT,NaN,2336.501690604264,2335.0149858873833,55.575720436049046,2338.4,20.37196589671701,,,,,
2025-10-10T09:15:00.000000,2336.55,2349.1,2336.55,2349.1,155,ASIANPAINT,NaN,2339.021352483411,2336.295441715803,57.758552507514494,2354.0,22.516019789370894,,,,,
2025-10-10T09:20:00.000000,2349.1,2351.85,2345.0,2351.85,77,ASIANPAINT,NaN,2341.587081986729,2337.709492468912,59.946796836795066,2354.0,24.884894292386413,,,,,
2025-10-10T09:25:00.000000,2351.85,2354.0,2351.25,2352.1,163,ASIANPAINT,NaN,2343.6896655893834,2339.0177204262836,61.94515584890659,2354.0,27.345426978842386,,,,,
2025-10-10T09:30:00.000000,2352.1,2353.55,2350.7,2351.9,54,ASIANPAINT,NaN,2345.3317324715067,2340.188836751167,63.68674868845601,2354.0,29.377580095813247,,,,,
2025-10-10T09:35:00.000000,2351.9,2351.9,2349.3,2351.25,173,ASIANPAINT,NaN,2346.5153859772054,2341.1943970465154,65.03867138101067,2354.0,30.626275194107997,,,,,
2025-10-10T09:40:00.000000,2351.25,2351.25,2348.7,2350.85,25,ASIANPAINT,NaN,2347.382308781764,2342.0721791331957,66.12060527436469,2354.0,31.51523601403944,,,,,
2025-10-10T09:45:00.000000,2350.85,2356.9,2350.85,2356.0,239,ASIANPAINT,NaN,2349.105847025411,2343.3383446665416,67.56897522609792,2354.0,33.1837252011567,,,,,
2025-10-10T09:50:00.000000,2356.0,2357.95,2355.0,2355.0,126,ASIANPAINT,NaN,2350.2846776203287,2344.3984951514017,68.5552611790949,2354.0,34.861449378303334,,,,,
2025-10-10T09:55:00.000000,2355.0,2355.0,2347.25,2349.0,359,ASIANPAINT,NaN,2350.027742096263,2344.8168137740017,67.86795202791512,2354.0,33.72784282706693,,,,,
2025-10-10T10:00:00.000000,2349.0,2350.2,2347.4,2350.2,58,ASIANPAINT,NaN,2350.0621936770103,2345.3061943400016,67.40750466429922,2354.0,32.67520817234741,,,,,
2025-10-10T10:05:00.000000,2350.2,2350.2,2345.85,2345.85,167,ASIANPAINT,NaN,2349.2197549416082,2345.355631218183,66.11371919433881,2354.0,31.248665405465804,,,,,
2025-10-10T10:10:00.000000,2345.85,2348.5,2345.85,2348.3,25,ASIANPAINT,NaN,2349.0358039532866,2345.623301107439,65.30119319974182,2354.0,29.92401855050431,,,,,
2025-10-10T10:15:00.000000,2348.3,2348.45,2346.8,2348.0,47,ASIANPAINT,NaN,2348.8286431626293,2345.8393646431264,64.50780060051693,2354.0,28.693989328040068,,,,,
2025-10-10T10:20:00.000000,2348.0,2350.6,2346.7,2346.7,52,ASIANPAINT,NaN,2348.4029145301033,2345.917604221024,63.53372467607334,2354.0,28.07474827040954,,,,,
2025-10-10T10:25:00.000000,2346.7,2348.25,2346.3,2346.55,71,ASIANPAINT,NaN,2348.032331624083,2345.9750947463854,62.622257613555135,2354.0,27.35806600620978,,,,,
2025-10-10T10:30:00.000000,2346.55,2349.45,2345.45,2346.4,107,ASIANPAINT,NaN,2347.7058652992664,2346.013722496714,61.76550775856797,2354.0,26.989282986396145,,,,,
2025-10-10T10:35:00.000000,2346.4,2348.05,2346.4,2346.4,17,ASIANPAINT,NaN,2347.444692239413,2346.0488386333764,60.9903531278653,2354.0,26.646841610854914,,,,,
2025-10-10T10:40:00.000000,2346.4,2347.9,2345.0,2345.0,50,ASIANPAINT,NaN,2346.9557537915307,2345.953489666706,59.965695861551886,2354.0,25.76871934574878,,,,,
2025-10-10T10:45:00.000000,2345.0,2346.85,2343.75,2346.0,31,ASIANPAINT,NaN,2346.7646030332244,2345.9577178788236,59.258727296948976,2354.0,24.478582791446197,,,,,
2025-10-10T10:50:00.000000,2346.0,2347.9,2346.0,2346.95,19,ASIANPAINT,NaN,2346.8016824265796,2346.047925344385,58.824075514735334,2354.0,23.609893739749516,,,,,
2025-10-10T10:55:00.000000,2346.95,2350.25,2346.95,2348.8,73,ASIANPAINT,NaN,2347.2013459412638,2346.298113949441,58.80556893577889,2354.0,23.476266707007444,,,,,
2025-10-10T11:00:00.000000,2348.8,2349.0,2346.0,2349.0,125,ASIANPAINT,NaN,2347.561076753011,2346.5437399540374,58.82826660021946,2354.0,22.96356723347508,,,,,
2025-10-10T11:05:00.000000,2349.0,2349.75,2347.4,2348.65,17,ASIANPAINT,NaN,2347.778861402409,2346.735218140034,58.74467918259443,2354.0,22.70634178847229,,,,,
2025-10-10T11:10:00.000000,2348.65,2349.05,2346.85,2349.05,37,ASIANPAINT,NaN,2348.0330891219273,2346.945652854576,58.75828504753201,2354.0,22.227940155066307,,,,,
2025-10-10T11:15:00.000000,2349.05,2349.45,2347.4,2348.95,17,ASIANPAINT,NaN,2348.216471297542,2347.127866231433,58.737151426282836,2354.0,21.91288861182949,,,,,
2025-10-10T11:20:00.000000,2348.95,2350.2,2347.35,2347.35,127,ASIANPAINT,NaN,2348.0431770380333,2347.148060210394,58.19858026739741,2354.0,21.864931287685287,,,,,
2025-10-10T11:25:00.000000,2347.35,2348.05,2345.6,2348.05,34,ASIANPAINT,NaN,2348.0445416304265,2347.2300547367217,57.89921587131414,2354.0,20.999618994395515,,,,,
2025-10-10T11:30:00.000000,2348.05,2349.0,2346.1,2346.85,44,ASIANPAINT,NaN,2347.805633304341,2347.1955043061107,57.25060309410314,2354.0,20.534545669751825,,,,,
2025-10-10T11:35:00.000000,2346.85,2346.85,2341.0,2341.5,114,ASIANPAINT,NaN,2346.5445066434727,2346.6777311873734,55.41326447242958,2354.0,19.937046193612463,,,,,
2025-10-10T11:40:00.000000,2341.5,2343.95,2340.0,2343.95,588,ASIANPAINT,NaN,2346.025605314778,2346.429755624885,54.41558565409061,2354.0,19.676229943059887,,,,,
2025-10-10T11:45:00.000000,2343.95,2345.2,2342.1,2344.6,232,ASIANPAINT,NaN,2345.7404842518226,2346.263414204441,53.6762198874398,2354.0,18.941140337993392,,,,,
2025-10-10T11:50:00.000000,2344.6,2347.05,2343.4,2347.05,85,ASIANPAINT,NaN,2346.0023874014582,2346.3349220040373,53.577410063308925,2354.0,17.592982207029557,,,,,
2025-10-10T11:55:00.000000,2347.05,2349.55,2346.35,2349.3,17,ASIANPAINT,NaN,2346.6619099211666,2346.604474549125,53.93860189614066,2354.0,17.13847847880135,,,,,
2025-10-10T12:00:00.000000,2349.3,2350.0,2349.1,2349.4,9,ASIANPAINT,NaN,2347.2095279369332,2346.8586132264772,54.28471445443235,2354.0,16.85082835306712,,,,,
2025-10-10T12:05:00.000000,2349.4,2349.6,2347.2,2348.8,46,ASIANPAINT,NaN,2347.5276223495466,2347.035102933161,54.43429884460387,2354.0,15.873539781676774,,,,,
2025-10-10T12:10:00.000000,2348.8,2349.15,2347.25,2347.25,17,ASIANPAINT,NaN,2347.472097879637,2347.0546390301465,54.16199536723914,2354.0,14.966057536814313,,,,,
2025-10-10T12:15:00.000000,2347.25,2348.75,2346.6,2347.35,85,ASIANPAINT,NaN,2347.44767830371,2347.081490027406,53.94005025901504,2354.0,13.919055829658362,,,,,
2025-10-10T12:20:00.000000,2347.35,2349.4,2346.9,2348.45,112,ASIANPAINT,NaN,2347.6481426429677,2347.205900024914,54.01005891025297,2354.0,13.15376023156341,,,,,
2025-10-10T12:25:00.000000,2348.45,2348.45,2345.85,2346.95,116,ASIANPAINT,NaN,2347.508514114374,2347.1826363862856,53.65798877045893,2354.0,12.408618666694846,,,,,
2025-10-10T12:30:00.000000,2346.95,2347.95,2345.8,2347.45,77,ASIANPAINT,NaN,2347.4968112914994,2347.2069421693504,53.471192639118925,2354.0,11.737104221925817,,,,,
2025-10-10T12:35:00.000000,2347.45,2348.0,2345.2,2346.85,64,ASIANPAINT,NaN,2347.3674490331996,2347.1744928812277,53.13119820865545,2354.0,11.366835844202777,,,,,
2025-10-10T12:40:00.000000,2346.85,2350.0,2345.5,2349.55,145,ASIANPAINT,NaN,2347.8039592265595,2347.3904480738433,53.510926634043365,2354.0,10.969782148104716,,,,,
2025-10-10T12:45:00.000000,2349.55,2350.75,2345.8,2345.95,153,ASIANPAINT,NaN,2347.4331673812476,2347.2594982489486,52.92211369899153,2354.0,10.902194719655522,,,,,
2025-10-10T12:50:00.000000,2345.95,2348.75,2345.25,2348.6,76,ASIANPAINT,NaN,2347.6665339049982,2347.381362044499,52.98943265427581,2354.0,10.57115282031597,,,,,
2025-10-10T12:55:00.000000,2348.5,2349.6,2346.9,2347.7,142,ASIANPAINT,NaN,2347.6732271239985,2347.4103291313627,52.83624946528949,2354.0,10.623702551325424,,,,,
2025-10-10T13:00:00.000000,2347.7,2348.5,2347.0,2347.0,100,ASIANPAINT,NaN,2347.538581699199,2347.373026483057,52.53167541554124,2354.0,10.672498730119917,,,,,
2025-10-10T13:05:00.000000,2347.0,2349.05,2347.0,2347.15,12,ASIANPAINT,NaN,2347.460865359359,2347.3527513482336,52.29336004282552,2354.0,10.963491424537425,,,,,
2025-10-10T13:10:00.000000,2347.15,2348.0,2345.95,2347.7,40,ASIANPAINT,NaN,2347.508692287487,2347.3843194074852,52.219352127710074,2354.0,10.628471912726821,,,,,
2025-10-10T13:15:00.000000,2347.7,2348.95,2347.55,2348.5,105,ASIANPAINT,NaN,2347.7069538299897,2347.485744915896,52.35803100995446,2354.0,10.766735441306702,,,,,
2025-10-10T13:20:00.000000,2348.5,2348.8,2348.5,2348.8,4,ASIANPAINT,NaN,2347.925563063992,2347.6052226508145,52.561448364250225,2354.0,10.895123003559448,,,,,
2025-10-10T13:25:00.000000,2348.8,2348.8,2342.0,2343.0,271,ASIANPAINT,NaN,2346.9404504511936,2347.186566046195,51.349813112826986,2354.0,12.013617920063535,,,,,
2025-10-10T13:30:00.000000,2343.0,2344.95,2343.0,2344.7,128,ASIANPAINT,NaN,2346.492360360955,2346.96051458745,50.70187560352256,2354.0,13.052220342531616,,,,,
2025-10-10T13:35:00.000000,2344.7,2345.25,2343.4,2343.4,35,ASIANPAINT,NaN,2345.873888288764,2346.636831443136,49.85882433851306,2354.0,13.851554889069037,,,,,
2025-10-10T13:40:00.000000,2343.4,2345.5,2343.4,2345.5,300,ASIANPAINT,NaN,2345.7991106310114,2346.533483130124,49.62371447611748,2354.0,14.450694428538824,,,,,
2025-10-10T13:45:00.000000,2345.5,2345.5,2344.65,2344.65,4,ASIANPAINT,NaN,2345.5692885048093,2346.3622573910216,49.23102765930717,2354.0,15.007038286617915,,,,,
2025-10-10T13:50:00.000000,2344.65,2345.2,2344.2,2344.6,152,ASIANPAINT,NaN,2345.3754308038474,2346.202052173656,48.86482105563571,2354.0,15.704522856321796,,,,,
2025-10-10T13:55:00.000000,2344.6,2344.6,2344.0,2344.0,9,ASIANPAINT,NaN,2345.1003446430777,2346.0018656124143,48.3971841273976,2354.0,16.434657118643962,,,,,
2025-10-10T14:00:00.000000,2344.0,2344.1,2344.0,2344.1,4,ASIANPAINT,NaN,2344.900275714462,2345.8289687385586,48.00412543868103,2354.0,17.1126389336574,,,,,
2025-10-10T14:05:00.000000,2344.1,2344.1,2342.25,2342.25,38,ASIANPAINT,NaN,2344.37022057157,2345.5036079441443,47.22340109311879,2354.0,18.455199924045022,,,,,
2025-10-10T14:10:00.000000,2342.25,2344.0,2341.3,2344.0,29,ASIANPAINT,NaN,2344.296176457256,2345.3669163128584,47.05100420562555,2354.0,20.036187242522935,,,,,
2025-10-10T14:15:00.000000,2344.0,2344.0,2342.45,2344.0,22,ASIANPAINT,NaN,2344.2369411658046,2345.2426511935078,46.89502606932215,2354.0,21.50424689539528,,,,,
2025-10-10T14:20:00.000000,2344.0,2344.0,2343.25,2344.0,26,ASIANPAINT,NaN,2344.189552932644,2345.129682903189,46.75390299361907,2354.0,22.86744514449103,,,,,
2025-10-10T14:25:00.000000,2344.0,2345.0,2343.0,2343.0,191,ASIANPAINT,NaN,2343.951642346115,2344.9360753665355,46.35662239885715,2354.0,23.253575172946608,,,,,
2025-10-10T14:30:00.000000,2343.0,2345.75,2342.9,2344.1,124,ASIANPAINT,NaN,2343.981313876892,2344.8600685150323,46.37320218513144,2354.0,23.006680812962713,,,,,
2025-10-10T14:35:00.000000,2344.1,2345.75,2344.1,2345.75,22,ASIANPAINT,NaN,2344.3350511015133,2344.940971377302,46.89730645658876,2354.0,22.77742176440624,,,,,
2025-10-10T14:40:00.000000,2345.75,2345.75,2343.0,2345.5,159,ASIANPAINT,NaN,2344.5680408812104,2344.9917921611836,47.29219407092414,2354.0,23.143390592928068,,,,,
2025-10-10T14:45:00.000000,2345.5,2345.5,2341.5,2345.05,425,ASIANPAINT,NaN,2344.6644327049685,2344.997083782894,47.50278120417159,2354.0,24.148649189323603,,,,,
2025-10-10T14:50:00.000000,2345.05,2346.7,2343.6,2346.7,110,ASIANPAINT,NaN,2345.0715461639747,2345.1518943480855,48.20534057573756,2354.0,24.10031831207149,,,,,
2025-10-10T14:55:00.000000,2346.7,2346.7,2343.75,2346.15,219,ASIANPAINT,NaN,2345.28723693118,2345.2426312255325,48.64858424339395,2354.0,24.055439640337386,,,,,
2025-10-10T15:00:00.000000,2346.15,2347.65,2343.4,2344.5,349,ASIANPAINT,NaN,2345.129789544944,2345.1751192959387,48.514520487934575,2354.0,23.27095623800381,,,,,
2025-10-10T15:05:00.000000,2344.5,2345.45,2342.95,2344.7,43,ASIANPAINT,NaN,2345.043831635955,2345.1319266326714,48.461987152277715,2354.0,22.798289228170727,,,,,
2025-10-10T15:10:00.000000,2344.7,2345.1,2339.0,2339.9,617,ASIANPAINT,NaN,2344.015065308764,2344.6562969387924,47.22093051228514,2354.0,24.027929439069517,,,,,
2025-10-10T15:15:00.000000,2339.9,2341.3,2338.25,2339.3,971,ASIANPAINT,NaN,2343.072052247011,2344.1693608534474,45.98341546676336,2354.0,25.401986857275666,,,,,
2025-10-10T15:20:00.000000,2339.3,2340.3,2337.85,2338.0,609,ASIANPAINT,NaN,2342.057641797609,2343.6085098667704,44.624306614583695,2354.0,26.80025184903358,,,,,
2025-10-10T15:25:00.000000,2338.0,2344.1,2338.0,2339.4,664,ASIANPAINT,NaN,2341.526113438087,2343.2259180607,43.9052022751008,2354.0,25.65479706369712,,,,,
2025-10-13T09:15:00.000000,2328.1,2357.5,2328.1,2356.2,3013,ASIANPAINT,NaN,2344.46089075047,2344.405380055182,46.27269471806817,2366.5,26.792773586753473,,,,,
2025-10-13T09:20:00.000000,2357.1,2360.0,2349.65,2358.3,2224,ASIANPAINT,NaN,2347.2287126003757,2345.6685273228927,48.60358374619289,2366.5,28.211315967118914,,,,,
2025-10-13T09:25:00.000000,2358.35,2365.0,2352.65,2364.0,1874,ASIANPAINT,NaN,2350.5829700803006,2347.3350248389934,51.148585752960884,2366.5,30.128283952820322,,,,,
2025-10-13T09:30:00.000000,2365.3,2366.5,2358.55,2360.4,3262,ASIANPAINT,NaN,2352.5463760642406,2348.5227498536306,52.76090737908495,2366.5,32.06369347631638,,,,,
2025-10-13T09:35:00.000000,2359.15,2361.65,2355.65,2360.3,3445,ASIANPAINT,NaN,2354.0971008513925,2349.593408957846,54.20106516747018,2366.5,32.83297918652322,,,,,
2025-10-13T09:40:00.000000,2361.5,2362.95,2357.45,2362.95,911,ASIANPAINT,NaN,2355.867680681114,2350.8076445071324,55.735647382151285,2366.5,33.720104911003155,,,,,
2025-10-13T09:45:00.000000,2363.0,2363.3,2357.6,2359.4,914,ASIANPAINT,NaN,2356.574144544891,2351.588767733757,56.464669646513585,2366.5,34.5912616070875,,,,,
2025-10-13T09:50:00.000000,2359.4,2359.85,2351.8,2353.5,1312,ASIANPAINT,NaN,2355.959315635913,2351.762516121597,56.21968096219599,2366.5,33.546677910103085,,,,,
2025-10-13T09:55:00.000000,2353.5,2355.3,2352.55,2354.0,1064,ASIANPAINT,NaN,2355.56745250873,2351.9659237469064,56.057262672475666,2366.5,32.576707334331836,,,,,
2025-10-13T10:00:00.000000,2354.0,2354.0,2350.0,2351.65,954,ASIANPAINT,NaN,2354.783962006984,2351.9372034062785,55.578467820938585,2366.5,30.963594946366953,,,,,
2025-10-13T10:05:00.000000,2351.65,2351.75,2347.4,2349.95,670,ASIANPAINT,NaN,2353.817169605587,2351.7565485511623,54.91475106993896,2366.5,28.80847008775994,,,,,
2025-10-13T10:10:00.000000,2349.95,2350.0,2347.4,2348.05,518,ASIANPAINT,NaN,2352.6637356844694,2351.4195895919656,54.064220016482636,2366.5,26.80728271905343,,,,,
2025-10-13T10:15:00.000000,2348.1,2348.1,2344.4,2345.45,843,ASIANPAINT,NaN,2351.2209885475754,2350.8768996290596,52.97182942348958,2366.5,25.560710634650665,,,,,
2025-10-13T10:20:00.000000,2345.45,2347.95,2343.0,2347.95,860,ASIANPAINT,NaN,2350.56679083806,2350.6108178445998,52.37124014669972,2366.5,24.714987944401404,,,,,
2025-10-13T10:25:00.000000,2347.95,2348.0,2345.0,2346.6,525,ASIANPAINT,NaN,2349.773432670448,2350.246198040545,51.65180079882209,2366.5,23.9146561754553,,,,,
2025-10-13T10:30:00.000000,2346.6,2355.0,2346.6,2354.05,903,ASIANPAINT,NaN,2350.6287461363586,2350.5919982186774,52.00234337509654,2366.5,23.008831045575818,,,,,
2025-10-13T10:35:00.000000,2354.05,2358.7,2353.8,2358.2,899,ASIANPAINT,NaN,2352.142996909087,2351.283634744252,52.75590808098791,2366.5,22.867610401257078,,,,,
2025-10-13T10:40:00.000000,2358.2,2358.7,2355.0,2356.2,230,ASIANPAINT,NaN,2352.9543975272695,2351.730577040229,53.14925347222384,2366.5,22.73647694581825,,,,,
2025-10-13T10:45:00.000000,2356.2,2357.15,2354.7,2355.05,700,ASIANPAINT,NaN,2353.3735180218155,2352.0323427638446,53.34069621769095,2366.5,22.52589441161357,,,,,
2025-10-13T10:50:00.000000,2355.05,2355.75,2352.55,2352.7,53,ASIANPAINT,NaN,2353.2388144174524,2352.093038876222,53.18498055335372,2366.5,21.70176159540671,,,,,
2025-10-13T10:55:00.000000,2352.7,2353.75,2351.25,2352.75,222,ASIANPAINT,NaN,2353.141051533962,2352.1527626147476,53.05068424171513,2366.5,20.574564278067864,,,,,
2025-10-13T11:00:00.000000,2352.75,2354.45,2350.2,2352.25,1003,ASIANPAINT,NaN,2352.9628412271695,2352.1616023770434,52.854258187754084,2366.5,19.238912937478723,,,,,
2025-10-13T11:05:00.000000,2352.25,2352.25,2350.15,2351.75,206,ASIANPAINT,NaN,2352.7202729817354,2352.1241839791305,52.59836151795276,2366.5,17.984440241586267,,,,,
2025-10-13T11:10:00.000000,2351.75,2352.85,2347.95,2347.95,366,ASIANPAINT,NaN,2351.766218385388,2351.7447127083005,51.8105770967159,2366.5,17.1957998403522,,,,,
2025-10-13T11:15:00.000000,2347.95,2349.0,2345.0,2345.2,273,ASIANPAINT,NaN,2350.4529747083106,2351.1497388257276,50.746635779667265,2366.5,17.188465086009092,,,,,
2025-10-13T11:20:00.000000,2345.2,2346.25,2344.0,2345.15,391,ASIANPAINT,NaN,2349.3923797666484,2350.6043080233885,49.77772815576386,2366.5,17.408417222310234,,,,,
2025-10-13T11:25:00.000000,2345.15,2345.15,2343.0,2343.95,133,ASIANPAINT,NaN,2348.303903813319,2349.999370930353,48.74523599821899,2366.5,17.838212281451092,,,,,
2025-10-13T11:30:00.000000,2343.95,2345.05,2342.2,2343.85,195,ASIANPAINT,NaN,2347.413123050655,2349.440337209412,47.79770147515192,2366.5,18.41777712597684,,,,,
2025-10-13T11:35:00.000000,2343.85,2344.0,2342.25,2343.6,262,ASIANPAINT,NaN,2346.650498440524,2348.909397463102,46.90487379255228,2366.5,18.955944481607894,,,,,
2025-10-13T11:40:00.000000,2343.6,2343.6,2342.25,2343.15,96,ASIANPAINT,NaN,2345.9503987524195,2348.385815875547,46.03010596060925,2366.5,19.45567131183673,,,,,
2025-10-13T11:45:00.000000,2343.15,2344.05,2340.85,2344.05,239,ASIANPAINT,NaN,2345.570319001936,2347.991650795952,45.463591997877494,2366.5,20.275483875527073,,,,,
2025-10-13T11:50:00.000000,2344.05,2346.05,2342.0,2344.35,724,ASIANPAINT,NaN,2345.3262552015485,2347.6605916326835,45.02767470723181,2366.5,20.159660094240685,,,,,
2025-10-13T11:55:00.000000,2344.35,2345.15,2343.15,2343.15,160,ASIANPAINT,NaN,2344.891004161239,2347.250537847894,44.42030719720173,2366.5,20.052109440189042,,,,,
2025-10-13T12:00:00.000000,2343.15,2346.0,2341.35,2342.8,119,ASIANPAINT,NaN,2344.472803328991,2346.8459434980855,43.808617440438724,2366.5,20.470300229406835,,,,,
2025-10-13T12:05:00.000000,2342.8,2342.8,2341.0,2341.5,136,ASIANPAINT,NaN,2343.878242663193,2346.3599486346234,43.02618624152865,2366.5,20.955619417744256,,,,,
2025-10-13T12:10:00.000000,2341.5,2341.95,2340.3,2341.5,108,ASIANPAINT,NaN,2343.4025941305545,2345.9181351223847,42.31827229965763,2366.5,21.603576372770977,,,,,
2025-10-13T12:15:00.000000,2341.5,2341.5,2337.0,2338.0,1188,ASIANPAINT,NaN,2342.3220753044434,2345.1983046567134,41.11850060877556,2366.5,23.013138951446802,,,,,
2025-10-13T12:20:00.000000,2338.0,2339.0,2336.7,2336.7,671,ASIANPAINT,NaN,2341.1976602435548,2344.425731506103,39.857756001395465,2366.5,24.387294705063344,,,,,
2025-10-13T12:25:00.000000,2336.7,2340.2,2336.7,2339.7,227,ASIANPAINT,NaN,2340.8981281948436,2343.9961195510027,39.63294198571951,2366.5,25.024316675329988,,,,,
2025-10-13T12:30:00.000000,2339.7,2344.7,2339.7,2342.75,303,ASIANPAINT,NaN,2341.268502555875,2343.882835955457,40.18786896606442,2366.5,23.687381794639286,,,,,
2025-10-13T12:35:00.000000,2342.75,2344.65,2341.45,2344.65,108,ASIANPAINT,NaN,2341.9448020447,2343.9525781413245,41.09892321807004,2366.5,22.445942262569343,,,,,
2025-10-13T12:40:00.000000,2344.65,2346.0,2343.1,2343.7,720,ASIANPAINT,NaN,2342.2958416357596,2343.929616492113,41.73048851069546,2366.5,20.891996663801102,,,,,
2025-10-13T12:45:00.000000,2343.7,2344.4,2342.25,2344.0,173,ASIANPAINT,NaN,2342.636673308608,2343.9360149928298,42.36982033150316,2366.5,19.657682932315797,,,,,
2025-10-13T12:50:00.000000,2344.0,2345.2,2343.3,2343.3,57,ASIANPAINT,NaN,2342.7693386468864,2343.878195448027,42.79533869893894,2366.5,18.302801249551777,,,,,
2025-10-13T12:55:00.000000,2343.3,2345.95,2343.3,2344.85,710,ASIANPAINT,NaN,2343.185470917509,2343.966541316388,43.551205354820176,2366.5,17.330027996385635,,,,,
2025-10-13T13:00:00.000000,2344.85,2345.75,2343.05,2343.05,97,ASIANPAINT,NaN,2343.158376734007,2343.8832193785347,43.82961087282929,2366.5,16.320306863691638,,,,,
2025-10-13T13:05:00.000000,2343.05,2345.5,2343.05,2345.2,117,ASIANPAINT,NaN,2343.5667013872057,2344.002926707759,44.578177397683135,2366.5,15.382708669047213,,,,,
2025-10-13T13:10:00.000000,2345.2,2346.8,2345.2,2345.75,118,ASIANPAINT,NaN,2344.0033611097647,2344.161751552508,45.375722172701,2366.5,15.058720050196952,,,,,
2025-10-13T13:15:00.000000,2345.75,2348.65,2345.75,2347.35,150,ASIANPAINT,NaN,2344.6726888878115,2344.4515923204617,46.43647638534588,2366.5,15.446021338755271,,,,,
2025-10-13T13:20:00.000000,2347.35,2349.4,2346.3,2348.75,238,ASIANPAINT,NaN,2345.4881511102494,2344.842356654965,47.67194554726667,2366.5,16.061557941022492,,,,,
2025-10-13T13:25:00.000000,2348.75,2349.1,2346.35,2346.35,177,ASIANPAINT,NaN,2345.6605208881997,2344.9794151408773,48.17042657667869,2366.5,16.63312764312777,,,,,
2025-10-13T13:30:00.000000,2346.35,2349.55,2343.7,2348.5,423,ASIANPAINT,NaN,2346.22841671056,2345.2994683098887,49.04982958059947,2366.5,15.782795820631469,,,,,
2025-10-13T13:35:00.000000,2348.5,2352.0,2347.05,2352.0,782,ASIANPAINT,NaN,2347.382733368448,2345.908607554444,50.42734667530334,2366.5,15.907305661306795,,,,,
2025-10-13T13:40:00.000000,2352.0,2354.0,2350.0,2350.0,728,ASIANPAINT,NaN,2347.9061866947586,2346.280552322222,51.18306230936812,2366.5,16.645110536485483,,,,,
2025-10-13T13:45:00.000000,2350.0,2351.75,2340.9,2346.6,1188,ASIANPAINT,NaN,2347.644949355807,2346.3095930202016,51.14817052923431,2366.5,16.657174300902636,,,,,
2025-10-13T13:50:00.000000,2346.6,2349.2,2343.6,2348.05,682,ASIANPAINT,NaN,2347.7259594846455,2346.467811836547,51.37915357138447,2366.5,16.66837636786142,,,,,
2025-10-13T13:55:00.000000,2348.05,2348.25,2344.05,2345.9,146,ASIANPAINT,NaN,2347.3607675877165,2346.416192578679,51.16898420108588,2366.5,16.67877828718029,,,,,
2025-10-13T14:00:00.000000,2345.9,2347.7,2344.6,2347.65,241,ASIANPAINT,NaN,2347.418614070173,2346.528356889708,51.30399958804403,2366.5,16.6884372122621,,,,,
2025-10-13T14:05:00.000000,2347.65,2350.0,2346.5,2348.9,1222,ASIANPAINT,NaN,2347.7148912561383,2346.7439608088252,51.6480198682382,2366.5,15.830551185223266,,,,,
2025-10-13T14:10:00.000000,2348.9,2351.0,2348.6,2348.6,465,ASIANPAINT,NaN,2347.8919130049107,2346.9126916443865,51.89369180005921,2366.5,14.712497421198037,,,,,
2025-10-13T14:15:00.000000,2348.6,2350.55,2348.05,2349.0,202,ASIANPAINT,NaN,2348.1135304039285,2347.1024469494423,52.193070560639505,2366.5,13.840254264208468,,,,,
2025-10-13T14:20:00.000000,2349.0,2352.0,2348.55,2351.1,1092,ASIANPAINT,NaN,2348.710824323143,2347.4658608631294,52.85323146745264,2366.5,13.189660977460369,,,,,
2025-10-13T14:25:00.000000,2351.1,2353.25,2350.15,2350.15,199,ASIANPAINT,NaN,2348.9986594585143,2347.7098735119357,53.21170474029042,2366.5,13.003927545498657,,,,,
2025-10-13T14:30:00.000000,2350.15,2351.5,2349.45,2351.4,91,ASIANPAINT,NaN,2349.4789275668113,2348.0453395563054,53.77026395002369,2366.5,12.549033262556936,,,,,
2025-10-13T14:35:00.000000,2351.4,2351.5,2349.8,2350.95,347,ASIANPAINT,NaN,2349.773142053449,2348.3093995966415,54.15462887134854,2366.5,12.126631428396767,,,,,
2025-10-13T14:40:00.000000,2350.95,2351.0,2349.35,2349.95,441,ASIANPAINT,NaN,2349.8085136427594,2348.458545087856,54.23291548662644,2366.5,11.536634257152103,,,,,
2025-10-13T14:45:00.000000,2349.95,2351.2,2349.25,2350.0,389,ASIANPAINT,NaN,2349.8468109142077,2348.598677352596,54.315017940497206,2366.5,11.07306747849797,,,,,
2025-10-13T14:50:00.000000,2350.95,2351.0,2349.75,2349.75,397,ASIANPAINT,NaN,2349.827448731366,2348.7033430478145,54.31606683092465,2366.5,10.642612612604847,,,,,
2025-10-13T14:55:00.000000,2349.75,2352.0,2349.75,2351.7,221,ASIANPAINT,NaN,2350.201958985093,2348.975766407104,54.773477571786536,2366.5,10.693593988451411,,,,,
2025-10-13T15:00:00.000000,2351.7,2351.9,2345.0,2346.45,1405,ASIANPAINT,NaN,2349.4515671880745,2348.7461512791856,53.873887641210885,2366.5,11.136418368023444,,,,,
2025-10-13T15:05:00.000000,2346.45,2347.7,2344.5,2347.7,436,ASIANPAINT,NaN,2349.1012537504594,2348.6510466174414,53.35384306237541,2366.5,11.71355291616168,,,,,
2025-10-13T15:10:00.000000,2347.7,2347.95,2344.4,2344.9,826,ASIANPAINT,NaN,2348.2610030003675,2348.310042379492,52.330800992807,2366.5,12.123188552248282,,,,,
2025-10-13T15:15:00.000000,2344.9,2346.0,2338.75,2341.1,835,ASIANPAINT,NaN,2346.828802400294,2347.6545839813566,50.80035494040971,2366.5,14.067322903556926,,,,,
2025-10-13T15:20:00.000000,2341.1,2343.3,2340.2,2343.05,485,ASIANPAINT,NaN,2346.0730419202355,2347.235985437597,49.877593700782555,2366.5,15.872590515486381,,,,,
2025-10-13T15:25:00.000000,2343.05,2345.0,2341.0,2341.0,463,ASIANPAINT,NaN,2345.058433536188,2346.6690776705427,48.73215467208586,2366.5,16.705857238976776,,,,,
2025-10-14T09:15:00.000000,2338.05,2352.0,2338.05,2351.8,1196,ASIANPAINT,NaN,2346.4067468289504,2347.135525155039,49.532779622862236,2355.0,16.033011525606923,,,,,
2025-10-14T09:20:00.000000,2351.8,2355.0,2348.15,2349.05,469,ASIANPAINT,NaN,2346.9353974631604,2347.3095683227625,49.83036062563962,2355.0,16.149399946826353,,,,,
2025-10-14T09:25:00.000000,2349.05,2351.45,2346.0,2348.7,1026,ASIANPAINT,NaN,2347.288317970528,2347.435971202511,50.04626421383249,2355.0,15.589233374919788,,,,,
2025-10-14T09:30:00.000000,2348.7,2349.7,2346.0,2348.4,575,ASIANPAINT,NaN,2347.5106543764227,2347.523610184101,50.19336915501259,2355.0,15.069078701006548,,,,,
2025-10-14T09:35:00.000000,2348.4,2350.0,2345.0,2345.0,799,ASIANPAINT,NaN,2347.0085235011384,2347.2941910764553,49.80529608843245,2355.0,14.26791846871563,,,,,
2025-10-14T09:40:00.000000,2345.0,2346.3,2342.2,2342.85,571,ASIANPAINT,NaN,2346.1768188009105,2346.8901737058686,49.158288513563306,2355.0,13.792003577868067,,,,,
2025-10-14T09:45:00.000000,2342.9,2342.9,2338.0,2338.0,1103,ASIANPAINT,NaN,2344.5414550407286,2346.081976096244,47.99678567901258,2355.0,14.348372483223505,,,,,
2025-10-14T09:50:00.000000,2338.0,2340.6,2337.55,2338.0,799,ASIANPAINT,NaN,2343.233164032583,2345.3472509965854,46.94590216203812,2355.0,14.961087254203703,,,,,
2025-10-14T09:55:00.000000,2338.0,2339.7,2334.4,2335.05,850,ASIANPAINT,NaN,2341.5965312260664,2344.411137269623,45.67737711633174,2355.0,16.16043487685185,,,,,
2025-10-14T10:00:00.000000,2335.0,2341.5,2335.0,2339.1,409,ASIANPAINT,NaN,2341.0972249808533,2343.9283066087482,45.27388867349438,2355.0,16.654617053152243,,,,,
2025-10-14T10:05:00.000000,2339.1,2339.25,2334.95,2335.3,646,ASIANPAINT,NaN,2339.9377799846825,2343.143915098862,44.4892292957995,2355.0,17.124298804938253,,,,,
2025-10-14T10:10:00.000000,2335.25,2338.85,2334.1,2334.2,513,ASIANPAINT,NaN,2338.790223987746,2342.3308319080566,43.66615015483279,2355.0,17.750882729348834,,,,,
2025-10-14T10:15:00.000000,2334.2,2336.5,2332.0,2332.2,904,ASIANPAINT,NaN,2337.4721791901966,2341.4098471891425,42.71968964472073,2355.0,18.780456683804317,,,,,
2025-10-14T10:20:00.000000,2332.2,2334.05,2331.0,2333.0,2554,ASIANPAINT,NaN,2336.577743352157,2340.6453156264934,42.02006468172567,2355.0,19.937941015678405,,,,,
2025-10-14T10:25:00.000000,2333.0,2336.0,2333.0,2334.15,420,ASIANPAINT,NaN,2336.0921946817257,2340.054832387721,41.614871160261394,2355.0,20.238521221169073,,,,,
2025-10-14T10:30:00.000000,2334.15,2338.9,2334.15,2337.8,251,ASIANPAINT,NaN,2336.4337557453805,2339.849847625201,41.91388041944648,2355.0,19.507167290402833,,,,,
2025-10-14T10:35:00.000000,2337.8,2337.8,2335.0,2335.15,125,ASIANPAINT,NaN,2336.1770045963044,2339.422588750183,41.84036865035912,2355.0,18.8280529261199,,,,,
2025-10-14T10:40:00.000000,2335.15,2337.65,2334.5,2335.8,436,ASIANPAINT,NaN,2336.1016036770434,2339.0932625001665,41.890881384351594,2355.0,18.340662019679268,,,,,
2025-10-14T10:45:00.000000,2335.8,2339.6,2335.8,2336.05,564,ASIANPAINT,NaN,2336.0912829416347,2338.8166022728788,41.98363583369138,2355.0,17.203567322952484,,,,,
2025-10-14T10:50:00.000000,2336.05,2337.4,2332.0,2332.0,303,ASIANPAINT,NaN,2335.2730263533076,2338.1969111571625,41.53641956388741,2355.0,17.20869786247762,,,,,
2025-10-14T10:55:00.000000,2332.0,2333.8,2330.55,2331.0,793,ASIANPAINT,NaN,2334.418421082646,2337.5426465065116,41.01304573050347,2355.0,17.561330159649994,,,,,
2025-10-14T11:00:00.000000,2331.0,2331.95,2326.4,2326.4,1057,ASIANPAINT,NaN,2332.814736866117,2336.529678642283,40.05172465397383,2355.0,18.74287790960895,,,,,
2025-10-14T11:05:00.000000,2326.4,2327.95,2325.0,2326.7,1024,ASIANPAINT,NaN,2331.5917894928934,2335.6360714929847,39.2469755223732,2355.0,20.088787033172334,,,,,
2025-10-14T11:10:00.000000,2326.7,2327.0,2325.15,2327.0,343,ASIANPAINT,NaN,2330.673431594315,2334.8509740845316,38.58746606922085,2355.0,21.338559790766904,,,,,
2025-10-14T11:15:00.000000,2327.0,2327.05,2323.1,2323.15,439,ASIANPAINT,NaN,2329.168745275452,2333.787249167756,37.59967845280459,2355.0,22.866230276498737,,,,,
2025-10-14T11:20:00.000000,2323.1,2325.7,2323.0,2323.0,375,ASIANPAINT,NaN,2327.9349962203614,2332.806590152505,36.69171724463937,2355.0,24.302404973544895,,,,,
2025-10-14T11:25:00.000000,2323.05,2324.25,2321.35,2323.4,343,ASIANPAINT,NaN,2327.027996976289,2331.9514455931867,35.97298408838323,2355.0,25.925632336358955,,,,,
2025-10-14T11:30:00.000000,2323.4,2323.4,2321.0,2323.4,334,ASIANPAINT,NaN,2326.3023975810315,2331.1740414483515,35.322701708913385,2355.0,27.493392042956202,,,,,
2025-10-14T11:35:00.000000,2323.4,2326.6,2322.1,2326.1,367,ASIANPAINT,NaN,2326.2619180648253,2330.7127649530466,35.44343802380047,2355.0,27.51293007640742,,,,,
2025-10-14T11:40:00.000000,2326.1,2326.3,2322.0,2323.7,761,ASIANPAINT,NaN,2325.74953445186,2330.075240866406,35.234179854921926,2355.0,27.554575466826176,,,,,
2025-10-14T11:45:00.000000,2323.7,2323.7,2316.6,2319.3,1085,ASIANPAINT,NaN,2324.459627561488,2329.095673514915,34.56083711980707,2355.0,28.668867103769003,,,,,
2025-10-14T11:50:00.000000,2319.3,2321.0,2317.95,2321.0,411,ASIANPAINT,NaN,2323.7677020491906,2328.3597031953773,34.36074914998044,2355.0,29.7035664809302,,,,,
2025-10-14T11:55:00.000000,2321.0,2321.3,2318.55,2318.95,263,ASIANPAINT,NaN,2322.8041616393525,2327.5042756321614,33.95693946648575,2355.0,30.52821828024687,,,,,
2025-10-14T12:00:00.000000,2318.95,2324.4,2318.95,2323.15,212,ASIANPAINT,NaN,2322.873329311482,2327.108432392874,34.50458571829609,2355.0,29.992034021787216,,,,,
2025-10-14T12:05:00.000000,2323.15,2323.15,2318.95,2319.95,344,ASIANPAINT,NaN,2322.2886634491856,2326.4576658117035,34.617469201157995,2355.0,29.494148638931822,,,,,
2025-10-14T12:10:00.000000,2319.95,2322.7,2318.2,2319.45,850,ASIANPAINT,NaN,2321.7209307593484,2325.8206052833666,34.6627034367859,2355.0,29.223956314854316,,,,,
2025-10-14T12:15:00.000000,2319.45,2323.0,2319.45,2322.65,96,ASIANPAINT,NaN,2321.9067446074787,2325.5323684394243,35.34306232968497,2355.0,28.839908503660013,,,,,
2025-10-14T12:20:00.000000,2322.65,2323.95,2320.45,2320.75,820,ASIANPAINT,NaN,2321.675395685983,2325.097607672204,35.7116141594108,2355.0,28.057468085612907,,,,,
2025-10-14T12:25:00.000000,2320.75,2322.2,2319.0,2319.0,138,ASIANPAINT,NaN,2321.1403165487864,2324.5432797020035,35.8285769755448,2355.0,27.760968341920062,,,,,
2025-10-14T12:30:00.000000,2319.0,2320.0,2318.2,2319.85,140,ASIANPAINT,NaN,2320.882253239029,2324.1166179109123,36.11114882603794,2355.0,27.71254866018276,,,,,
2025-10-14T12:35:00.000000,2319.85,2319.85,2318.0,2318.0,507,ASIANPAINT,NaN,2320.3058025912233,2323.560561737193,36.12838534565635,2355.0,27.72547553702759,,,,,
2025-10-14T12:40:00.000000,2318.0,2319.45,2315.5,2319.3,401,ASIANPAINT,NaN,2320.1046420729785,2323.1732379429027,36.42647496789496,2355.0,28.407789348806258,,,,,
2025-10-14T12:45:00.000000,2319.3,2319.8,2317.15,2319.6,137,ASIANPAINT,NaN,2320.003713658383,2322.8483981299114,36.762346481647285,2355.0,28.852664815708238,,,,,
2025-10-14T12:50:00.000000,2319.6,2319.9,2317.65,2318.7,822,ASIANPAINT,NaN,2319.742970926706,2322.471271027192,36.93062388097435,2355.0,29.209153989200747,,,,,
2025-10-14T12:55:00.000000,2318.7,2319.9,2317.65,2319.7,40,ASIANPAINT,NaN,2319.734376741365,2322.219337297447,37.32231873233257,2355.0,29.54017965030093,,,,,
2025-10-14T13:00:00.000000,2319.7,2319.75,2316.2,2319.5,182,ASIANPAINT,NaN,2319.687501393092,2321.9721248158608,37.642575527948644,2355.0,30.273201831210653,,,,,
2025-10-14T13:05:00.000000,2319.55,2319.8,2317.4,2319.5,249,ASIANPAINT,NaN,2319.6500011144735,2321.747386196237,37.932331676363184,2355.0,30.920574612220598,,,,,
2025-10-14T13:10:00.000000,2319.5,2320.05,2318.05,2318.4,249,ASIANPAINT,NaN,2319.4000008915787,2321.4430783602156,37.99005168585341,2355.0,31.346197195024438,,,,,
2025-10-14T13:15:00.000000,2318.4,2320.45,2318.05,2318.3,613,ASIANPAINT,NaN,2319.180000713263,2321.1573439638323,38.023412884845236,2355.0,31.45309597401726,,,,,
2025-10-14T13:20:00.000000,2318.3,2324.1,2318.3,2322.75,151,ASIANPAINT,NaN,2319.8940005706104,2321.3021308762113,39.21402524965119,2355.0,29.420412815181354,,,,,
2025-10-14T13:25:00.000000,2322.75,2325.35,2322.75,2324.65,167,ASIANPAINT,NaN,2320.8452004564883,2321.6064826147376,40.68372158930573,2355.0,27.667957141710932,,,,,
2025-10-14T13:30:00.000000,2324.65,2325.9,2322.9,2324.25,51,ASIANPAINT,NaN,2321.5261603651907,2321.8468023770342,41.916986528156016,2355.0,26.278404054686124,,,,,
2025-10-14T13:35:00.000000,2324.25,2325.55,2323.1,2324.85,83,ASIANPAINT,NaN,2322.1909282921524,2322.1198203427584,43.16116793377263,2355.0,24.98810475959166,,,,,
2025-10-14T13:40:00.000000,2324.85,2325.4,2323.25,2323.3,37,ASIANPAINT,NaN,2322.412742633722,2322.2271094025077,43.89506234814684,2355.0,23.789969699861086,,,,,
2025-10-14T13:45:00.000000,2323.3,2325.25,2323.3,2325.25,14,ASIANPAINT,NaN,2322.9801941069773,2322.5019176386436,44.989758613331205,2355.0,22.677415715825553,,,,,
2025-10-14T13:50:00.000000,2325.25,2325.25,2322.15,2322.15,47,ASIANPAINT,NaN,2322.814155285582,2322.4699251260395,45.26209626388455,2355.0,21.163384665758155,,,,,
2025-10-14T13:55:00.000000,2322.15,2323.85,2321.15,2323.65,364,ASIANPAINT,NaN,2322.9813242284654,2322.577204660036,45.83747787550148,2355.0,20.302204653439002,,,,,
2025-10-14T14:00:00.000000,2323.65,2323.65,2321.15,2322.65,57,ASIANPAINT,NaN,2322.915059382772,2322.5838224182144,46.13625429393104,2355.0,19.502537499142647,,,,,
2025-10-14T14:05:00.000000,2322.65,2323.6,2321.0,2321.0,59,ASIANPAINT,NaN,2322.5320475062176,2322.439838562013,46.058418139562825,2355.0,18.84625245226653,,,,,
2025-10-14T14:10:00.000000,2321.0,2324.2,2319.55,2319.55,205,ASIANPAINT,NaN,2321.935638004974,2322.1771259654665,45.70321503585076,2355.0,19.01526295973736,,,,,
2025-10-14T14:15:00.000000,2319.55,2321.65,2319.0,2321.15,86,ASIANPAINT,NaN,2321.778510403979,2322.0837508776967,45.78118034117405,2355.0,19.43832853821529,,,,,
2025-10-14T14:20:00.000000,2321.15,2323.4,2319.0,2323.2,308,ASIANPAINT,NaN,2322.062808323183,2322.1852280706335,46.31608467299072,2355.0,18.58675798857968,,,,,
2025-10-14T14:25:00.000000,2323.2,2324.2,2321.55,2324.15,413,ASIANPAINT,NaN,2322.4802466585465,2322.3638437005757,47.00149664542813,2355.0,17.302673435260044,,,,,
2025-10-14T14:30:00.000000,2324.15,2325.95,2322.15,2325.9,278,ASIANPAINT,NaN,2323.1641973268374,2322.685312455069,47.97349851340289,2355.0,16.967817404919494,,,,,
2025-10-14T14:35:00.000000,2325.9,2328.6,2324.85,2326.0,427,ASIANPAINT,NaN,2323.73135786147,2322.9866476864263,48.87276420887821,2355.0,17.75864979680376,,,,,
2025-10-14T14:40:00.000000,2326.0,2327.6,2323.5,2325.2,65,ASIANPAINT,NaN,2324.0250862891758,2323.1878615331148,49.466325538499376,2355.0,17.685525138161545,,,,,
2025-10-14T14:45:00.000000,2325.2,2325.35,2322.0,2322.4,123,ASIANPAINT,NaN,2323.7000690313407,2323.116237757377,49.3121315390754,2355.0,16.820897856403057,,,,,
2025-10-14T14:50:00.000000,2322.4,2324.5,2321.05,2323.05,131,ASIANPAINT,NaN,2323.570055225073,2323.11021614307,49.330956881782775,2355.0,15.682194499860662,,,,,
2025-10-14T14:55:00.000000,2324.7,2324.95,2323.15,2324.5,37,ASIANPAINT,NaN,2323.7560441800583,2323.2365601300635,49.69004530933702,2355.0,14.717337004416235,,,,,
2025-10-14T15:00:00.000000,2324.5,2325.0,2320.25,2320.25,422,ASIANPAINT,NaN,2323.0548353440468,2322.965054663694,49.08761370345832,2355.0,14.777688880474788,,,,,
2025-10-14T15:05:00.000000,2320.25,2323.6,2320.25,2321.2,368,ASIANPAINT,NaN,2322.6838682752373,2322.8045951488125,48.77057685101253,2355.0,14.833729908243445,,,,,
2025-10-14T15:10:00.000000,2321.2,2322.0,2319.7,2320.15,440,ASIANPAINT,NaN,2322.17709462019,2322.5632683171025,48.274954246903626,2355.0,15.107584911576655,,,,,
2025-10-14T15:15:00.000000,2320.15,2322.15,2319.0,2319.95,1098,ASIANPAINT,NaN,2321.731675696152,2322.3256984700934,47.786155702610365,2355.0,15.640672447915387,,,,,
2025-10-14T15:20:00.000000,2319.95,2319.95,2312.2,2313.5,1391,ASIANPAINT,NaN,2320.0853405569214,2321.5233622455394,46.305993529542185,2355.0,17.984256323813337,,,,,
2025-10-14T15:25:00.000000,2313.5,2314.65,2310.0,2311.0,1500,ASIANPAINT,NaN,2318.268272445537,2320.5666929504905,44.67388494585021,2355.0,20.54451175907017,,,,,
2025-10-15T09:15:00.000000,2328.25,2337.15,2324.4,2329.25,2747,ASIANPAINT,NaN,2320.4646179564297,2321.356084500446,46.08798215372689,2356.4,21.106600338206814,,,,,
2025-10-15T09:20:00.000000,2329.25,2336.3,2329.25,2333.35,322,ASIANPAINT,NaN,2323.041694365144,2322.446440454951,47.729540028208135,2356.4,21.628539733119414,,,,,
2025-10-15T09:25:00.000000,2333.35,2347.3,2333.35,2344.95,1037,ASIANPAINT,NaN,2327.423355492115,2324.4922185954097,49.992032339363156,2356.4,23.302653350091365,,,,,
2025-10-15T09:30:00.000000,2344.95,2356.4,2344.95,2350.75,2161,ASIANPAINT,NaN,2332.0886843936923,2326.8792896321906,52.32962785455293,2356.4,25.530780307259526,,,,,
2025-10-15T09:35:00.000000,2350.75,2353.0,2345.0,2347.0,1109,ASIANPAINT,NaN,2335.070947514954,2328.708445120173,53.952383666696136,2356.4,27.599755338915674,,,,,
2025-10-15T09:40:00.000000,2345.8,2350.0,2343.0,2346.9,379,ASIANPAINT,NaN,2337.436758011963,2330.362222836521,55.40746225498426,2356.4,29.058315690418432,,,,,
2025-10-15T09:45:00.000000,2346.2,2354.0,2346.2,2349.85,500,ASIANPAINT,NaN,2339.9194064095705,2332.1338389422917,56.89798492000152,2356.4,30.720180137250534,,,,,
2025-10-15T09:50:00.000000,2349.85,2351.4,2348.9,2350.15,830,ASIANPAINT,NaN,2341.9655251276563,2333.77167176572,58.26436399018189,2356.4,32.263339980737484,,,,,
2025-10-15T09:55:00.000000,2350.15,2351.75,2348.0,2348.5,211,ASIANPAINT,NaN,2343.272420102125,2335.1106106961092,59.25049219709208,2356.4,33.46611768186451,,,,,
2025-10-15T10:00:00.000000,2348.5,2351.0,2348.4,2348.8,302,ASIANPAINT,NaN,2344.3779360817,2336.3551006328266,60.16412063754847,2356.4,34.582982690053896,,,,,
2025-10-15T10:05:00.000000,2348.8,2350.9,2347.65,2350.9,324,ASIANPAINT,NaN,2345.6823488653604,2337.6773642116605,61.14281709011306,2356.4,35.406700032293266,,,,,
2025-10-15T10:10:00.000000,2350.9,2355.0,2349.65,2352.5,743,ASIANPAINT,NaN,2347.0458790922885,2339.024876556055,62.141914969952445,2356.4,36.57765529680251,,,,,
2025-10-15T10:15:00.000000,2352.5,2356.0,2352.5,2354.0,390,ASIANPAINT,NaN,2348.436703273831,2340.3862514145953,63.15162541404574,2356.4,37.757806430620306,,,,,
2025-10-15T10:20:00.000000,2354.0,2358.95,2354.0,2358.9,488,ASIANPAINT,NaN,2350.5293626190646,2342.069319467814,64.37940412346363,2356.4,39.11799548937348,,,,,
2025-10-15T10:25:00.000000,2358.9,2358.95,2354.5,2356.55,261,ASIANPAINT,NaN,2351.733490095252,2343.38574497074,65.06409930938932,2356.4,40.38102818678714,,,,,
2025-10-15T10:30:00.000000,2356.55,2365.0,2356.55,2363.85,376,ASIANPAINT,NaN,2354.1567920762013,2345.246131791582,66.12893480126397,2356.4,42.04144301828166,,,,,
2025-10-15T10:35:00.000000,2363.85,2365.0,2361.9,2362.6,2325,ASIANPAINT,NaN,2355.845433660961,2346.8237561741653,66.87860522546336,2356.4,43.583256790383714,,,,,
2025-10-15T10:40:00.000000,2362.6,2364.4,2361.15,2362.3,313,ASIANPAINT,NaN,2357.136346928769,2348.2306874310593,67.50366291201172,2356.4,44.75530978526594,,,,,
2025-10-15T10:45:00.000000,2362.25,2367.0,2361.35,2362.7,313,ASIANPAINT,NaN,2358.249077543015,2349.5460794827814,68.09632094837073,2356.4,46.06249364280091,,,,,
2025-10-15T10:50:00.000000,2362.7,2367.0,2361.95,2365.5,407,ASIANPAINT,NaN,2359.699262034412,2350.9964358934376,68.81972227355226,2356.4,47.27630722479767,,,,,
2025-10-15T10:55:00.000000,2365.5,2369.7,2364.7,2369.45,423,ASIANPAINT,NaN,2361.6494096275296,2352.674032630398,69.71048384661314,2356.4,48.62625690146236,,,,,
2025-10-15T11:00:00.000000,2369.45,2373.8,2368.2,2370.4,774,ASIANPAINT,NaN,2363.3995277020235,2354.2854842094525,70.56994305938744,2356.4,50.17293763583177,,,,,
2025-10-15T11:05:00.000000,2370.4,2372.0,2369.3,2369.45,539,ASIANPAINT,NaN,2364.609622161619,2355.664076554048,71.14520712267341,2356.4,51.60914117488908,,,,,
2025-10-15T11:10:00.000000,2369.45,2371.45,2364.6,2365.6,276,ASIANPAINT,NaN,2364.8076977292953,2356.567342321862,70.89695106052089,2356.4,51.253234419735875,,,,,
2025-10-15T11:15:00.000000,2365.6,2368.25,2364.1,2364.1,165,ASIANPAINT,NaN,2364.6661581834364,2357.2521293835107,70.39599311811493,2356.4,50.75868552206735,,,,,
2025-10-15T11:20:00.000000,2364.1,2365.6,2361.95,2365.6,313,ASIANPAINT,NaN,2364.852926546749,2358.0110267122823,70.0854481376238,2356.4,49.60220001575235,,,,,
2025-10-15T11:25:00.000000,2365.6,2366.1,2362.25,2363.35,252,ASIANPAINT,NaN,2364.552341237399,2358.4963879202564,69.3837473860375,2356.4,48.60616956693021,,,,,
2025-10-15T11:30:00.000000,2363.35,2366.0,2363.3,2364.05,139,ASIANPAINT,NaN,2364.451872989919,2359.0012617456878,68.82546803452964,2356.4,47.681284150166796,,,,,
2025-10-15T11:35:00.000000,2364.05,2365.4,2361.75,2361.75,154,ASIANPAINT,NaN,2363.9114983919353,2359.2511470415343,67.89133946256683,2356.4,46.27496886316133,,,,,
2025-10-15T11:40:00.000000,2361.75,2364.25,2361.6,2363.65,373,ASIANPAINT,NaN,2363.8591987135483,2359.651042765031,67.27780650768375,2356.4,44.91558490950007,,,,,
2025-10-15T11:45:00.000000,2363.65,2364.5,2362.7,2362.8,243,ASIANPAINT,NaN,2363.6473589708385,2359.9373116045736,66.56003136089716,2356.4,43.70733710452511,,,,,
2025-10-15T11:50:00.000000,2362.8,2365.0,2362.8,2364.0,363,ASIANPAINT,NaN,2363.717887176671,2360.3066469132486,66.06608092781278,2356.4,42.698047543355564,,,,,
2025-10-15T11:55:00.000000,2364.0,2369.0,2364.0,2367.5,307,ASIANPAINT,NaN,2364.4743097413366,2360.9605881029534,66.0347638994581,2356.4,42.55944299772134,,,,,
2025-10-15T12:00:00.000000,2367.5,2370.0,2367.5,2369.75,42,ASIANPAINT,NaN,2365.5294477930693,2361.7596255481394,66.24312948240134,2356.4,42.60419617443382,,,,,
2025-10-15T12:05:00.000000,2369.75,2369.75,2365.7,2365.7,6,ASIANPAINT,NaN,2365.5635582344553,2362.1178414073993,65.63066709258915,2356.4,41.89289748828578,,,,,
2025-10-15T12:10:00.000000,2365.7,2366.0,2364.5,2365.05,12,ASIANPAINT,NaN,2365.4608465875644,2362.384401279454,64.95769181939042,2356.4,40.756815866265676,,,,,
2025-10-15T12:15:00.000000,2365.05,2368.3,2365.05,2368.0,111,ASIANPAINT,NaN,2365.9686772700516,2362.894910254049,64.71396640524264,2356.4,40.19819871139305,,,,,
2025-10-15T12:20:00.000000,2368.0,2368.0,2365.3,2365.4,198,ASIANPAINT,NaN,2365.8549418160414,2363.1226456854993,64.01365671861893,2356.4,39.67948278186846,,,,,
2025-10-15T12:25:00.000000,2365.4,2367.3,2365.4,2365.65,64,ASIANPAINT,NaN,2365.813953452833,2363.352405168636,63.41371199448255,2356.4,39.19781799016705,,,,,
2025-10-15T12:30:00.000000,2365.65,2373.0,2365.65,2370.35,361,ASIANPAINT,NaN,2366.7211627622664,2363.9885501533054,63.44975124784959,2356.4,39.8291442034671,,,,,
2025-10-15T12:35:00.000000,2370.35,2373.25,2368.65,2373.25,491,ASIANPAINT,NaN,2368.026930209813,2364.8305001393687,63.78299431632348,2356.4,40.45443471243056,,,,,
2025-10-15T12:40:00.000000,2373.25,2373.25,2371.6,2372.5,297,ASIANPAINT,NaN,2368.9215441678507,2365.527727399426,63.93334945929252,2356.4,41.03506161361092,,,,,
2025-10-15T12:45:00.000000,2372.5,2372.8,2371.05,2371.5,146,ASIANPAINT,NaN,2369.4372353342806,2366.0706612722056,63.86446869742835,2356.4,41.29670628718275,,,,,
2025-10-15T12:50:00.000000,2371.5,2372.0,2370.0,2370.0,35,ASIANPAINT,NaN,2369.5497882674244,2366.4278738838234,63.498189368257144,2356.4,41.0123834301704,,,,,
2025-10-15T12:55:00.000000,2370.0,2372.15,2370.0,2371.5,345,ASIANPAINT,NaN,2369.9398306139396,2366.888976258021,63.36316423853915,2356.4,40.78323711569048,,,,,
2025-10-15T13:00:00.000000,2371.5,2372.0,2370.65,2371.9,42,ASIANPAINT,NaN,2370.331864491152,2367.3445238709282,63.293703364534615,2356.4,40.57045839510199,,,,,
2025-10-15T13:05:00.000000,2371.9,2373.7,2371.6,2373.7,198,ASIANPAINT,NaN,2371.0054915929213,2367.9222944281164,63.46592064985879,2356.4,40.78538677168076,,,,,
2025-10-15T13:10:00.000000,2373.7,2374.0,2372.35,2373.0,127,ASIANPAINT,NaN,2371.404393274337,2368.3839040255602,63.45483530000407,2356.4,41.05484591623182,,,,,
2025-10-15T13:15:00.000000,2373.0,2378.6,2373.0,2376.05,560,ASIANPAINT,NaN,2372.3335146194695,2369.0808218414186,63.83625230289862,2356.4,42.18659135297492,,,,,
2025-10-15T13:20:00.000000,2376.05,2377.1,2375.75,2377.1,111,ASIANPAINT,NaN,2373.2868116955756,2369.809838037653,64.30505163001706,2356.4,43.23749782995066,,,,,
2025-10-15T13:25:00.000000,2377.1,2377.1,2374.95,2375.0,290,ASIANPAINT,NaN,2373.6294493564606,2370.281670943321,64.21076503755539,2356.4,43.73178338174997,,,,,
2025-10-15T13:30:00.000000,2375.0,2379.4,2375.0,2379.4,480,ASIANPAINT,NaN,2374.7835594851686,2371.1106099484737,64.65499347688373,2356.4,44.608789322249855,,,,,
2025-10-15T13:35:00.000000,2379.4,2381.5,2379.2,2381.5,347,ASIANPAINT,NaN,2376.1268475881348,2372.055099953158,65.27114732216305,2356.4,45.74837689072808,,,,,
2025-10-15T13:40:00.000000,2381.5,2381.75,2379.85,2381.75,291,ASIANPAINT,NaN,2377.251478070508,2372.9364545028707,65.85386667808827,2356.4,46.84345567836447,,,,,
2025-10-15T13:45:00.000000,2381.75,2381.75,2379.05,2381.0,471,ASIANPAINT,NaN,2378.0011824564062,2373.6695040935188,66.1852376178355,2356.4,47.36347844589523,,,,,
2025-10-15T13:50:00.000000,2381.0,2381.0,2377.2,2377.2,189,ASIANPAINT,NaN,2377.840945965125,2373.990458266835,65.58815760527993,2356.4,46.77742534575636,,,,,
2025-10-15T13:55:00.000000,2377.2,2377.25,2376.05,2376.05,159,ASIANPAINT,NaN,2377.4827567721,2374.1776893334863,64.80604696457168,2356.4,45.62656459678886,,,,,
2025-10-15T14:00:00.000000,2376.05,2376.95,2375.5,2375.5,61,ASIANPAINT,NaN,2377.08620541768,2374.2978993940783,63.9816654577428,2356.4,44.27345613954517,,,,,
2025-10-15T14:05:00.000000,2375.5,2378.95,2375.5,2378.0,511,ASIANPAINT,NaN,2377.268964334144,2374.6344539946167,63.63123908779325,2356.4,43.575389258831635,,,,,
2025-10-15T14:10:00.000000,2378.0,2378.95,2377.25,2378.95,83,ASIANPAINT,NaN,2377.6051714673154,2375.0267763587426,63.45522528708096,2356.4,42.927184298169074,,,,,
2025-10-15T14:15:00.000000,2378.95,2379.0,2377.8,2377.85,72,ASIANPAINT,NaN,2377.654137173852,2375.2834330534024,63.03442844421558,2356.4,42.3396988746465,,,,,
2025-10-15T14:20:00.000000,2377.85,2378.45,2377.3,2377.3,158,ASIANPAINT,NaN,2377.583309739082,2375.466757321275,62.5222804751104,2356.4,41.485088574591046,,,,,
2025-10-15T14:25:00.000000,2377.3,2378.4,2377.3,2378.3,12,ASIANPAINT,NaN,2377.7266477912653,2375.724324837523,62.23540272486938,2356.4,40.6915218673967,,,,,
2025-10-15T14:30:00.000000,2378.3,2379.5,2377.35,2379.5,305,ASIANPAINT,NaN,2378.081318233012,2376.067568034112,62.18227380217405,2356.4,40.33138583994691,,,,,
2025-10-15T14:35:00.000000,2379.5,2380.5,2378.65,2379.0,484,ASIANPAINT,NaN,2378.26505458641,2376.3341527582834,61.996416715847644,2356.4,40.31433777438452,,,,,
2025-10-15T14:40:00.000000,2379.0,2379.0,2377.3,2378.0,16,ASIANPAINT,NaN,2378.212043669128,2376.485593416621,61.552385476939214,2356.4,39.385661975156715,,,,,
2025-10-15T14:45:00.000000,2378.0,2379.45,2377.0,2377.0,632,ASIANPAINT,NaN,2377.9696349353026,2376.532357651474,60.881761305577534,2356.4,38.68795002846473,,,,,
2025-10-15T14:50:00.000000,2377.0,2381.9,2377.0,2380.2,717,ASIANPAINT,NaN,2378.415707948242,2376.865779683158,60.903524186178316,2356.4,38.82820645344834,,,,,
2025-10-15T14:55:00.000000,2380.2,2384.25,2380.2,2383.35,538,ASIANPAINT,NaN,2379.4025663585935,2377.4552542574165,61.41691201002059,2356.4,39.549255020338244,,,,,
2025-10-15T15:00:00.000000,2383.35,2383.35,2376.8,2376.8,196,ASIANPAINT,NaN,2378.8820530868747,2377.3956856885607,60.430037771226615,2356.4,38.32099626073833,,,,,
2025-10-15T15:05:00.000000,2376.8,2377.2,2375.5,2376.0,48,ASIANPAINT,NaN,2378.3056424694996,2377.268805171419,59.39444783081315,2356.4,36.582377025127535,,,,,
2025-10-15T15:10:00.000000,2376.0,2377.4,2375.0,2375.8,242,ASIANPAINT,NaN,2377.8045139755995,2377.135277428563,58.42048521381802,2356.4,34.74352877747811,,,,,
2025-10-15T15:15:00.000000,2375.8,2376.85,2372.4,2372.4,368,ASIANPAINT,NaN,2376.7236111804796,2376.70479766233,56.95155508933632,2356.4,32.54633992345476,,,,,
2025-10-15T15:20:00.000000,2372.4,2374.85,2371.05,2373.4,497,ASIANPAINT,NaN,2376.058888944384,2376.404361511209,55.83009488581707,2356.4,30.98323470877444,,,,,
2025-10-15T15:25:00.000000,2373.4,2377.95,2372.3,2374.15,661,ASIANPAINT,NaN,2375.677111155507,2376.1994195556445,54.97185401831718,2356.4,29.16881040624352,,,,,
2025-10-16T09:15:00.000000,2364.3,2384.15,2364.3,2381.6,1817,ASIANPAINT,NaN,2376.861688924406,2376.6903814142224,55.424542806317675,2386.9,28.871802028806684,,,,,
2025-10-16T09:20:00.000000,2381.6,2385.9,2377.1,2383.05,447,ASIANPAINT,NaN,2378.0993511395245,2377.268528558384,56.01978876777892,2386.9,28.02545495208073,,,,,
2025-10-16T09:25:00.000000,2383.05,2386.9,2383.05,2385.05,580,ASIANPAINT,NaN,2379.4894809116195,2377.9759350530762,56.80318659028956,2386.9,26.923320914763526,,,,,
2025-10-16T09:30:00.000000,2385.05,2386.05,2383.5,2384.95,197,ASIANPAINT,NaN,2380.5815847292956,2378.609940957342,57.489954414300506,2386.9,25.899910737254693,,,,,
2025-10-16T09:35:00.000000,2384.95,2386.5,2379.85,2379.85,352,ASIANPAINT,NaN,2380.4352677834363,2378.7226735975837,57.10511650806467,2386.9,25.811440797954948,,,,,
2025-10-16T09:40:00.000000,2379.85,2381.45,2379.3,2381.45,272,ASIANPAINT,NaN,2380.638214226749,2378.9706123614396,56.991084997746185,2386.9,25.84719833800842,,,,,
2025-10-16T09:45:00.000000,2381.4,2381.6,2372.7,2375.2,532,ASIANPAINT,NaN,2379.550571381399,2378.6278294194904,55.919954384351094,2386.9,27.041877915776613,,,,,
2025-10-16T09:50:00.000000,2373.7,2377.45,2372.9,2377.4,69,ASIANPAINT,NaN,2379.1204571051194,2378.516208563173,55.28396779830678,2386.9,28.151223237989935,,,,,
2025-10-16T09:55:00.000000,2377.4,2377.65,2373.65,2374.05,303,ASIANPAINT,NaN,2378.1063656840956,2378.110189602885,54.26014983123392,2386.9,29.102959480310766,,,,,
2025-10-16T10:00:00.000000,2374.05,2378.65,2373.25,2378.2,376,ASIANPAINT,NaN,2378.1250925472764,2378.1183541844407,53.93143398357182,2386.9,29.584630535311984,,,,,
2025-10-16T10:05:00.000000,2378.2,2378.9,2374.5,2375.0,242,ASIANPAINT,NaN,2377.500074037821,2377.8348674404006,53.2184873272126,2386.9,29.92905213597797,,,,,
2025-10-16T10:10:00.000000,2375.0,2375.0,2369.95,2370.6,283,ASIANPAINT,NaN,2376.1200592302566,2377.177152218546,52.07442047299549,2386.9,31.05476331951126,,,,,
2025-10-16T10:15:00.000000,2370.6,2372.15,2367.3,2367.7,170,ASIANPAINT,NaN,2374.4360473842053,2376.3155929259506,50.748368774063,2386.9,32.47783685862363,,,,,
2025-10-16T10:20:00.000000,2367.7,2370.4,2366.65,2369.4,125,ASIANPAINT,NaN,2373.428837907364,2375.686902659955,49.81197068237887,2386.9,33.887074525550275,,,,,
2025-10-16T10:25:00.000000,2369.4,2371.05,2367.05,2370.65,275,ASIANPAINT,NaN,2372.873070325891,2375.229002418141,49.157162401459594,2386.9,34.90975601882646,,,,,
2025-10-16T10:30:00.000000,2370.65,2372.15,2368.8,2371.5,189,ASIANPAINT,NaN,2372.5984562607127,2374.89000219831,48.69747709052308,2386.9,35.375251154693494,,,,,
2025-10-16T10:35:00.000000,2371.5,2380.0,2371.4,2377.1,441,ASIANPAINT,NaN,2373.49876500857,2375.0909110893726,49.06475553200827,2386.9,33.18030629667832,,,,,
2025-10-16T10:40:00.000000,2377.1,2378.05,2375.9,2377.45,243,ASIANPAINT,NaN,2374.289012006856,2375.3053737176115,49.44154020335706,2386.9,31.142143214235652,,,,,
2025-10-16T10:45:00.000000,2377.45,2377.7,2373.85,2375.15,253,ASIANPAINT,NaN,2374.461209605485,2375.291248834192,49.45354603709347,2386.9,29.746870792388048,,,,,
2025-10-16T10:50:00.000000,2375.15,2375.45,2371.6,2371.6,162,ASIANPAINT,NaN,2373.888967684388,2374.9556807583567,49.00325146434416,2386.9,28.952863352089814,,,,,
2025-10-16T10:55:00.000000,2371.6,2380.1,2369.4,2378.75,412,ASIANPAINT,NaN,2374.86117414751,2375.3006188712334,49.51624214743801,2386.9,26.94238761920797,,,,,
2025-10-16T11:00:00.000000,2378.75,2378.75,2372.7,2373.45,78,ASIANPAINT,NaN,2374.578939318008,2375.1323807920303,49.34595074972766,2386.9,25.075517295817683,,,,,
2025-10-16T11:05:00.000000,2373.45,2374.8,2371.05,2374.75,232,ASIANPAINT,NaN,2374.6131514544063,2375.0976189018456,49.347888993456316,2386.9,23.754588077413796,,,,,
2025-10-16T11:10:00.000000,2374.75,2374.75,2371.6,2371.65,219,ASIANPAINT,NaN,2374.0205211635252,2374.7841990016777,48.99945068138188,2386.9,22.528010946038766,,,,,
2025-10-16T11:15:00.000000,2371.65,2373.75,2371.65,2373.2,70,ASIANPAINT,NaN,2373.85641693082,2374.640180910616,48.8836486844877,2386.9,21.389046466904805,,,,,
2025-10-16T11:20:00.000000,2373.2,2373.2,2369.95,2369.95,20,ASIANPAINT,NaN,2373.075133544656,2374.2138008278325,48.414366177986345,2386.9,20.796596857661903,,,,,
2025-10-16T11:25:00.000000,2369.95,2372.35,2369.95,2372.05,44,ASIANPAINT,NaN,2372.870106835725,2374.0170916616657,48.27156564467258,2386.9,20.246465077650637,,,,,
2025-10-16T11:30:00.000000,2372.05,2376.55,2372.05,2374.1,139,ASIANPAINT,NaN,2373.11608546858,2374.0246287833324,48.40820984672543,2386.9,19.20987520102074,,,,,
2025-10-16T11:35:00.000000,2374.1,2374.3,2372.3,2374.2,101,ASIANPAINT,NaN,2373.332868374864,2374.0405716212113,48.54503508989718,2386.9,18.247327458435837,,,,,
2025-10-16T11:40:00.000000,2374.15,2374.35,2371.2,2372.6,180,ASIANPAINT,NaN,2373.1862946998913,2373.9096105647377,48.45371277496293,2386.9,16.989987505013314,,,,,
2025-10-16T11:45:00.000000,2372.6,2373.45,2370.5,2371.65,260,ASIANPAINT,NaN,2372.879035759913,2373.7041914224887,48.24346826823771,2386.9,15.959953366692307,,,,,
2025-10-16T11:50:00.000000,2371.65,2383.55,2371.65,2381.3,187,ASIANPAINT,NaN,2374.563228607931,2374.39471947499,49.25887116392492,2386.9,17.066211224452452,,,,,
2025-10-16T11:55:00.000000,2381.3,2383.15,2377.75,2380.55,201,ASIANPAINT,NaN,2375.7605828863448,2374.954290431809,50.06912704199136,2386.9,18.093450663801157,,,,,
2025-10-16T12:00:00.000000,2379.05,2380.0,2377.1,2378.1,633,ASIANPAINT,NaN,2376.228466309076,2375.2402640289174,50.45191767361644,2386.9,18.82051482675401,,,,,
2025-10-16T12:05:00.000000,2378.3,2382.3,2377.35,2381.7,190,ASIANPAINT,NaN,2377.322773047261,2375.827512753561,51.19848545240078,2386.9,19.92749897218285,,,,,
2025-10-16T12:10:00.000000,2381.7,2382.2,2379.1,2380.55,126,ASIANPAINT,NaN,2377.968218437809,2376.256829775965,51.704475950297855,2386.9,20.955412821509633,,,,,
2025-10-16T12:15:00.000000,2380.55,2382.6,2378.75,2381.65,209,ASIANPAINT,NaN,2378.704574750247,2376.74711797815,52.28855113928654,2386.9,21.988332763663802,,,,,
2025-10-16T12:20:00.000000,2381.65,2383.0,2379.25,2381.5,290,ASIANPAINT,NaN,2379.2636598001977,2377.1791981619544,52.79244793346612,2386.9,23.02905355198916,,,,,
2025-10-16T12:25:00.000000,2381.5,2383.0,2381.05,2383.0,508,ASIANPAINT,NaN,2380.0109278401583,2377.708361965413,53.43340121325479,2386.9,23.99543714114842,,,,,
2025-10-16T12:30:00.000000,2383.0,2383.0,2381.7,2383.0,96,ASIANPAINT,NaN,2380.6087422721266,2378.1894199685576,54.013311323539774,2386.9,24.89279333108202,,,,,
2025-10-16T12:35:00.000000,2383.0,2384.0,2382.3,2384.0,15,ASIANPAINT,NaN,2381.2869938177014,2378.7176545168704,54.66984289825274,2386.9,25.96318493915345,,,,,
2025-10-16T12:40:00.000000,2384.0,2384.0,2381.95,2382.05,156,ASIANPAINT,NaN,2381.439595054161,2379.0205950153368,54.87513293234505,2386.9,26.763862200915344,,,,,
2025-10-16T12:45:00.000000,2382.05,2383.15,2382.05,2383.15,33,ASIANPAINT,NaN,2381.781676043329,2379.395995468488,55.22171602648288,2386.9,27.507348229694248,,,,,
2025-10-16T12:50:00.000000,2383.15,2383.6,2381.55,2383.6,211,ASIANPAINT,NaN,2382.145340834663,2379.7781776986253,55.60222732647953,2386.9,27.8934811599437,,,,,
2025-10-16T12:55:00.000000,2383.6,2385.0,2379.5,2379.5,1544,ASIANPAINT,NaN,2381.6162726677303,2379.752888816932,55.1426386935231,2386.9,27.107325639684948,,,,,
2025-10-16T13:00:00.000000,2379.5,2386.75,2379.5,2386.75,292,ASIANPAINT,NaN,2382.6430181341843,2380.3889898335747,55.727629841686856,2386.9,26.969715087546664,,,,,
2025-10-16T13:05:00.000000,2386.75,2389.75,2386.4,2389.5,307,ASIANPAINT,NaN,2384.0144145073473,2381.217263485068,56.5526580305982,2386.9,27.673295025028313,,,,,
2025-10-16T13:10:00.000000,2389.5,2394.65,2388.8,2391.95,446,ASIANPAINT,NaN,2385.601531605878,2382.1929668046073,57.54145638870845,2386.9,29.296176491494197,,,,,
2025-10-16T13:15:00.000000,2391.95,2398.0,2391.95,2393.6,120,ASIANPAINT,NaN,2387.201225284702,2383.22996982237,58.591247890246294,2386.9,31.28707291705402,,,,,
2025-10-16T13:20:00.000000,2393.6,2395.0,2392.0,2392.0,201,ASIANPAINT,NaN,2388.1609802277617,2384.0272452930635,59.22149978282568,2386.9,33.13576245507385,,,,,
2025-10-16T13:25:00.000000,2392.0,2392.0,2389.05,2391.9,123,ASIANPAINT,NaN,2388.9087841822093,2384.7429502664213,59.771338625271824,2386.9,33.478189336686036,,,,,
2025-10-16T13:30:00.000000,2391.9,2394.0,2391.9,2393.25,43,ASIANPAINT,NaN,2389.7770273457672,2385.5163184240196,60.420688727792985,2386.9,34.15989415273901,,,,,
2025-10-16T13:35:00.000000,2393.25,2394.1,2393.25,2393.35,62,ASIANPAINT,NaN,2390.491621876614,2386.2284712945634,61.0197176865127,2386.9,34.81080568580323,,,,,
2025-10-16T13:40:00.000000,2393.35,2396.4,2393.35,2396.4,50,ASIANPAINT,NaN,2391.673297501291,2387.15315572233,61.89868998865244,2386.9,35.81327704075343,,,,,
2025-10-16T13:45:00.000000,2396.4,2397.6,2395.9,2397.6,264,ASIANPAINT,NaN,2392.858638001033,2388.102868838482,62.8160607141478,2386.9,36.93527741579344,,,,,
2025-10-16T13:50:00.000000,2397.6,2397.6,2393.6,2393.6,157,ASIANPAINT,NaN,2393.006910400826,2388.602608034984,62.733345250499326,2386.9,36.922433518362325,,,,,
2025-10-16T13:55:00.000000,2393.6,2393.6,2391.5,2393.0,6,ASIANPAINT,NaN,2393.005528320661,2389.0023709408943,62.53352681428927,2386.9,36.05635114488588,,,,,
2025-10-16T14:00:00.000000,2393.0,2396.25,2392.0,2396.25,110,ASIANPAINT,NaN,2393.654422656529,2389.661246309904,62.765065409989795,2386.9,35.82265402081124,,,,,
2025-10-16T14:05:00.000000,2396.25,2396.25,2393.6,2396.25,42,ASIANPAINT,NaN,2394.173538125223,2390.2602239180947,62.9745527108617,2386.9,35.60564954845622,,,,,
2025-10-16T14:10:00.000000,2396.25,2399.95,2396.25,2399.95,661,ASIANPAINT,NaN,2395.3288305001784,2391.1411126528133,63.587186680048845,2386.9,36.10869370225061,,,,,
2025-10-16T14:15:00.000000,2399.95,2403.3,2397.1,2397.1,599,ASIANPAINT,NaN,2395.6830644001425,2391.6828296843755,63.51235620912095,2386.9,37.08859342913992,,,,,
2025-10-16T14:20:00.000000,2397.1,2397.1,2393.0,2395.5,497,ASIANPAINT,NaN,2395.646451520114,2392.029845167614,63.119220508980874,2386.9,36.482897787094046,,,,,
2025-10-16T14:25:00.000000,2395.5,2403.0,2395.5,2403.0,92,ASIANPAINT,NaN,2397.1171612160915,2393.027131970558,63.59703920884919,2386.9,36.838207780138355,,,,,
2025-10-16T14:30:00.000000,2403.0,2411.2,2403.0,2410.0,590,ASIANPAINT,NaN,2399.693728972873,2394.5701199732343,64.56960087428715,2386.9,38.055513708772274,,,,,
2025-10-16T14:35:00.000000,2410.0,2418.35,2410.0,2415.4,637,ASIANPAINT,NaN,2402.8349831782984,2396.463745430213,65.77092431284653,2386.9,39.73323689707019,,,,,
2025-10-16T14:40:00.000000,2415.4,2419.9,2415.4,2417.8,388,ASIANPAINT,NaN,2405.827986542639,2398.4034049365573,66.98405853458885,2386.9,41.39369847882607,,,,,
2025-10-16T14:45:00.000000,2417.8,2419.45,2414.5,2415.05,124,ASIANPAINT,NaN,2407.672389234111,2399.9167317605065,67.58156595670073,2386.9,42.6699232424437,,,,,
2025-10-16T14:50:00.000000,2415.05,2417.5,2414.1,2415.75,130,ASIANPAINT,NaN,2409.2879113872887,2401.3561197822787,68.16802274384204,2386.9,43.73209207117026,,,,,
2025-10-16T14:55:00.000000,2415.75,2415.75,2410.1,2413.3,229,ASIANPAINT,NaN,2410.090329109831,2402.441927074799,68.2523273483262,2386.9,43.54562801640083,,,,,
2025-10-16T15:00:00.000000,2413.3,2413.3,2409.35,2409.35,184,ASIANPAINT,NaN,2409.942263287865,2403.0699337043625,67.67506551034423,2386.9,43.16472673562349,,,,,
2025-10-16T15:05:00.000000,2409.35,2411.65,2409.35,2410.6,39,ASIANPAINT,NaN,2410.073810630292,2403.7544851857842,67.27073531154761,2386.9,42.81103268918738,,,,,
2025-10-16T15:10:00.000000,2410.6,2411.45,2407.2,2407.2,84,ASIANPAINT,NaN,2409.4990485042335,2404.0677138052583,66.37601363566544,2386.9,41.8495029760137,,,,,
2025-10-16T15:15:00.000000,2407.2,2410.3,2407.0,2407.9,211,ASIANPAINT,NaN,2409.179238803387,2404.4161034593258,65.64289818131155,2386.9,40.897676871380995,,,,,
2025-10-16T15:20:00.000000,2407.9,2409.45,2406.7,2408.15,336,ASIANPAINT,NaN,2408.9733910427094,2404.755548599387,65.0082167139706,2386.9,39.92014196298544,,,,,
2025-10-16T15:25:00.000000,2408.15,2414.0,2408.05,2408.05,305,ASIANPAINT,NaN,2408.7887128341677,2405.055044181261,64.41644332897992,2386.9,39.75529996193577,,,,,
2025-10-17T09:15:00.000000,2411.8,2499.9,2411.8,2491.2,18995,ASIANPAINT,NaN,2425.270970267334,2412.8864038011466,66.77150975807821,2504.6,42.91732871628792,,,,,
2025-10-17T09:20:00.000000,2491.2,2492.8,2473.45,2478.15,5423,ASIANPAINT,NaN,2435.8467762138675,2418.819458001042,67.96237031235401,2504.6,45.853498273900634,,,,,
2025-10-17T09:25:00.000000,2476.5,2485.3,2467.65,2484.1,2850,ASIANPAINT,NaN,2445.497420971094,2424.7540527282204,69.1415758912374,2504.6,47.856363403093546,,,,,
2025-10-17T09:30:00.000000,2483.75,2489.9,2481.2,2483.6,1751,ASIANPAINT,NaN,2453.117936776875,2430.103684298382,70.1729404613315,2504.6,49.799904094613794,,,,,
2025-10-17T09:35:00.000000,2483.6,2504.6,2481.2,2504.6,10937,ASIANPAINT,NaN,2463.4143494215,2436.876076634893,71.43721200539098,2504.6,51.84301715804743,,,,,
2025-10-17T09:40:00.000000,2504.6,2507.0,2499.05,2505.25,5634,ASIANPAINT,NaN,2471.7814795372,2443.0918878499024,72.59014593528751,2504.6,53.77566402174483,,,,,
2025-10-17T09:45:00.000000,2505.2,2505.3,2497.7,2501.25,1739,ASIANPAINT,NaN,2477.67518362976,2448.378988954457,73.34106064769591,2504.6,55.394717750168994,,,,,
2025-10-17T09:50:00.000000,2501.25,2508.85,2498.0,2503.35,2463,ASIANPAINT,NaN,2482.810146903808,2453.3763535949606,74.058287267116,2504.6,56.96113594366454,,,,,
2025-10-17T09:55:00.000000,2503.35,2506.0,2500.3,2500.5,2733,ASIANPAINT,NaN,2486.3481175230463,2457.660321449964,74.4848262518068,2504.6,58.41566712333896,,,,,
2025-10-17T10:00:00.000000,2500.5,2510.0,2500.0,2507.5,2793,ASIANPAINT,NaN,2490.578494018437,2462.191201318149,75.01577523287484,2504.6,59.84186371839361,,,,,
2025-10-17T10:05:00.000000,2506.35,2509.0,2504.8,2509.0,1027,ASIANPAINT,NaN,2494.2627952147495,2466.4465466528627,75.52675112405,2504.6,61.16618912808722,,,,,
2025-10-17T10:10:00.000000,2509.0,2514.4,2507.45,2514.4,2378,ASIANPAINT,NaN,2498.2902361717997,2470.8059515026025,76.09890040860982,2504.6,62.50102719055912,,,,,
2025-10-17T10:15:00.000000,2514.4,2529.05,2514.0,2525.4,7136,ASIANPAINT,NaN,2503.71218893744,2475.769046820548,76.81744380658758,2504.6,63.979229710123604,,,,,
2025-10-17T10:20:00.000000,2525.4,2529.4,2523.95,2527.95,3081,ASIANPAINT,NaN,2508.559751149952,2480.5127698368615,77.51074511978473,2504.6,65.35694741235345,,,,,
2025-10-17T10:25:00.000000,2526.55,2531.1,2523.7,2525.05,3106,ASIANPAINT,NaN,2511.8578009199614,2484.561608942601,77.87497711980818,2504.6,66.66224807870401,,,,,
2025-10-17T10:30:00.000000,2525.05,2534.85,2525.05,2529.65,2895,ASIANPAINT,NaN,2515.416240735969,2488.6605535841827,78.2989491282603,2504.6,67.93174738366054,,,,,
2025-10-17T10:35:00.000000,2529.65,2533.85,2529.0,2530.4,1799,ASIANPAINT,NaN,2518.412992588775,2492.4550487128936,78.69809730139612,2504.6,69.11056816683445,,,,,
2025-10-17T10:40:00.000000,2530.4,2539.85,2530.4,2539.85,1839,ASIANPAINT,NaN,2522.70039407102,2496.763680648085,79.24504295153031,2504.6,70.29806276590763,,,,,
2025-10-17T10:45:00.000000,2539.85,2543.1,2528.0,2529.4,5691,ASIANPAINT,NaN,2524.040315256816,2499.7306187709864,78.79779735082045,2504.6,71.44808058432324,,,,,
2025-10-17T10:50:00.000000,2528.0,2530.5,2524.1,2525.85,1791,ASIANPAINT,NaN,2524.402252205453,2502.105107973624,78.10136537085482,2504.6,71.76174371589144,,,,,
2025-10-17T10:55:00.000000,2525.85,2534.4,2525.8,2533.8,2274,ASIANPAINT,NaN,2526.281801764362,2504.9864617942035,77.71614761940214,2504.6,72.1522285378068,,,,,
2025-10-17T11:00:00.000000,2533.8,2534.0,2530.6,2530.6,999,ASIANPAINT,NaN,2527.1454414114896,2507.314965267458,77.10229393034798,2504.6,72.51482158672822,,,,,
2025-10-17T11:05:00.000000,2530.6,2532.4,2518.55,2524.8,1984,ASIANPAINT,NaN,2526.6763531291917,2508.9045138795072,76.08258786044075,2504.6,70.68887590372752,,,,,
2025-10-17T11:10:00.000000,2526.25,2526.25,2521.5,2521.75,576,ASIANPAINT,NaN,2525.6910825033533,2510.0722853450065,74.92417187105056,2504.6,68.99335491236972,,,,,
2025-10-17T11:15:00.000000,2521.75,2523.95,2519.1,2522.25,1901,ASIANPAINT,NaN,2525.002866002683,2511.1793503136423,73.89855790040718,2504.6,67.02045945511264,,,,,
2025-10-17T11:20:00.000000,2522.25,2530.0,2522.25,2530.0,1178,ASIANPAINT,NaN,2526.0022928021463,2512.8903184669475,73.30666434031018,2504.6,65.57974390815892,,,,,
2025-10-17T11:25:00.000000,2530.0,2530.0,2527.2,2527.2,1596,ASIANPAINT,NaN,2526.241834241717,2514.191198606316,72.53336399914235,2504.6,64.24193661455904,,,,,
2025-10-17T11:30:00.000000,2527.2,2527.95,2519.0,2522.2,2760,ASIANPAINT,NaN,2525.4334673933736,2514.9192714602873,71.42248509863461,2504.6,61.656440944102656,,,,,
2025-10-17T11:35:00.000000,2522.2,2523.6,2517.3,2519.4,742,ASIANPAINT,NaN,2524.2267739146987,2515.326610418443,70.1947256034218,2504.6,59.001397518581136,,,,,
2025-10-17T11:40:00.000000,2519.4,2519.4,2516.15,2518.0,945,ASIANPAINT,NaN,2522.981419131759,2515.5696458349485,68.97093396491235,2504.6,56.35951642258127,,,,,
2025-10-17T11:45:00.000000,2518.0,2522.0,2517.5,2520.9,488,ASIANPAINT,NaN,2522.5651353054072,2516.054223486317,68.03939270485274,2504.6,54.16312007921361,,,,,
2025-10-17T11:50:00.000000,2520.9,2522.4,2517.9,2518.5,503,ASIANPAINT,NaN,2521.752108244326,2516.2765668057427,66.98734328276828,2504.6,52.163883719051356,,,,,
2025-10-17T11:55:00.000000,2518.5,2524.7,2518.5,2522.5,411,ASIANPAINT,NaN,2521.901686595461,2516.842333459766,66.29130922708381,2504.6,50.54385624028429,,,,,
2025-10-17T12:00:00.000000,2522.5,2524.8,2522.5,2523.45,122,ASIANPAINT,NaN,2522.2113492763688,2517.443030417969,65.72194387017743,2504.6,49.05009581256256,,,,,
2025-10-17T12:05:00.000000,2523.45,2526.3,2520.7,2520.7,835,ASIANPAINT,NaN,2521.909079421095,2517.7391185617903,64.93840412598949,2504.6,47.301726220382626,,,,,
2025-10-17T12:10:00.000000,2520.7,2526.7,2520.3,2523.7,610,ASIANPAINT,NaN,2522.2672635368763,2518.281016874355,64.44014498672989,2504.6,45.67824017050126,,,,,
2025-10-17T12:15:00.000000,2523.7,2526.9,2523.7,2526.3,224,ASIANPAINT,NaN,2523.073810829501,2519.0100153403228,64.1670883859382,2504.6,44.19767256644237,,,,,
2025-10-17T12:20:00.000000,2526.3,2528.75,2524.45,2527.2,1372,ASIANPAINT,NaN,2523.8990486636008,2519.7545594002936,63.98215691525626,2504.6,43.077347784335394,,,,,
2025-10-17T12:25:00.000000,2527.2,2529.7,2526.45,2527.0,730,ASIANPAINT,NaN,2524.5192389308804,2520.413235818449,63.79086220739038,2504.6,42.16767129859931,,,,,
2025-10-17T12:30:00.000000,2527.0,2529.2,2526.75,2527.05,661,ASIANPAINT,NaN,2525.0253911447044,2521.0165780167717,63.62172646607724,2504.6,41.32297170470151,,,,,
2025-10-17T12:35:00.000000,2527.05,2528.4,2525.95,2525.95,540,ASIANPAINT,NaN,2525.2103129157636,2521.465070924338,63.32027378311477,2504.6,40.31167205488959,,,,,
2025-10-17T12:40:00.000000,2525.95,2527.0,2523.25,2524.4,701,ASIANPAINT,NaN,2525.0482503326107,2521.7318826584888,62.836024375529426,2504.6,38.633380456350366,,,,,
2025-10-17T12:45:00.000000,2524.4,2525.0,2521.9,2523.45,179,ASIANPAINT,NaN,2524.7286002660885,2521.8880751440806,62.266600818462756,2504.6,36.724666672902956,,,,,
2025-10-17T12:50:00.000000,2523.45,2523.45,2506.55,2510.75,2145,ASIANPAINT,NaN,2521.9328802128707,2520.875522858255,60.37503403925391,2504.6,35.96476118275249,,,,,
2025-10-17T12:55:00.000000,2510.75,2510.75,2505.5,2509.2,449,ASIANPAINT,NaN,2519.3863041702966,2519.8141116893225,58.53305613685187,2504.6,35.3879640040857,,,,,
2025-10-17T13:00:00.000000,2509.2,2512.3,2508.0,2508.0,797,ASIANPAINT,NaN,2517.1090433362374,2518.7401015357477,56.76393413158624,2504.6,34.51123520274212,,,,,
2025-10-17T13:05:00.000000,2508.0,2508.65,2503.25,2506.2,815,ASIANPAINT,NaN,2514.92723466899,2517.600092305225,55.00852005894703,2504.6,34.29970072513165,,,,,
2025-10-17T13:10:00.000000,2506.2,2508.8,2505.5,2506.0,206,ASIANPAINT,NaN,2513.141787735192,2516.5455384592956,53.402606956787466,2504.6,34.068344584634495,,,,,
2025-10-17T13:15:00.000000,2506.0,2508.05,2505.0,2507.5,180,ASIANPAINT,NaN,2512.0134301881535,2515.7232167811776,52.171405357936976,2504.6,33.918361979375014,,,,,
2025-10-17T13:20:00.000000,2507.5,2513.7,2507.5,2509.0,209,ASIANPAINT,NaN,2511.410744150523,2515.112015255616,51.27834157834374,2504.6,32.477097406004305,,,,,
2025-10-17T13:25:00.000000,2509.0,2513.45,2509.0,2512.4,659,ASIANPAINT,NaN,2511.6085953204183,2514.865468414196,50.94349681646921,2504.6,31.138780302160075,,,,,
2025-10-17T13:30:00.000000,2512.4,2512.45,2503.45,2503.45,402,ASIANPAINT,NaN,2509.9768762563344,2513.82769855836,49.74187183672122,2504.6,30.733764349168133,,,,,
2025-10-17T13:35:00.000000,2505.35,2505.85,2502.15,2505.65,1075,ASIANPAINT,NaN,2509.1115010050676,2513.084271416691,48.94660345429621,2504.6,30.53420691578054,,,,,
2025-10-17T13:40:00.000000,2505.65,2518.05,2505.65,2516.65,589,ASIANPAINT,NaN,2510.619200804054,2513.408428560628,49.4054624047317,2504.6,28.651314232148135,,,,,
2025-10-17T13:45:00.000000,2516.65,2516.65,2510.4,2511.05,1555,ASIANPAINT,NaN,2510.7053606432432,2513.1940259642074,49.28944246589514,2504.6,26.9029138830609,,,,,
2025-10-17T13:50:00.000000,2511.05,2514.75,2510.15,2514.65,465,ASIANPAINT,NaN,2511.4942885145947,2513.3263872401885,49.51511427997109,2504.6,25.235274716512738,,,,,
2025-10-17T13:55:00.000000,2514.65,2516.2,2511.65,2514.35,326,ASIANPAINT,NaN,2512.065430811676,2513.419442945626,49.6898854122441,2504.6,23.932797921181542,,,,,
2025-10-17T14:00:00.000000,2514.35,2518.0,2514.35,2516.2,340,ASIANPAINT,NaN,2512.892344649341,2513.6722208596602,50.0249130431927,2504.6,23.026082838937498,,,,,
2025-10-17T14:05:00.000000,2516.2,2522.9,2515.3,2522.1,1122,ASIANPAINT,NaN,2514.7338757194725,2514.438382599691,50.844660181052014,2504.6,22.931344349621963,,,,,
2025-10-17T14:10:00.000000,2522.1,2522.4,2518.0,2518.25,390,ASIANPAINT,NaN,2515.437100575578,2514.7848932724464,51.16568810232183,2504.6,22.843372895257538,,,,,
2025-10-17T14:15:00.000000,2518.25,2522.35,2518.2,2521.0,2981,ASIANPAINT,NaN,2516.5496804604622,2515.3499029749514,51.69497479393287,2504.6,22.76168511620486,,,,,
2025-10-17T14:20:00.000000,2521.0,2521.0,2516.5,2518.45,426,ASIANPAINT,NaN,2516.92974436837,2515.6317299772286,51.89369674123397,2504.6,22.26346943765969,,,,,
2025-10-17T14:25:00.000000,2518.45,2518.45,2516.3,2517.5,100,ASIANPAINT,NaN,2517.043795494696,2515.8015727065713,51.96909337846436,2504.6,21.750240074107776,,,,,
2025-10-17T14:30:00.000000,2516.4,2518.0,2509.0,2509.0,734,ASIANPAINT,NaN,2515.435036395757,2515.183247915065,51.21362756108826,2504.6,20.713209920703264,,,,,
2025-10-17T14:35:00.000000,2509.35,2516.4,2509.35,2515.0,520,ASIANPAINT,NaN,2515.3480291166056,2515.166589013695,51.12142576127043,2504.6,19.750253349684787,,,,,
2025-10-17T14:40:00.000000,2515.0,2517.0,2514.3,2515.0,244,ASIANPAINT,NaN,2515.2784232932845,2515.1514445579046,51.03800508524478,2504.6,18.717100578911328,,,,,
2025-10-17T14:45:00.000000,2515.0,2516.95,2511.85,2511.85,216,ASIANPAINT,NaN,2514.5927386346275,2514.8513132344588,50.65973144868271,2504.6,18.257662117559228,,,,,
2025-10-17T14:50:00.000000,2511.85,2511.85,2508.45,2509.9,622,ASIANPAINT,NaN,2513.654190907702,2514.4011938495078,50.136045950252196,2504.6,18.454148092012616,,,,,
2025-10-17T14:55:00.000000,2509.9,2510.9,2506.4,2507.85,404,ASIANPAINT,NaN,2512.4933527261614,2513.80563077228,49.47377148318426,2504.6,18.97885611405266,,,,,
2025-10-17T15:00:00.000000,2507.85,2509.95,2505.3,2508.1,338,ASIANPAINT,NaN,2511.6146821809293,2513.286937065709,48.90553266458335,2504.6,19.645573244343385,,,,,
2025-10-17T15:05:00.000000,2508.1,2509.8,2506.8,2508.3,56,ASIANPAINT,NaN,2510.9517457447437,2512.8335791506447,48.417803958366456,2504.6,20.264667722470485,,,,,
2025-10-17T15:10:00.000000,2508.3,2509.0,2506.35,2507.2,607,ASIANPAINT,NaN,2510.201396595795,2512.321435591495,47.85878943716812,2504.6,20.920514147360073,,,,,
2025-10-17T15:15:00.000000,2507.2,2509.4,2506.5,2507.65,1015,ASIANPAINT,NaN,2509.691117276636,2511.896759628632,47.42023932193028,2504.6,21.39163585911013,,,,,
2025-10-17T15:20:00.000000,2507.65,2510.0,2506.5,2506.95,1150,ASIANPAINT,NaN,2509.1428938213085,2511.4470542078475,46.94037997834169,2504.6,21.614861279712322,,,,,
2025-10-17T15:25:00.000000,2506.95,2510.0,2505.95,2509.95,699,ASIANPAINT,NaN,2509.3043150570466,2511.3109583707705,46.97348930906412,2504.6,21.944497118864653,,,,,
2025-10-20T09:15:00.000000,2509.95,2534.5,2503.55,2533.7,2676,ASIANPAINT,NaN,2514.1834520456373,2513.3463257916096,49.115023933234085,2536.15,23.203026798485407,,,,,
2025-10-20T09:20:00.000000,2533.7,2536.15,2526.05,2530.1,1200,ASIANPAINT,NaN,2517.3667616365096,2514.8693870832813,50.62757850218641,2536.15,24.528907048710355,,,,,
2025-10-20T09:25:00.000000,2530.1,2530.1,2520.6,2524.45,1714,ASIANPAINT,NaN,2518.783409309208,2515.7403518938922,51.38971771199709,2536.15,24.59853699585179,,,,,
2025-10-20T09:30:00.000000,2524.45,2528.0,2523.75,2524.3,169,ASIANPAINT,NaN,2519.8867274473664,2516.5185017217204,52.06367767385,2536.15,24.663193375340274,,,,,
2025-10-20T09:35:00.000000,2524.3,2524.3,2515.25,2518.15,1283,ASIANPAINT,NaN,2519.539381957893,2516.6668197470185,52.06219079636599,2536.15,23.182834533186583,,,,,
2025-10-20T09:40:00.000000,2518.15,2519.75,2512.9,2516.0,338,ASIANPAINT,NaN,2518.8315055663143,2516.6061997700167,51.86410897622806,2536.15,21.60695952756554,,,,,
2025-10-20T09:45:00.000000,2516.0,2524.35,2512.05,2524.35,408,ASIANPAINT,NaN,2519.9352044530515,2517.310181609106,52.36306252467618,2536.15,20.655668474972483,,,,,
2025-10-20T09:50:00.000000,2524.35,2524.35,2520.15,2521.7,20,ASIANPAINT,NaN,2520.2881635624412,2517.7092560082783,52.562156908989046,2536.15,19.77232678327893,,,,,
2025-10-20T09:55:00.000000,2521.7,2523.0,2520.35,2520.35,34,ASIANPAINT,NaN,2520.300530849953,2517.9493236438893,52.613551642861644,2536.15,18.952080926706344,,,,,
2025-10-20T10:00:00.000000,2520.35,2523.9,2518.2,2521.95,232,ASIANPAINT,NaN,2520.6304246799623,2518.313021494445,52.7972224770058,2536.15,17.791910034597027,,,,,
2025-10-20T10:05:00.000000,2521.95,2525.1,2521.35,2525.1,432,ASIANPAINT,NaN,2521.52433974397,2518.9300195404044,53.22806459926455,2536.15,16.923351311409405,,,,,
2025-10-20T10:10:00.000000,2525.1,2528.55,2524.9,2525.4,477,ASIANPAINT,NaN,2522.299471795176,2519.518199582186,53.643200888706616,2536.15,16.69037796630539,,,,,
2025-10-20T10:15:00.000000,2525.4,2525.4,2521.85,2521.85,869,ASIANPAINT,NaN,2522.209577436141,2519.730181438351,53.61534294338901,2536.15,15.865639433810562,,,,,
2025-10-20T10:20:00.000000,2521.85,2525.0,2521.85,2522.3,177,ASIANPAINT,NaN,2522.227661948913,2519.963801307592,53.63431021197738,2536.15,15.099810796493937,,,,,
2025-10-20T10:25:00.000000,2522.3,2524.5,2522.3,2523.4,54,ASIANPAINT,NaN,2522.4621295591305,2520.2761830069016,53.763660637023406,2536.15,14.388684204699928,,,,,
2025-10-20T10:30:00.000000,2523.4,2523.4,2521.1,2522.0,83,ASIANPAINT,NaN,2522.3697036473045,2520.4328936426377,53.703784098495795,2536.15,13.461608777426024,,,,,
2025-10-20T10:35:00.000000,2522.0,2523.6,2522.0,2522.25,6,ASIANPAINT,NaN,2522.345762917844,2520.598085129671,53.6784157264142,2536.15,12.645361511032641,,,,,
2025-10-20T10:40:00.000000,2522.25,2523.2,2517.3,2520.05,333,ASIANPAINT,NaN,2521.8866103342752,2520.5482592087915,53.36213141222579,2536.15,12.603772234863062,,,,,
2025-10-20T10:45:00.000000,2520.05,2526.0,2520.0,2526.0,408,ASIANPAINT,NaN,2522.70928826742,2521.0438720079924,53.75556627559549,2536.15,11.91339918409796,,,,,
2025-10-20T10:50:00.000000,2526.0,2527.35,2526.0,2527.35,151,ASIANPAINT,NaN,2523.637430613936,2521.617156370902,54.24889270819313,2536.15,11.150792923565236,,,,,
2025-10-20T10:55:00.000000,2527.35,2529.0,2524.9,2529.0,162,ASIANPAINT,NaN,2524.7099444911487,2522.2883239735474,54.86243431123984,2536.15,10.80021005223268,,,,,
2025-10-20T11:00:00.000000,2529.0,2531.0,2526.05,2526.2,462,ASIANPAINT,NaN,2525.0079555929187,2522.643930885043,54.998673723885446,2536.15,10.890251326010562,,,,,
2025-10-20T11:05:00.000000,2526.2,2526.7,2524.15,2525.0,165,ASIANPAINT,NaN,2525.006364474335,2522.858118986403,54.94842659451301,2536.15,10.496022256552825,,,,,
2025-10-20T11:10:00.000000,2525.0,2526.0,2524.05,2524.05,107,ASIANPAINT,NaN,2524.815091579468,2522.966471805821,54.763666536001224,2536.15,10.104571150720664,,,,,
2025-10-20T11:15:00.000000,2525.0,2527.0,2512.7,2513.45,417,ASIANPAINT,NaN,2522.5420732635744,2522.101338005292,53.36496980435226,2536.15,11.213989194807485,,,,,
2025-10-20T11:20:00.000000,2513.45,2514.5,2509.55,2512.0,346,ASIANPAINT,NaN,2520.4336586108593,2521.1830345502653,51.96707448133672,2536.15,12.670363033240472,,,,,
2025-10-20T11:25:00.000000,2512.0,2512.6,2509.0,2510.6,78,ASIANPAINT,NaN,2518.4669268886873,2520.2209405002413,50.574038844228994,2536.15,14.095324457042564,,,,,
2025-10-20T11:30:00.000000,2511.65,2511.9,2510.0,2511.5,541,ASIANPAINT,NaN,2517.07354151095,2519.428127727492,49.454121062692025,2536.15,15.418502922001649,,,,,
2025-10-20T11:35:00.000000,2511.5,2512.1,2510.4,2512.1,256,ASIANPAINT,NaN,2516.07883320876,2518.76193429772,48.53768724013163,2536.15,16.58815970631323,,,,,
2025-10-20T11:40:00.000000,2512.1,2512.45,2508.5,2512.45,206,ASIANPAINT,NaN,2515.3530665670078,2518.1881220888363,47.76773024501712,2536.15,17.966153786989043,,,,,
2025-10-20T11:45:00.000000,2512.45,2513.05,2508.9,2508.9,163,ASIANPAINT,NaN,2514.0624532536062,2517.3437473534877,46.68044334200936,2536.15,19.05191496470078,,,,,
2025-10-20T11:50:00.000000,2508.9,2511.8,2508.9,2511.2,71,ASIANPAINT,NaN,2513.489962602885,2516.785224866807,46.09723515547663,2536.15,20.060121772575965,,,,,
2025-10-20T11:55:00.000000,2511.2,2513.0,2510.55,2513.0,27,ASIANPAINT,NaN,2513.391970082308,2516.441113515279,45.86820417437904,2536.15,20.575256785928328,,,,,
2025-10-20T12:00:00.000000,2513.0,2516.0,2513.0,2516.0,105,ASIANPAINT,NaN,2513.9135760658464,2516.4010122866175,46.124805451404406,2536.15,20.085534403678345,,,,,
2025-10-20T12:05:00.000000,2516.0,2516.0,2513.65,2513.9,229,ASIANPAINT,NaN,2513.910860852677,2516.1736475332887,46.073871898334836,2536.15,19.630792191589077,,,,,
2025-10-20T12:10:00.000000,2513.9,2515.45,2511.65,2513.6,21,ASIANPAINT,NaN,2513.8486886821415,2515.939679575717,45.9872831782795,2536.15,19.677346833653846,,,,,
2025-10-20T12:15:00.000000,2513.6,2514.75,2513.6,2514.75,2,ASIANPAINT,NaN,2514.0289509457134,2515.8315268870156,46.10260970377907,2536.15,19.720576144142566,,,,,
2025-10-20T12:20:00.000000,2514.75,2514.75,2509.4,2509.6,57,ASIANPAINT,NaN,2513.1431607565705,2515.2650244427414,45.524989168836846,2536.15,20.650763127992178,,,,,
2025-10-20T12:25:00.000000,2509.6,2514.8,2507.5,2514.8,6064,ASIANPAINT,NaN,2513.4745286052566,2515.2227494934014,45.81106744111172,2536.15,21.854454894234234,,,,,
2025-10-20T12:30:00.000000,2514.8,2516.85,2514.8,2516.7,77,ASIANPAINT,NaN,2514.1196228842055,2515.357044994001,46.328632793471954,2536.15,22.22597141357704,,,,,
2025-10-20T12:35:00.000000,2516.7,2518.2,2514.95,2516.45,86,ASIANPAINT,NaN,2514.5856983073645,2515.456404540001,46.76067541548329,2536.15,22.106959208160198,,,,,
2025-10-20T12:40:00.000000,2516.45,2518.3,2515.15,2516.05,591,ASIANPAINT,NaN,2514.8785586458916,2515.5103677636375,47.09038872463344,2536.15,21.961469307229624,,,,,
2025-10-20T12:45:00.000000,2516.05,2517.85,2516.05,2517.4,102,ASIANPAINT,NaN,2515.3828469167133,2515.682152512398,47.59676855486458,2536.15,21.826371542079805,,,,,
2025-10-20T12:50:00.000000,2517.4,2520.0,2517.4,2519.95,31,ASIANPAINT,NaN,2516.296277533371,2516.0701386476344,48.42642656563014,2536.15,20.912166351829658,,,,,
2025-10-20T12:55:00.000000,2519.95,2520.0,2519.0,2519.0,130,ASIANPAINT,NaN,2516.8370220266966,2516.3364896796675,49.006338312611746,2536.15,20.063261532311664,,,,,
2025-10-20T13:00:00.000000,2518.5,2522.1,2518.5,2522.1,363,ASIANPAINT,NaN,2517.889617621357,2516.860445163334,49.96690306752755,2536.15,18.720125542022938,,,,,
2025-10-20T13:05:00.000000,2522.1,2522.7,2522.0,2522.0,32,ASIANPAINT,NaN,2518.7116940970855,2517.3276774212127,50.81638147839118,2536.15,17.67190475089778,,,,,
2025-10-20T13:10:00.000000,2522.0,2522.0,2521.0,2522.0,39,ASIANPAINT,NaN,2519.3693552776685,2517.7524340192845,51.58495718345828,2536.15,16.478880992033478,,,,,
2025-10-20T13:15:00.000000,2522.0,2522.0,2515.25,2515.3,47,ASIANPAINT,NaN,2518.555484222135,2517.529485472077,51.08569034678208,2536.15,16.99693731401237,,,,,
2025-10-20T13:20:00.000000,2515.3,2516.95,2515.3,2516.9,10,ASIANPAINT,NaN,2518.224387377708,2517.47225952007,50.89938420644296,2536.15,17.477989612992772,,,,,
2025-10-20T13:25:00.000000,2516.9,2520.0,2514.0,2520.0,17,ASIANPAINT,NaN,2518.579509902166,2517.7020541091547,51.204516334452464,2536.15,16.829816216454876,,,,,
2025-10-20T13:30:00.000000,2520.0,2521.0,2519.45,2519.45,13,ASIANPAINT,NaN,2518.753607921733,2517.8609582810495,51.38609446380169,2536.15,15.903440605614907,,,,,
2025-10-20T13:35:00.000000,2519.45,2519.45,2517.0,2518.95,58,ASIANPAINT,NaN,2518.7928863373863,2517.9599620736813,51.46116630238395,2536.15,15.726952182332425,,,,,
2025-10-20T13:40:00.000000,2518.95,2519.3,2517.55,2517.55,24,ASIANPAINT,NaN,2518.544309069909,2517.922692794256,51.278166068826565,2536.15,15.563070074998691,,,,,
2025-10-20T13:45:00.000000,2517.55,2518.9,2517.0,2517.0,96,ASIANPAINT,NaN,2518.2354472559273,2517.8388116311417,51.01390423106378,2536.15,15.567129818360213,,,,,
2025-10-20T13:50:00.000000,2517.0,2517.9,2514.3,2517.5,160,ASIANPAINT,NaN,2518.088357804742,2517.808010573765,50.87323111081513,2536.15,16.28113186032984,,,,,
2025-10-20T13:55:00.000000,2517.5,2518.25,2516.0,2518.0,35,ASIANPAINT,NaN,2518.0706862437937,2517.8254641579683,50.84762300081357,2536.15,16.798980964581254,,,,,
2025-10-20T14:00:00.000000,2518.0,2519.75,2517.55,2519.35,1107,ASIANPAINT,NaN,2518.326548995035,2517.964058325426,51.097050757151145,2536.15,16.666557275542612,,,,,
2025-10-20T14:05:00.000000,2519.35,2520.0,2516.25,2516.25,410,ASIANPAINT,NaN,2517.911239196028,2517.8082348412963,50.68450568096759,2536.15,16.913697213898534,,,,,
2025-10-20T14:10:00.000000,2516.25,2521.7,2515.95,2519.75,590,ASIANPAINT,NaN,2518.278991356822,2517.984758946633,50.981707779199795,2536.15,16.465218357029876,,,,,
2025-10-20T14:15:00.000000,2519.75,2523.4,2519.45,2519.65,131,ASIANPAINT,NaN,2518.5531930854577,2518.1361444969393,51.22983889803071,2536.15,15.429075581752775,,,,,
2025-10-20T14:20:00.000000,2519.65,2521.0,2517.0,2518.4,192,ASIANPAINT,NaN,2518.5225544683663,2518.160131360854,51.19033100271824,2536.15,15.226773337782488,,,,,
2025-10-20T14:25:00.000000,2518.4,2520.0,2517.0,2517.5,258,ASIANPAINT,NaN,2518.318043574693,2518.100119418958,50.96795398013656,2536.15,15.038921254095794,,,,,
2025-10-20T14:30:00.000000,2517.5,2521.75,2516.35,2521.75,176,ASIANPAINT,NaN,2519.0044348597544,2518.431926744507,51.565396144145595,2536.15,14.201206416252234,,,,,
2025-10-20T14:35:00.000000,2522.0,2522.5,2520.05,2520.1,198,ASIANPAINT,NaN,2519.2235478878033,2518.583569767734,51.756200718376675,2536.15,13.220924274295061,,,,,
2025-10-20T14:40:00.000000,2520.1,2522.5,2519.55,2520.0,291,ASIANPAINT,NaN,2519.378838310243,2518.7123361524855,51.90756018933566,2536.15,12.426573258115896,,,,,
2025-10-20T14:45:00.000000,2520.0,2520.85,2516.05,2519.65,185,ASIANPAINT,NaN,2519.433070648194,2518.7975783204415,51.965890627946294,2536.15,12.822030127869295,,,,,
2025-10-20T14:50:00.000000,2519.65,2521.5,2518.3,2520.95,487,ASIANPAINT,NaN,2519.7364565185553,2518.9932530185833,52.282232513315996,2536.15,12.924756623646672,,,,,
2025-10-20T14:55:00.000000,2519.55,2519.75,2517.95,2518.75,159,ASIANPAINT,NaN,2519.539165214844,2518.971139107803,52.062823576154756,2536.15,13.129626997429677,,,,,
2025-10-20T15:00:00.000000,2518.75,2518.75,2512.2,2513.45,754,ASIANPAINT,NaN,2518.3213321718754,2518.46921737073,50.91499052305107,2536.15,14.76511435524741,,,,,
2025-10-20T15:05:00.000000,2513.45,2517.9,2513.45,2516.5,432,ASIANPAINT,NaN,2517.9570657375,2518.2901976097546,50.504968132604404,2536.15,16.283781187506737,,,,,
2025-10-20T15:10:00.000000,2516.5,2517.95,2514.8,2516.0,168,ASIANPAINT,NaN,2517.5656525900004,2518.0819978270497,50.04942788679981,2536.15,17.670484229099664,,,,,
2025-10-20T15:15:00.000000,2516.0,2518.15,2516.0,2516.0,86,ASIANPAINT,NaN,2517.2525220720004,2517.892725297318,49.63727242630994,2536.15,18.85824454191963,,,,,
2025-10-20T15:20:00.000000,2516.0,2519.95,2516.0,2516.0,1173,ASIANPAINT,NaN,2517.0020176576004,2517.720659361198,49.2643698668191,2536.15,19.089975844295996,,,,,
2025-10-20T15:25:00.000000,2516.0,2516.0,2512.85,2513.4,5326,ASIANPAINT,NaN,2516.2816141260805,2517.327872146544,48.44752884393866,2536.15,20.11830572473871,,,,,
2025-10-21T13:45:00.000000,2510.05,2520.05,2487.65,2508.3,8619,ASIANPAINT,NaN,2514.6852913008643,2516.507156496858,46.97726470779415,2520.05,23.721082852184015,,,,,
2025-10-21T13:50:00.000000,2508.3,2512.5,2501.75,2510.95,882,ASIANPAINT,NaN,2513.9382330406916,2516.0019604516892,46.256368751759304,2520.05,27.066518756240367,,,,,
2025-10-21T13:55:00.000000,2510.95,2512.35,2505.05,2505.25,452,ASIANPAINT,NaN,2512.2005864325533,2515.0245095015357,44.92422550011109,2520.05,30.172994952864123,,,,,
2025-10-21T14:00:00.000000,2505.25,2509.05,2502.9,2506.6,693,ASIANPAINT,NaN,2511.0804691460426,2514.258645001396,44.00384459545128,2520.05,33.175478354771094,,,,,
2025-10-21T14:05:00.000000,2506.6,2508.7,2505.5,2507.5,364,ASIANPAINT,NaN,2510.364375316834,2513.644222728542,43.36061450474949,2520.05,35.96349865654185,,,,,
2025-10-21T14:10:00.000000,2507.5,2510.5,2507.25,2510.4,505,ASIANPAINT,NaN,2510.3715002534673,2513.3492933895836,43.35457768537361,2520.05,37.91738635771628,,,,,
2025-10-21T14:15:00.000000,2510.4,2512.55,2507.35,2509.0,4882,ASIANPAINT,NaN,2510.097200202774,2512.95390308144,43.15237205531033,2520.05,39.037084830050595,,,,,
2025-10-21T14:20:00.000000,2509.0,2511.25,2507.05,2507.2,242,ASIANPAINT,NaN,2509.517760162219,2512.430820983127,42.726083074709074,2520.05,40.10762214047492,,,,,
2025-10-21T14:25:00.000000,2507.2,2508.85,2507.05,2508.0,86,ASIANPAINT,NaN,2509.214208129775,2512.02801907557,42.508630719743216,2520.05,41.10169250015466,,,,,
2025-10-21T14:30:00.000000,2508.0,2508.0,2500.0,2500.25,821,ASIANPAINT,NaN,2507.42136650382,2510.9572900687,41.421838160949505,2520.05,42.688640656701395,,,,,
2025-10-21T14:35:00.000000,2500.25,2504.65,2500.05,2501.3,603,ASIANPAINT,NaN,2506.1970932030563,2510.079354607909,40.652582334360524,2520.05,44.16223537349479,,,,,
2025-10-21T14:40:00.000000,2501.3,2503.95,2497.65,2501.4,669,ASIANPAINT,NaN,2505.237674562445,2509.2903223708263,39.97775424112266,2520.05,45.72423764087104,,,,,
2025-10-23T09:15:00.000000,2510.3,2539.0,2510.3,2532.3,2919,ASIANPAINT,NaN,2510.650139649956,2511.3821112462056,42.69486552032411,2545.0,44.117037340390375,,,,,
2025-10-23T09:20:00.000000,2532.3,2538.55,2529.5,2535.3,3156,ASIANPAINT,NaN,2515.580111719965,2513.5564647692777,45.30954156569697,2545.0,42.62463706137261,,,,,
2025-10-23T09:25:00.000000,2535.3,2545.0,2532.6,2540.9,2464,ASIANPAINT,NaN,2520.644089375972,2516.0422406993434,47.94484300347834,2545.0,41.803267562525654,,,,,
2025-10-23T09:30:00.000000,2540.95,2545.0,2539.75,2544.4,2983,ASIANPAINT,NaN,2525.3952715007777,2518.620218817585,50.4835818857952,2545.0,41.040567313596334,,,,,
2025-10-23T09:35:00.000000,2544.4,2545.0,2536.9,2537.0,1664,ASIANPAINT,NaN,2527.716217200622,2520.291108015986,51.926465626268026,2545.0,39.863098994062334,,,,,
2025-10-23T09:40:00.000000,2537.0,2539.95,2534.0,2534.0,2115,ASIANPAINT,NaN,2528.9729737604976,2521.5373709236237,52.92023450692114,2545.0,38.306709987371924,,,,,
2025-10-23T09:45:00.000000,2534.0,2536.0,2530.2,2531.95,895,ASIANPAINT,NaN,2529.568379008398,2522.4839735669307,53.6091336041278,2545.0,36.28447890958254,,,,,
2025-10-23T09:50:00.000000,2531.95,2532.0,2527.7,2529.7,1756,ASIANPAINT,NaN,2529.5947032067183,2523.139975969937,54.00236042413195,2545.0,34.043455162671314,,,,,
2025-10-23T09:55:00.000000,2530.0,2530.0,2524.2,2524.35,891,ASIANPAINT,NaN,2528.545762565375,2523.2499781544884,53.845402465024165,2545.0,31.749350632055755,,,,,
2025-10-23T10:00:00.000000,2524.35,2528.0,2523.0,2525.0,2257,ASIANPAINT,NaN,2527.8366100523,2523.4090710495348,53.758085958457954,2545.0,29.78369630310832,,,,,
2025-10-23T10:05:00.000000,2525.0,2528.0,2522.05,2524.55,1098,ASIANPAINT,NaN,2527.1792880418398,2523.5127918632134,53.63419036412084,2545.0,28.092778132005026,,,,,
2025-10-23T10:10:00.000000,2524.55,2527.85,2523.3,2527.8,605,ASIANPAINT,NaN,2527.303430433472,2523.9025380574667,53.81542661522484,2545.0,26.522639830266254,,,,,
2025-10-23T10:15:00.000000,2527.8,2528.95,2526.6,2527.8,601,ASIANPAINT,NaN,2527.4027443467776,2524.256852779515,53.979402270985595,2545.0,24.869918463679664,,,,,
2025-10-23T10:20:00.000000,2527.8,2531.75,2526.95,2529.05,1345,ASIANPAINT,NaN,2527.732195477422,2524.692593435923,54.24669242949652,2545.0,23.337627234335404,,,,,
2025-10-23T10:25:00.000000,2529.05,2531.75,2528.85,2530.0,716,ASIANPAINT,NaN,2528.1857563819376,2525.175084941748,54.58100724568366,2545.0,21.914785378515734,,,,,
2025-10-23T10:30:00.000000,2530.0,2533.7,2530.0,2532.0,2053,ASIANPAINT,NaN,2528.94860510555,2525.7955317652254,55.07850853922219,2545.0,20.941698004102808,,,,,
2025-10-23T10:35:00.000000,2532.0,2532.05,2528.6,2530.5,842,ASIANPAINT,NaN,2529.25888408444,2526.2232106956594,55.31402383094214,2545.0,19.747656936936096,,,,,
2025-10-23T10:40:00.000000,2530.5,2538.35,2529.4,2538.35,1144,ASIANPAINT,NaN,2531.077107267552,2527.325646086963,56.23522019288711,2545.0,19.69215419787339,,,,,
2025-10-23T10:45:00.000000,2538.35,2538.35,2533.65,2533.95,520,ASIANPAINT,NaN,2531.6516858140417,2527.927860079057,56.47687555286737,2545.0,19.640615940172307,,,,,
2025-10-23T10:50:00.000000,2533.95,2535.0,2532.1,2533.5,844,ASIANPAINT,NaN,2532.0213486512334,2528.4344182536884,56.637181453462,2545.0,19.23515010841532,,,,,
2025-10-23T10:55:00.000000,2533.5,2535.0,2532.45,2534.95,1113,ASIANPAINT,NaN,2532.6070789209866,2529.0267438669894,56.92129672164499,2545.0,18.858646121783828,,,,,
2025-10-23T11:00:00.000000,2535.0,2535.0,2531.9,2532.45,1271,ASIANPAINT,NaN,2532.5756631367894,2529.3379489699905,56.83277651798035,2545.0,18.370461754054983,,,,,
2025-10-23T11:05:00.000000,2532.45,2533.85,2530.05,2530.5,393,ASIANPAINT,NaN,2532.1605305094317,2529.4435899727187,56.49332848677299,2545.0,17.45238630888786,,,,,
2025-10-23T11:10:00.000000,2530.5,2534.5,2528.7,2532.9,912,ASIANPAINT,NaN,2532.3084244075453,2529.7578090661077,56.455743326885155,2545.0,16.270880585304287,,,,,
2025-10-23T11:15:00.000000,2532.8,2534.95,2528.75,2530.95,617,ASIANPAINT,NaN,2532.0367395260364,2529.866190060098,56.15286833308884,2545.0,15.282966461575525,,,,,
2025-10-23T11:20:00.000000,2530.95,2535.0,2530.8,2533.7,960,ASIANPAINT,NaN,2532.369391620829,2530.2147182364524,56.19479704322273,2545.0,14.37845879900212,,,,,
2025-10-23T11:25:00.000000,2533.7,2533.7,2530.05,2530.05,343,ASIANPAINT,NaN,2531.9055132966632,2530.1997438513204,55.73612411669245,2545.0,13.376178801790319,,,,,
2025-10-23T11:30:00.000000,2531.4,2533.25,2530.45,2533.25,253,ASIANPAINT,NaN,2532.1744106373308,2530.4770398648366,55.69172288397286,2545.0,12.445490232950789,,,,,
2025-10-23T11:35:00.000000,2533.25,2533.25,2530.05,2530.05,247,ASIANPAINT,NaN,2531.749528509865,2530.4382180589423,55.23387894552046,2545.0,11.706315081249272,,,,,
2025-10-23T11:40:00.000000,2530.05,2534.7,2530.05,2532.5,311,ASIANPAINT,NaN,2531.899622807892,2530.625652780857,55.10687867532473,2545.0,11.188357742845286,,,,,
2025-10-23T11:45:00.000000,2532.5,2534.2,2532.1,2533.1,493,ASIANPAINT,NaN,2532.1396982463134,2530.8505934371424,55.06194408895348,2545.0,10.707397357184442,,,,,
2025-10-23T11:50:00.000000,2533.0,2537.0,2533.0,2534.8,971,ASIANPAINT,NaN,2532.671758597051,2531.209630397402,55.22164306310817,2545.0,11.118376950499735,,,,,
2025-10-23T11:55:00.000000,2534.8,2535.35,2533.5,2535.3,276,ASIANPAINT,NaN,2533.197406877641,2531.5814821794565,55.42577427035142,2545.0,11.50000085857822,,,,,
2025-10-23T12:00:00.000000,2535.3,2536.0,2534.15,2536.0,489,ASIANPAINT,NaN,2533.757925502113,2531.983165617688,55.697191198828364,2545.0,12.049634669084488,,,,,
2025-10-23T12:05:00.000000,2536.0,2537.6,2535.2,2537.6,503,ASIANPAINT,NaN,2534.52634040169,2532.4937869251708,56.141245019881,2545.0,13.020737463620287,,,,,
2025-10-23T12:10:00.000000,2537.6,2537.65,2535.5,2536.4,123,ASIANPAINT,NaN,2534.901072321352,2532.8488972047007,56.32008382454373,2545.0,13.936705138464365,,,,,
2025-10-23T12:15:00.000000,2536.4,2537.0,2535.45,2536.2,281,ASIANPAINT,NaN,2535.1608578570813,2533.153542913364,56.44369581380255,2545.0,14.761385705647422,,,,,
2025-10-23T12:20:00.000000,2536.2,2536.5,2535.3,2535.55,434,ASIANPAINT,NaN,2535.238686285665,2533.3714026485127,56.42591425925515,2545.0,15.444617692891248,,,,,
2025-10-23T12:25:00.000000,2535.55,2537.0,2535.0,2535.7,524,ASIANPAINT,NaN,2535.330949028532,2533.5830933168295,56.43413961690824,2545.0,16.25202046201969,,,,,
2025-10-23T12:30:00.000000,2535.7,2537.0,2533.55,2534.2,665,ASIANPAINT,NaN,2535.1047592228256,2533.639175742572,56.12331377564923,2545.0,16.17914822066955,,,,,
2025-10-23T12:35:00.000000,2534.2,2535.0,2527.55,2529.05,943,ASIANPAINT,NaN,2533.8938073782606,2533.2219779477928,54.93355095918314,2545.0,16.30767045097148,,,,,
2025-10-23T12:40:00.000000,2529.05,2532.2,2529.0,2530.0,925,ASIANPAINT,NaN,2533.1150459026085,2532.92907086163,54.04185826319737,2545.0,16.427012521966123,,,,,
2025-10-23T12:45:00.000000,2531.2,2531.75,2529.0,2529.0,467,ASIANPAINT,NaN,2532.292036722087,2532.571882601482,53.07212494557004,2545.0,16.537830159318293,,,,,
2025-10-23T12:50:00.000000,2529.0,2530.0,2528.0,2528.65,448,ASIANPAINT,NaN,2531.5636293776693,2532.2153478195287,52.13645382692886,2545.0,16.97232083491711,,,,,
2025-10-23T12:55:00.000000,2528.65,2531.1,2527.5,2527.5,1050,ASIANPAINT,NaN,2530.7509035021353,2531.786679835935,51.09607495706835,2545.0,16.82543858891832,,,,,
