date,open,high,low,close,volume,symbol,expiry,EMA_9,EMA_21,RSI_MA_14_20,ORB_High,ADX_14,Signal,EntryPrice,ExitPrice,StopLoss,Target
2025-08-25T09:15:00.000000,1492.05,1520.0,1492.05,1518.7,44593,INFY,NaN,NaN,NaN,NaN,1525.8,NaN,,,,,
2025-08-25T09:20:00.000000,1518.7,1519.7,1511.0,1511.75,27763,INFY,NaN,NaN,NaN,NaN,1525.8,NaN,,,,,
2025-08-25T09:25:00.000000,1511.75,1518.35,1508.5,1517.5,8855,INFY,NaN,NaN,NaN,NaN,1525.8,NaN,,,,,
2025-08-25T09:30:00.000000,1517.5,1523.0,1517.2,1522.8,16616,INFY,NaN,NaN,NaN,NaN,1525.8,NaN,,,,,
2025-08-25T09:35:00.000000,1522.8,1525.8,1522.15,1525.3,21394,INFY,NaN,NaN,NaN,NaN,1525.8,NaN,,,,,
2025-08-25T09:40:00.000000,1525.3,1528.95,1525.0,1526.4,12718,INFY,NaN,NaN,NaN,NaN,1525.8,NaN,,,,,
2025-08-25T09:45:00.000000,1527.35,1528.9,1525.6,1527.55,11080,INFY,NaN,NaN,NaN,NaN,1525.8,NaN,,,,,
2025-08-25T09:50:00.000000,1527.55,1527.9,1525.85,1527.5,6453,INFY,NaN,NaN,NaN,NaN,1525.8,NaN,,,,,
2025-08-25T09:55:00.000000,1527.5,1528.4,1522.15,1523.1,9013,INFY,NaN,1522.288888888889,NaN,NaN,1525.8,NaN,,,,,
2025-08-25T10:00:00.000000,1523.1,1524.35,1520.85,1522.95,4322,INFY,NaN,1522.4211111111113,NaN,NaN,1525.8,NaN,,,,,
2025-08-25T10:05:00.000000,1522.95,1524.3,1521.0,1521.2,4663,INFY,NaN,1522.176888888889,NaN,NaN,1525.8,NaN,,,,,
2025-08-25T10:10:00.000000,1521.2,1521.9,1519.85,1521.9,5823,INFY,NaN,1522.1215111111112,NaN,NaN,1525.8,NaN,,,,,
2025-08-25T10:15:00.000000,1521.9,1522.0,1519.85,1521.9,4477,INFY,NaN,1522.077208888889,NaN,NaN,1525.8,NaN,,,,,
2025-08-25T10:20:00.000000,1521.9,1526.0,1521.2,1523.0,6638,INFY,NaN,1522.261767111111,NaN,NaN,1525.8,NaN,,,,,
2025-08-25T10:25:00.000000,1523.15,1523.2,1519.55,1520.3,3005,INFY,NaN,1521.869413688889,NaN,NaN,1525.8,NaN,,,,,
2025-08-25T10:30:00.000000,1520.3,1525.65,1519.6,1524.95,2690,INFY,NaN,1522.485530951111,NaN,NaN,1525.8,NaN,,,,,
2025-08-25T10:35:00.000000,1524.95,1529.9,1524.3,1529.85,10375,INFY,NaN,1523.9584247608889,NaN,NaN,1525.8,NaN,,,,,
2025-08-25T10:40:00.000000,1529.25,1532.75,1528.85,1532.75,19780,INFY,NaN,1525.716739808711,NaN,NaN,1525.8,NaN,,,,,
2025-08-25T10:45:00.000000,1532.75,1534.95,1532.0,1534.8,6577,INFY,NaN,1527.533391846969,NaN,NaN,1525.8,NaN,,,,,
2025-08-25T10:50:00.000000,1534.8,1535.65,1532.85,1534.0,11514,INFY,NaN,1528.8267134775751,NaN,NaN,1525.8,NaN,,,,,
2025-08-25T10:55:00.000000,1534.0,1535.0,1531.95,1532.3,6031,INFY,NaN,1529.52137078206,1524.7857142857142,NaN,1525.8,NaN,,,,,
2025-08-25T11:00:00.000000,1532.3,1534.3,1532.0,1533.1,4625,INFY,NaN,1530.237096625648,1525.5415584415584,NaN,1525.8,NaN,,,,,
2025-08-25T11:05:00.000000,1533.1,1534.7,1531.25,1534.2,2947,INFY,NaN,1531.0296773005184,1526.3286894923258,NaN,1525.8,NaN,,,,,
2025-08-25T11:10:00.000000,1534.2,1535.7,1534.2,1534.9,6984,INFY,NaN,1531.8037418404147,1527.107899538478,NaN,1525.8,NaN,,,,,
2025-08-25T11:15:00.000000,1534.9,1535.65,1533.5,1534.0,4467,INFY,NaN,1532.2429934723318,1527.7344541258892,NaN,1525.8,NaN,,,,,
2025-08-25T11:20:00.000000,1534.0,1534.55,1532.95,1533.0,3994,INFY,NaN,1532.3943947778655,1528.2131401144447,NaN,1525.8,NaN,,,,,
2025-08-25T11:25:00.000000,1533.0,1534.9,1532.8,1534.6,4445,INFY,NaN,1532.8355158222923,1528.7937637404043,NaN,1525.8,NaN,,,,,
2025-08-25T11:30:00.000000,1534.6,1535.45,1533.85,1535.0,4287,INFY,NaN,1533.2684126578338,1529.3579670367312,NaN,1525.8,38.26514754474734,,,,,
2025-08-25T11:35:00.000000,1535.0,1535.3,1533.3,1533.3,4060,INFY,NaN,1533.274730126267,1529.7163336697556,NaN,1525.8,37.872449998317734,,,,,
2025-08-25T11:40:00.000000,1533.0,1534.8,1533.0,1534.8,4913,INFY,NaN,1533.5797841010137,1530.1784851543232,NaN,1525.8,37.33695064885695,,,,,
2025-08-25T11:45:00.000000,1534.8,1535.5,1533.7,1534.05,4484,INFY,NaN,1533.6738272808109,1530.5304410493848,NaN,1525.8,37.05508987841859,,,,,
2025-08-25T11:50:00.000000,1534.05,1535.5,1533.95,1534.3,3263,INFY,NaN,1533.7990618246488,1530.8731282267133,NaN,1525.8,36.793362020154404,,,,,
2025-08-25T11:55:00.000000,1534.3,1536.85,1534.3,1536.4,7607,INFY,NaN,1534.319249459719,1531.375571115194,NaN,1525.8,36.97051691488777,,,,,
2025-08-25T12:00:00.000000,1536.4,1537.45,1535.8,1536.25,17670,INFY,NaN,1534.7053995677752,1531.8187010138126,63.42375764445988,1525.8,37.310935621758645,,,,,
2025-08-25T12:05:00.000000,1536.25,1537.0,1535.25,1536.1,5459,INFY,NaN,1534.9843196542201,1532.207910012557,63.4775152698263,1525.8,37.23731172354348,,,,,
2025-08-25T12:10:00.000000,1536.1,1536.1,1534.0,1535.05,3336,INFY,NaN,1534.997455723376,1532.4662818295974,63.207429697411484,1525.8,36.3307622168818,,,,,
2025-08-25T12:15:00.000000,1535.05,1535.6,1534.2,1535.1,1604,INFY,NaN,1535.017964578701,1532.7057107541793,62.97309315368962,1525.8,35.48896624641025,,,,,
2025-08-25T12:20:00.000000,1535.1,1535.9,1534.05,1534.75,2346,INFY,NaN,1534.9643716629607,1532.891555231072,62.64672001278362,1525.8,34.83344816792461,,,,,
2025-08-25T12:25:00.000000,1534.75,1535.65,1534.2,1535.65,1576,INFY,NaN,1535.1014973303686,1533.1423229373383,62.55137174059401,1525.8,34.2247528093308,,,,,
2025-08-25T12:30:00.000000,1535.65,1535.7,1533.9,1533.9,1898,INFY,NaN,1534.8611978642948,1533.2112026703076,61.88963356622389,1525.8,33.42109386312723,,,,,
2025-08-25T12:35:00.000000,1533.9,1535.85,1533.9,1535.6,2569,INFY,NaN,1535.0089582914359,1533.428366063916,61.68417268835673,1525.8,32.75203548814987,,,,,
2025-08-25T12:40:00.000000,1535.6,1536.0,1535.05,1535.7,1357,INFY,NaN,1535.1471666331488,1533.6348782399236,61.520742255324,1525.8,32.211514972682444,,,,,
2025-08-25T12:45:00.000000,1535.7,1536.85,1534.7,1536.4,3001,INFY,NaN,1535.397733306519,1533.8862529453852,61.53410049791129,1525.8,32.15461377004717,,,,,
2025-08-25T12:50:00.000000,1536.4,1536.8,1536.15,1536.8,757,INFY,NaN,1535.6781866452152,1534.1511390412593,61.6387956858092,1525.8,32.1017769390287,,,,,
2025-08-25T12:55:00.000000,1536.8,1537.45,1536.25,1536.25,3523,INFY,NaN,1535.7925493161722,1534.341944582963,61.51759902282659,1525.8,32.38963571865356,,,,,
2025-08-25T13:00:00.000000,1536.25,1536.9,1535.4,1536.45,3104,INFY,NaN,1535.9240394529377,1534.5335859845118,61.46070347029445,1525.8,31.798315049484195,,,,,
2025-08-25T13:05:00.000000,1536.45,1536.8,1535.4,1536.8,1756,INFY,NaN,1536.09923156235,1534.7396236222835,61.5047501879871,1525.8,31.249231570969787,,,,,
2025-08-25T13:10:00.000000,1536.8,1537.8,1536.45,1537.7,2346,INFY,NaN,1536.41938524988,1535.0087487475305,61.78523706380193,1525.8,31.322228477574225,,,,,
2025-08-25T13:15:00.000000,1537.7,1537.75,1536.3,1536.3,1113,INFY,NaN,1536.395508199904,1535.1261352250276,61.42494766525553,1525.8,31.228705961394162,,,,,
2025-08-25T13:20:00.000000,1536.6,1537.0,1535.85,1537.0,925,INFY,NaN,1536.5164065599233,1535.296486568207,61.30342097814579,1525.8,30.65639854094713,,,,,
2025-08-25T13:25:00.000000,1537.0,1537.25,1536.0,1537.0,3836,INFY,NaN,1536.6131252479386,1535.4513514256428,61.19346826123697,1525.8,30.291302762116466,,,,,
2025-08-25T13:30:00.000000,1537.0,1537.6,1536.45,1537.05,3003,INFY,NaN,1536.700500198351,1535.5966831142207,61.10999039087298,1525.8,30.18482527300345,,,,,
2025-08-25T13:35:00.000000,1537.05,1538.2,1536.5,1537.9,4275,INFY,NaN,1536.9404001586809,1535.8060755583824,61.305301021851385,1525.8,30.465822170199363,,,,,
2025-08-25T13:40:00.000000,1537.9,1537.95,1536.75,1536.75,1009,INFY,NaN,1536.9023201269447,1535.8918868712567,60.913309630728506,1525.8,30.72674786045271,,,,,
2025-08-25T13:45:00.000000,1536.75,1539.0,1536.75,1538.85,9588,INFY,NaN,1537.2918561015558,1536.160806246597,61.197852432427226,1525.8,31.588513687154517,,,,,
2025-08-25T13:50:00.000000,1538.85,1538.9,1537.65,1538.5,2281,INFY,NaN,1537.5334848812447,1536.373460224179,61.28873396628571,1525.8,32.388724811949054,,,,,
2025-08-25T13:55:00.000000,1538.5,1538.8,1535.9,1535.9,7871,INFY,NaN,1537.2067879049957,1536.3304183856173,60.30772915214194,1525.8,31.06292563909694,,,,,
2025-08-25T14:00:00.000000,1535.9,1536.5,1535.0,1535.45,2707,INFY,NaN,1536.8554303239966,1536.2503803505613,59.262840923702,1525.8,29.010671386897933,,,,,
2025-08-25T14:05:00.000000,1535.45,1537.5,1535.45,1536.5,4183,INFY,NaN,1536.7843442591973,1536.2730730459648,58.680680351132104,1525.8,27.857196557487953,,,,,
2025-08-25T14:10:00.000000,1536.7,1536.7,1534.5,1535.05,8224,INFY,NaN,1536.4374754073579,1536.1618845872408,57.64433921529396,1525.8,25.98520072551756,,,,,
2025-08-25T14:15:00.000000,1535.05,1537.5,1534.1,1535.0,2085,INFY,NaN,1536.1499803258862,1536.0562587156735,56.689740922459485,1525.8,24.827549720553268,,,,,
2025-08-25T14:20:00.000000,1535.0,1535.1,1533.0,1534.7,2512,INFY,NaN,1535.8599842607089,1535.9329624687941,55.71946638605041,1525.8,23.210750956242048,,,,,
2025-08-25T14:25:00.000000,1534.7,1535.0,1532.85,1534.65,5661,INFY,NaN,1535.6179874085672,1535.8163295170855,54.822995454428565,1525.8,21.819547009001322,,,,,
2025-08-25T14:30:00.000000,1534.65,1534.65,1530.45,1530.9,15109,INFY,NaN,1534.6743899268538,1535.3693904700776,52.89467775013283,1525.8,21.99626310053497,,,,,
2025-08-25T14:35:00.000000,1530.9,1531.55,1527.0,1527.45,5351,INFY,NaN,1533.229511941483,1534.6494458818888,50.48933592225166,1525.8,23.5040015676447,,,,,
2025-08-25T14:40:00.000000,1527.45,1530.2,1527.45,1528.6,45574,INFY,NaN,1532.3036095531863,1534.0994962562625,48.776076265180635,1525.8,24.904044429960873,,,,,
2025-08-25T14:45:00.000000,1529.0,1532.0,1529.0,1531.75,15460,INFY,NaN,1532.192887642549,1533.8859056875112,48.28927922912372,1525.8,24.86810944610283,,,,,
2025-08-25T14:50:00.000000,1531.8,1532.4,1530.9,1531.95,2212,INFY,NaN,1532.1443101140392,1533.7099142613738,47.90884382270493,1525.8,24.565237620570702,,,,,
2025-08-25T14:55:00.000000,1531.95,1532.4,1531.05,1531.45,1193,INFY,NaN,1532.0054480912313,1533.5044675103397,47.44133997414123,1525.8,24.283999496862297,,,,,
2025-08-25T15:00:00.000000,1531.45,1531.85,1528.8,1530.1,1729,INFY,NaN,1531.624358472985,1533.1949704639453,46.69758149024714,1525.8,24.959320337774773,,,,,
2025-08-25T15:05:00.000000,1530.1,1531.5,1530.0,1531.0,1218,INFY,NaN,1531.499486778388,1532.9954276944957,46.330766467992795,1525.8,25.58640397576493,,,,,
2025-08-25T15:10:00.000000,1530.95,1533.3,1530.35,1532.55,11249,INFY,NaN,1531.7095894227105,1532.9549342677233,46.488091067845815,1525.8,24.899242347514676,,,,,
2025-08-25T15:15:00.000000,1532.55,1533.8,1531.95,1533.3,4350,INFY,NaN,1532.0276715381683,1532.9863038797484,46.852062785648535,1525.8,23.944466959406686,,,,,
2025-08-25T15:20:00.000000,1533.3,1533.9,1532.3,1533.9,4424,INFY,NaN,1532.4021372305347,1533.0693671634076,47.35700199811512,1525.8,22.992821978814508,,,,,
2025-08-25T15:25:00.000000,1533.9,1535.0,1532.65,1532.75,7740,INFY,NaN,1532.4717097844277,1533.040333784916,47.460429610561775,1525.8,21.4120876732293,,,,,
2025-08-26T09:15:00.000000,1522.15,1535.55,1519.15,1533.15,17136,INFY,NaN,1532.6073678275422,1533.0503034408327,47.68147982994445,1538.1,23.756189952392724,,,,,
2025-08-26T09:20:00.000000,1533.15,1534.35,1529.0,1532.25,11230,INFY,NaN,1532.5358942620337,1532.9775485825753,47.60088887878823,1538.1,25.932856354473046,,,,,
2025-08-26T09:25:00.000000,1532.25,1533.65,1531.0,1531.75,7881,INFY,NaN,1532.378715409627,1532.8659532568865,47.37543586268709,1538.1,27.954046584976204,,,,,
2025-08-26T09:30:00.000000,1531.75,1533.0,1530.35,1531.95,6642,INFY,NaN,1532.2929723277016,1532.7826847789877,47.247174606969324,1538.1,29.933381628437335,,,,,
2025-08-26T09:35:00.000000,1531.95,1538.1,1531.5,1536.7,13325,INFY,NaN,1533.1743778621612,1533.1388043445343,48.52291671760863,1538.1,29.442383430949054,,,,,
2025-08-26T09:40:00.000000,1536.7,1538.3,1531.45,1532.8,14195,INFY,NaN,1533.099502289729,1533.1080039495766,48.56151665648887,1538.1,28.909383082176873,,,,,
2025-08-26T09:45:00.000000,1532.8,1535.5,1531.3,1534.6,3979,INFY,NaN,1533.399601831783,1533.2436399541605,49.02253521911743,1538.1,28.453644152601168,,,,,
2025-08-26T09:50:00.000000,1534.6,1536.8,1534.45,1535.4,3065,INFY,NaN,1533.7996814654264,1533.4396726856005,49.61823615593044,1538.1,27.491396465041287,,,,,
2025-08-26T09:55:00.000000,1535.4,1535.4,1532.25,1532.85,1790,INFY,NaN,1533.609745172341,1533.3860660778187,49.51823926322716,1538.1,27.21075362365849,,,,,
2025-08-26T10:00:00.000000,1532.85,1532.85,1528.25,1532.0,3844,INFY,NaN,1533.2877961378729,1533.2600600707442,49.234647417833074,1538.1,27.851050925258058,,,,,
2025-08-26T10:05:00.000000,1532.0,1532.0,1529.6,1530.0,3874,INFY,NaN,1532.6302369102982,1532.9636909734038,48.55400711981867,1538.1,28.445612705314804,,,,,
2025-08-26T10:10:00.000000,1530.0,1530.4,1529.5,1530.1,5494,INFY,NaN,1532.1241895282385,1532.703355430367,47.96645707974009,1538.1,29.019412533616435,,,,,
2025-08-26T10:15:00.000000,1530.1,1533.85,1529.55,1533.85,5501,INFY,NaN,1532.4693516225907,1532.8075958457882,48.37582371655768,1538.1,28.086909325646,,,,,
2025-08-26T10:20:00.000000,1533.85,1534.75,1532.3,1534.1,2287,INFY,NaN,1532.7954812980724,1532.9250871325348,48.80149364576496,1538.1,26.8854024021313,,,,,
2025-08-26T10:25:00.000000,1534.1,1534.1,1531.6,1531.85,2663,INFY,NaN,1532.606385038458,1532.827351938668,48.65591932868141,1538.1,25.977758259579012,,,,,
2025-08-26T10:30:00.000000,1531.95,1532.0,1530.5,1530.5,2246,INFY,NaN,1532.1851080307665,1532.6157744896982,48.23701990637499,1538.1,25.457539528882524,,,,,
2025-08-26T10:35:00.000000,1530.5,1531.9,1530.5,1531.65,1265,INFY,NaN,1532.0780864246133,1532.5279768088164,48.15150504350741,1538.1,24.97447927895007,,,,,
2025-08-26T10:40:00.000000,1531.7,1533.85,1531.65,1532.9,2975,INFY,NaN,1532.2424691396907,1532.561797098924,48.37896479346057,1538.1,23.698197621079725,,,,,
2025-08-26T10:45:00.000000,1532.9,1532.9,1531.1,1531.9,4316,INFY,NaN,1532.1739753117527,1532.5016337262946,48.34525788504157,1538.1,22.70417924246695,,,,,
2025-08-26T10:50:00.000000,1531.9,1531.9,1529.5,1530.25,2641,INFY,NaN,1531.789180249402,1532.296939751177,47.94320911210786,1538.1,22.314489631710014,,,,,
2025-08-26T10:55:00.000000,1530.25,1532.7,1528.7,1530.25,38417,INFY,NaN,1531.4813441995216,1532.1108543192518,47.57945069850117,1538.1,21.952634993150006,,,,,
2025-08-26T11:00:00.000000,1530.25,1533.0,1529.85,1531.7,3572,INFY,NaN,1531.5250753596172,1532.0735039265926,47.6572353858364,1538.1,21.468569071849817,,,,,
2025-08-26T11:05:00.000000,1531.7,1532.3,1530.1,1531.35,629,INFY,NaN,1531.4900602876937,1532.007730842357,47.63778472931971,1538.1,21.019079287785356,,,,,
2025-08-26T11:10:00.000000,1531.35,1532.0,1530.1,1531.4,1044,INFY,NaN,1531.472048230155,1531.952482583961,47.63514651028325,1538.1,20.601695916868355,,,,,
2025-08-26T11:15:00.000000,1531.4,1532.95,1531.25,1532.8,4992,INFY,NaN,1531.737638584124,1532.0295296217828,48.04532403075344,1538.1,19.676487443389988,,,,,
2025-08-26T11:20:00.000000,1532.8,1534.2,1532.05,1533.3,3750,INFY,NaN,1532.050110867299,1532.1450269288935,48.55750870574834,1538.1,18.376381345060842,,,,,
2025-08-26T11:25:00.000000,1533.3,1534.7,1532.85,1533.7,2603,INFY,NaN,1532.3800886938393,1532.2863881171759,49.13565946562733,1538.1,17.417027853010257,,,,,
2025-08-26T11:30:00.000000,1534.7,1535.5,1534.05,1535.0,2897,INFY,NaN,1532.9040709550713,1532.5330801065236,50.01748984555365,1538.1,16.91470464535273,,,,,
2025-08-26T11:35:00.000000,1535.0,1535.0,1531.25,1533.0,1340,INFY,NaN,1532.923256764057,1532.575527369567,50.142869467424056,1538.1,16.36359528043078,,,,,
2025-08-26T11:40:00.000000,1533.0,1533.65,1532.65,1533.15,306,INFY,NaN,1532.9686054112456,1532.6277521541517,50.30113593827988,1538.1,15.85185087014611,,,,,
2025-08-26T11:45:00.000000,1533.15,1533.95,1531.65,1531.7,3249,INFY,NaN,1532.7148843289965,1532.5434110492288,49.99300602867028,1538.1,15.82063954901055,,,,,
2025-08-26T11:50:00.000000,1531.7,1532.3,1528.0,1528.0,887,INFY,NaN,1531.7719074631973,1532.1303736811171,48.81378314103405,1538.1,17.07267925432179,,,,,
2025-08-26T11:55:00.000000,1528.0,1528.0,1525.0,1526.8,15528,INFY,NaN,1530.777525970558,1531.645794255561,47.51202269185444,1538.1,18.987575063693384,,,,,
2025-08-26T12:00:00.000000,1526.8,1527.0,1523.2,1524.15,36067,INFY,NaN,1529.4520207764463,1530.9643584141463,45.8827450766957,1538.1,21.13705682098515,,,,,
2025-08-26T12:05:00.000000,1524.15,1525.45,1523.35,1525.1,1522,INFY,NaN,1528.581616621157,1530.4312349219513,44.73671763343301,1538.1,23.133004167041793,SELL,1525.1,,1537.3008,1494.598
2025-08-26T12:10:00.000000,1525.1,1525.35,1524.1,1524.55,874,INFY,NaN,1527.7752932969256,1529.8965772017739,43.603324911894155,1538.1,24.986383845522962,,,,1537.3008,1494.598
2025-08-26T12:15:00.000000,1524.55,1525.1,1521.55,1523.5,19478,INFY,NaN,1526.9202346375405,1529.3150701834309,42.39655401946556,1538.1,27.21962074259908,,,1523.5,,
2025-08-26T12:20:00.000000,1523.4,1524.0,1522.5,1522.7,2047,INFY,NaN,1526.0761877100324,1528.7137001667554,41.17092884348527,1538.1,29.293340718455475,,,,,
2025-08-26T12:25:00.000000,1522.7,1523.2,1520.3,1521.7,2282,INFY,NaN,1525.2009501680259,1528.0760910606868,39.90001799763554,1538.1,31.604902354801062,,,,,
2025-08-26T12:30:00.000000,1521.7,1521.7,1519.35,1519.7,1795,INFY,NaN,1524.1007601344206,1527.314628236988,38.457601888255674,1538.1,33.900125165609595,,,,,
2025-08-26T12:35:00.000000,1519.7,1521.65,1519.4,1521.0,1030,INFY,NaN,1523.4806081075365,1526.7405711245347,37.666587723941966,1538.1,36.031403489931805,,,,,
2025-08-26T12:40:00.000000,1521.0,1523.15,1521.0,1522.15,2179,INFY,NaN,1523.2144864860293,1526.3232464768496,37.37640313204508,1538.1,36.95236165536662,,,,,
2025-08-26T12:45:00.000000,1522.15,1524.15,1521.0,1523.8,19193,INFY,NaN,1523.3315891888235,1526.0938604334997,37.67390488638659,1538.1,37.15875049276806,,,,,
2025-08-26T12:50:00.000000,1523.8,1525.0,1522.5,1522.5,17572,INFY,NaN,1523.165271351059,1525.7671458486361,37.66958361323164,1538.1,36.82221783065938,,,,,
2025-08-26T12:55:00.000000,1522.5,1523.0,1522.5,1522.7,165,INFY,NaN,1523.0722170808472,1525.488314407851,37.734645284101084,1538.1,36.50972321584419,,,,,
2025-08-26T13:00:00.000000,1522.7,1523.25,1522.35,1522.6,478,INFY,NaN,1522.9777736646777,1525.2257403707736,37.77081576078033,1538.1,36.05193403269306,,,,,
2025-08-26T13:05:00.000000,1522.6,1526.1,1522.55,1525.0,25211,INFY,NaN,1523.382218931742,1525.205218518885,38.61906722481654,1538.1,33.966621979571876,,,,,
2025-08-26T13:10:00.000000,1525.0,1526.05,1523.7,1525.45,23468,INFY,NaN,1523.7957751453937,1525.2274713808044,39.52456410062244,1538.1,32.03026078738792,,,,,
2025-08-26T13:15:00.000000,1525.45,1527.0,1523.75,1526.0,2402,INFY,NaN,1524.236620116315,1525.2977012552767,40.51446238811761,1538.1,29.745659612526094,,,,,
2025-08-26T13:20:00.000000,1526.0,1526.55,1524.3,1525.7,16601,INFY,NaN,1524.529296093052,1525.3342738684335,41.31554433289002,1538.1,27.624244235868684,,,,,
2025-08-26T13:25:00.000000,1525.7,1527.45,1524.95,1527.45,1974,INFY,NaN,1525.1134368744415,1525.5266126076667,42.58050862593637,1538.1,26.1275505284284,,,,,
2025-08-26T13:30:00.000000,1527.45,1527.75,1525.65,1526.1,524,INFY,NaN,1525.3107494995531,1525.5787387342425,43.28579933447247,1538.1,24.892683373182876,,,,,
2025-08-26T13:35:00.000000,1526.1,1527.15,1523.35,1525.55,20821,INFY,NaN,1525.3585995996425,1525.5761261220387,43.75380233641459,1538.1,23.7347651701056,,,,,
2025-08-26T13:40:00.000000,1525.7,1526.3,1524.6,1524.8,8114,INFY,NaN,1525.246879679714,1525.5055692018534,43.948349728992106,1538.1,22.659555410105273,,,,,
2025-08-26T13:45:00.000000,1524.8,1525.75,1522.5,1522.5,10666,INFY,NaN,1524.6975037437712,1525.2323356380487,43.507700752139876,1538.1,22.61111566553344,,,,,
2025-08-26T13:50:00.000000,1522.5,1524.0,1521.2,1523.45,1152,INFY,NaN,1524.448002995017,1525.0703051254989,43.450954474832834,1538.1,23.05932755689538,,,,,
2025-08-26T13:55:00.000000,1523.45,1523.85,1521.2,1522.65,3552,INFY,NaN,1524.0884023960136,1524.8502773868172,43.19148084103319,1538.1,23.475524313160037,,,,,
2025-08-26T14:00:00.000000,1522.65,1522.65,1521.15,1522.25,6573,INFY,NaN,1523.7207219168108,1524.6138885334701,42.853194387624164,1538.1,23.881966364524494,,,,,
2025-08-26T14:05:00.000000,1522.25,1523.0,1522.2,1522.2,242,INFY,NaN,1523.4165775334486,1524.3944441213364,42.53361020724656,1538.1,23.993765842700604,,,,,
2025-08-26T14:10:00.000000,1522.2,1522.8,1520.7,1521.35,1583,INFY,NaN,1523.0032620267589,1524.117676473942,42.01307685931054,1538.1,24.72216228783501,,,,,
2025-08-26T14:15:00.000000,1521.35,1521.8,1520.25,1521.25,2254,INFY,NaN,1522.652609621407,1523.8569786126745,41.514818287939384,1538.1,25.570148183562367,,,,,
2025-08-26T14:20:00.000000,1521.25,1522.0,1520.4,1521.35,7560,INFY,NaN,1522.3920876971256,1523.6290714660677,41.113739504152754,1538.1,26.189996420778332,,,,,
2025-08-26T14:25:00.000000,1521.35,1523.15,1518.05,1522.95,60084,INFY,NaN,1522.5036701577005,1523.567337696425,41.494746319834604,1538.1,27.604030438924106,,,,,
2025-08-26T14:30:00.000000,1522.85,1526.3,1522.2,1526.0,15919,INFY,NaN,1523.2029361261605,1523.788488814932,42.90406074568214,1538.1,26.780410199466708,,,,,
2025-08-26T14:35:00.000000,1526.0,1529.75,1525.5,1529.35,1359,INFY,NaN,1524.4323489009284,1524.2940807408472,44.98726734558161,1538.1,25.333179786314883,,,,,
2025-08-26T14:40:00.000000,1529.35,1529.9,1527.1,1528.05,4779,INFY,NaN,1525.1558791207428,1524.6355279462248,46.409109700546104,1538.1,24.049626629776924,,,,,
2025-08-26T14:45:00.000000,1528.05,1529.65,1526.15,1527.75,29804,INFY,NaN,1525.6747032965943,1524.9186617692953,47.59106501149759,1538.1,22.412781971456106,,,,,
2025-08-26T14:50:00.000000,1527.65,1527.7,1525.35,1525.65,1307,INFY,NaN,1525.6697626372754,1524.9851470629958,47.98106903651204,1538.1,21.092004844645228,,,,,
2025-08-26T14:55:00.000000,1525.65,1527.2,1525.0,1526.25,3045,INFY,NaN,1525.7858101098204,1525.1001336936326,48.499457442792895,1538.1,20.02348780050266,,,,,
2025-08-26T15:00:00.000000,1526.25,1528.3,1522.8,1528.2,17680,INFY,NaN,1526.2686480878563,1525.3819397214843,49.46452400462389,1538.1,19.934927164812642,,,,,
2025-08-26T15:05:00.000000,1528.2,1531.95,1527.35,1531.7,90171,INFY,NaN,1527.354918470285,1525.956308837713,51.037923089081794,1538.1,18.81591183416497,,,,,
2025-08-26T15:10:00.000000,1532.2,1533.35,1527.1,1528.1,97593,INFY,NaN,1527.5039347762279,1526.1511898524664,51.42774502458066,1538.1,18.284301218863074,,,,,
2025-08-26T15:15:00.000000,1528.1,1531.85,1527.55,1529.75,47775,INFY,NaN,1527.9531478209824,1526.4783544113332,52.101340764481286,1538.1,17.790662790368454,,,,,
2025-08-26T15:20:00.000000,1529.75,1532.6,1529.65,1532.4,31603,INFY,NaN,1528.842518256786,1527.0166858284847,53.16512207935119,1538.1,17.61131397209696,,,,,
2025-08-26T15:25:00.000000,1532.2,1534.0,1526.0,1529.0,13457,INFY,NaN,1528.8740146054288,1527.1969871168042,53.30167206174314,1538.1,16.80718356653848,,,,,
2025-08-28T09:15:00.000000,1515.75,1528.4,1512.5,1513.45,7263,INFY,NaN,1525.789211684343,1525.9472610152766,51.32958154192465,1528.4,18.921690076691117,,,,,
2025-08-28T09:20:00.000000,1513.4,1513.4,1509.0,1510.45,5453,INFY,NaN,1522.7213693474744,1524.538419104797,49.30546318783923,1528.4,21.293537221754644,,,,,
2025-08-28T09:25:00.000000,1510.45,1515.0,1509.2,1513.1,4172,INFY,NaN,1520.7970954779794,1523.4985628225427,47.93006759455126,1528.4,22.953725267559438,,,,,
2025-08-28T09:30:00.000000,1513.1,1514.0,1512.0,1512.0,3293,INFY,NaN,1519.0376763823836,1522.4532389295844,46.58705542532175,1528.4,24.49532845294961,,,,,
2025-08-28T09:35:00.000000,1512.0,1515.35,1510.85,1514.0,3664,INFY,NaN,1518.0301411059068,1521.6847626632584,45.71826936795012,1528.4,25.446156000063784,,,,,
2025-08-28T09:40:00.000000,1514.0,1515.7,1511.4,1515.7,1706,INFY,NaN,1517.5641128847253,1521.1406933302349,45.21747093634018,1528.4,26.202755642359374,,,,,
2025-08-28T09:45:00.000000,1515.7,1516.1,1513.7,1514.3,2430,INFY,NaN,1516.9112903077803,1520.5188121183953,44.60736118661111,1528.4,26.75423292333984,,,,,
2025-08-28T09:50:00.000000,1514.3,1514.35,1512.15,1513.1,1231,INFY,NaN,1516.1490322462241,1519.8443746530866,43.92137271881455,1528.4,27.553890401331223,,,,,
2025-08-28T09:55:00.000000,1513.1,1513.7,1511.5,1511.65,1173,INFY,NaN,1515.2492257969793,1519.099431502806,43.140253755140044,1528.4,28.4151215217104,,,,,
2025-08-28T10:00:00.000000,1511.65,1511.65,1510.0,1510.05,1739,INFY,NaN,1514.2093806375835,1518.2767559116419,42.26068549832087,1528.4,29.48399766908398,,,,,
2025-08-28T10:05:00.000000,1510.0,1512.45,1510.0,1511.5,649,INFY,NaN,1513.667504510067,1517.6606871924016,41.76227527688499,1528.4,30.122174622316738,,,,,
2025-08-28T10:10:00.000000,1511.5,1511.5,1505.9,1505.9,1663,INFY,NaN,1512.1140036080535,1516.5915338112743,40.732206949869514,1528.4,31.42007235707737,,,,,
2025-08-28T10:15:00.000000,1505.9,1508.25,1505.0,1505.35,3352,INFY,NaN,1510.7612028864428,1515.5695761920676,39.749920128616104,1528.4,32.76014809810291,,,,,
2025-08-28T10:20:00.000000,1505.35,1507.9,1504.5,1507.3,1632,INFY,NaN,1510.0689623091541,1514.8177965382433,39.26674512321419,1528.4,34.080594737232886,,,,,
2025-08-28T10:25:00.000000,1507.3,1509.0,1506.5,1508.2,2970,INFY,NaN,1509.6951698473233,1514.2161786711304,39.0132439476113,1528.4,34.785808611890026,,,,,
2025-08-28T10:30:00.000000,1508.2,1510.25,1507.75,1510.25,688,INFY,NaN,1509.8061358778587,1513.8556169737549,39.19157337471353,1528.4,34.86771270560057,,,,,
2025-08-28T10:35:00.000000,1510.25,1511.5,1509.5,1511.0,1007,INFY,NaN,1510.0449087022869,1513.5960154306863,39.498818579122755,1528.4,34.39411926923137,,,,,
2025-08-28T10:40:00.000000,1511.0,1511.25,1509.3,1511.0,616,INFY,NaN,1510.2359269618296,1513.3600140278966,39.77680233549301,1528.4,34.003870210997135,,,,,
2025-08-28T10:45:00.000000,1510.65,1512.5,1509.55,1511.45,927,INFY,NaN,1510.4787415694636,1513.186376388997,40.12545399230185,1528.4,33.07926720280499,,,,,
2025-08-28T10:50:00.000000,1511.45,1511.5,1509.1,1510.05,402,INFY,NaN,1510.392993255571,1512.9012512627244,40.20913581018572,1528.4,32.351079503510626,,,,,
2025-08-28T10:55:00.000000,1510.05,1511.3,1508.4,1510.4,546,INFY,NaN,1510.3943946044567,1512.673864784295,40.36833634089839,1528.4,31.88030119623276,,,,,
2025-08-28T11:00:00.000000,1510.4,1510.95,1508.3,1510.3,673,INFY,NaN,1510.3755156835653,1512.4580588948136,40.494221667231514,1528.4,31.473397465711663,,,,,
2025-08-28T11:05:00.000000,1510.3,1511.3,1508.55,1508.95,2228,INFY,NaN,1510.0904125468521,1512.1391444498306,40.36170350418675,1528.4,30.905856723759364,,,,,
2025-08-28T11:10:00.000000,1508.95,1510.1,1507.5,1510.1,1779,INFY,NaN,1510.0923300374816,1511.9537676816642,40.55422064570743,1528.4,30.726636042894132,,,,,
2025-08-28T11:15:00.000000,1510.1,1510.7,1506.0,1506.75,593,INFY,NaN,1509.4238640299852,1511.480697892422,40.14489244135301,1528.4,31.016504263605093,,,,,
2025-08-28T11:20:00.000000,1506.75,1507.1,1505.0,1505.2,714,INFY,NaN,1508.5790912239881,1510.9097253567475,39.54253978193333,1528.4,31.56607254676758,,,,,
2025-08-28T11:25:00.000000,1505.0,1506.8,1503.55,1504.4,3376,INFY,NaN,1507.7432729791906,1510.3179321424977,38.88159221824867,1528.4,32.45253449083021,,,,,
2025-08-28T11:30:00.000000,1504.4,1505.0,1503.05,1505.0,1575,INFY,NaN,1507.1946183833525,1509.834483765907,38.46496794361256,1528.4,33.3994117151726,,,,,
2025-08-28T11:35:00.000000,1505.0,1507.1,1505.0,1505.65,1419,INFY,NaN,1506.885694706682,1509.4540761508244,38.28708564638661,1528.4,33.00166071543261,,,,,
2025-08-28T11:40:00.000000,1505.65,1506.8,1504.2,1505.25,966,INFY,NaN,1506.5585557653455,1509.0718874098404,38.05395295199953,1528.4,32.87936838036135,,,,,
2025-08-28T11:45:00.000000,1505.15,1505.45,1503.55,1505.45,670,INFY,NaN,1506.3368446122765,1508.7426249180367,37.91042126252688,1528.4,32.963335435754956,,,,,
2025-08-28T11:50:00.000000,1505.45,1506.0,1503.85,1505.9,1372,INFY,NaN,1506.2494756898213,1508.4842044709424,37.937864139713106,1528.4,32.702560417221086,,,,,
2025-08-28T11:55:00.000000,1505.9,1506.7,1505.6,1506.0,330,INFY,NaN,1506.199580551857,1508.2583677008568,37.999132103852006,1528.4,32.03325637280713,,,,,
2025-08-28T12:00:00.000000,1506.0,1506.45,1503.9,1505.15,1081,INFY,NaN,1505.9896644414857,1507.9757888189606,37.85750261291974,1528.4,32.00265053797453,,,,,
2025-08-28T12:05:00.000000,1505.15,1505.15,1504.0,1504.0,231,INFY,NaN,1505.5917315531885,1507.6143534717824,37.47733174103969,1528.4,31.974230834201403,,,,,
2025-08-28T12:10:00.000000,1504.0,1505.5,1503.75,1504.75,1327,INFY,NaN,1505.423385242551,1507.3539577016204,37.43845754629701,1528.4,31.711734833658447,,,,,
2025-08-28T12:15:00.000000,1504.7,1504.7,1503.0,1503.25,584,INFY,NaN,1504.9887081940408,1506.9808706378367,37.0697594091446,1528.4,31.74857537442472,,,,,
2025-08-28T12:20:00.000000,1503.25,1503.6,1502.15,1502.5,686,INFY,NaN,1504.4909665552327,1506.5735187616697,36.58142303388875,1528.4,32.086193972701885,,,,,
2025-08-28T12:25:00.000000,1502.5,1503.0,1501.4,1502.0,1244,INFY,NaN,1503.992773244186,1506.1577443287906,36.03741990879406,1528.4,32.654744762764444,,,,,
2025-08-28T12:30:00.000000,1502.0,1502.9,1501.65,1502.7,703,INFY,NaN,1503.734218595349,1505.8434039352642,35.86255513257819,1528.4,33.182684782108254,,,,,
2025-08-28T12:35:00.000000,1502.7,1503.2,1502.7,1503.15,8750,INFY,NaN,1503.6173748762792,1505.5985490320584,35.90669266097223,1528.4,33.418701129632986,,,,,
2025-08-28T12:40:00.000000,1503.15,1503.15,1501.75,1501.75,51821,INFY,NaN,1503.2438999010233,1505.2486809382349,35.60888237580665,1528.4,33.9996712555461,,,,,
2025-08-28T12:45:00.000000,1501.75,1503.05,1501.75,1502.2,5267,INFY,NaN,1503.0351199208187,1504.971528125668,35.54870471406301,1528.4,34.53914351532256,,,,,
2025-08-28T12:50:00.000000,1502.2,1503.1,1502.15,1502.15,711,INFY,NaN,1502.858095936655,1504.715025568789,35.48127943182384,1528.4,34.9910992633481,,,,,
2025-08-28T12:55:00.000000,1502.15,1503.5,1501.5,1501.5,18596,INFY,NaN,1502.586476749324,1504.4227505170809,35.24864206606585,1528.4,35.67905249567757,,,,,
2025-08-28T13:00:00.000000,1501.5,1502.1,1500.95,1501.9,18581,INFY,NaN,1502.4491813994591,1504.1934095609827,35.24952549453534,1528.4,36.53428101806166,,,,,
2025-08-28T13:05:00.000000,1501.9,1502.2,1501.3,1501.9,615,INFY,NaN,1502.3393451195673,1503.9849177827116,35.25032478696012,1528.4,37.21663576973082,,,,,
2025-08-28T13:10:00.000000,1501.9,1503.4,1501.5,1503.15,1554,INFY,NaN,1502.5014760956537,1503.9090161661015,35.91227331375291,1528.4,36.59313670908255,,,,,
2025-08-28T13:15:00.000000,1503.15,1503.25,1502.25,1502.5,659,INFY,NaN,1502.501180876523,1503.780923787365,36.28348936336671,1528.4,36.01417329562344,,,,,
2025-08-28T13:20:00.000000,1502.5,1503.3,1502.0,1502.2,331,INFY,NaN,1502.4409447012183,1503.6372034430592,36.51551543167979,1528.4,35.62104532446061,,,,,
2025-08-28T13:25:00.000000,1502.2,1503.85,1502.2,1503.25,471,INFY,NaN,1502.6027557609746,1503.6020031300538,37.271532858615494,1528.4,34.670518316701944,,,,,
2025-08-28T13:30:00.000000,1503.85,1504.2,1502.15,1502.7,1075,INFY,NaN,1502.6222046087796,1503.5200028455035,37.743287556557476,1528.4,33.42736535239941,,,,,
2025-08-28T13:35:00.000000,1502.7,1504.25,1502.6,1503.9,693,INFY,NaN,1502.8777636870236,1503.5545480413668,38.74999685050318,1528.4,32.22016851557182,,,,,
2025-08-28T13:40:00.000000,1503.9,1505.0,1503.25,1503.6,182,INFY,NaN,1503.022210949619,1503.558680037606,39.533875490748514,1528.4,30.32944907823209,,,,,
2025-08-28T13:45:00.000000,1503.6,1504.95,1503.6,1504.6,390,INFY,NaN,1503.337768759695,1503.6533454887328,40.69814636798148,1528.4,28.573781029273768,,,,,
2025-08-28T13:50:00.000000,1504.6,1504.6,1503.0,1504.6,597,INFY,NaN,1503.5902150077561,1503.739404989757,41.75153430452559,1528.4,27.47552020059683,,,,,
2025-08-28T13:55:00.000000,1504.6,1505.0,1504.15,1504.65,1111,INFY,NaN,1503.802172006205,1503.8221863543247,42.72848414661618,1528.4,26.021597300734392,,,,,
2025-08-28T14:00:00.000000,1504.65,1505.0,1503.3,1503.3,853,INFY,NaN,1503.701737604964,1503.7747148675678,42.96197081124719,1528.4,25.397456345935804,,,,,
2025-08-28T14:05:00.000000,1503.3,1505.0,1503.3,1504.3,452,INFY,NaN,1503.8213900839712,1503.8224680614253,43.66825665984819,1528.4,24.817896887908546,,,,,
2025-08-28T14:10:00.000000,1504.3,1506.1,1504.05,1505.0,452,INFY,NaN,1504.057112067177,1503.9295164194775,44.622539897962206,1528.4,23.098005074579635,,,,,
2025-08-28T14:15:00.000000,1505.0,1505.9,1504.0,1505.7,516,INFY,NaN,1504.3856896537416,1504.0904694722524,45.78156582031009,1528.4,21.549584471504705,,,,,
2025-08-28T14:20:00.000000,1505.7,1505.9,1504.6,1505.3,896,INFY,NaN,1504.5685517229933,1504.2004267929567,46.615951325391265,1528.4,20.111765340077977,,,,,
2025-08-28T14:25:00.000000,1505.3,1505.3,1502.1,1504.25,974,INFY,NaN,1504.5048413783948,1504.2049334481424,46.847756045590934,1528.4,20.78009308189824,,,,,
2025-08-28T14:30:00.000000,1504.25,1504.75,1501.55,1502.0,1239,INFY,NaN,1504.0038731027157,1504.0044849528567,46.176582600334605,1528.4,21.7188458785333,,,,,
2025-08-28T14:35:00.000000,1502.0,1504.3,1502.0,1502.85,449,INFY,NaN,1503.7730984821726,1503.8995317753242,45.977839344588055,1528.4,22.590544903980145,,,,,
2025-08-28T14:40:00.000000,1502.85,1502.85,1501.25,1502.15,435,INFY,NaN,1503.4484787857382,1503.740483432113,45.54845064922833,1528.4,23.82856992458398,,,,,
2025-08-28T14:45:00.000000,1502.15,1502.15,1500.15,1500.85,2089,INFY,NaN,1502.9287830285905,1503.4777122110117,44.740355443570444,1528.4,25.516441591454065,,,,,
2025-08-28T14:50:00.000000,1500.85,1502.2,1500.85,1502.0,992,INFY,NaN,1502.7430264228724,1503.3433747372835,44.56013147038571,1528.4,27.019471728315445,,,,,
2025-08-28T14:55:00.000000,1502.0,1502.0,1500.1,1500.35,1578,INFY,NaN,1502.2644211382978,1503.0712497611669,43.88960597054797,1528.4,28.7576885359235,,,,,
2025-08-28T15:00:00.000000,1500.35,1501.35,1498.55,1499.7,6435,INFY,NaN,1501.7515369106384,1502.7647725101517,43.10387102146492,1528.4,30.950189516288503,,,,,
2025-08-28T15:05:00.000000,1499.7,1501.2,1499.2,1500.1,2001,INFY,NaN,1501.4212295285106,1502.5225204637743,42.5899944214717,1528.4,32.98608328377029,,,,,
2025-08-28T15:10:00.000000,1500.1,1501.0,1498.1,1500.55,4789,INFY,NaN,1501.2469836228086,1502.343200421613,42.3474308657963,1528.4,35.22556996874772,,,,,
2025-08-28T15:15:00.000000,1500.55,1500.9,1499.4,1499.45,3205,INFY,NaN,1500.8875868982468,1502.0801822014662,41.78545869036227,1528.4,37.3050933190839,,,,,
2025-08-28T15:20:00.000000,1499.45,1501.5,1499.4,1500.45,8965,INFY,NaN,1500.8000695185974,1501.9319838195147,41.76619535135911,1528.4,38.40461567969341,,,,,
2025-08-28T15:25:00.000000,1500.45,1501.4,1498.45,1501.0,3808,INFY,NaN,1500.8400556148779,1501.8472580177406,42.002931087493494,1528.4,39.78969687209705,,,,,
2025-08-29T09:15:00.000000,1500.0,1500.9,1489.35,1490.0,5823,INFY,NaN,1498.6720444919024,1500.7702345615824,40.126914252059684,1500.9,42.662838698558396,,,,,
2025-08-29T09:20:00.000000,1490.0,1495.05,1489.25,1492.0,4784,INFY,NaN,1497.337635593522,1499.9729405105295,39.084537948953894,1500.9,45.339595008303704,,,,,
2025-08-29T09:25:00.000000,1492.0,1492.65,1487.35,1487.8,5626,INFY,NaN,1495.4301084748176,1498.8663095550269,37.67788152494644,1500.9,47.98468208345304,,,,,
2025-08-29T09:30:00.000000,1487.8,1490.45,1486.45,1487.2,2143,INFY,NaN,1493.784086779854,1497.8057359591153,36.34725792547992,1500.9,50.50914429184745,,,,,
2025-08-29T09:35:00.000000,1487.2,1487.35,1484.7,1487.0,1637,INFY,NaN,1492.4272694238832,1496.8233963264684,35.12326418807034,1500.9,52.9747704054007,,,,,
2025-08-29T09:40:00.000000,1486.55,1489.0,1483.0,1483.65,2856,INFY,NaN,1490.6718155391065,1495.625814842244,33.70626858581227,1500.9,55.36740119365754,,,,,
2025-08-29T09:45:00.000000,1483.65,1484.5,1482.0,1482.0,1414,INFY,NaN,1488.9374524312852,1494.38710440204,32.29241016359016,1500.9,57.64475815072122,,,,,
2025-08-29T09:50:00.000000,1482.0,1484.95,1481.3,1481.3,1951,INFY,NaN,1487.4099619450283,1493.197367638218,30.958798434691037,1500.9,59.79732410796065,,,,,
2025-08-29T09:55:00.000000,1481.3,1483.35,1479.0,1479.0,1563,INFY,NaN,1485.7279695560226,1491.9066978529256,29.583584299525477,1500.9,61.908109022583,,,,,
2025-08-29T10:00:00.000000,1479.0,1480.85,1478.9,1480.5,619,INFY,NaN,1484.682375644818,1490.8697253208416,28.84546946606418,1500.9,63.8726665909174,,,,,
2025-08-29T10:05:00.000000,1480.45,1481.35,1479.0,1480.2,1323,INFY,NaN,1483.7859005158543,1489.899750291674,28.149526247007827,1500.9,65.2754514594495,,,,,
2025-08-29T10:10:00.000000,1480.2,1481.5,1478.1,1478.95,2528,INFY,NaN,1482.8187204126834,1488.9043184469765,27.402491796177035,1500.9,66.64510411496988,,,,,
2025-08-29T10:15:00.000000,1478.95,1480.6,1478.65,1480.55,680,INFY,NaN,1482.3649763301466,1488.1448349517968,27.281493648675013,1500.9,67.91692443795309,,,,,
2025-08-29T10:20:00.000000,1480.55,1482.0,1480.5,1480.5,1212,INFY,NaN,1481.9919810641172,1487.449849956179,27.165910840793256,1500.9,67.87047759814541,,,,,
2025-08-29T10:25:00.000000,1480.5,1481.3,1479.8,1481.3,375,INFY,NaN,1481.8535848512938,1486.8907726874354,27.347026690861387,1500.9,67.93903515217973,,,,,
2025-08-29T10:30:00.000000,1481.3,1483.0,1480.95,1483.0,468,INFY,NaN,1482.082867881035,1486.5370660794867,28.08486365191216,1500.9,66.66341697360204,,,,,
2025-08-29T10:35:00.000000,1483.0,1490.7,1483.0,1488.0,2583,INFY,NaN,1483.266294304828,1486.6700600722606,30.06321699124734,1500.9,62.091312483196184,,,,,
2025-08-29T10:40:00.000000,1488.0,1488.7,1485.6,1486.0,596,INFY,NaN,1483.8130354438624,1486.609145520237,31.463694811041186,1500.9,57.84578688496218,,,,,
2025-08-29T10:45:00.000000,1486.0,1486.1,1485.0,1485.5,2640,INFY,NaN,1484.1504283550898,1486.5083141093064,32.6368325564309,1500.9,53.7500452900308,,,,,
2025-08-29T10:50:00.000000,1485.5,1485.85,1484.9,1485.05,270,INFY,NaN,1484.3303426840719,1486.3757400993695,33.611042340329035,1500.9,49.98589899181,,,,,
2025-08-29T10:55:00.000000,1485.05,1485.9,1484.1,1485.9,600,INFY,NaN,1484.6442741472574,1486.332490999427,34.714504269316166,1500.9,46.810019792725925,,,,,
2025-08-29T11:00:00.000000,1486.6,1488.4,1485.6,1488.0,47214,INFY,NaN,1485.315419317806,1486.4840827267517,36.224025733667226,1500.9,44.06691257712998,,,,,
2025-08-29T11:05:00.000000,1488.0,1488.55,1485.95,1486.1,18739,INFY,NaN,1485.4723354542448,1486.4491661152288,37.17028466054001,1500.9,41.57507515813426,,,,,
2025-08-29T11:10:00.000000,1486.1,1490.1,1484.5,1487.5,12062,INFY,NaN,1485.877868363396,1486.5446964683897,38.35795368014826,1500.9,39.819259895040524,,,,,
2025-08-29T11:15:00.000000,1487.5,1488.0,1485.6,1486.65,684,INFY,NaN,1486.0322946907168,1486.554269516718,39.2407558165123,1500.9,38.188860007882056,,,,,
2025-08-29T11:20:00.000000,1486.65,1486.65,1483.5,1483.5,561,INFY,NaN,1485.5258357525734,1486.276608651562,39.4075306346382,1500.9,35.67986857903259,,,,,
2025-08-29T11:25:00.000000,1483.5,1485.85,1483.5,1485.85,243,INFY,NaN,1485.5906686020587,1486.2378260468745,40.12414245851979,1500.9,33.35009082367238,,,,,
2025-08-29T11:30:00.000000,1485.85,1486.45,1484.7,1486.45,990,INFY,NaN,1485.762534881647,1486.2571145880677,40.90862926839679,1500.9,31.449550923410943,,,,,
2025-08-29T11:35:00.000000,1486.45,1487.5,1484.65,1485.05,1988,INFY,NaN,1485.6200279053176,1486.1473768982432,41.32644582316827,1500.9,30.129473599883195,,,,,
2025-08-29T11:40:00.000000,1485.05,1485.8,1484.4,1485.2,1278,INFY,NaN,1485.536022324254,1486.0612517256757,41.742299435090786,1500.9,28.767882987249113,,,,,
2025-08-29T11:45:00.000000,1485.2,1485.75,1482.95,1483.6,540,INFY,NaN,1485.1488178594032,1485.8375015687961,41.7835247415323,1500.9,26.748900004705764,,,,,
2025-08-29T11:50:00.000000,1483.6,1483.7,1482.4,1482.8,452,INFY,NaN,1484.6790542875226,1485.5613650625419,41.66094265762385,1500.9,25.070906963987746,,,,,
2025-08-29T11:55:00.000000,1482.8,1484.2,1482.0,1482.0,200,INFY,NaN,1484.1432434300182,1485.2376046023107,41.3915044247308,1500.9,23.308025712217407,,,,,
2025-08-29T12:00:00.000000,1482.0,1482.0,1480.2,1480.5,456,INFY,NaN,1483.4145947440145,1484.806913274828,40.86429907803914,1500.9,22.479029528640076,,,,,
2025-08-29T12:05:00.000000,1480.5,1481.9,1480.05,1480.5,193,INFY,NaN,1482.8316757952116,1484.4153757043891,40.38730376436573,1500.9,21.7766977997098,,,,,
2025-08-29T12:10:00.000000,1480.5,1481.5,1479.9,1480.7,909,INFY,NaN,1482.4053406361693,1484.0776142767174,40.02728552366949,1500.9,21.195576492722047,,,,,
2025-08-29T12:15:00.000000,1480.7,1482.25,1480.7,1482.0,175,INFY,NaN,1482.3242725089353,1483.8887402515613,40.159025754929495,1500.9,20.187049665118447,,,,,
2025-08-29T12:20:00.000000,1481.6,1481.6,1479.4,1480.3,1112,INFY,NaN,1481.9194180071484,1483.5624911377831,39.89795040918892,1500.9,19.896627555242116,,,,,
2025-08-29T12:25:00.000000,1480.3,1481.15,1478.5,1478.5,766,INFY,NaN,1481.2355344057187,1483.102264670712,39.30874821868967,1500.9,20.032328658161042,,,,,
2025-08-29T12:30:00.000000,1478.5,1480.0,1478.2,1478.95,712,INFY,NaN,1480.778427524575,1482.7247860642835,38.93965154548893,1500.9,20.290794200482463,,,,,
2025-08-29T12:35:00.000000,1478.95,1480.45,1478.5,1479.0,178,INFY,NaN,1480.4227420196598,1482.3861691493487,38.6247608492987,1500.9,20.204962870561673,,,,,
2025-08-29T12:40:00.000000,1479.0,1481.55,1478.6,1481.55,262,INFY,NaN,1480.648193615728,1482.3101537721352,39.231391887059885,1500.9,19.372279686991416,,,,,
2025-08-29T12:45:00.000000,1481.55,1481.9,1480.4,1481.9,522,INFY,NaN,1480.8985548925823,1482.2728670655774,39.890493368483355,1500.9,18.370821638017183,,,,,
2025-08-29T12:50:00.000000,1481.9,1482.8,1481.1,1481.1,531,INFY,NaN,1480.9388439140657,1482.1662427868885,40.270345192386976,1500.9,17.243576300349655,,,,,
2025-08-29T12:55:00.000000,1481.1,1481.2,1480.0,1480.0,111,INFY,NaN,1480.7510751312525,1481.9693116244441,40.329969665492094,1500.9,16.48834958359258,,,,,
2025-08-29T13:00:00.000000,1480.0,1481.4,1478.4,1479.0,638,INFY,NaN,1480.400860105002,1481.6993742040402,40.14089801177565,1500.9,16.61285633559852,,,,,
2025-08-29T13:05:00.000000,1479.0,1479.25,1476.75,1476.9,755,INFY,NaN,1479.7006880840017,1481.2630674582183,39.518251714480456,1500.9,17.43479719911397,,,,,
2025-08-29T13:10:00.000000,1476.9,1480.5,1476.3,1479.9,4173,INFY,NaN,1479.7405504672015,1481.139152234744,39.965622250814256,1500.9,17.376196739515326,,,,,
2025-08-29T13:15:00.000000,1479.9,1482.0,1477.7,1477.7,3815,INFY,NaN,1479.3324403737613,1480.8265020315855,39.898412727004626,1500.9,16.455621169890602,,,,,
2025-08-29T13:20:00.000000,1477.7,1478.95,1476.55,1477.8,389,INFY,NaN,1479.025952299009,1480.5513654832596,39.86916888153688,1500.9,16.140216141137508,,,,,
2025-08-29T13:25:00.000000,1477.8,1479.85,1477.8,1479.85,280832,INFY,NaN,1479.1907618392072,1480.4876049847815,40.46124944271528,1500.9,15.347361971220053,,,,,
2025-08-29T13:30:00.000000,1479.2,1479.75,1478.7,1478.7,7172,INFY,NaN,1479.0926094713657,1480.3250954407104,40.72924879248371,1500.9,14.611140242010988,,,,,
2025-08-29T13:35:00.000000,1478.7,1479.45,1477.9,1477.9,620,INFY,NaN,1478.8540875770925,1480.1046322188276,40.791638356225086,1500.9,14.337924640489957,,,,,
2025-08-29T13:40:00.000000,1477.9,1478.3,1477.0,1477.6,668,INFY,NaN,1478.603270061674,1479.8769383807523,40.779742781479044,1500.9,14.519468575697909,,,,,
2025-08-29T13:45:00.000000,1477.6,1477.6,1476.55,1477.2,279,INFY,NaN,1478.3226160493393,1479.6335803461384,40.67489051342322,1500.9,14.898654383422985,,,,,
2025-08-29T13:50:00.000000,1477.2,1477.35,1475.05,1475.05,831,INFY,NaN,1477.6680928394715,1479.216891223762,40.11413563747174,1500.9,15.897601460094123,,,,,
2025-08-29T13:55:00.000000,1474.4,1474.75,1473.0,1473.7,1502,INFY,NaN,1476.8744742715771,1478.7153556579656,39.351842111173504,1500.9,17.549302809350632,,,,,
2025-08-29T14:00:00.000000,1473.7,1473.7,1472.3,1473.0,520,INFY,NaN,1476.0995794172618,1478.1957778708777,38.5361550361152,1500.9,19.299971962855956,,,,,
2025-08-29T14:05:00.000000,1473.0,1473.7,1472.15,1473.7,669,INFY,NaN,1475.6196635338094,1477.787070791707,38.07819417779131,1500.9,20.97262367045854,,,,,
2025-08-29T14:10:00.000000,1473.7,1474.95,1473.15,1473.3,805,INFY,NaN,1475.1557308270476,1477.3791552651883,37.58200984612715,1500.9,21.58240233870188,,,,,
2025-08-29T14:15:00.000000,1473.3,1473.3,1472.25,1472.65,230,INFY,NaN,1474.6545846616382,1476.9492320592622,36.999469422131256,1500.9,22.4857342820963,,,,,
2025-08-29T14:20:00.000000,1472.65,1473.7,1472.0,1472.85,1033,INFY,NaN,1474.2936677293105,1476.5765745993292,36.56343810991781,1500.9,23.02683519110556,,,,,
2025-08-29T14:25:00.000000,1472.85,1473.05,1470.1,1470.8,837,INFY,NaN,1473.5949341834485,1476.0514314539357,35.75700562816157,1500.9,24.214013535760955,,,,,
2025-08-29T14:30:00.000000,1470.8,1471.5,1469.0,1469.3,3408,INFY,NaN,1472.7359473467588,1475.4376649581234,34.77284170248397,1500.9,25.65578934382662,,,,,
2025-08-29T14:35:00.000000,1469.3,1469.8,1468.7,1469.4,1412,INFY,NaN,1472.068757877407,1474.8887863255668,33.93058520975038,1500.9,27.084340363032823,,,,,
2025-08-29T14:40:00.000000,1469.4,1470.85,1468.7,1470.85,439,INFY,NaN,1471.8250063019257,1474.5216239323333,33.84418637652689,1500.9,27.594137641242906,,,,,
2025-08-29T14:45:00.000000,1470.85,1471.5,1469.75,1471.15,553,INFY,NaN,1471.6900050415406,1474.2151126657575,33.89929460952538,1500.9,27.590737863399834,,,,,
2025-08-29T14:50:00.000000,1471.15,1471.55,1470.0,1470.4,1311,INFY,NaN,1471.4320040332325,1473.8682842415976,33.77455604485829,1500.9,27.550202316377973,,,,,
2025-08-29T14:55:00.000000,1470.4,1471.5,1470.35,1471.1,454,INFY,NaN,1471.365603226586,1473.6166220378161,33.98790581877238,1500.9,27.512562165571957,,,,,
2025-08-29T15:00:00.000000,1471.1,1471.1,1469.7,1470.0,1270,INFY,NaN,1471.0924825812688,1473.2878382161964,33.90935361894556,1500.9,27.781269038159877,,,,,
2025-08-29T15:05:00.000000,1470.0,1471.95,1468.35,1468.35,1308,INFY,NaN,1470.543986065015,1472.838943832906,33.48011936198055,1500.9,28.596671926586453,,,,,
2025-08-29T15:10:00.000000,1468.35,1472.0,1468.35,1469.2,4706,INFY,NaN,1470.275188852012,1472.5081307571872,33.48972327255454,1500.9,29.308325444435997,,,,,
2025-08-29T15:15:00.000000,1469.2,1470.75,1469.0,1469.2,2456,INFY,NaN,1470.0601510816095,1472.207391597443,33.49841252497863,1500.9,29.969146568153434,,,,,
2025-08-29T15:20:00.000000,1469.2,1469.7,1467.5,1468.9,5171,INFY,NaN,1469.8281208652877,1471.906719634039,33.43062292688015,1500.9,31.185617992497576,,,,,
2025-08-29T15:25:00.000000,1468.9,1470.3,1467.6,1469.9,1722,INFY,NaN,1469.8424966922303,1471.7242905763992,33.87030063369526,1500.9,31.728585100616282,,,,,
2025-09-01T09:15:00.000000,1472.2,1498.2,1472.2,1498.2,7113,INFY,NaN,1475.5139973537841,1474.131173251272,38.42548594244304,1502.0,33.99475361047586,,,,,
2025-09-01T09:20:00.000000,1498.2,1500.4,1495.45,1499.4,6920,INFY,NaN,1480.2911978830273,1476.4283393193382,42.601174391209746,1502.0,36.25273796511242,,,,,
2025-09-01T09:25:00.000000,1499.4,1501.45,1497.75,1498.4,3515,INFY,NaN,1483.9129583064218,1478.4257630175803,46.16594818157549,1502.0,38.42159546401241,,,,,
2025-09-01T09:30:00.000000,1498.5,1502.0,1498.5,1499.85,4058,INFY,NaN,1487.1003666451375,1480.3734209250729,49.46874329640369,1502.0,40.47439941714328,,,,,
2025-09-01T09:35:00.000000,1499.85,1500.45,1498.0,1498.0,1978,INFY,NaN,1489.28029331611,1481.9758372046117,52.04861125100455,1502.0,42.19304071963859,,,,,
2025-09-01T09:40:00.000000,1498.0,1498.0,1493.85,1495.8,2686,INFY,NaN,1490.584234652888,1483.2325792769198,53.91902478124522,1502.0,42.34210464201701,,,,,
2025-09-01T09:45:00.000000,1495.8,1497.35,1495.8,1495.8,359,INFY,NaN,1491.6273877223105,1484.375072069927,55.611303689558206,1502.0,42.480521141368406,,,,,
2025-09-01T09:50:00.000000,1495.8,1496.7,1494.4,1495.9,371,INFY,NaN,1492.4819101778485,1485.4227927908428,57.15142398581138,1502.0,42.135485329816746,,,,,
2025-09-01T09:55:00.000000,1495.9,1496.1,1494.9,1495.8,262,INFY,NaN,1493.1455281422789,1486.3661752644025,58.52035092917733,1502.0,41.81509493337592,,,,,
2025-09-01T10:00:00.000000,1495.8,1497.35,1495.3,1496.6,1476,INFY,NaN,1493.836422513823,1487.2965229676386,59.84017547098232,1502.0,41.71987899497184,,,,,
2025-09-01T10:05:00.000000,1496.6,1498.0,1496.05,1497.5,590,INFY,NaN,1494.5691380110584,1488.2241117887622,61.12646888639325,1502.0,41.736918433528544,,,,,
2025-09-01T10:10:00.000000,1497.5,1498.0,1496.4,1497.4,149,INFY,NaN,1495.1353104088466,1489.0582834443294,62.26109538509519,1502.0,41.75274076933119,,,,,
2025-09-01T10:15:00.000000,1497.4,1498.7,1496.1,1496.1,918,INFY,NaN,1495.3282483270773,1489.698439494845,62.903538940564054,1502.0,41.892015908068466,,,,,
2025-09-01T10:20:00.000000,1496.1,1499.8,1496.0,1499.8,1284,INFY,NaN,1496.2225986616618,1490.6167631771318,63.912075284272,1502.0,42.2159436987965,,,,,
2025-09-01T10:25:00.000000,1499.8,1500.85,1498.8,1499.45,1590,INFY,NaN,1496.8680789293294,1491.4197847064834,64.7228458200818,1502.0,42.698076054324794,,,,,
2025-09-01T10:30:00.000000,1499.45,1500.4,1498.0,1498.8,640,INFY,NaN,1497.2544631434635,1492.0907133695302,65.26158890435488,1502.0,42.747518215313086,,,,,
2025-09-01T10:35:00.000000,1498.8,1499.3,1496.25,1496.7,774,INFY,NaN,1497.1435705147708,1492.5097394268457,65.14929485222603,1502.0,41.96352773157512,,,,,
2025-09-01T10:40:00.000000,1496.7,1497.15,1495.95,1496.5,258,INFY,NaN,1497.0148564118167,1492.8724903880416,64.99219776924876,1502.0,41.096813709999374,,,,,
2025-09-01T10:45:00.000000,1496.5,1498.0,1496.5,1497.75,250,INFY,NaN,1497.1618851294534,1493.315900352765,65.05055398879114,1502.0,40.50771191535149,,,,,
2025-09-01T10:50:00.000000,1497.75,1498.05,1495.0,1497.15,444,INFY,NaN,1497.1595081035628,1493.66445486615,64.92246662496751,1502.0,39.243260614941065,,,,,
2025-09-01T10:55:00.000000,1497.15,1497.95,1495.7,1497.4,101,INFY,NaN,1497.2076064828502,1494.0040498783183,64.85090576292113,1502.0,38.069127264559945,,,,,
2025-09-01T11:00:00.000000,1497.4,1498.5,1495.7,1496.7,367,INFY,NaN,1497.10608518628,1494.2491362530166,64.55862912851717,1502.0,37.15061329811338,,,,,
2025-09-01T11:05:00.000000,1496.7,1497.55,1495.7,1497.3,672,INFY,NaN,1497.144868149024,1494.5264875027424,64.41511808010316,1502.0,36.29770747212728,,,,,
2025-09-01T11:10:00.000000,1497.3,1499.2,1497.1,1498.3,544,INFY,NaN,1497.3758945192192,1494.869534093402,64.48330735601284,1502.0,36.0280762343906,,,,,
2025-09-01T11:15:00.000000,1498.3,1499.05,1497.3,1498.15,84,INFY,NaN,1497.5307156153754,1495.1677582667292,64.48911975491335,1502.0,35.777704370777975,,,,,
2025-09-01T11:20:00.000000,1498.15,1498.15,1496.8,1497.6,271,INFY,NaN,1497.5445724923002,1495.388871151572,64.28321370701238,1502.0,35.23073636191383,,,,,
2025-09-01T11:25:00.000000,1497.6,1498.35,1497.0,1498.35,1032,INFY,NaN,1497.70565799384,1495.6580646832472,64.26922423821013,1502.0,34.79527819208605,,,,,
2025-09-01T11:30:00.000000,1498.35,1498.55,1496.1,1497.65,4705,INFY,NaN,1497.694526395072,1495.8391497120429,63.97529625536241,1502.0,33.80060021135484,,,,,
2025-09-01T11:35:00.000000,1497.6,1498.0,1497.0,1497.1,7033,INFY,NaN,1497.5756211160576,1495.9537724654936,63.49083684474782,1502.0,32.87697065781872,,,,,
2025-09-01T11:40:00.000000,1497.1,1498.2,1497.0,1497.95,906,INFY,NaN,1497.6504968928461,1496.1352476959032,63.28254370526654,1502.0,32.111030194034115,,,,,
2025-09-01T11:45:00.000000,1497.95,1497.95,1495.95,1495.95,1695,INFY,NaN,1497.310397514277,1496.1184069962756,62.33755387254178,1502.0,30.666584953273894,,,,,
2025-09-01T11:50:00.000000,1495.95,1498.3,1495.95,1497.4,2885,INFY,NaN,1497.3283180114215,1496.2349154511596,61.89066319926441,1502.0,29.509608560758437,,,,,
2025-09-01T11:55:00.000000,1497.4,1497.4,1495.5,1495.55,227,INFY,NaN,1496.9726544091372,1496.172650410145,60.870970653569636,1502.0,28.116680252883402,,,,,
2025-09-01T12:00:00.000000,1495.55,1498.2,1495.55,1496.6,663,INFY,NaN,1496.8981235273097,1496.211500372859,60.24648661355103,1502.0,27.269483270478077,,,,,
2025-09-01T12:05:00.000000,1496.6,1498.05,1495.9,1496.45,919,INFY,NaN,1496.8084988218477,1496.2331821571447,59.630949961560965,1502.0,26.48280035824456,,,,,
2025-09-01T12:10:00.000000,1496.45,1497.0,1495.6,1496.5,75,INFY,NaN,1496.7467990574783,1496.257438324677,59.08941586262536,1502.0,25.508942125667488,,,,,
2025-09-01T12:15:00.000000,1496.5,1497.6,1495.95,1497.5,155,INFY,NaN,1496.8974392459827,1496.370398476979,58.906456109114465,1502.0,24.974261431551923,,,,,
2025-09-01T12:20:00.000000,1497.5,1497.7,1496.6,1497.7,452,INFY,NaN,1497.0579513967862,1496.4912713427082,58.80150273131179,1502.0,24.539516538454386,,,,,
2025-09-01T12:25:00.000000,1497.7,1497.7,1496.95,1497.2,34,INFY,NaN,1497.0863611174289,1496.5557012206439,58.494886658160794,1502.0,24.135824852006667,,,,,
2025-09-01T12:30:00.000000,1497.2,1497.2,1495.95,1496.0,281,INFY,NaN,1496.8690888939432,1496.505182927858,57.738996184107336,1502.0,22.835615381078835,,,,,
2025-09-01T12:35:00.000000,1496.6,1496.6,1495.0,1495.0,538,INFY,NaN,1496.4952711151545,1496.3683481162345,56.69381345406115,1502.0,21.539660348787002,,,,,
2025-09-01T12:40:00.000000,1495.0,1495.0,1491.2,1491.3,1532,INFY,NaN,1495.4562168921236,1495.9075891965767,54.72308832007677,1502.0,22.390205597498806,,,,,
2025-09-01T12:45:00.000000,1491.3,1492.5,1491.3,1492.5,303,INFY,NaN,1494.864973513699,1495.5978083605244,53.393573154537854,1502.0,23.17999761415977,,,,,
2025-09-01T12:50:00.000000,1492.5,1492.95,1491.6,1492.65,311,INFY,NaN,1494.4219788109592,1495.3298257822948,52.24662646186378,1502.0,23.534119398712118,,,,,
2025-09-01T12:55:00.000000,1492.65,1495.0,1491.85,1495.0,72,INFY,NaN,1494.5375830487674,1495.2998416202681,52.00953571672735,1502.0,22.36813653498735,,,,,
2025-09-01T13:00:00.000000,1495.0,1497.0,1495.0,1497.0,1026,INFY,NaN,1495.0300664390138,1495.454401472971,52.35064825220758,1502.0,21.376966590700132,,,,,
2025-09-01T13:05:00.000000,1497.0,1498.7,1496.7,1498.7,614,INFY,NaN,1495.764053151211,1495.7494558845192,53.06563219602801,1502.0,21.22930737440301,,,,,
2025-09-01T13:10:00.000000,1498.7,1498.7,1497.0,1497.0,472,INFY,NaN,1496.0112425209688,1495.8631417131992,53.17797467785891,1502.0,21.092195244984254,,,,,
2025-09-01T13:15:00.000000,1497.0,1497.2,1493.85,1494.6,311,INFY,NaN,1495.728994016775,1495.7483106483628,52.63501297959802,1502.0,19.93277865833819,,,,,
2025-09-01T13:20:00.000000,1494.6,1495.65,1494.6,1495.0,68,INFY,NaN,1495.58319521342,1495.6802824076026,52.253333325602235,1502.0,18.85617754216684,,,,,
2025-09-01T13:25:00.000000,1495.0,1495.4,1493.8,1495.1,772,INFY,NaN,1495.4865561707359,1495.6275294614568,51.93668875744852,1502.0,18.23913772004046,,,,,
2025-09-01T13:30:00.000000,1495.1,1495.7,1494.4,1494.75,549,INFY,NaN,1495.3392449365888,1495.5477540558697,51.54945193542081,1502.0,17.491125220339036,,,,,
2025-09-01T13:35:00.000000,1494.75,1495.9,1494.75,1495.9,46,INFY,NaN,1495.451395949271,1495.579776414427,51.551919230274194,1502.0,16.675592558388093,,,,,
2025-09-01T13:40:00.000000,1495.9,1495.9,1495.3,1495.55,155,INFY,NaN,1495.4711167594169,1495.577069467661,51.442343255541836,1502.0,15.918312229433647,,,,,
2025-09-01T13:45:00.000000,1495.55,1496.0,1495.05,1496.0,137,INFY,NaN,1495.5768934075336,1495.6155176978737,51.487532224708715,1502.0,15.36454172958407,,,,,
2025-09-01T13:50:00.000000,1496.0,1496.6,1495.35,1496.6,78,INFY,NaN,1495.781514726027,1495.705016088976,51.72088313139353,1502.0,14.429797851507852,,,,,
2025-09-01T13:55:00.000000,1496.6,1496.7,1495.55,1496.3,115,INFY,NaN,1495.8852117808215,1495.7591055354328,51.818329008125225,1502.0,13.491140752767537,,,,,
2025-09-01T14:00:00.000000,1496.3,1496.3,1495.0,1495.0,311,INFY,NaN,1495.7081694246572,1495.6900959413026,51.43628336602573,1502.0,13.001679020755796,,,,,
2025-09-01T14:05:00.000000,1495.0,1495.65,1494.45,1495.4,111,INFY,NaN,1495.6465355397258,1495.6637235830024,51.24016663190198,1502.0,12.914951634224023,,,,,
2025-09-01T14:10:00.000000,1495.4,1500.95,1494.55,1500.95,15023,INFY,NaN,1496.7072284317808,1496.1442941663659,52.55790044965624,1502.0,14.056941442123831,,,,,
2025-09-01T14:15:00.000000,1500.95,1501.1,1499.95,1500.85,3068,INFY,NaN,1497.5357827454245,1496.5720856057872,53.713063175120354,1502.0,15.173083044569037,,,,,
2025-09-01T14:20:00.000000,1500.85,1500.85,1500.0,1500.0,117,INFY,NaN,1498.0286261963397,1496.8837141870792,54.438394610876784,1502.0,16.209500246839585,,,,,
2025-09-01T14:25:00.000000,1500.0,1500.0,1498.55,1498.55,991,INFY,NaN,1498.1329009570718,1497.0351947155266,54.58611070058392,1502.0,16.157224014995897,,,,,
2025-09-01T14:30:00.000000,1498.55,1501.3,1498.55,1501.3,1554,INFY,NaN,1498.7663207656574,1497.4229042868424,55.35258003305841,1502.0,16.686125360923864,,,,,
2025-09-01T14:35:00.000000,1501.4,1502.5,1500.45,1500.45,2747,INFY,NaN,1499.103056612526,1497.6980948062203,55.76061522179114,1502.0,17.651298844114017,,,,,
2025-09-01T14:40:00.000000,1500.45,1501.15,1499.9,1500.35,166,INFY,NaN,1499.3524452900208,1497.939177096564,56.09556391624567,1502.0,18.16535595534221,,,,,
2025-09-01T14:45:00.000000,1500.35,1500.55,1499.5,1499.5,74,INFY,NaN,1499.3819562320166,1498.0810700877855,56.10348096255278,1502.0,18.364619319094903,,,,,
2025-09-01T14:50:00.000000,1499.5,1499.5,1498.3,1498.3,288,INFY,NaN,1499.1655649856132,1498.1009728070778,55.71670474183988,1502.0,17.75892612500252,,,,,
2025-09-01T14:55:00.000000,1498.3,1500.75,1498.3,1500.0,554,INFY,NaN,1499.3324519884904,1498.273611642798,55.82801188593665,1502.0,17.795826937451448,,,,,
2025-09-01T15:00:00.000000,1500.0,1500.65,1498.0,1499.4,1023,INFY,NaN,1499.3459615907923,1498.376010584362,55.72845292305331,1502.0,17.631559372255627,,,,,
2025-09-01T15:05:00.000000,1499.4,1499.4,1498.4,1498.4,166,INFY,NaN,1499.156769272634,1498.378191440329,55.313750438812356,1502.0,17.479025204573794,,,,,
2025-09-01T15:10:00.000000,1498.4,1500.65,1498.05,1499.6,921,INFY,NaN,1499.245415418107,1498.4892649457536,55.28319936467157,1502.0,17.952929481191973,,,,,
2025-09-01T15:15:00.000000,1499.6,1500.0,1498.3,1500.0,1359,INFY,NaN,1499.3963323344856,1498.6266044961396,55.36709298387176,1502.0,18.392983452337425,,,,,
2025-09-01T15:20:00.000000,1500.0,1500.65,1499.5,1499.9,1668,INFY,NaN,1499.4970658675884,1498.7423677237632,55.40578477861574,1502.0,19.115653988963448,,,,,
2025-09-01T15:25:00.000000,1499.65,1500.6,1498.8,1500.5,912,INFY,NaN,1499.6976526940707,1498.9021524761483,55.62198713664724,1502.0,19.208744837763845,,,,,
2025-09-02T09:15:00.000000,1499.45,1504.5,1490.65,1493.05,4042,INFY,NaN,1498.3681221552565,1498.3701386146804,53.811726514773675,1504.5,20.17288416502464,,,,,
2025-09-02T09:20:00.000000,1493.05,1493.05,1488.0,1488.65,3073,INFY,NaN,1496.4244977242051,1497.4864896497095,51.51661226412575,1504.5,21.711344933620598,,,,,
2025-09-02T09:25:00.000000,1488.65,1491.0,1486.1,1490.85,1467,INFY,NaN,1495.309598179364,1496.8831724088268,50.056866946895965,1504.5,23.52980487420756,,,,,
2025-09-02T09:30:00.000000,1490.85,1490.85,1488.35,1490.0,988,INFY,NaN,1494.2476785434912,1496.25742946257,48.60888781962262,1504.5,25.21837481903831,,,,,
2025-09-02T09:35:00.000000,1490.0,1490.4,1488.7,1490.4,601,INFY,NaN,1493.478142834793,1495.7249358750635,47.412776200334626,1504.5,26.786332624952575,,,,,
2025-09-02T09:40:00.000000,1490.4,1491.9,1489.05,1491.35,2162,INFY,NaN,1493.0525142678343,1495.327214431876,46.60387326376159,1504.5,27.35368436039579,,,,,
2025-09-02T09:45:00.000000,1491.35,1492.0,1490.1,1491.9,669,INFY,NaN,1492.8220114142675,1495.0156494835237,46.030326938047466,1504.5,27.82245863736472,,,,,
2025-09-02T09:50:00.000000,1491.9,1493.35,1491.5,1493.2,804,INFY,NaN,1492.8976091314141,1494.850590439567,45.87803001720573,1504.5,27.48648889128938,,,,,
2025-09-02T09:55:00.000000,1493.2,1495.7,1492.6,1495.0,860,INFY,NaN,1493.3180873051313,1494.864173126879,46.206463619631634,1504.5,26.01979472438988,,,,,
2025-09-02T10:00:00.000000,1495.6,1497.3,1494.9,1496.05,776,INFY,NaN,1493.864469844105,1494.97197556989,46.75669557935015,1504.5,24.335517742261946,,,,,
2025-09-02T10:05:00.000000,1496.5,1497.0,1495.2,1496.95,1259,INFY,NaN,1494.481575875284,1495.1517959726273,47.46566374486401,1504.5,22.771546258857434,,,,,
2025-09-02T10:10:00.000000,1496.95,1498.2,1495.55,1496.85,3157,INFY,NaN,1494.9552607002272,1495.3061781569338,48.078749078945656,1504.5,21.81382939645056,,,,,
2025-09-02T10:15:00.000000,1496.85,1497.55,1496.25,1496.25,1833,INFY,NaN,1495.2142085601818,1495.391980142667,48.457438405125586,1504.5,20.92452088135846,,,,,
2025-09-02T10:20:00.000000,1496.25,1497.2,1493.9,1495.3,1261,INFY,NaN,1495.2313668481454,1495.3836183115154,48.52624466861025,1504.5,19.84541550972696,,,,,
2025-09-02T10:25:00.000000,1495.3,1497.0,1494.0,1496.25,923,INFY,NaN,1495.4350934785164,1495.462380283196,48.860220717741406,1504.5,18.843389093211993,,,,,
2025-09-02T10:30:00.000000,1496.25,1496.6,1494.85,1495.05,784,INFY,NaN,1495.358074782813,1495.4248911665418,48.81078849663803,1504.5,17.91293599216238,,,,,
2025-09-02T10:35:00.000000,1495.1,1495.9,1494.0,1495.45,1589,INFY,NaN,1495.3764598262503,1495.4271737877652,48.88825993404707,1504.5,17.44590755348621,,,,,
2025-09-02T10:40:00.000000,1495.45,1497.95,1495.45,1497.9,433,INFY,NaN,1495.8811678610002,1495.6519761706957,49.633712574006616,1504.5,16.444504352433373,,,,,
2025-09-02T10:45:00.000000,1497.95,1497.95,1496.6,1496.6,605,INFY,NaN,1496.0249342888,1495.7381601551779,49.906029919749805,1504.5,15.51462995145574,,,,,
2025-09-02T10:50:00.000000,1496.6,1498.0,1496.6,1498.0,694,INFY,NaN,1496.41994743104,1495.9437819592526,50.51202434985567,1504.5,14.677008832355193,,,,,
2025-09-02T10:55:00.000000,1497.65,1498.45,1496.9,1497.3,569,INFY,NaN,1496.595957944832,1496.0670745084115,50.84036683996765,1504.5,14.139930683088043,,,,,
2025-09-02T11:00:00.000000,1497.3,1498.05,1496.85,1498.0,312,INFY,NaN,1496.8767663558656,1496.2427950076467,51.323036172651186,1504.5,13.60926901381833,,,,,
2025-09-02T11:05:00.000000,1498.0,1498.7,1497.25,1498.3,422,INFY,NaN,1497.1614130846924,1496.4298136433151,51.84019971530972,1504.5,13.4843802273894,,,,,
2025-09-02T11:10:00.000000,1498.3,1499.3,1497.0,1498.35,1058,INFY,NaN,1497.3991304677538,1496.6043760393775,52.32222633276712,1504.5,13.695940672951195,,,,,
2025-09-02T11:15:00.000000,1498.35,1498.35,1497.35,1497.35,478,INFY,NaN,1497.389304374203,1496.6721600357978,52.38579345591,1504.5,13.89238965811572,,,,,
2025-09-02T11:20:00.000000,1497.35,1498.3,1496.6,1497.55,869,INFY,NaN,1497.4214434993623,1496.7519636689071,52.50863285632382,1504.5,13.491486571240618,,,,,
2025-09-02T11:25:00.000000,1497.55,1497.6,1496.05,1496.05,305,INFY,NaN,1497.14715479949,1496.6881487899157,52.08084107586779,1504.5,12.713333774961876,,,,,
2025-09-02T11:30:00.000000,1496.05,1499.45,1496.05,1499.45,1009,INFY,NaN,1497.607723839592,1496.9392261726507,52.7070895537749,1504.5,13.102080774071414,,,,,
2025-09-02T11:35:00.000000,1499.45,1500.95,1499.3,1500.45,1481,INFY,NaN,1498.1761790716735,1497.2583874296824,53.51341741444337,1504.5,14.178633747073329,,,,,
2025-09-02T11:40:00.000000,1500.45,1501.0,1499.75,1501.0,710,INFY,NaN,1498.7409432573388,1497.598534026984,54.371655616325384,1504.5,15.200734502491965,,,,,
2025-09-02T11:45:00.000000,1501.0,1504.0,1500.95,1504.0,1411,INFY,NaN,1499.792754605871,1498.1804854790764,55.75399707529728,1504.5,17.275529331255324,,,,,
2025-09-02T11:50:00.000000,1504.0,1504.9,1502.45,1502.8,1451,INFY,NaN,1500.3942036846968,1498.6004413446149,56.55764994919424,1504.5,19.46681694765953,,,,,
2025-09-02T11:55:00.000000,1502.8,1504.0,1502.0,1503.05,270,INFY,NaN,1500.9253629477573,1499.0049466769226,57.336114530117115,1504.5,21.13641971123381,,,,,
2025-09-02T12:00:00.000000,1503.05,1505.0,1502.65,1504.95,2175,INFY,NaN,1501.7302903582058,1499.5454060699296,58.40897359803223,1504.5,22.998591523640666,,,,,
2025-09-02T12:05:00.000000,1504.95,1505.65,1504.2,1505.45,1734,INFY,NaN,1502.4742322865648,1500.0821873362997,59.469835049375746,1504.5,24.919126666113925,,,,,
2025-09-02T12:10:00.000000,1505.45,1507.85,1505.4,1507.0,1401,INFY,NaN,1503.3793858292518,1500.711079396636,60.69493669646641,1504.5,27.26127143572554,,,,,
2025-09-02T12:15:00.000000,1507.0,1507.65,1505.1,1507.45,756,INFY,NaN,1504.1935086634014,1501.3237085423964,61.87662011224923,1504.5,29.183663184573145,,,,,
2025-09-02T12:20:00.000000,1507.45,1512.4,1506.85,1512.4,3305,INFY,NaN,1505.8348069307212,1502.3306441294512,63.580429211947944,1504.5,31.87372788840276,,,,,
2025-09-02T12:25:00.000000,1512.4,1512.85,1510.75,1511.0,2036,INFY,NaN,1506.867845544577,1503.1187673904103,64.58891935515898,1504.5,34.436615397051284,,,,,
2025-09-02T12:30:00.000000,1511.5,1512.05,1510.3,1510.6,673,INFY,NaN,1507.6142764356616,1503.7988794458277,65.35207866264105,1504.5,36.472586338748606,,,,,
2025-09-02T12:35:00.000000,1510.6,1511.6,1509.4,1511.6,897,INFY,NaN,1508.4114211485294,1504.5080722234798,66.18303036579407,1504.5,37.68565022231299,,,,,
2025-09-02T12:40:00.000000,1511.6,1511.7,1509.0,1509.6,263,INFY,NaN,1508.6491369188234,1504.970974748618,66.20179697883304,1504.5,38.51495570927379,,,,,
2025-09-02T12:45:00.000000,1509.6,1509.6,1508.0,1508.9,611,INFY,NaN,1508.6993095350588,1505.32815886238,65.98051460867057,1504.5,38.55972400572124,,,,,
2025-09-02T12:50:00.000000,1508.9,1508.9,1506.45,1507.1,295,INFY,NaN,1508.379447628047,1505.4892353294363,65.20537594668671,1504.5,37.58798592632862,,,,,
2025-09-02T12:55:00.000000,1507.1,1510.45,1507.1,1508.0,1005,INFY,NaN,1508.3035581024376,1505.717486663124,64.69848195115978,1504.5,37.215985496230665,,,,,
2025-09-02T13:00:00.000000,1508.0,1509.1,1507.0,1508.1,1362,INFY,NaN,1508.26284648195,1505.9340787846581,64.26187369074685,1504.5,36.80600224015344,,,,,
2025-09-02T13:05:00.000000,1508.1,1508.35,1506.3,1506.45,343,INFY,NaN,1507.90027718556,1505.9809807133256,63.33521251739436,1504.5,35.96564234940682,,,,,
2025-09-02T13:10:00.000000,1506.45,1507.85,1505.5,1507.85,544,INFY,NaN,1507.890221748448,1506.1508915575687,62.83549473473201,1504.5,34.677833032526244,,,,,
2025-09-02T13:15:00.000000,1507.85,1508.4,1505.8,1506.4,205,INFY,NaN,1507.5921773987584,1506.1735377796078,61.939471071179376,1504.5,33.71864291121495,,,,,
2025-09-02T13:20:00.000000,1506.4,1507.35,1505.6,1506.0,394,INFY,NaN,1507.2737419190066,1506.1577616178254,61.01031421560629,1504.5,32.69318102963011,,,,,
2025-09-02T13:25:00.000000,1506.0,1507.95,1505.85,1507.2,285,INFY,NaN,1507.2589935352053,1506.2525105616594,60.488236109441814,1504.5,32.016708726837635,,,,,
2025-09-02T13:30:00.000000,1507.2,1509.0,1506.75,1508.6,750,INFY,NaN,1507.5271948281643,1506.4659186924175,60.35807605815723,1504.5,31.842398962729156,,,,,
2025-09-02T13:35:00.000000,1508.6,1509.0,1507.5,1508.15,884,INFY,NaN,1507.6517558625314,1506.619016993107,60.087122635656556,1504.5,31.680539896056995,,,,,
2025-09-02T13:40:00.000000,1508.15,1508.15,1503.7,1504.1,1323,INFY,NaN,1506.9414046900251,1506.390015448279,58.69900331556875,1504.5,29.691110211693267,,,,,
2025-09-02T13:45:00.000000,1504.1,1506.0,1504.0,1505.5,730,INFY,NaN,1506.65312375202,1506.309104952981,57.817143022692676,1504.5,27.843782647641238,,,,,
2025-09-02T13:50:00.000000,1505.5,1506.05,1503.0,1503.1,658,INFY,NaN,1505.942499001616,1506.0173681390736,56.46627657776882,1504.5,26.62947345372719,,,,,
2025-09-02T13:55:00.000000,1503.1,1503.1,1499.65,1499.85,1606,INFY,NaN,1504.7239992012928,1505.4566983082486,54.636405720855485,1504.5,26.828611064991104,,,,,
2025-09-02T14:00:00.000000,1499.85,1500.7,1496.5,1497.5,1790,INFY,NaN,1503.2791993610342,1504.733362098408,52.61811767756465,1504.5,27.891820701535668,,,,,
2025-09-02T14:05:00.000000,1497.5,1498.0,1495.05,1497.05,1034,INFY,NaN,1502.0333594888273,1504.0348746349164,50.726286075291235,1504.5,29.210049647782316,,,,,
2025-09-02T14:10:00.000000,1497.05,1497.9,1495.6,1495.75,531,INFY,NaN,1500.7766875910618,1503.2817042135603,48.82635494610819,1504.5,30.434119383582775,,,,,
2025-09-02T14:15:00.000000,1495.75,1497.95,1495.75,1497.3,250,INFY,NaN,1500.0813500728493,1502.7379129214185,47.5815400020499,1504.5,31.537628087445302,,,,,
2025-09-02T14:20:00.000000,1497.3,1499.35,1496.0,1496.4,819,INFY,NaN,1499.3450800582796,1502.1617390194713,46.30871725559944,1504.5,31.653413867292425,,,,,
2025-09-02T14:25:00.000000,1496.4,1496.4,1494.3,1495.1,581,INFY,NaN,1498.4960640466236,1501.5197627449738,44.952633291102494,1504.5,32.249752976504645,,,,,
2025-09-02T14:30:00.000000,1495.1,1497.15,1494.7,1496.95,1795,INFY,NaN,1498.186851237299,1501.104329768158,44.29326447107943,1504.5,32.33961124712924,,,,,
2025-09-02T14:35:00.000000,1496.95,1501.75,1496.95,1499.6,544,INFY,NaN,1498.4694809898392,1500.9675725165073,44.40021037131718,1504.5,30.186451419780354,,,,,
2025-09-02T14:40:00.000000,1499.6,1501.75,1499.6,1501.15,403,INFY,NaN,1499.0055847918713,1500.9841568331885,44.86003244712307,1504.5,28.18708872295639,,,,,
2025-09-02T14:45:00.000000,1501.15,1502.9,1500.1,1500.25,557,INFY,NaN,1499.254467833497,1500.9174153028987,45.07987813932198,1504.5,26.481696039680475,,,,,
2025-09-02T14:50:00.000000,1500.25,1501.4,1498.25,1499.3,683,INFY,NaN,1499.2635742667976,1500.7703775480898,45.07480816275222,1504.5,25.022406034199864,,,,,
2025-09-02T14:55:00.000000,1499.3,1501.5,1499.2,1499.65,1707,INFY,NaN,1499.340859413438,1500.6685250437179,45.162873927094886,1504.5,23.62379379248566,,,,,
2025-09-02T15:00:00.000000,1499.65,1500.4,1498.4,1498.9,591,INFY,NaN,1499.2526875307503,1500.5077500397435,45.07066106041191,1504.5,22.643882304275824,,,,,
2025-09-02T15:05:00.000000,1498.9,1500.15,1498.0,1499.25,1023,INFY,NaN,1499.2521500246003,1500.3934091270396,45.090005498906386,1504.5,21.893469519933003,,,,,
2025-09-02T15:10:00.000000,1499.25,1500.45,1498.15,1498.15,315,INFY,NaN,1499.0317200196803,1500.1894628427633,44.842636239327426,1504.5,21.039453274393388,,,,,
2025-09-02T15:15:00.000000,1498.95,1499.3,1496.5,1497.9,675,INFY,NaN,1498.8053760157443,1499.9813298570575,44.55888098270883,1504.5,20.916389439280437,,,,,
2025-09-02T15:20:00.000000,1497.9,1498.2,1496.05,1496.65,950,INFY,NaN,1498.3743008125955,1499.6784816882341,44.007640564274546,1504.5,20.973161078188088,,,,,
2025-09-02T15:25:00.000000,1496.65,1498.05,1492.85,1495.65,2810,INFY,NaN,1497.8294406500763,1499.3122560802128,43.287970525512215,1504.5,22.061500849997504,,,,,
2025-09-03T09:15:00.000000,1497.05,1502.4,1482.2,1482.2,9469,INFY,NaN,1494.703552520061,1497.7565964365572,41.02507496250373,1502.4,24.889908174005125,,,,,
2025-09-03T09:20:00.000000,1482.2,1486.9,1482.2,1486.25,2418,INFY,NaN,1493.0128420160488,1496.7105422150519,39.980570972824644,1502.4,27.516286403440773,,,,,
2025-09-03T09:25:00.000000,1486.25,1488.9,1485.5,1488.85,943,INFY,NaN,1492.180273612839,1495.995947468229,39.58816848757759,1502.4,29.03194482423672,,,,,
2025-09-03T09:30:00.000000,1488.85,1489.15,1484.35,1485.3,1649,INFY,NaN,1490.8042188902712,1495.0235886074809,38.86181052222153,1502.4,30.61206229587006,,,,,
2025-09-03T09:35:00.000000,1485.3,1485.35,1481.9,1482.15,2003,INFY,NaN,1489.073375112217,1493.853262370437,37.91814118113363,1502.4,32.42002545110221,,,,,
2025-09-03T09:40:00.000000,1482.1,1483.6,1481.0,1482.05,1104,INFY,NaN,1487.6687000897737,1492.7802385185792,37.055500926939544,1502.4,34.21594921494511,,,,,
2025-09-03T09:45:00.000000,1482.05,1482.95,1478.4,1480.15,3472,INFY,NaN,1486.164960071819,1491.63203501689,36.105740908682435,1502.4,36.197976356334706,,,,,
2025-09-03T09:50:00.000000,1480.15,1481.6,1479.6,1481.3,1444,INFY,NaN,1485.1919680574551,1490.6927591062638,35.51444805684999,1502.4,38.03843013048218,,,,,
2025-09-03T09:55:00.000000,1480.7,1482.0,1480.3,1480.3,1377,INFY,NaN,1484.213574445964,1489.7479628238762,34.88015117089039,1502.4,39.53722573987138,,,,,
2025-09-03T10:00:00.000000,1480.35,1481.6,1478.05,1478.6,2940,INFY,NaN,1483.0908595567712,1488.7345116580693,34.14131170642815,1502.4,41.219181142203375,,,,,
2025-09-03T10:05:00.000000,1478.6,1480.6,1478.0,1479.1,4720,INFY,NaN,1482.292687645417,1487.8586469618813,33.6023369981736,1502.4,42.7872387814403,,,,,
2025-09-03T10:10:00.000000,1479.2,1480.85,1479.1,1479.8,3761,INFY,NaN,1481.7941501163334,1487.1260426926194,33.301052802505716,1502.4,44.0965993148191,,,,,
2025-09-03T10:15:00.000000,1479.8,1480.5,1478.8,1479.25,1494,INFY,NaN,1481.2853200930667,1486.4100388114723,32.962866755810005,1502.4,45.356883715856,,,,,
2025-09-03T10:20:00.000000,1479.25,1480.0,1478.6,1479.6,534,INFY,NaN,1480.9482560744534,1485.7909443740657,32.759053208842516,1502.4,46.55819286820842,,,,,
2025-09-03T10:25:00.000000,1479.6,1480.5,1478.8,1479.9,326,INFY,NaN,1480.7386048595627,1485.2554039764234,32.66622513926412,1502.4,47.32991501634353,,,,,
2025-09-03T10:30:00.000000,1479.9,1479.9,1478.1,1478.55,762,INFY,NaN,1480.3008838876501,1484.6458217967486,32.39120306660733,1502.4,48.17694840800997,,,,,
2025-09-03T10:35:00.000000,1478.55,1478.85,1476.2,1476.4,2123,INFY,NaN,1479.5207071101202,1483.8962016334078,31.865387304842933,1502.4,49.28781641085216,,,,,
2025-09-03T10:40:00.000000,1476.4,1476.9,1475.45,1475.75,1490,INFY,NaN,1478.766565688096,1483.1556378485525,31.310783171258947,1502.4,50.436338762272364,,,,,
2025-09-03T10:45:00.000000,1476.05,1476.5,1475.25,1475.8,676,INFY,NaN,1478.173252550477,1482.486943498684,30.82693503936233,1502.4,51.53449619130385,,,,,
2025-09-03T10:50:00.000000,1475.8,1476.65,1475.6,1476.25,2250,INFY,NaN,1477.7886020403816,1481.9199486351672,30.558394870588256,1502.4,52.432991538590386,,,,,
2025-09-03T10:55:00.000000,1476.25,1476.9,1475.9,1476.75,269,INFY,NaN,1477.5808816323054,1481.4499533046974,30.507510420161765,1502.4,53.055842034005444,,,,,
2025-09-03T11:00:00.000000,1476.75,1476.75,1473.5,1473.5,1865,INFY,NaN,1476.7647053058442,1480.7272302769977,29.99266468393903,1502.4,54.07036140457394,,,,,
2025-09-03T11:05:00.000000,1473.5,1475.35,1473.0,1474.0,1692,INFY,NaN,1476.2117642446754,1480.1156638881798,29.715489577249222,1502.4,55.09208006290665,,,,,
2025-09-03T11:10:00.000000,1474.0,1476.0,1474.0,1475.55,919,INFY,NaN,1476.0794113957402,1479.700603534709,30.0280802313145,1502.4,55.49336436941273,,,,,
2025-09-03T11:15:00.000000,1475.2,1476.4,1473.6,1476.4,1498,INFY,NaN,1476.1435291165922,1479.4005486679173,30.602641310941195,1502.4,55.865985511168375,,,,,
2025-09-03T11:20:00.000000,1476.4,1477.65,1475.8,1476.3,1659,INFY,NaN,1476.1748232932737,1479.1186806071976,31.102703373173277,1502.4,55.153987003222554,,,,,
2025-09-03T11:25:00.000000,1476.3,1476.3,1473.55,1475.3,5968,INFY,NaN,1475.999858634619,1478.7715278247251,31.355731068493156,1502.4,55.07861371942305,,,,,
2025-09-03T11:30:00.000000,1475.3,1476.25,1474.7,1475.0,607,INFY,NaN,1475.799886907695,1478.428661658841,31.525121988689577,1502.4,55.00862424160923,,,,,
2025-09-03T11:35:00.000000,1475.0,1476.35,1474.75,1476.35,644,INFY,NaN,1475.909909526156,1478.2396924171283,32.202803648185295,1502.4,54.858300724437534,,,,,
2025-09-03T11:40:00.000000,1476.35,1476.7,1475.55,1475.6,252,INFY,NaN,1475.8479276209248,1477.9997203792075,32.64314184512992,1502.4,54.40862843294724,,,,,
2025-09-03T11:45:00.000000,1475.6,1476.45,1475.4,1476.3,877,INFY,NaN,1475.93834209674,1477.8452003447342,33.312707534292464,1502.4,54.038597488832785,,,,,
2025-09-03T11:50:00.000000,1476.3,1478.5,1475.2,1478.5,390,INFY,NaN,1476.450673677392,1477.904727586122,34.678929639208896,1502.4,51.990350705007934,,,,,
2025-09-03T11:55:00.000000,1478.5,1480.5,1478.5,1480.3,764,INFY,NaN,1477.2205389419134,1478.1224796237473,36.435663636697164,1502.4,48.80026967891702,,,,,
2025-09-03T12:00:00.000000,1480.3,1480.5,1479.65,1480.25,222,INFY,NaN,1477.8264311535308,1478.315890567043,38.00933163108049,1502.4,45.83805158326117,,,,,
2025-09-03T12:05:00.000000,1480.25,1480.45,1479.1,1479.6,412,INFY,NaN,1478.1811449228246,1478.4326277882208,39.22239039856775,1502.4,43.37779297888403,,,,,
2025-09-03T12:10:00.000000,1480.1,1481.55,1479.8,1480.15,1897,INFY,NaN,1478.5749159382597,1478.5887525347462,40.491964421663276,1502.4,40.40638594790325,,,,,
2025-09-03T12:15:00.000000,1480.15,1481.25,1480.1,1480.35,1291,INFY,NaN,1478.9299327506078,1478.7488659406783,41.70461068767281,1502.4,37.64722227627824,,,,,
2025-09-03T12:20:00.000000,1480.35,1481.4,1480.0,1480.3,1987,INFY,NaN,1479.2039462004861,1478.8898781278895,42.78251606342583,1502.4,34.987226262701974,,,,,
2025-09-03T12:25:00.000000,1480.3,1481.2,1480.0,1480.0,315,INFY,NaN,1479.363156960389,1478.9907982980812,43.636814585138374,1502.4,32.51722996438115,,,,,
2025-09-03T12:30:00.000000,1480.0,1480.5,1478.9,1480.2,655,INFY,NaN,1479.5305255683113,1479.1007257255285,44.487430432309374,1502.4,30.954793861260274,,,,,
2025-09-03T12:35:00.000000,1480.2,1480.2,1477.8,1478.0,429,INFY,NaN,1479.2244204546491,1479.0006597504805,44.42170932874592,1502.4,30.14000947009086,,,,,
2025-09-03T12:40:00.000000,1478.0,1479.0,1476.2,1477.25,4661,INFY,NaN,1478.8295363637194,1478.8415088640731,44.12148787702576,1502.4,30.159344335801936,,,,,
2025-09-03T12:45:00.000000,1476.6,1478.2,1476.35,1477.1,8206,INFY,NaN,1478.4836290909755,1478.68318987643,43.801596164517974,1502.4,30.17729813967651,,,,,
2025-09-03T12:50:00.000000,1477.1,1477.1,1475.6,1475.6,1186,INFY,NaN,1477.9069032727803,1478.4028998876638,43.05875812484378,1502.4,30.53388375212427,,,,,
2025-09-03T12:55:00.000000,1475.6,1476.6,1475.0,1475.0,1104,INFY,NaN,1477.325522618224,1478.0935453524216,42.222425444384626,1502.4,31.12264271433591,,,,,
2025-09-03T13:00:00.000000,1475.0,1475.9,1474.7,1475.0,796,INFY,NaN,1476.8604180945792,1477.812313956747,41.46574349539778,1502.4,31.796549244096592,,,,,
2025-09-03T13:05:00.000000,1475.0,1475.9,1474.85,1475.6,414,INFY,NaN,1476.6083344756635,1477.6111945061336,41.1105557819613,1502.4,32.42231959316008,,,,,
2025-09-03T13:10:00.000000,1475.6,1477.0,1475.0,1475.7,269,INFY,NaN,1476.4266675805309,1477.4374495510306,40.84468765638411,1502.4,31.89824044652052,,,,,
2025-09-03T13:15:00.000000,1475.7,1476.35,1475.1,1476.0,2012,INFY,NaN,1476.3413340644247,1477.3067723191186,40.77653294177406,1502.4,31.411595524640926,,,,,
2025-09-03T13:20:00.000000,1476.0,1477.15,1475.35,1476.3,1077,INFY,NaN,1476.3330672515397,1477.2152475628352,40.889553762117096,1502.4,30.2006405975643,,,,,
2025-09-03T13:25:00.000000,1476.3,1478.1,1476.3,1478.05,445,INFY,NaN,1476.6764538012317,1477.291134148032,41.883885172017315,1502.4,28.274970100123944,,,,,
2025-09-03T13:30:00.000000,1478.05,1478.7,1476.6,1477.55,351,INFY,NaN,1476.8511630409853,1477.3146674073018,42.55223854848129,1502.4,26.484642309998723,,,,,
2025-09-03T13:35:00.000000,1477.55,1477.55,1476.0,1476.15,326,INFY,NaN,1476.7109304327882,1477.2087885520925,42.57548518945283,1502.4,24.828417134565452,,,,,
2025-09-03T13:40:00.000000,1476.15,1478.05,1476.15,1477.35,502,INFY,NaN,1476.8387443462307,1477.2216259564477,43.159486415257554,1502.4,23.21458591952714,,,,,
2025-09-03T13:45:00.000000,1477.35,1478.3,1477.3,1477.35,207,INFY,NaN,1476.9409954769844,1477.2332963240433,43.687868476699926,1502.4,21.911767444268985,,,,,
2025-09-03T13:50:00.000000,1477.35,1478.55,1477.0,1478.5,170,INFY,NaN,1477.2527963815876,1477.3484512036757,44.66917772909714,1502.4,20.43989224645912,,,,,
2025-09-03T13:55:00.000000,1478.5,1479.2,1477.4,1478.7,302,INFY,NaN,1477.54223710527,1477.471319276069,45.639972655387105,1502.4,19.604796696248425,,,,,
2025-09-03T14:00:00.000000,1478.65,1478.7,1477.2,1477.4,507,INFY,NaN,1477.5137896842161,1477.4648357055173,45.906974970248754,1502.4,18.639970531579767,,,,,
2025-09-03T14:05:00.000000,1477.4,1478.4,1477.4,1477.45,231,INFY,NaN,1477.501031747373,1477.4634870050158,46.17222945440941,1502.4,17.7440605215303,,,,,
2025-09-03T14:10:00.000000,1477.45,1478.65,1477.1,1477.3,309,INFY,NaN,1477.4608253978984,1477.4486245500143,46.341073077456684,1502.4,16.60379964920578,,,,,
2025-09-03T14:15:00.000000,1477.3,1478.6,1477.3,1478.6,98,INFY,NaN,1477.6886603183186,1477.5532950454676,47.11482624446426,1502.4,15.544985982047297,,,,,
2025-09-03T14:20:00.000000,1478.6,1479.0,1477.6,1478.35,231,INFY,NaN,1477.820928254655,1477.625722768607,47.683728171687044,1502.4,14.97707986770008,,,,,
2025-09-03T14:25:00.000000,1478.35,1478.65,1477.55,1477.55,272,INFY,NaN,1477.766742603724,1477.6188388805517,47.79319195861317,1502.4,14.388984051421863,,,,,
2025-09-03T14:30:00.000000,1477.55,1478.45,1477.1,1477.1,1628,INFY,NaN,1477.633394082979,1477.5716717095925,47.67687199506646,1502.4,13.422123727406666,,,,,
2025-09-03T14:35:00.000000,1477.1,1477.95,1476.2,1477.75,1366,INFY,NaN,1477.6567152663833,1477.5878833723568,47.91352786662,1502.4,13.465589264467988,,,,,
2025-09-03T14:40:00.000000,1477.7,1477.75,1476.15,1476.2,2921,INFY,NaN,1477.3653722131066,1477.461712156688,47.4246215318098,1502.4,13.554394995796427,,,,,
2025-09-03T14:45:00.000000,1476.2,1478.0,1476.2,1477.4,187,INFY,NaN,1477.3722977704854,1477.4561019606256,47.57782740410087,1502.4,13.302979297407743,,,,,
2025-09-03T14:50:00.000000,1477.4,1478.35,1477.0,1477.9,830,INFY,NaN,1477.4778382163884,1477.4964563278415,47.943344651973526,1502.4,12.614598143611655,,,,,
2025-09-03T14:55:00.000000,1477.9,1477.9,1476.8,1477.0,1234,INFY,NaN,1477.3822705731106,1477.4513239344014,47.867200548544595,1502.4,12.212053772920223,,,,,
2025-09-03T15:00:00.000000,1477.0,1479.3,1477.0,1478.15,1775,INFY,NaN,1477.5358164584886,1477.514839940365,48.31479524999933,1502.4,12.41457942675616,,,,,
2025-09-03T15:05:00.000000,1478.25,1479.35,1478.1,1478.8,822,INFY,NaN,1477.788653166791,1477.631672673059,48.9853051436797,1502.4,12.650314375670575,,,,,
2025-09-03T15:10:00.000000,1478.8,1480.5,1478.6,1478.8,2141,INFY,NaN,1477.9909225334327,1477.7378842482356,49.59195695224766,1502.4,13.849956550583213,,,,,
2025-09-03T15:15:00.000000,1478.8,1480.25,1478.6,1479.4,3921,INFY,NaN,1478.272738026746,1477.888985680214,50.39255868480089,1502.4,14.963909998716376,,,,,
2025-09-03T15:20:00.000000,1479.4,1480.4,1479.0,1479.6,2011,INFY,NaN,1478.5381904213968,1478.0445324365583,51.2001569545715,1502.4,16.11950058300956,,,,,
2025-09-03T15:25:00.000000,1479.6,1480.0,1478.6,1479.6,2557,INFY,NaN,1478.7505523371174,1478.1859385786893,51.930841103411574,1502.4,16.587367055853488,,,,,
2025-09-04T09:15:00.000000,1482.45,1485.0,1475.05,1478.95,9505,INFY,NaN,1478.790441869694,1478.2553987078993,52.18412793025384,1485.0,19.591132654430762,,,,,
2025-09-04T09:20:00.000000,1478.95,1480.1,1476.1,1476.5,4481,INFY,NaN,1478.3323534957551,1478.0958170071813,51.228209339076564,1485.0,22.380343567395368,,,,,
2025-09-04T09:25:00.000000,1477.1,1477.95,1475.05,1475.4,4517,INFY,NaN,1477.745882796604,1477.850742733801,49.964852727554195,1485.0,23.817238826277165,,,,,
2025-09-04T09:30:00.000000,1475.4,1476.8,1475.1,1476.35,1866,INFY,NaN,1477.4667062372832,1477.7143115761828,49.32121808166962,1485.0,25.151498709524553,,,,,
2025-09-04T09:35:00.000000,1476.35,1477.45,1475.35,1475.4,1397,INFY,NaN,1477.0533649898266,1477.5039196147115,48.39556174336863,1485.0,26.67010144257076,,,,,
2025-09-04T09:40:00.000000,1475.4,1476.2,1471.5,1471.5,3898,INFY,NaN,1475.9426919918612,1476.9581087406468,46.54174476072482,1485.0,24.913650486958684,,,,,
2025-09-04T09:45:00.000000,1471.4,1476.6,1471.0,1475.95,12670,INFY,NaN,1475.944153593489,1476.866462491497,46.54816804647443,1485.0,23.281781871746936,,,,,
2025-09-04T09:50:00.000000,1475.95,1476.5,1472.2,1473.7,8264,INFY,NaN,1475.4953228747913,1476.5786022649972,46.024451388069565,1485.0,21.76647530047888,,,,,
2025-09-04T09:55:00.000000,1473.5,1474.2,1472.1,1473.75,2831,INFY,NaN,1475.146258299833,1476.3214566045428,45.56659489840283,1485.0,20.424710161214986,,,,,
2025-09-04T10:00:00.000000,1473.75,1474.6,1473.3,1474.0,843,INFY,NaN,1474.9170066398665,1476.110415095039,45.23686230725254,1485.0,19.037201691083673,,,,,
2025-09-04T10:05:00.000000,1474.0,1474.25,1472.1,1472.15,2000,INFY,NaN,1474.3636053118933,1475.7503773591263,44.50790199433757,1485.0,18.4070392382008,,,,,
2025-09-04T10:10:00.000000,1472.3,1473.65,1471.2,1471.35,14515,INFY,NaN,1473.7608842495147,1475.3503430537512,43.67788570937301,1485.0,18.349705133862418,,,,,
2025-09-04T10:15:00.000000,1471.35,1472.25,1471.3,1471.75,585,INFY,NaN,1473.3587073996118,1475.0230391397738,43.07982568181193,1485.0,18.296466322691064,,,,,
2025-09-04T10:20:00.000000,1472.3,1472.8,1471.3,1472.05,2039,INFY,NaN,1473.0969659196894,1474.7527628543398,42.65675362005735,1485.0,17.78404131944495,,,,,
2025-09-04T10:25:00.000000,1472.05,1472.05,1470.0,1470.9,3383,INFY,NaN,1472.6575727357515,1474.4025116857636,41.995964661528724,1485.0,18.08928329356529,,,,,
2025-09-04T10:30:00.000000,1471.0,1471.0,1469.3,1470.0,4440,INFY,NaN,1472.1260581886013,1474.0022833506941,41.19446799112514,1485.0,18.74347155679722,,,,,
2025-09-04T10:35:00.000000,1470.0,1470.7,1469.05,1469.9,3015,INFY,NaN,1471.6808465508811,1473.629348500631,40.44655878312127,1485.0,19.480708019068835,,,,,
2025-09-04T10:40:00.000000,1469.9,1470.2,1468.0,1468.0,4420,INFY,NaN,1470.944677240705,1473.1175895460283,39.366484413478,1485.0,20.67952546969486,,,,,
2025-09-04T10:45:00.000000,1468.35,1469.35,1467.2,1468.5,6591,INFY,NaN,1470.455741792564,1472.6978086782076,38.623911529061935,1485.0,22.142686254783374,,,,,
2025-09-04T10:50:00.000000,1469.0,1469.65,1467.5,1467.8,5090,INFY,NaN,1469.924593434051,1472.2525533438252,37.80237171442624,1485.0,23.197728078008403,,,,,
2025-09-04T10:55:00.000000,1467.8,1471.05,1467.55,1471.05,817,INFY,NaN,1470.1496747472409,1472.1432303125684,38.38788616706279,1485.0,22.89203866189153,,,,,
2025-09-04T11:00:00.000000,1471.05,1471.9,1469.45,1470.75,4894,INFY,NaN,1470.2697397977927,1472.0165730114259,38.83631404040955,1485.0,21.93597988871694,,,,,
2025-09-04T11:05:00.000000,1470.75,1471.55,1470.0,1470.25,1674,INFY,NaN,1470.2657918382342,1471.8559754649325,39.10372850318231,1485.0,21.048211027911965,,,,,
2025-09-04T11:10:00.000000,1470.25,1470.25,1468.75,1468.75,1357,INFY,NaN,1469.9626334705874,1471.5736140590295,38.95628837084031,1485.0,20.992529462555346,,,,,
2025-09-04T11:15:00.000000,1468.75,1469.55,1468.55,1469.05,609,INFY,NaN,1469.78010677647,1471.3441945991178,38.9460437279729,1485.0,21.05517970719452,,,,,
2025-09-04T11:20:00.000000,1469.05,1469.2,1467.35,1467.75,3606,INFY,NaN,1469.374085421176,1471.0174496355617,38.6107327155587,1485.0,21.754269409071235,,,,,
2025-09-04T11:25:00.000000,1467.75,1469.7,1467.55,1469.3,915,INFY,NaN,1469.3592683369409,1470.8613178505107,38.932497559978316,1485.0,21.94540928907154,,,,,
2025-09-04T11:30:00.000000,1469.3,1469.65,1467.9,1469.4,2678,INFY,NaN,1469.3674146695528,1470.7284707731915,39.26236358362639,1485.0,22.1228963205004,,,,,
2025-09-04T11:35:00.000000,1469.4,1469.5,1467.5,1467.5,962,INFY,NaN,1468.9939317356423,1470.434973430174,39.05412445816362,1485.0,22.522467335379627,,,,,
2025-09-04T11:40:00.000000,1467.5,1470.85,1467.5,1469.95,570,INFY,NaN,1469.1851453885138,1470.3908849365218,39.75505284841867,1485.0,21.648269797621058,,,,,
2025-09-04T11:45:00.000000,1469.95,1471.4,1469.1,1470.3,8733,INFY,NaN,1469.408116310811,1470.3826226695653,40.50314178088696,1485.0,20.39140704905315,,,,,
2025-09-04T11:50:00.000000,1470.3,1472.0,1470.0,1472.0,766,INFY,NaN,1469.9264930486488,1470.529656972332,41.701642324976795,1485.0,19.108099326981595,,,,,
2025-09-04T11:55:00.000000,1472.0,1472.0,1469.05,1469.65,689,INFY,NaN,1469.871194438919,1470.4496881566656,42.105060090288895,1485.0,18.27205962175247,,,,,
2025-09-04T12:00:00.000000,1469.65,1471.65,1469.3,1471.1,574,INFY,NaN,1470.116955551135,1470.5088074151506,42.89299189938788,1485.0,17.495737038325423,,,,,
2025-09-04T12:05:00.000000,1471.1,1474.6,1471.1,1472.3,11197,INFY,NaN,1470.553564440908,1470.6716431046823,43.92825833519751,1485.0,17.68752603045126,,,,,
2025-09-04T12:10:00.000000,1472.3,1473.0,1470.45,1472.95,1835,INFY,NaN,1471.0328515527265,1470.8787664588021,45.033446749231885,1485.0,17.372515845589767,,,,,
2025-09-04T12:15:00.000000,1472.95,1473.7,1470.35,1471.1,422,INFY,NaN,1471.046281242181,1470.898878598911,45.47813475440031,1485.0,17.466900760802933,,,,,
2025-09-04T12:20:00.000000,1471.1,1471.7,1468.6,1469.25,854,INFY,NaN,1470.687024993745,1470.7489805444645,45.39965330582269,1485.0,16.334115658406173,,,,,
2025-09-04T12:25:00.000000,1469.25,1469.25,1467.25,1467.8,883,INFY,NaN,1470.109619994996,1470.4808914040586,44.99281712575835,1485.0,15.827776809749588,,,,,
2025-09-04T12:30:00.000000,1467.8,1468.4,1467.2,1467.55,809,INFY,NaN,1469.5976959959967,1470.2144467309624,44.56812565501534,1485.0,15.385106044530632,,,,,
2025-09-04T12:35:00.000000,1467.55,1469.9,1467.1,1468.8,5578,INFY,NaN,1469.4381567967973,1470.0858606645113,44.592743017550895,1485.0,14.542200780224022,,,,,
2025-09-04T12:40:00.000000,1468.4,1469.3,1467.2,1468.9,821,INFY,NaN,1469.330525437438,1469.9780551495558,44.64749589448498,1485.0,13.759503034796454,,,,,
2025-09-04T12:45:00.000000,1468.9,1469.3,1467.6,1468.9,1158,INFY,NaN,1469.2444203499504,1469.88005013596,44.69703421171106,1485.0,13.032712271185142,,,,,
2025-09-04T12:50:00.000000,1468.9,1469.05,1467.75,1469.05,432,INFY,NaN,1469.2055362799604,1469.8045910326907,44.79741162864101,1485.0,12.357835133546066,,,,,
2025-09-04T12:55:00.000000,1469.05,1470.0,1468.05,1469.9,591,INFY,NaN,1469.3444290239684,1469.8132645751734,45.20321276465462,1485.0,12.372475739874654,,,,,
2025-09-04T13:00:00.000000,1469.9,1470.0,1468.05,1469.3,699,INFY,NaN,1469.3355432191747,1469.7666041592486,45.36342312597189,1485.0,12.386070588608343,,,,,
2025-09-04T13:05:00.000000,1469.3,1471.9,1469.3,1470.0,710,INFY,NaN,1469.4684345753399,1469.7878219629533,45.775038950913974,1485.0,13.508086511309033,,,,,
2025-09-04T13:10:00.000000,1470.0,1471.9,1468.15,1469.85,4415,INFY,NaN,1469.544747660272,1469.7934745117757,46.09058039009412,1485.0,13.600518016322846,,,,,
2025-09-04T13:15:00.000000,1469.95,1471.4,1468.6,1470.25,10660,INFY,NaN,1469.6857981282176,1469.834976828887,46.53784511341934,1485.0,13.68634727097853,,,,,
2025-09-04T13:20:00.000000,1470.25,1471.35,1468.55,1470.4,3220,INFY,NaN,1469.828638502574,1469.8863425717154,47.00482598033454,1485.0,13.723362082823718,,,,,
2025-09-04T13:25:00.000000,1470.85,1470.85,1469.45,1470.0,161,INFY,NaN,1469.862910802059,1469.896675065196,47.24716045773923,1485.0,13.757732979537106,,,,,
2025-09-04T13:30:00.000000,1470.0,1470.45,1468.6,1469.6,780,INFY,NaN,1469.8103286416472,1469.8697046047237,47.28663980423919,1485.0,13.030396255373754,,,,,
2025-09-04T13:35:00.000000,1469.1,1470.0,1468.1,1468.75,3204,INFY,NaN,1469.5982629133177,1469.7679132770215,46.958357075919075,1485.0,12.25621581896426,,,,,
2025-09-04T13:40:00.000000,1468.75,1469.45,1468.0,1468.55,367,INFY,NaN,1469.3886103306543,1469.6571938882014,46.5781895733652,1485.0,11.620122668414337,,,,,
2025-09-04T13:45:00.000000,1468.55,1468.55,1466.0,1467.0,2550,INFY,NaN,1468.9108882645235,1469.4156308074557,45.65100807581201,1485.0,12.433195203937313,,,,,
2025-09-04T13:50:00.000000,1467.0,1469.0,1466.35,1466.6,18180,INFY,NaN,1468.4487106116187,1469.1596643704142,44.67844024705275,1485.0,12.77563583640348,,,,,
2025-09-04T13:55:00.000000,1466.65,1467.9,1466.3,1466.3,1541,INFY,NaN,1468.018968489295,1468.8996948821948,43.69773310078054,1485.0,13.126650456004603,,,,,
2025-09-04T14:00:00.000000,1466.3,1467.4,1465.45,1465.8,1188,INFY,NaN,1467.575174791436,1468.617904438359,42.64389024072155,1485.0,13.998181697354507,,,,,
2025-09-04T14:05:00.000000,1465.8,1466.9,1465.55,1466.3,2633,INFY,NaN,1467.3201398331487,1468.4071858530535,42.02358455228443,1485.0,14.807460707179418,,,,,
2025-09-04T14:10:00.000000,1466.3,1467.0,1465.65,1466.55,966,INFY,NaN,1467.166111866519,1468.2383507755032,41.62781306712208,1485.0,15.447004016727108,,,,,
2025-09-04T14:15:00.000000,1466.55,1467.6,1465.1,1466.45,766,INFY,NaN,1467.0228894932152,1468.0757734322756,41.227965326321154,1485.0,15.380055637466574,,,,,
2025-09-04T14:20:00.000000,1466.45,1467.2,1464.0,1464.35,4361,INFY,NaN,1466.4883115945722,1467.7370667566142,40.126313923079884,1485.0,16.103215251850994,,,,,
2025-09-04T14:25:00.000000,1463.6,1465.0,1462.8,1463.15,10287,INFY,NaN,1465.8206492756578,1467.320060687831,38.80963814466165,1485.0,17.47315985219007,,,,,
2025-09-04T14:30:00.000000,1463.75,1465.9,1463.35,1464.45,1857,INFY,NaN,1465.5465194205262,1467.0591460798464,38.43758021030847,1485.0,17.819011674799683,,,,,
2025-09-04T14:35:00.000000,1464.45,1465.0,1463.0,1463.5,1038,INFY,NaN,1465.137215536421,1466.735587345315,37.82131326425989,1485.0,18.35431832498744,,,,,
2025-09-04T14:40:00.000000,1462.7,1465.75,1462.4,1464.55,951,INFY,NaN,1465.0197724291368,1466.53689758665,37.85348697940106,1485.0,18.119373469850718,,,,,
2025-09-04T14:45:00.000000,1464.55,1465.2,1462.35,1464.7,2137,INFY,NaN,1464.9558179433095,1466.3699068969545,37.96392990482402,1485.0,17.936623181526727,,,,,
2025-09-04T14:50:00.000000,1464.7,1465.8,1462.75,1464.15,4250,INFY,NaN,1464.7946543546477,1466.1680971790495,37.871721821543225,1485.0,17.187942106073912,,,,,
2025-09-04T14:55:00.000000,1464.05,1468.05,1463.15,1464.25,8237,INFY,NaN,1464.6857234837182,1465.9937247082269,37.84844148778885,1485.0,17.12198957779511,,,,,
2025-09-04T15:00:00.000000,1464.25,1467.4,1464.25,1465.25,32895,INFY,NaN,1464.7985787869745,1465.9261133711154,38.40613687017278,1485.0,17.060747944393363,,,,,
2025-09-04T15:05:00.000000,1465.2,1466.45,1462.05,1464.65,72575,INFY,NaN,1464.7688630295797,1465.8101030646503,38.664201045547394,1485.0,16.3429768060151,,,,,
2025-09-04T15:10:00.000000,1463.85,1465.15,1460.6,1461.65,68872,INFY,NaN,1464.1450904236638,1465.431911876955,37.95085693660787,1485.0,16.50288457564611,,,,,
2025-09-04T15:15:00.000000,1461.65,1463.6,1460.0,1460.9,54066,INFY,NaN,1463.496072338931,1465.0199198881407,37.12398582261158,1485.0,16.956878321654322,,,,,
2025-09-04T15:20:00.000000,1460.9,1464.1,1460.9,1463.85,29323,INFY,NaN,1463.5668578711447,1464.9135635346734,37.76122754981348,1485.0,16.98334718664178,,,,,
2025-09-04T15:25:00.000000,1463.85,1464.3,1461.45,1462.0,2455,INFY,NaN,1463.2534862969158,1464.6486941224302,37.82888578991391,1485.0,16.84848465578603,,,,,
2025-09-05T09:15:00.000000,1469.5,1472.55,1465.0,1471.55,4301,INFY,NaN,1464.9127890375325,1465.2760855658457,40.25771977375801,1472.55,18.332377435761583,,,,,
2025-09-05T09:20:00.000000,1471.05,1472.0,1467.0,1467.1,2311,INFY,NaN,1465.350231230026,1465.4418959689506,41.43846748781233,1472.55,19.71027787431031,,,,,
2025-09-05T09:25:00.000000,1467.1,1469.25,1467.1,1468.95,2146,INFY,NaN,1466.070184984021,1465.7608145172278,42.82318566050901,1472.55,20.9897568529627,,,,,
2025-09-05T09:30:00.000000,1468.95,1472.2,1468.85,1472.2,394,INFY,NaN,1467.2961479872167,1466.3461950156616,44.567414136080444,1472.55,22.934490838436634,,,,,
2025-09-05T09:35:00.000000,1472.2,1472.2,1469.0,1469.85,817,INFY,NaN,1467.8069183897733,1466.6647227415106,45.65855638875799,1472.55,24.740315253519572,,,,,
2025-09-05T09:40:00.000000,1469.85,1470.35,1468.0,1468.65,582,INFY,NaN,1467.9755347118187,1466.8452024922824,46.41117369579607,1472.55,25.754565917299026,,,,,
2025-09-05T09:45:00.000000,1468.65,1470.0,1467.0,1470.0,1635,INFY,NaN,1468.3804277694549,1467.1320022657112,47.315801153744665,1472.55,26.06971080570628,,,,,
2025-09-05T09:50:00.000000,1470.0,1472.1,1469.9,1471.4,1925,INFY,NaN,1468.9843422155639,1467.5200020597374,48.35877471625441,1472.55,26.985650391466546,,,,,
2025-09-05T09:55:00.000000,1471.4,1472.15,1470.05,1470.05,628,INFY,NaN,1469.197473772451,1467.7500018724886,49.0105252674938,1472.55,27.850106128129365,,,,,
2025-09-05T10:00:00.000000,1470.05,1470.75,1467.9,1467.9,448,INFY,NaN,1468.937979017961,1467.7636380658987,49.16516057813834,1472.55,27.372777151909084,,,,,
2025-09-05T10:05:00.000000,1467.9,1468.25,1455.0,1460.5,4797,INFY,NaN,1467.2503832143689,1467.1033073326353,48.17314867711042,1472.55,27.837540605745062,,,,,
2025-09-05T10:10:00.000000,1460.5,1460.5,1439.85,1443.9,37955,INFY,NaN,1462.5803065714952,1464.993915756941,45.940216389454335,1472.55,29.99254937311719,,,,,
2025-09-05T10:15:00.000000,1443.9,1445.55,1433.15,1435.0,16522,INFY,NaN,1457.064245257196,1462.2671961426738,43.51294649522421,1472.55,32.43773368853612,,,,,
2025-09-05T10:20:00.000000,1435.0,1441.8,1433.95,1440.7,10748,INFY,NaN,1453.7913962057569,1460.3065419478853,42.12370015123589,1472.55,34.708261981425125,,,,,
2025-09-05T10:25:00.000000,1442.0,1449.85,1438.5,1448.2,14074,INFY,NaN,1452.6731169646055,1459.2059472253502,41.75435904803799,1472.55,34.81036369395769,,,,,
2025-09-05T10:30:00.000000,1448.2,1449.5,1442.05,1444.2,10104,INFY,NaN,1450.9784935716843,1457.841770204864,41.16507975209156,1472.55,34.905172427023636,,,,,
2025-09-05T10:35:00.000000,1444.2,1447.95,1440.5,1445.9,6915,INFY,NaN,1449.9627948573475,1456.7561547316946,40.82252578189571,1472.55,35.161018601393216,,,,,
2025-09-05T10:40:00.000000,1445.9,1447.7,1442.2,1445.0,3903,INFY,NaN,1448.970235885878,1455.6874133924496,40.45033761502565,1472.55,35.39859004902211,,,,,
2025-09-05T10:45:00.000000,1445.0,1450.05,1443.9,1446.35,3983,INFY,NaN,1448.4461887087025,1454.8385576294995,40.27786009747607,1472.55,35.01820490414828,,,,,
2025-09-05T10:50:00.000000,1446.35,1447.5,1444.0,1444.25,2741,INFY,NaN,1447.606950966962,1453.8759614813632,39.96064637546509,1472.55,34.66499012676543,,,,,
2025-09-05T10:55:00.000000,1444.25,1445.55,1442.75,1445.0,4753,INFY,NaN,1447.0855607735696,1453.0690558921483,39.77311804430657,1472.55,34.51744453199877,,,,,
2025-09-05T11:00:00.000000,1445.0,1449.0,1443.75,1448.0,1656,INFY,NaN,1447.2684486188557,1452.6082326292258,39.9967892441283,1472.55,33.46204634866606,,,,,
2025-09-05T11:05:00.000000,1448.0,1448.55,1443.35,1444.05,1660,INFY,NaN,1446.6247588950846,1451.8302114811142,39.852987662269086,1472.55,32.550610141227764,,,,,
2025-09-05T11:10:00.000000,1444.05,1445.0,1442.85,1443.05,767,INFY,NaN,1445.9098071160677,1451.0320104373766,39.6386283736653,1472.55,31.794041119080685,,,,,
2025-09-05T11:15:00.000000,1443.05,1444.25,1442.4,1444.1,2819,INFY,NaN,1445.547845692854,1450.4018276703423,39.59523139356602,1472.55,31.175841242453014,,,,,
2025-09-05T11:20:00.000000,1444.1,1445.5,1443.55,1444.15,946,INFY,NaN,1445.2682765542831,1449.8334797003113,39.56348247940138,1472.55,30.220990314900092,,,,,
2025-09-05T11:25:00.000000,1444.15,1444.5,1442.0,1443.0,1072,INFY,NaN,1444.8146212434265,1449.2122542730103,39.41833100750854,1472.55,29.655218237933912,,,,,
2025-09-05T11:30:00.000000,1443.0,1444.7,1441.9,1442.0,1564,INFY,NaN,1444.2516969947412,1448.5565947936457,39.184363068892104,1472.55,29.064012300296376,,,,,
2025-09-05T11:35:00.000000,1442.0,1442.45,1440.8,1441.35,2322,INFY,NaN,1443.6713575957929,1447.9014498124052,38.904222709758926,1472.55,28.755042368245547,,,,,
2025-09-05T11:40:00.000000,1441.35,1441.9,1438.8,1438.8,4828,INFY,NaN,1442.6970860766344,1447.0740452840048,38.38870440262595,1472.55,28.88326310053418,,,,,
2025-09-05T11:45:00.000000,1438.8,1439.55,1437.0,1438.9,3611,INFY,NaN,1441.9376688613074,1446.3309502581862,37.942527593453995,1472.55,29.347751207100323,,,,,
2025-09-05T11:50:00.000000,1438.9,1440.0,1437.6,1440.0,3216,INFY,NaN,1441.5501350890459,1445.7554093256238,37.76917629846616,1472.55,29.60110424061666,,,,,
2025-09-05T11:55:00.000000,1440.0,1440.5,1439.2,1440.25,1199,INFY,NaN,1441.2901080712368,1445.2549175687489,37.66617246328273,1472.55,29.631842223261692,,,,,
2025-09-05T12:00:00.000000,1440.25,1440.25,1438.7,1439.8,3817,INFY,NaN,1440.9920864569895,1444.7590159715899,37.51404962466827,1472.55,29.7737161648099,,,,,
2025-09-05T12:05:00.000000,1439.8,1442.05,1439.35,1441.95,3136,INFY,NaN,1441.1836691655915,1444.5036508832636,37.86258755500598,1472.55,29.14573277602085,,,,,
2025-09-05T12:10:00.000000,1441.95,1441.95,1440.3,1440.55,689,INFY,NaN,1441.0569353324731,1444.1442280756942,37.97000430000943,1472.55,28.56260534357387,,,,,
2025-09-05T12:15:00.000000,1440.55,1440.9,1439.75,1440.3,1588,INFY,NaN,1440.9055482659785,1443.7947527960855,38.02970737792784,1472.55,28.178261540919497,,,,,
2025-09-05T12:20:00.000000,1440.3,1442.0,1439.5,1441.4,1123,INFY,NaN,1441.004438612783,1443.5770479964415,38.3506673071573,1472.55,27.323624514620693,,,,,
2025-09-05T12:25:00.000000,1441.4,1442.0,1440.95,1441.1,719,INFY,NaN,1441.0235508902263,1443.3518618149467,38.58889748580684,1472.55,26.530032990200375,,,,,
2025-09-05T12:30:00.000000,1441.1,1441.6,1440.0,1440.55,571,INFY,NaN,1440.928840712181,1443.097147104497,38.705401619320156,1472.55,26.114049494677026,,,,,
2025-09-05T12:35:00.000000,1440.55,1440.55,1439.1,1440.2,2110,INFY,NaN,1440.7830725697447,1442.8337700949974,38.74580006445938,1472.55,26.021568257773684,,,,,
2025-09-05T12:40:00.000000,1440.2,1441.0,1440.0,1440.55,822,INFY,NaN,1440.7364580557958,1442.6261546318158,38.887452680025795,1472.55,25.69343959620645,,,,,
2025-09-05T12:45:00.000000,1440.55,1440.85,1438.3,1439.3,1820,INFY,NaN,1440.4491664446366,1442.3237769380144,38.765844837534125,1472.55,25.947401560968302,,,,,
2025-09-05T12:50:00.000000,1439.3,1439.55,1438.0,1439.55,2429,INFY,NaN,1440.2693331557093,1442.0716153981948,38.73808584499271,1472.55,26.277049598740085,,,,,
2025-09-05T12:55:00.000000,1439.55,1440.8,1438.55,1440.5,1728,INFY,NaN,1440.3154665245675,1441.9287412710862,39.02716947618374,1472.55,25.86596757856774,,,,,
2025-09-05T13:00:00.000000,1440.5,1441.0,1440.0,1440.85,762,INFY,NaN,1440.422373219654,1441.8306738828057,39.40424103792421,1472.55,25.371667396671196,,,,,
2025-09-05T13:05:00.000000,1440.85,1441.75,1440.0,1441.55,578,INFY,NaN,1440.6478985757233,1441.8051580752779,39.97856774600305,1472.55,24.486474506037116,,,,,
2025-09-05T13:10:00.000000,1441.55,1442.0,1440.1,1442.0,988,INFY,NaN,1440.9183188605787,1441.8228709775253,40.64822779389924,1472.55,23.521760265732507,,,,,
2025-09-05T13:15:00.000000,1442.0,1443.8,1441.6,1442.7,1000,INFY,NaN,1441.2746550884629,1441.9026099795685,41.48692868631004,1472.55,22.01345068996605,,,,,
2025-09-05T13:20:00.000000,1442.7,1443.25,1440.3,1441.6,727,INFY,NaN,1441.3397240707702,1441.8750999814258,41.90466954243305,1472.55,20.89659386119414,,,,,
2025-09-05T13:25:00.000000,1441.6,1442.2,1440.5,1440.6,878,INFY,NaN,1441.1917792566162,1441.759181801296,41.99338622672234,1472.55,19.859512520191657,,,,,
2025-09-05T13:30:00.000000,1440.6,1441.4,1440.25,1440.9,695,INFY,NaN,1441.133423405293,1441.6810743648145,42.187661371808936,1472.55,19.022025704455704,,,,,
2025-09-05T13:35:00.000000,1440.9,1441.35,1440.2,1441.0,846,INFY,NaN,1441.1067387242342,1441.6191585134677,42.40320395032078,1472.55,18.2707796381924,,,,,
2025-09-05T13:40:00.000000,1441.0,1441.9,1440.0,1441.9,1423,INFY,NaN,1441.2653909793873,1441.644689557698,42.95500250967735,1472.55,17.220355996447832,,,,,
2025-09-05T13:45:00.000000,1441.9,1445.85,1441.85,1444.7,2352,INFY,NaN,1441.9523127835098,1441.9224450524528,44.36355161732463,1472.55,17.66210422790281,,,,,
2025-09-05T13:50:00.000000,1444.7,1444.85,1442.9,1444.75,981,INFY,NaN,1442.5118502268078,1442.1794955022299,45.65216649082595,1472.55,18.072299014253858,,,,,
2025-09-05T13:55:00.000000,1444.75,1445.5,1443.9,1445.2,1459,INFY,NaN,1443.0494801814464,1442.4540868202089,46.95078568258371,1472.55,18.712228629237337,,,,,
2025-09-05T14:00:00.000000,1445.2,1445.75,1444.45,1445.0,1652,INFY,NaN,1443.4395841451571,1442.685533472917,48.037669835691695,1472.55,19.40669557209366,,,,,
2025-09-05T14:05:00.000000,1445.0,1445.5,1444.4,1445.0,1735,INFY,NaN,1443.7516673161258,1442.8959395208337,49.02104121231321,1472.55,20.013710430293305,,,,,
2025-09-05T14:10:00.000000,1445.0,1445.5,1444.0,1444.1,3746,INFY,NaN,1443.8213338529006,1443.0053995643943,49.49241056317553,1472.55,20.26378876088504,,,,,
2025-09-05T14:15:00.000000,1444.75,1446.4,1443.4,1445.5,3125,INFY,NaN,1444.1570670823205,1443.2321814221766,50.409722854731655,1472.55,20.915480967374812,,,,,
2025-09-05T14:20:00.000000,1446.1,1446.35,1445.0,1445.6,891,INFY,NaN,1444.4456536658563,1443.4474376565242,51.27291484672077,1472.55,21.52062373054389,,,,,
2025-09-05T14:25:00.000000,1445.6,1445.75,1444.8,1445.4,565,INFY,NaN,1444.636522932685,1443.624943324113,51.95160362375575,1472.55,21.903205243540526,,,,,
2025-09-05T14:30:00.000000,1445.4,1445.7,1444.55,1445.2,745,INFY,NaN,1444.749218346148,1443.7681302946482,52.459545440625696,1472.55,22.027755547635344,,,,,
2025-09-05T14:35:00.000000,1445.2,1445.65,1442.3,1442.75,4565,INFY,NaN,1444.3493746769184,1443.6755729951349,51.82208901014128,1472.55,20.51315204244603,,,,,
2025-09-05T14:40:00.000000,1442.3,1445.5,1442.15,1443.0,9620,INFY,NaN,1444.0794997415346,1443.6141572683043,51.35700619134514,1472.55,19.205978055881246,,,,,
2025-09-05T14:45:00.000000,1443.6,1444.65,1442.3,1443.55,3348,INFY,NaN,1443.9735997932278,1443.6083247893675,51.182442499858176,1472.55,17.992173639785374,,,,,
2025-09-05T14:50:00.000000,1443.55,1444.6,1441.8,1442.65,2065,INFY,NaN,1443.7088798345821,1443.5212043539705,50.65154495642063,1472.55,17.223923008940424,,,,,
2025-09-05T14:55:00.000000,1441.9,1443.6,1441.9,1442.6,1109,INFY,NaN,1443.4871038676656,1443.4374585036096,50.15075649999521,1472.55,16.51054742315583,,,,,
2025-09-05T15:00:00.000000,1442.6,1444.5,1442.6,1444.25,2168,INFY,NaN,1443.6396830941326,1443.5113259123723,50.44317503078649,1472.55,15.556266090047517,,,,,
2025-09-05T15:05:00.000000,1444.25,1445.35,1443.65,1445.0,2321,INFY,NaN,1443.911746475306,1443.6466599203384,50.99986809700126,1472.55,15.29056045819224,,,,,
2025-09-05T15:10:00.000000,1445.0,1445.5,1443.25,1443.25,3608,INFY,NaN,1443.7793971802448,1443.6105999275803,50.7452104465374,1472.55,14.696546207198864,,,,,
2025-09-05T15:15:00.000000,1443.25,1445.5,1442.75,1444.75,7974,INFY,NaN,1443.9735177441958,1443.7141817523457,51.08320099450032,1472.55,13.722506880442713,,,,,
2025-09-05T15:20:00.000000,1445.45,1446.0,1444.3,1445.85,3492,INFY,NaN,1444.3488141953567,1443.9083470475869,51.75285579149626,1472.55,13.215177939879714,,,,,
2025-09-05T15:25:00.000000,1445.85,1446.85,1444.2,1446.6,6595,INFY,NaN,1444.7990513562854,1444.1530427705336,52.58940959931046,1472.55,13.366282952527358,,,,,
2025-09-08T09:15:00.000000,1452.0,1458.45,1446.5,1447.6,7862,INFY,NaN,1445.3592410850283,1444.4664025186669,53.63443870860332,1458.45,17.003619927889908,,,,,
2025-09-08T09:20:00.000000,1447.6,1448.35,1445.3,1448.05,2132,INFY,NaN,1445.8973928680227,1444.792184107879,54.70425705244556,1458.45,19.670953665063887,,,,,
2025-09-08T09:25:00.000000,1448.05,1449.35,1446.55,1447.9,1500,INFY,NaN,1446.2979142944182,1445.0747128253445,55.59375183807165,1458.45,22.315751587596846,,,,,
2025-09-08T09:30:00.000000,1447.9,1449.5,1446.7,1449.5,3333,INFY,NaN,1446.9383314355346,1445.477011659404,56.834393938929786,1458.45,24.797161554101844,,,,,
2025-09-08T09:35:00.000000,1449.5,1450.5,1447.0,1447.4,5328,INFY,NaN,1447.0306651484277,1445.6518287812764,56.96040555895465,1458.45,27.272913635522116,,,,,
2025-09-08T09:40:00.000000,1447.4,1447.7,1445.0,1447.65,3279,INFY,NaN,1447.1545321187423,1445.8334807102513,57.150822037078925,1458.45,28.3471273913165,,,,,
2025-09-08T09:45:00.000000,1447.75,1449.0,1447.0,1448.2,416,INFY,NaN,1447.3636256949937,1446.048618827501,57.49294107070219,1458.45,29.633048874060915,,,,,
2025-09-08T09:50:00.000000,1448.2,1448.3,1446.4,1447.5,423,INFY,NaN,1447.390900555995,1446.1805625704555,57.47730302788461,1458.45,30.475641493285398,,,,,
2025-09-08T09:55:00.000000,1447.5,1447.5,1441.95,1442.0,4176,INFY,NaN,1446.312720444796,1445.8005114276868,55.70333804190143,1458.45,29.119448162434956,,,,,
2025-09-08T10:00:00.000000,1442.0,1443.95,1442.0,1442.75,442,INFY,NaN,1445.6001763558368,1445.5231922069881,54.36152152589168,1458.45,27.860125783788117,,,,,
2025-09-08T10:05:00.000000,1442.75,1443.8,1439.2,1440.15,2360,INFY,NaN,1444.5101410846694,1445.0347201881711,52.575333869716566,1458.45,26.115095592744932,,,,,
2025-09-08T10:10:00.000000,1440.15,1442.0,1438.0,1438.75,1494,INFY,NaN,1443.3581128677356,1444.4633819892465,50.69730133475488,1458.45,24.895941519489146,,,,,
2025-09-08T10:15:00.000000,1438.75,1439.95,1438.0,1439.5,907,INFY,NaN,1442.5864902941885,1444.0121654447696,49.27095820859663,1458.45,23.763869880037344,,,,,
2025-09-08T10:20:00.000000,1439.5,1440.45,1438.0,1439.05,849,INFY,NaN,1441.8791922353507,1443.561059495245,47.88918713822432,1458.45,22.499707535004408,,,,,
2025-09-08T10:25:00.000000,1439.05,1441.8,1438.1,1439.8,1859,INFY,NaN,1441.4633537882805,1443.2191449956772,46.92445369183871,1458.45,21.017248804696006,,,,,
2025-09-08T10:30:00.000000,1439.8,1441.0,1439.0,1440.05,396,INFY,NaN,1441.1806830306243,1442.9310409051611,46.147771892144576,1458.45,19.640679983695346,,,,,
2025-09-08T10:35:00.000000,1440.05,1441.15,1439.45,1441.1,393,INFY,NaN,1441.1645464244993,1442.7645826410555,45.84374021393908,1458.45,18.42841197325095,,,,,
2025-09-08T10:40:00.000000,1441.1,1442.1,1440.5,1440.5,6021,INFY,NaN,1441.0316371395995,1442.5587114918687,45.40349712076867,1458.45,17.721626453427643,,,,,
2025-09-08T10:45:00.000000,1440.5,1441.9,1438.1,1438.1,1076,INFY,NaN,1440.4453097116796,1442.153374083517,44.423570531907544,1458.45,16.93811006666098,,,,,
2025-09-08T10:50:00.000000,1438.8,1438.8,1436.0,1436.6,1931,INFY,NaN,1439.6762477693437,1441.6485218941064,43.23373478025109,1458.45,16.99094074663643,,,,,
2025-09-08T10:55:00.000000,1436.6,1436.9,1435.35,1436.0,678,INFY,NaN,1438.940998215475,1441.135019903733,42.042901650680015,1458.45,17.261015409845736,,,,,
2025-09-08T11:00:00.000000,1436.0,1436.35,1435.1,1436.0,905,INFY,NaN,1438.35279857238,1440.6681999124846,40.965481200115704,1458.45,17.598553209403185,,,,,
2025-09-08T11:05:00.000000,1436.0,1436.0,1435.15,1435.35,360,INFY,NaN,1437.7522388579039,1440.1847271931679,39.858678835147494,1458.45,17.9119811661351,,,,,
2025-09-08T11:10:00.000000,1435.35,1436.9,1435.35,1436.2,935,INFY,NaN,1437.441791086323,1439.8224792665162,39.259156178871386,1458.45,17.678875832132086,,,,,
2025-09-08T11:15:00.000000,1436.2,1437.1,1434.05,1437.1,3685,INFY,NaN,1437.3734328690584,1439.5749811513783,39.1201342690223,1458.45,17.98408217116323,,,,,
2025-09-08T11:20:00.000000,1437.1,1438.6,1435.7,1436.45,733,INFY,NaN,1437.1887462952468,1439.2908919557985,38.82427154967778,1458.45,17.43031512437663,,,,,
2025-09-08T11:25:00.000000,1436.45,1436.8,1435.05,1436.4,900,INFY,NaN,1437.0309970361975,1439.0280835961805,38.54321468339966,1458.45,17.191338508404275,,,,,
2025-09-08T11:30:00.000000,1436.4,1437.1,1435.1,1436.05,1094,INFY,NaN,1436.834797628958,1438.7573487238005,38.191383868505405,1458.45,16.799203518533126,,,,,
2025-09-08T11:35:00.000000,1436.05,1436.6,1435.1,1435.6,665,INFY,NaN,1436.5878381031664,1438.470317021637,37.746848782109105,1458.45,16.435078170795627,,,,,
2025-09-08T11:40:00.000000,1435.6,1435.8,1435.15,1435.8,650,INFY,NaN,1436.4302704825332,1438.2275609287608,37.457824006830705,1458.45,16.096961776467953,,,,,
2025-09-08T11:45:00.000000,1435.8,1436.35,1435.15,1436.3,1162,INFY,NaN,1436.4042163860265,1438.0523281170554,37.48183599663107,1458.45,15.41877439414541,,,,,
2025-09-08T11:50:00.000000,1436.3,1436.3,1434.3,1434.4,6373,INFY,NaN,1436.0033731088213,1437.7202982882322,36.93545352316033,1458.45,15.260095110084169,,,,,
2025-09-08T11:55:00.000000,1434.4,1435.2,1434.1,1434.75,501,INFY,NaN,1435.752698487057,1437.4502711711202,36.638891121579356,1458.45,15.221736675231966,,,,,
2025-09-08T12:00:00.000000,1434.75,1435.95,1434.3,1435.4,523,INFY,NaN,1435.6821587896457,1437.2638828828365,36.732104643892065,1458.45,14.642965402742666,,,,,
2025-09-08T12:05:00.000000,1435.4,1436.45,1435.2,1436.0,1575,INFY,NaN,1435.7457270317166,1437.1489844389423,37.1369424590679,1458.45,13.757966309857283,,,,,
2025-09-08T12:10:00.000000,1436.0,1437.0,1435.2,1436.9,1853,INFY,NaN,1435.9765816253732,1437.1263494899476,37.953766621903725,1458.45,12.987289324270156,,,,,
2025-09-08T12:15:00.000000,1436.9,1437.4,1435.2,1435.2,584,INFY,NaN,1435.8212653002986,1436.9512268090434,38.0824276775243,1458.45,12.538194506732692,,,,,
2025-09-08T12:20:00.000000,1435.2,1436.25,1434.8,1435.8,1170,INFY,NaN,1435.817012240239,1436.846569826403,38.49127960350344,1458.45,11.818092607288404,,,,,
2025-09-08T12:25:00.000000,1435.8,1436.0,1432.8,1433.75,5735,INFY,NaN,1435.4036097921912,1436.5650634785482,38.227835477454356,1458.45,12.089172796367817,,,,,
2025-09-08T12:30:00.000000,1433.75,1434.15,1432.95,1434.15,2287,INFY,NaN,1435.152887833753,1436.3455122532257,38.184904813873324,1458.45,12.3408901147987,,,,,
2025-09-08T12:35:00.000000,1434.15,1437.2,1433.9,1436.3,6834,INFY,NaN,1435.3823102670024,1436.3413747756597,39.07034877592708,1458.45,12.307642898626769,,,,,
2025-09-08T12:40:00.000000,1436.3,1437.0,1434.55,1435.5,5201,INFY,NaN,1435.405848213602,1436.2648861596906,39.6054579833252,1458.45,12.276770483609978,,,,,
2025-09-08T12:45:00.000000,1435.5,1436.45,1434.9,1435.2,3854,INFY,NaN,1435.3646785708816,1436.1680783269915,39.99084391381416,1458.45,12.248103241094384,,,,,
2025-09-08T12:50:00.000000,1435.2,1436.15,1434.9,1435.8,801,INFY,NaN,1435.4517428567053,1436.1346166609014,40.59497012649214,1458.45,12.221483658758475,,,,,
2025-09-08T12:55:00.000000,1435.8,1436.4,1435.15,1435.8,866,INFY,NaN,1435.5213942853643,1436.104196964456,41.14156050939127,1458.45,12.35755435466069,,,,,
2025-09-08T13:00:00.000000,1435.8,1436.35,1435.2,1435.4,514,INFY,NaN,1435.4971154282914,1436.0401790585963,41.479455635566396,1458.45,12.483905715141319,,,,,
2025-09-08T13:05:00.000000,1435.4,1437.1,1435.0,1436.5,5054,INFY,NaN,1435.6976923426332,1436.0819809623604,42.28625659924012,1458.45,13.101878319958308,,,,,
2025-09-08T13:10:00.000000,1436.1,1436.85,1435.3,1435.8,1039,INFY,NaN,1435.7181538741065,1436.0563463294186,42.72507363507697,1458.45,13.675710024431227,,,,,
2025-09-08T13:15:00.000000,1435.8,1436.55,1434.5,1434.7,1148,INFY,NaN,1435.5145230992853,1435.9330421176533,42.702955372183894,1458.45,13.41502007199882,,,,,
2025-09-08T13:20:00.000000,1434.7,1435.75,1434.7,1435.35,447,INFY,NaN,1435.481618479428,1435.8800382887757,42.99160454183112,1458.45,13.172950830454438,,,,,
2025-09-08T13:25:00.000000,1435.35,1435.95,1434.25,1435.95,1388,INFY,NaN,1435.5752947835424,1435.8863984443415,43.526944874147645,1458.45,12.504517278199348,,,,,
2025-09-08T13:30:00.000000,1435.95,1436.45,1434.7,1434.7,939,INFY,NaN,1435.400235826834,1435.7785440403104,43.51885117217359,1458.45,12.318551359863942,,,,,
2025-09-08T13:35:00.000000,1434.7,1435.95,1434.7,1435.1,916,INFY,NaN,1435.3401886614672,1435.716858218464,43.701989531020295,1458.45,12.145868721409638,,,,,
2025-09-08T13:40:00.000000,1435.1,1435.55,1433.85,1435.1,4874,INFY,NaN,1435.2921509291737,1435.6607801986036,43.86768614140541,1458.45,11.441789535890772,,,,,
2025-09-08T13:45:00.000000,1435.1,1435.1,1433.2,1433.8,1221,INFY,NaN,1434.9937207433388,1435.4916183623668,43.508641042766534,1458.45,11.372156467583675,,,,,
2025-09-08T13:50:00.000000,1433.8,1434.4,1433.15,1433.4,2239,INFY,NaN,1434.674976594671,1435.3014712385152,43.040556317458076,1458.45,11.351533144792526,,,,,
2025-09-08T13:55:00.000000,1433.4,1434.4,1433.4,1434.15,557,INFY,NaN,1434.5699812757368,1435.196792035014,43.02878866606584,1458.45,11.332382916486461,,,,,
2025-09-08T14:00:00.000000,1434.15,1434.4,1432.8,1433.25,678,INFY,NaN,1434.3059850205896,1435.0198109409218,42.677274745269656,1458.45,11.870010899720256,,,,,
2025-09-08T14:05:00.000000,1433.25,1434.75,1432.25,1434.75,1482,INFY,NaN,1434.3947880164717,1434.9952826735653,43.11142857540993,1458.45,12.829817366732263,,,,,
2025-09-08T14:10:00.000000,1434.75,1434.9,1432.9,1432.9,760,INFY,NaN,1434.0958304131773,1434.804802430514,42.84098604387877,1458.45,13.516922689373148,,,,,
2025-09-08T14:15:00.000000,1432.9,1433.8,1432.4,1433.45,1036,INFY,NaN,1433.9666643305418,1434.6816385731945,42.85270609773626,1458.45,14.574158852679217,,,,,
2025-09-08T14:20:00.000000,1433.45,1433.8,1432.55,1433.7,491,INFY,NaN,1433.9133314644334,1434.5923987029041,42.98057839895278,1458.45,15.555878147177712,,,,,
2025-09-08T14:25:00.000000,1433.7,1434.35,1432.5,1433.6,880,INFY,NaN,1433.8506651715468,1434.5021806390037,43.05749007030942,1458.45,15.660482918379728,,,,,
2025-09-08T14:30:00.000000,1433.6,1435.0,1433.5,1434.7,180,INFY,NaN,1434.0205321372375,1434.520164217276,43.65390860650957,1458.45,14.91534873504084,,,,,
2025-09-08T14:35:00.000000,1434.7,1434.7,1432.5,1433.0,956,INFY,NaN,1433.81642570979,1434.3819674702509,43.53247540957408,1458.45,15.191905037867931,,,,,
2025-09-08T14:40:00.000000,1433.0,1433.25,1432.2,1432.35,1154,INFY,NaN,1433.5231405678321,1434.1972431547736,43.20152922433045,1458.45,15.704987260189876,,,,,
2025-09-08T14:45:00.000000,1432.35,1433.0,1428.35,1428.35,4078,INFY,NaN,1432.4885124542657,1433.6656755952488,41.886055775202664,1458.45,18.283422980917035,,,,,
2025-09-08T14:50:00.000000,1428.35,1431.3,1428.35,1431.25,921,INFY,NaN,1432.2408099634126,1433.4460687229534,41.85351712451278,1458.45,20.67768472159225,,,,,
2025-09-08T14:55:00.000000,1431.25,1432.15,1430.7,1432.15,1362,INFY,NaN,1432.2226479707301,1433.328244293594,42.1269547909417,1458.45,21.941515017882715,,,,,
2025-09-08T15:00:00.000000,1432.15,1432.8,1432.0,1432.65,1442,INFY,NaN,1432.3081183765842,1433.266585721449,42.540299492703895,1458.45,22.443791147628133,,,,,
2025-09-08T15:05:00.000000,1432.65,1433.2,1432.15,1433.05,717,INFY,NaN,1432.4564947012673,1433.2468961104082,43.049081258229556,1458.45,22.513393186303603,,,,,
2025-09-08T15:10:00.000000,1433.05,1433.05,1429.4,1431.7,1895,INFY,NaN,1432.305195761014,1433.1062691912803,43.10958794857914,1458.45,23.900657557244102,,,,,
2025-09-08T15:15:00.000000,1431.7,1433.5,1431.05,1432.45,4389,INFY,NaN,1432.334156608811,1433.0466083557094,43.43164782947141,1458.45,24.774501217172695,,,,,
2025-09-08T15:20:00.000000,1432.5,1434.9,1432.5,1434.25,3703,INFY,NaN,1432.7173252870489,1433.1560075960995,44.30459246228884,1458.45,24.41482958903509,,,,,
2025-09-08T15:25:00.000000,1434.25,1436.3,1433.65,1435.95,1185,INFY,NaN,1433.3638602296392,1433.410006905545,45.56390193940166,1458.45,23.098913471539056,,,,,
2025-09-09T09:15:00.000000,1480.0,1485.0,1472.6,1475.6,56685,INFY,NaN,1441.8110881837113,1437.2454608232229,49.62847008200378,1489.5,27.163630282221703,,,,,
2025-09-09T09:20:00.000000,1475.6,1483.0,1474.75,1479.4,27384,INFY,NaN,1449.328870546969,1441.0776916574753,53.383712631143766,1489.5,30.938010177855585,,,,,
2025-09-09T09:25:00.000000,1479.4,1481.8,1477.0,1480.9,25083,INFY,NaN,1455.6430964375752,1444.6979015067957,56.811197096494865,1489.5,34.44279150951562,,,,,
2025-09-09T09:30:00.000000,1480.9,1489.5,1480.1,1485.1,31935,INFY,NaN,1461.5344771500602,1448.3708195516324,59.99281556323405,1489.5,37.89446389987484,,,,,
2025-09-09T09:35:00.000000,1485.0,1487.7,1483.8,1486.95,9319,INFY,NaN,1466.617581720048,1451.8780177742112,62.90531630998504,1489.5,41.09958826235127,,,,,
2025-09-09T09:40:00.000000,1486.95,1488.7,1485.45,1487.2,10427,INFY,NaN,1470.7340653760384,1455.0891070674647,65.54516407899419,1489.5,44.10085791489903,,,,,
2025-09-09T09:45:00.000000,1487.2,1488.3,1485.05,1486.0,12343,INFY,NaN,1473.7872523008307,1457.8991882431499,67.70484851249142,1489.5,46.77394311409574,,,,,
2025-09-09T09:50:00.000000,1486.0,1487.5,1483.9,1486.6,10305,INFY,NaN,1476.3498018406644,1460.5083529483181,69.6746319287568,1489.5,48.91595563243264,,,,,
2025-09-09T09:55:00.000000,1486.6,1489.95,1486.55,1487.35,10918,INFY,NaN,1478.5498414725316,1462.9485026802893,71.47737521571091,1489.5,50.99919700659006,,,,,
2025-09-09T10:00:00.000000,1487.35,1489.0,1484.5,1484.8,7948,INFY,NaN,1479.7998731780253,1464.9350024366265,72.57067795725617,1489.5,52.31460012488012,,,,,
2025-09-09T10:05:00.000000,1484.8,1487.85,1484.65,1487.1,7647,INFY,NaN,1481.2598985424202,1466.950002215115,73.65447244190678,1489.5,53.53604587757804,,,,,
2025-09-09T10:10:00.000000,1487.1,1487.7,1486.1,1487.1,5810,INFY,NaN,1482.427918833936,1468.7818201955592,74.63504840420971,1489.5,54.670245505083244,,,,,
2025-09-09T10:15:00.000000,1487.1,1490.4,1486.7,1490.4,5112,INFY,NaN,1484.0223350671488,1470.7471092686903,75.6573903862379,1489.5,55.8853603089416,,,,,
2025-09-09T10:20:00.000000,1490.4,1491.0,1489.3,1490.85,5971,INFY,NaN,1485.387868053719,1472.5746447897184,76.60022738794893,1489.5,57.04893580576983,,,,,
2025-09-09T10:25:00.000000,1490.85,1495.0,1490.5,1493.3,15140,INFY,NaN,1486.9702944429753,1474.458767990653,77.54942425921675,1489.5,58.35043791522175,,,,,
2025-09-09T10:30:00.000000,1493.3,1494.95,1493.1,1494.95,8040,INFY,NaN,1488.5662355543802,1476.3216072642301,78.46995455467474,1489.5,59.55897558828424,,,,,
2025-09-09T10:35:00.000000,1494.95,1495.2,1493.8,1494.3,3617,INFY,NaN,1489.7129884435042,1477.9560066038455,79.13618915980562,1489.5,60.69531541506244,,,,,
2025-09-09T10:40:00.000000,1494.3,1496.0,1494.3,1495.7,12798,INFY,NaN,1490.9103907548033,1479.5690969125867,79.80051913947797,1489.5,61.79748492283466,,,,,
2025-09-09T10:45:00.000000,1495.7,1496.75,1493.8,1496.75,16304,INFY,NaN,1492.0783126038427,1481.1309971932606,80.4474331627364,1489.5,62.8658867793554,,,,,
2025-09-09T10:50:00.000000,1496.8,1497.95,1496.35,1496.6,7891,INFY,NaN,1492.982650083074,1482.5372701756914,80.98898587774148,1489.5,63.93012177692111,,,,,
2025-09-09T10:55:00.000000,1496.6,1497.2,1494.55,1495.85,6948,INFY,NaN,1493.5561200664592,1483.7475183415377,81.25114042157091,1489.5,64.08551373624415,,,,,
2025-09-09T11:00:00.000000,1495.85,1497.65,1495.55,1497.4,2561,INFY,NaN,1494.3248960531673,1484.9886530377614,81.5784657349703,1489.5,64.27181679043194,,,,,
2025-09-09T11:05:00.000000,1497.4,1497.6,1496.35,1496.8,2493,INFY,NaN,1494.8199168425338,1486.0624118525104,81.68352509637727,1489.5,64.44481248360633,,,,,
2025-09-09T11:10:00.000000,1496.8,1497.3,1495.5,1496.45,3417,INFY,NaN,1495.145933474027,1487.0067380477367,81.66309672243962,1489.5,64.16941520755559,,,,,
2025-09-09T11:15:00.000000,1496.45,1496.8,1494.75,1496.2,4307,INFY,NaN,1495.3567467792216,1487.842489134306,81.55806071885512,1489.5,63.527952495625016,,,,,
2025-09-09T11:20:00.000000,1496.2,1500.7,1495.9,1500.5,10898,INFY,NaN,1496.3853974233773,1488.9931719402782,81.78007321046451,1489.5,63.43955061054438,,,,,
2025-09-09T11:25:00.000000,1500.5,1502.9,1499.8,1501.8,13281,INFY,NaN,1497.4683179387018,1490.1574290366166,82.0619712493469,1489.5,63.594004541893106,,,,,
2025-09-09T11:30:00.000000,1501.8,1502.0,1500.45,1502.0,2346,INFY,NaN,1498.3746543509615,1491.2340263969243,82.32962760796704,1489.5,63.73742604957407,,,,,
2025-09-09T11:35:00.000000,1502.0,1502.55,1499.1,1499.95,6389,INFY,NaN,1498.689723480769,1492.0263876335675,81.86550787181164,1489.5,63.17482269522706,,,,,
2025-09-09T11:40:00.000000,1499.95,1500.75,1496.25,1497.45,5460,INFY,NaN,1498.4417787846153,1492.5194433032432,80.68620501687232,1489.5,61.339207275491376,,,,,
2025-09-09T11:45:00.000000,1497.45,1497.45,1494.2,1495.15,8240,INFY,NaN,1497.7834230276922,1492.7585848211302,79.00675863333518,1489.5,58.81257606414294,,,,,
2025-09-09T11:50:00.000000,1495.15,1496.95,1494.65,1495.0,4037,INFY,NaN,1497.2267384221536,1492.962349837391,77.44847735875172,1489.5,56.466418510747964,,,,,
2025-09-09T11:55:00.000000,1495.0,1496.7,1495.0,1496.7,3740,INFY,NaN,1497.121390737723,1493.30213621581,76.29854516953547,1489.5,54.28784363973835,,,,,
2025-09-09T12:00:00.000000,1497.0,1498.15,1497.0,1497.4,1804,INFY,NaN,1497.1771125901785,1493.6746692871,75.36162310750451,1489.5,52.62906606049233,,,,,
2025-09-09T12:05:00.000000,1497.4,1498.65,1495.6,1497.1,3228,INFY,NaN,1497.1616900721428,1493.9860629882726,74.42355876076789,1489.5,50.46318537236324,,,,,
2025-09-09T12:10:00.000000,1497.1,1498.4,1496.55,1498.1,1458,INFY,NaN,1497.3493520577142,1494.360057262066,73.73497286226744,1489.5,48.45201044767195,,,,,
2025-09-09T12:15:00.000000,1498.1,1500.4,1498.1,1500.4,4875,INFY,NaN,1497.9594816461713,1494.9091429655145,73.4486243626134,1489.5,47.137654880729656,,,,,
2025-09-09T12:20:00.000000,1500.2,1501.3,1498.85,1500.7,6502,INFY,NaN,1498.5075853169371,1495.4355845141042,73.23111230243047,1489.5,46.1474114899985,,,,,
2025-09-09T12:25:00.000000,1500.7,1501.3,1498.55,1498.6,2678,INFY,NaN,1498.5260682535497,1495.7232586491857,72.34950648186569,1489.5,45.072995093481964,,,,,
2025-09-09T12:30:00.000000,1498.6,1499.9,1497.9,1499.3,2111,INFY,NaN,1498.6808546028399,1496.0484169538051,71.67195339667875,1489.5,43.73276631691207,,,,,
2025-09-09T12:35:00.000000,1499.3,1499.85,1498.55,1499.65,1770,INFY,NaN,1498.874683682272,1496.3758335943683,71.12017554677819,1489.5,42.488268167240015,,,,,
2025-09-09T12:40:00.000000,1499.65,1500.0,1499.1,1499.9,927,INFY,NaN,1499.0797469458175,1496.6962123585165,70.66654030998208,1489.5,41.38369406986303,,,,,
2025-09-09T12:45:00.000000,1499.9,1501.35,1499.8,1501.1,3623,INFY,NaN,1499.483797556654,1497.0965566895604,70.4727665514285,1489.5,40.80576043585629,,,,,
2025-09-09T12:50:00.000000,1501.1,1501.5,1499.5,1499.5,4614,INFY,NaN,1499.4870380453233,1497.3150515359641,69.71897059745196,1489.5,40.07733335514332,,,,,
2025-09-09T12:55:00.000000,1499.5,1500.0,1498.05,1499.1,8439,INFY,NaN,1499.4096304362586,1497.4773195781493,68.89830828115699,1489.5,38.51564986966293,,,,,
2025-09-09T13:00:00.000000,1499.1,1499.5,1498.35,1499.5,1669,INFY,NaN,1499.427704349007,1497.6611996164993,68.24638152588908,1489.5,37.065515204574,,,,,
2025-09-09T13:05:00.000000,1499.5,1499.6,1498.6,1499.4,3019,INFY,NaN,1499.4221634792057,1497.8192723786358,67.61789471848485,1489.5,35.762967669187425,,,,,
2025-09-09T13:10:00.000000,1499.4,1500.0,1498.5,1499.7,2719,INFY,NaN,1499.4777307833644,1497.9902476169416,67.12484071699319,1489.5,34.73568291051878,,,,,
2025-09-09T13:15:00.000000,1499.7,1501.05,1499.0,1500.75,2375,INFY,NaN,1499.7321846266916,1498.2411341972197,66.93753406683564,1489.5,34.24000461969735,,,,,
2025-09-09T13:20:00.000000,1500.7,1500.7,1499.1,1499.75,1388,INFY,NaN,1499.7357477013534,1498.3783038156544,66.33940990673938,1489.5,33.77973192107745,,,,,
2025-09-09T13:25:00.000000,1499.75,1499.75,1499.0,1499.0,1871,INFY,NaN,1499.5885981610827,1498.4348216505948,65.49297543933233,1489.5,33.27079856846364,,,,,
2025-09-09T13:30:00.000000,1499.0,1499.8,1499.0,1499.4,842,INFY,NaN,1499.5508785288662,1498.5225651369044,64.84652143301491,1489.5,32.82329494868514,,,,,
2025-09-09T13:35:00.000000,1499.4,1499.75,1498.1,1498.3,2185,INFY,NaN,1499.300702823093,1498.5023319426405,63.81301844203735,1489.5,31.637467073319357,,,,,
2025-09-09T13:40:00.000000,1498.3,1498.7,1495.2,1496.05,3424,INFY,NaN,1498.6505622584743,1498.2793926751276,62.10554915834949,1489.5,30.108281547786117,,,,,
2025-09-09T13:45:00.000000,1496.05,1497.0,1495.0,1495.75,5965,INFY,NaN,1498.0704498067794,1498.0494478864796,60.46843645824189,1489.5,28.794907964558774,,,,,
2025-09-09T13:50:00.000000,1495.75,1499.1,1495.6,1498.7,6236,INFY,NaN,1498.1963598454236,1498.1085889877088,59.94581522236563,1489.5,27.16350907989645,,,,,
2025-09-09T13:55:00.000000,1498.7,1500.45,1498.55,1499.65,6688,INFY,NaN,1498.4870878763388,1498.2487172615536,59.728472224544234,1489.5,26.311804431640862,,,,,
2025-09-09T14:00:00.000000,1499.65,1505.0,1499.65,1504.95,14350,INFY,NaN,1499.779670301071,1498.8579247832306,60.59484573714949,1489.5,27.11806104484653,,,,,
2025-09-09T14:05:00.000000,1505.0,1505.25,1502.0,1504.0,10550,INFY,NaN,1500.623736240857,1499.3253861665733,61.06127558064307,1489.5,27.93523278532384,,,,,
2025-09-09T14:10:00.000000,1504.0,1504.5,1502.6,1503.45,7849,INFY,NaN,1501.1889889926856,1499.7003510605211,61.300474597338365,1489.5,28.694035115767054,,,,,
2025-09-09T14:15:00.000000,1503.45,1503.45,1500.65,1501.5,1555,INFY,NaN,1501.2511911941485,1499.8639555095647,60.9075422517448,1489.5,28.190565758085235,,,,,
2025-09-09T14:20:00.000000,1501.5,1502.4,1500.0,1500.2,2607,INFY,NaN,1501.0409529553187,1499.8945050086952,60.185093074539,1489.5,27.358309411872238,,,,,
2025-09-09T14:25:00.000000,1500.2,1503.0,1500.1,1501.15,2221,INFY,NaN,1501.062762364255,1500.0086409169955,59.75533459063899,1489.5,26.824308227811986,,,,,
2025-09-09T14:30:00.000000,1501.15,1503.2,1501.15,1502.3,2634,INFY,NaN,1501.310209891404,1500.2169462881777,59.62659794634902,1489.5,26.409575406656618,,,,,
2025-09-09T14:35:00.000000,1502.3,1502.45,1500.1,1501.5,3981,INFY,NaN,1501.3481679131232,1500.333587534707,59.2647210863659,1489.5,25.38305190496081,,,,,
2025-09-09T14:40:00.000000,1501.5,1503.0,1501.45,1501.45,2876,INFY,NaN,1501.3685343304985,1500.4350795770065,58.92156680049671,1489.5,24.68227639669529,,,,,
2025-09-09T14:45:00.000000,1501.35,1505.0,1501.0,1504.5,11337,INFY,NaN,1501.994827464399,1500.8046177972785,59.298672167100605,1489.5,24.851374655722744,,,,,
2025-09-09T14:50:00.000000,1504.5,1506.9,1504.5,1506.5,8295,INFY,NaN,1502.895861971519,1501.3223798157078,60.004433368847536,1489.5,25.644622961317708,,,,,
2025-09-09T14:55:00.000000,1506.5,1506.7,1502.0,1502.35,5072,INFY,NaN,1502.7866895772152,1501.4157998324615,59.453077120807414,1489.5,24.948844010344043,,,,,
2025-09-09T15:00:00.000000,1501.6,1504.9,1501.6,1503.85,4560,INFY,NaN,1502.9993516617722,1501.6370907567832,59.250519409344626,1489.5,24.09757384435437,,,,,
2025-09-09T15:05:00.000000,1503.85,1504.25,1502.65,1503.0,4808,INFY,NaN,1502.9994813294177,1501.7609915970756,58.849875832861116,1489.5,23.3071086902211,,,,,
2025-09-09T15:10:00.000000,1503.0,1505.9,1502.65,1504.8,8656,INFY,NaN,1503.359585063534,1502.0372650882505,58.84379342431046,1489.5,23.231599650510287,,,,,
2025-09-09T15:15:00.000000,1504.8,1506.4,1504.05,1505.5,8444,INFY,NaN,1503.7876680508273,1502.3520591711367,58.97051901345543,1489.5,23.347174586253306,,,,,
2025-09-09T15:20:00.000000,1505.65,1506.3,1504.15,1505.15,6819,INFY,NaN,1504.0601344406618,1502.606417428306,58.983072052652204,1489.5,23.45449416944325,,,,,
2025-09-09T15:25:00.000000,1505.3,1507.0,1500.9,1504.25,19615,INFY,NaN,1504.0981075525294,1502.7558340257328,58.7297764071763,1489.5,21.79948921547511,,,,,
2025-09-10T09:15:00.000000,1509.0,1518.9,1509.0,1517.45,41802,INFY,NaN,1506.7684860420236,1504.0916672961207,60.27327974719033,1527.75,23.391996498713784,,,,,
2025-09-10T09:20:00.000000,1517.45,1526.6,1517.4,1522.85,31495,INFY,NaN,1509.984788833619,1505.7969702692005,62.04709599982321,1527.75,25.811922497264923,,,,,
2025-09-10T09:25:00.000000,1522.8,1525.45,1520.4,1523.0,14945,INFY,NaN,1512.5878310668952,1507.3608820629095,63.66143563031262,1527.75,28.058996638776698,,,,,
2025-09-10T09:30:00.000000,1523.2,1526.5,1521.0,1526.5,7379,INFY,NaN,1515.3702648535161,1509.1008018753723,65.33356268872726,1527.75,30.25524141685866,,,,,
2025-09-10T09:35:00.000000,1526.5,1527.75,1525.0,1525.7,10575,INFY,NaN,1517.4362118828128,1510.609819886702,66.65018724759898,1527.75,32.4241987968896,,,,,
2025-09-10T09:40:00.000000,1524.85,1527.3,1524.05,1525.5,16070,INFY,NaN,1519.0489695062502,1511.9634726242746,67.7902717723882,1527.75,34.03906492876823,,,,,
2025-09-10T09:45:00.000000,1525.5,1527.0,1522.2,1523.3,7293,INFY,NaN,1519.8991756050002,1512.9940660220677,68.26475727257338,1527.75,34.785537471227215,,,,,
2025-09-10T09:50:00.000000,1523.3,1524.3,1522.5,1523.75,3309,INFY,NaN,1520.6693404840003,1513.9718782018797,68.7358614268483,1527.75,35.47869054636771,,,,,
2025-09-10T09:55:00.000000,1523.75,1523.9,1522.6,1522.65,2145,INFY,NaN,1521.0654723872003,1514.7607983653452,68.87821635861313,1527.75,36.122332687569596,,,,,
2025-09-10T10:00:00.000000,1522.65,1527.7,1522.65,1527.4,6498,INFY,NaN,1522.3323779097602,1515.9098166957683,69.45836088158023,1527.75,37.30898108807297,,,,,
2025-09-10T10:05:00.000000,1527.0,1527.4,1524.3,1525.1,4392,INFY,NaN,1522.8859023278083,1516.745287905244,69.43597110699876,1527.75,38.410868888540385,,,,,
2025-09-10T10:10:00.000000,1525.1,1526.5,1523.05,1523.4,10042,INFY,NaN,1522.9887218622466,1517.3502617320398,69.03660581470768,1527.75,38.84895918894089,,,,,
2025-09-10T10:15:00.000000,1523.4,1525.4,1523.05,1525.4,3538,INFY,NaN,1523.4709774897974,1518.0820561200362,68.90006782377267,1527.75,39.25575732502706,,,,,
2025-09-10T10:20:00.000000,1525.4,1526.95,1524.9,1526.35,3759,INFY,NaN,1524.0467819918379,1518.8336873818512,68.88011641745118,1527.75,39.917130786473656,,,,,
2025-09-10T10:25:00.000000,1526.35,1532.0,1526.35,1531.15,10495,INFY,NaN,1525.4674255934704,1519.9533521653193,69.32263511624475,1527.75,41.26966799543944,,,,,
2025-09-10T10:30:00.000000,1531.15,1533.0,1530.0,1531.0,3249,INFY,NaN,1526.5739404747762,1520.957592877563,69.68679756328117,1527.75,42.646276683596646,,,,,
2025-09-10T10:35:00.000000,1531.2,1533.7,1530.05,1533.0,8331,INFY,NaN,1527.859152379821,1522.052357161421,70.19305406367269,1527.75,44.009176508922295,,,,,
2025-09-10T10:40:00.000000,1533.0,1534.3,1531.2,1533.05,12887,INFY,NaN,1528.8973219038567,1523.0521428740192,70.65551781751113,1527.75,45.348449016595524,,,,,
2025-09-10T10:45:00.000000,1533.05,1533.85,1532.5,1532.5,2620,INFY,NaN,1529.6178575230854,1523.9110389763812,70.9200487054841,1527.75,46.592059202292106,,,,,
2025-09-10T10:50:00.000000,1532.5,1532.95,1530.9,1532.4,3628,INFY,NaN,1530.1742860184684,1524.682762705801,71.13002664903875,1527.75,46.851885857353125,,,,,
2025-09-10T10:55:00.000000,1532.5,1533.0,1530.85,1532.4,4950,INFY,NaN,1530.6194288147747,1525.3843297325463,71.32000669320725,1527.75,47.065425215090144,,,,,
2025-09-10T11:00:00.000000,1532.4,1533.0,1531.35,1531.4,2708,INFY,NaN,1530.7755430518198,1525.9312088477693,71.16856386837766,1527.75,47.263711761560224,,,,,
2025-09-10T11:05:00.000000,1531.4,1534.5,1531.4,1533.65,7026,INFY,NaN,1531.350434441456,1526.6329171343357,71.32306110898637,1527.75,47.74337329639911,,,,,
2025-09-10T11:10:00.000000,1533.65,1534.4,1532.2,1532.3,2920,INFY,NaN,1531.5403475531648,1527.1481064857596,71.0376634663763,1527.75,48.188773293035226,,,,,
2025-09-10T11:15:00.000000,1532.9,1533.15,1529.25,1529.55,7753,INFY,NaN,1531.1422780425319,1527.3664604415997,70.00774864594023,1527.75,46.86071199101776,,,,,
2025-09-10T11:20:00.000000,1529.55,1532.0,1529.15,1532.0,3088,INFY,NaN,1531.3138224340255,1527.7876913105451,69.46291423997609,1527.75,45.574307589978396,,,,,
2025-09-10T11:25:00.000000,1532.6,1533.0,1531.05,1531.15,4423,INFY,NaN,1531.2810579472205,1528.0933557368592,68.74487152860604,1527.75,44.67601902282927,,,,,
2025-09-10T11:30:00.000000,1531.15,1532.0,1530.05,1531.05,1886,INFY,NaN,1531.2348463577764,1528.3621415789628,68.06787059841709,1527.75,43.28078082287136,,,,,
2025-09-10T11:35:00.000000,1531.05,1531.95,1529.15,1529.8,2644,INFY,NaN,1530.947877086221,1528.4928559808752,67.11049390338555,1527.75,41.50118590396967,,,,,
2025-09-10T11:40:00.000000,1529.8,1530.25,1527.95,1527.95,1368,INFY,NaN,1530.3483016689768,1528.4435054371593,65.77123859975886,1527.75,39.23876313339765,,,,,
2025-09-10T11:45:00.000000,1527.95,1528.75,1526.0,1526.85,3172,INFY,NaN,1529.6486413351813,1528.2986413065084,64.29694765076039,1527.75,36.61342103600463,,,,,
2025-09-10T11:50:00.000000,1526.85,1527.8,1524.0,1527.5,3685,INFY,NaN,1529.218913068145,1528.2260375513713,63.11463196389862,1527.75,34.943009081643645,,,,,
2025-09-10T11:55:00.000000,1527.5,1528.3,1526.5,1527.9,1319,INFY,NaN,1528.955130454516,1528.196397773974,62.1401283234193,1527.75,33.15892536532126,,,,,
2025-09-10T12:00:00.000000,1527.9,1528.5,1526.75,1528.5,2073,INFY,NaN,1528.8641043636128,1528.2239979763401,61.40415023681742,1527.75,31.40599859546447,,,,,
2025-09-10T12:05:00.000000,1528.5,1529.95,1527.15,1529.95,3149,INFY,NaN,1529.0812834908902,1528.3809072512183,61.07659273005851,1527.75,29.224785929176935,,,,,
2025-09-10T12:10:00.000000,1529.95,1530.7,1528.55,1530.0,2570,INFY,NaN,1529.2650267927122,1528.5280975011076,60.791782585936645,1527.75,27.52788808298327,,,,,
2025-09-10T12:15:00.000000,1530.0,1530.7,1528.5,1528.75,1342,INFY,NaN,1529.1620214341697,1528.5482704555523,60.13532316158716,1527.75,25.927187138989318,,,,,
2025-09-10T12:20:00.000000,1528.75,1530.0,1528.0,1529.15,1081,INFY,NaN,1529.1596171473357,1528.6029731414112,59.64780863169669,1527.75,24.181643045827315,,,,,
2025-09-10T12:25:00.000000,1529.15,1531.0,1529.15,1531.0,1624,INFY,NaN,1529.5276937178685,1528.8208846740101,59.66823478476641,1527.75,23.047719614143652,,,,,
2025-09-10T12:30:00.000000,1531.0,1531.0,1528.0,1528.0,1373,INFY,NaN,1529.2221549742949,1528.7462587945547,58.783997000651226,1527.75,21.418804066498094,,,,,
2025-09-10T12:35:00.000000,1528.0,1528.45,1527.2,1528.45,1607,INFY,NaN,1529.0677239794359,1528.719326176868,58.1018225736229,1527.75,20.304100513027326,,,,,
2025-09-10T12:40:00.000000,1528.45,1528.95,1527.25,1528.35,2431,INFY,NaN,1528.9241791835486,1528.6857510698799,57.45544810957689,1527.75,18.99525955895322,,,,,
2025-09-10T12:45:00.000000,1528.35,1529.45,1527.5,1527.65,2409,INFY,NaN,1528.669343346839,1528.591591881709,56.66140615699955,1527.75,17.77047501635322,,,,,
2025-09-10T12:50:00.000000,1527.65,1529.9,1527.65,1529.45,5636,INFY,NaN,1528.8254746774712,1528.669628983372,56.45660479771983,1527.75,16.879324556201762,,,,,
2025-09-10T12:55:00.000000,1529.45,1530.9,1528.85,1529.85,5402,INFY,NaN,1529.030379741977,1528.776935439429,56.37847897269612,1527.75,16.576164357491862,,,,,
2025-09-10T13:00:00.000000,1529.85,1531.9,1529.75,1531.0,6089,INFY,NaN,1529.4243037935817,1528.9790322176627,56.60837975846567,1527.75,16.775429162902242,,,,,
2025-09-10T13:05:00.000000,1531.0,1532.1,1531.0,1532.05,2418,INFY,NaN,1529.9494430348652,1529.2582111069662,57.07296905915154,1527.75,17.05447358696575,,,,,
2025-09-10T13:10:00.000000,1532.05,1533.0,1531.5,1532.3,7961,INFY,NaN,1530.419554427892,1529.5347373699692,57.5537873089204,1527.75,17.72889772982226,,,,,
2025-09-10T13:15:00.000000,1532.3,1532.5,1530.45,1531.3,6127,INFY,NaN,1530.5956435423136,1529.695215790881,57.596479603787294,1527.75,17.593158285583726,,,,,
2025-09-10T13:20:00.000000,1531.3,1533.0,1530.55,1532.85,4691,INFY,NaN,1531.0465148338508,1529.9820143553463,58.033730285366545,1527.75,17.716352383437165,,,,,
2025-09-10T13:25:00.000000,1532.85,1532.95,1530.55,1531.65,1098,INFY,NaN,1531.1672118670806,1530.1336494139512,57.97496922579054,1527.75,17.830746902872498,,,,,
2025-09-10T13:30:00.000000,1531.65,1531.9,1530.2,1530.25,730,INFY,NaN,1530.9837694936646,1530.1442267399557,57.44106457778375,1527.75,17.659480813995643,,,,,
2025-09-10T13:35:00.000000,1530.3,1531.0,1530.0,1531.0,1465,INFY,NaN,1530.9870155949316,1530.2220243090505,57.176981979245916,1527.75,17.338490071896974,,,,,
2025-09-10T13:40:00.000000,1531.0,1531.6,1530.5,1530.55,767,INFY,NaN,1530.8996124759453,1530.251840280955,56.780566924027,1527.75,17.410552192283856,,,,,
2025-09-10T13:45:00.000000,1530.55,1531.4,1530.5,1530.5,1375,INFY,NaN,1530.8196899807563,1530.2744002554136,56.403697431597884,1527.75,17.47746701835739,,,,,
2025-09-10T13:50:00.000000,1530.5,1531.95,1530.0,1531.55,1030,INFY,NaN,1530.965751984605,1530.3903638685579,56.40152782526368,1527.75,17.887534330862994,,,,,
2025-09-10T13:55:00.000000,1531.55,1532.75,1530.7,1531.45,3848,INFY,NaN,1531.062601587684,1530.4866944259618,56.35835430507024,1527.75,18.73701195463841,,,,,
2025-09-10T14:00:00.000000,1531.45,1531.45,1530.3,1530.35,1914,INFY,NaN,1530.9200812701472,1530.4742676599653,55.87522584167969,1527.75,19.117997843639262,,,,,
2025-09-10T14:05:00.000000,1530.75,1532.5,1530.35,1531.6,8548,INFY,NaN,1531.0560650161178,1530.576606963605,55.867492765223616,1527.75,20.07165826451345,,,,,
2025-09-10T14:10:00.000000,1531.6,1532.3,1530.3,1531.45,5064,INFY,NaN,1531.1348520128943,1530.6560063305499,55.79769366615529,1527.75,20.903831549354702,,,,,
2025-09-10T14:15:00.000000,1531.45,1531.45,1530.5,1530.5,1481,INFY,NaN,1531.0078816103155,1530.6418239368636,55.34283535515345,1527.75,21.67656388527873,,,,,
2025-09-10T14:20:00.000000,1530.55,1531.7,1529.4,1529.75,18313,INFY,NaN,1530.7563052882524,1530.5607490335124,54.64149062205766,1527.75,21.21043528105532,,,,,
2025-09-10T14:25:00.000000,1530.35,1530.9,1528.5,1530.85,6076,INFY,NaN,1530.775044230602,1530.5870445759203,54.43347380184234,1527.75,19.9568406545669,,,,,
2025-09-10T14:30:00.000000,1530.85,1531.4,1529.5,1530.1,4245,INFY,NaN,1530.6400353844815,1530.5427677962912,53.9482312717331,1527.75,19.180478279790627,,,,,
2025-09-10T14:35:00.000000,1530.1,1531.15,1530.0,1531.0,4336,INFY,NaN,1530.7120283075851,1530.5843343602646,53.853472702198076,1527.75,18.459570360355514,,,,,
2025-09-10T14:40:00.000000,1531.0,1531.0,1528.6,1529.6,7210,INFY,NaN,1530.489622646068,1530.4948494184223,53.2292857061808,1527.75,17.69698116127229,,,,,
2025-09-10T14:45:00.000000,1529.6,1532.3,1529.6,1531.6,12202,INFY,NaN,1530.7116981168544,1530.5953176531111,53.37266454560568,1527.75,16.908147737047102,,,,,
2025-09-10T14:50:00.000000,1532.1,1532.95,1530.55,1531.2,4050,INFY,NaN,1530.8093584934836,1530.6502887755555,53.348654520278025,1527.75,16.624193867388442,,,,,
2025-09-10T14:55:00.000000,1531.2,1532.0,1530.3,1531.15,2240,INFY,NaN,1530.8774867947868,1530.695717068687,53.30692598047521,1527.75,16.141850651533222,,,,,
2025-09-10T15:00:00.000000,1531.15,1532.8,1530.7,1531.7,3034,INFY,NaN,1531.0419894358295,1530.787015516988,53.469849542721555,1527.75,16.24398669288981,,,,,
2025-09-10T15:05:00.000000,1531.7,1532.3,1531.0,1531.6,2595,INFY,NaN,1531.1535915486636,1530.8609231972619,53.571746151303074,1527.75,16.338827302720922,,,,,
2025-09-10T15:10:00.000000,1531.6,1533.1,1531.0,1532.45,3616,INFY,NaN,1531.4128732389308,1531.0053847247834,53.982812342087655,1527.75,16.957697228579516,,,,,
2025-09-10T15:15:00.000000,1532.45,1534.5,1532.2,1533.15,6994,INFY,NaN,1531.7602985911446,1531.200349749803,54.60064039036076,1527.75,18.310351198901287,,,,,
2025-09-10T15:20:00.000000,1533.15,1534.1,1531.6,1531.6,6514,INFY,NaN,1531.7282388729157,1531.23668159073,54.42500315997952,1527.75,18.95661973067599,,,,,
2025-09-10T15:25:00.000000,1532.55,1533.45,1531.35,1532.0,5220,INFY,NaN,1531.7825910983324,1531.306074173391,54.420139623041045,1527.75,19.307330682733017,,,,,
2025-09-11T09:15:00.000000,1530.0,1530.0,1513.0,1519.0,36430,INFY,NaN,1529.226072878666,1530.1873401576281,51.59293764238704,1530.0,22.277456577109938,,,,,
2025-09-11T09:20:00.000000,1519.0,1519.85,1514.3,1517.75,18788,INFY,NaN,1526.9308583029328,1529.056672870571,48.90913023261129,1530.0,25.0354306218885,,,,,
2025-09-11T09:25:00.000000,1517.75,1518.5,1515.15,1516.25,13846,INFY,NaN,1524.7946866423463,1527.8924298823372,46.33690480212786,1530.0,27.596406520611456,,,,,
2025-09-11T09:30:00.000000,1516.25,1518.4,1513.45,1518.4,10864,INFY,NaN,1523.515749313877,1527.0294817112156,44.68397645346094,1530.0,30.179411258055655,,,,,
2025-09-11T09:35:00.000000,1517.5,1519.5,1516.95,1518.45,8732,INFY,NaN,1522.5025994511016,1526.2495288283778,43.203792230980156,1530.0,32.00900945283344,,,,,
2025-09-11T09:40:00.000000,1518.5,1518.6,1515.75,1516.55,2161,INFY,NaN,1521.3120795608813,1525.3677534803435,41.629106984731685,1530.0,33.878593584624014,,,,,
2025-09-11T09:45:00.000000,1517.0,1517.2,1513.2,1513.6,3657,INFY,NaN,1519.769663648705,1524.2979577094031,39.888837483020126,1530.0,35.94343018688587,,,,,
2025-09-11T09:50:00.000000,1513.6,1514.0,1511.65,1511.8,5738,INFY,NaN,1518.175730918964,1523.161779735821,38.14642163681566,1530.0,38.03944130044977,,,,,
2025-09-11T09:55:00.000000,1511.8,1512.45,1510.35,1511.05,8148,INFY,NaN,1516.7505847351713,1522.0607088507463,36.502583819794026,1530.0,40.12764837925338,,,,,
2025-09-11T10:00:00.000000,1511.05,1511.4,1509.3,1510.2,8185,INFY,NaN,1515.440467788137,1520.9824625915876,34.93883123741406,1530.0,42.17755157642893,,,,,
2025-09-11T10:05:00.000000,1510.5,1511.85,1509.1,1509.8,5556,INFY,NaN,1514.3123742305097,1519.9658750832614,33.4874550792948,1530.0,43.82274352614599,,,,,
2025-09-11T10:10:00.000000,1509.8,1510.15,1508.0,1509.75,5667,INFY,NaN,1513.3998993844077,1519.0371591666012,32.169491125704106,1530.0,45.4830576690669,,,,,
2025-09-11T10:15:00.000000,1509.75,1514.1,1509.75,1514.0,5960,INFY,NaN,1513.519919507526,1518.579235606001,32.43261217700361,1530.0,44.98306097798228,,,,,
2025-09-11T10:20:00.000000,1514.0,1514.0,1511.0,1512.15,4932,INFY,NaN,1513.2459356060208,1517.9947596418192,32.39831636292479,1530.0,44.51877833626083,,,,,
2025-09-11T10:25:00.000000,1512.8,1513.9,1510.9,1513.55,12111,INFY,NaN,1513.3067484848166,1517.590690583472,32.77190921425272,1530.0,44.10962190779183,,,,,
2025-09-11T10:30:00.000000,1513.55,1516.0,1513.0,1514.8,1677,INFY,NaN,1513.6053987878533,1517.33699143952,33.453957800342074,1530.0,42.72286652475425,,,,,
2025-09-11T10:35:00.000000,1514.8,1515.05,1512.8,1513.7,3658,INFY,NaN,1513.6243190302828,1517.0063558541092,33.87701896096032,1530.0,41.49061646612171,,,,,
2025-09-11T10:40:00.000000,1513.4,1513.75,1511.55,1512.1,2226,INFY,NaN,1513.3194552242262,1516.5603235037356,33.992703410390654,1530.0,40.691799489027424,,,,,
2025-09-11T10:45:00.000000,1512.1,1513.4,1511.1,1511.9,11222,INFY,NaN,1513.035564179381,1516.1366577306687,34.064405567012685,1530.0,40.07219376594503,,,,,
2025-09-11T10:50:00.000000,1511.9,1513.0,1511.15,1512.85,1414,INFY,NaN,1512.9984513435047,1515.8378706642443,34.42778654691716,1530.0,39.496845594511385,,,,,
2025-09-11T10:55:00.000000,1512.85,1512.85,1511.5,1512.7,6999,INFY,NaN,1512.9387610748038,1515.5526096947676,34.72733350458033,1530.0,38.96259372103729,,,,,
2025-09-11T11:00:00.000000,1512.15,1513.0,1511.8,1513.0,786,INFY,NaN,1512.9510088598431,1515.3205542679705,35.100314429874835,1530.0,38.37114291627706,,,,,
2025-09-11T11:05:00.000000,1512.7,1513.95,1512.45,1512.55,1969,INFY,NaN,1512.8708070878745,1515.068685698155,35.33856386077018,1530.0,37.219654613620555,,,,,
2025-09-11T11:10:00.000000,1512.55,1512.9,1509.4,1510.3,3123,INFY,NaN,1512.3566456702995,1514.6351688165046,35.10020475352249,1530.0,37.16336308576423,,,,,
2025-09-11T11:15:00.000000,1510.35,1514.15,1510.3,1513.75,2017,INFY,NaN,1512.6353165362395,1514.554698924095,35.991656928403835,1530.0,36.38503301599401,,,,,
2025-09-11T11:20:00.000000,1513.75,1514.6,1513.05,1513.5,27051,INFY,NaN,1512.8082532289916,1514.4588172037227,36.741779433326926,1530.0,35.40909628136738,,,,,
2025-09-11T11:25:00.000000,1513.3,1514.8,1512.2,1512.2,14559,INFY,NaN,1512.6866025831932,1514.2534701852023,37.130320996437746,1530.0,34.80106796081046,,,,,
2025-09-11T11:30:00.000000,1512.15,1512.9,1511.25,1511.4,2870,INFY,NaN,1512.4292820665546,1513.9940638047294,37.310802032931186,1530.0,34.555269061259736,,,,,
2025-09-11T11:35:00.000000,1511.4,1511.9,1509.0,1509.75,26117,INFY,NaN,1511.8934256532436,1513.6082398224812,37.1432055741827,1530.0,34.98764122444609,,,,,
2025-09-11T11:40:00.000000,1509.7,1510.0,1508.3,1508.8,15778,INFY,NaN,1511.2747405225948,1513.1711271113466,36.8144470916045,1530.0,35.57236885282767,,,,,
2025-09-11T11:45:00.000000,1508.8,1509.5,1508.05,1508.6,4477,INFY,NaN,1510.739792418076,1512.755570101224,36.479388230226725,1530.0,36.18166072745635,,,,,
2025-09-11T11:50:00.000000,1508.6,1510.0,1508.0,1509.9,826,INFY,NaN,1510.5718339344608,1512.4959728192946,36.65795978377557,1530.0,36.39746411102317,,,,,
2025-09-11T11:55:00.000000,1509.9,1511.3,1509.55,1510.35,4187,INFY,NaN,1510.5274671475686,1512.300884381177,36.98092129966756,1530.0,35.73354418196355,,,,,
2025-09-11T12:00:00.000000,1510.35,1511.9,1509.9,1511.65,1167,INFY,NaN,1510.7519737180548,1512.2417130737972,37.722970790940686,1530.0,34.741038637576075,,,,,
2025-09-11T12:05:00.000000,1511.1,1512.7,1511.1,1512.5,972,INFY,NaN,1511.1015789744438,1512.265193703452,38.67081070160087,1530.0,33.330928555584045,,,,,
2025-09-11T12:10:00.000000,1512.5,1512.5,1510.25,1511.45,703,INFY,NaN,1511.1712631795551,1512.1910851849564,39.23164094361804,1530.0,32.38796038495157,,,,,
2025-09-11T12:15:00.000000,1511.45,1511.7,1510.0,1510.75,6855,INFY,NaN,1511.087010543644,1512.0600774408695,39.54886259269876,1530.0,31.619357668788894,,,,,
2025-09-11T12:20:00.000000,1510.75,1511.85,1509.8,1511.35,6972,INFY,NaN,1511.1396084349153,1511.995524946245,40.05318765970348,1530.0,30.99468092656543,,,,,
2025-09-11T12:25:00.000000,1511.35,1512.55,1509.75,1512.5,2904,INFY,NaN,1511.4116867479322,1512.0413863147683,40.90757839342165,1530.0,29.918280470852913,,,,,
2025-09-11T12:30:00.000000,1512.5,1514.35,1511.8,1513.9,11133,INFY,NaN,1511.9093493983457,1512.210351195244,42.11936864719003,1530.0,27.79759019977742,,,,,
2025-09-11T12:35:00.000000,1513.9,1513.9,1511.9,1512.5,6085,INFY,NaN,1512.0274795186765,1512.2366829047671,42.76270670928368,1530.0,25.828377805207317,,,,,
2025-09-11T12:40:00.000000,1512.35,1513.0,1511.65,1512.3,1544,INFY,NaN,1512.0819836149412,1512.2424390043338,43.282112645662345,1530.0,24.151937316564727,,,,,
2025-09-11T12:45:00.000000,1512.3,1512.5,1511.15,1511.35,574,INFY,NaN,1511.9355868919529,1512.1613081857581,43.456200412259584,1530.0,22.90178646252965,,,,,
2025-09-11T12:50:00.000000,1511.35,1512.25,1511.0,1511.75,773,INFY,NaN,1511.8984695135623,1512.1239165325073,43.76209201761667,1530.0,21.834290704513187,,,,,
2025-09-11T12:55:00.000000,1511.75,1513.3,1511.3,1512.8,13229,INFY,NaN,1512.0787756108498,1512.1853786659158,44.41613972046417,1530.0,20.442550213294673,,,,,
2025-09-11T13:00:00.000000,1512.8,1512.9,1512.0,1512.15,1772,INFY,NaN,1512.09302048868,1512.1821624235597,44.780382899004415,1530.0,19.150219757163196,,,,,
2025-09-11T13:05:00.000000,1512.15,1513.35,1512.05,1512.7,1131,INFY,NaN,1512.214416390944,1512.2292385668725,45.313145770019425,1530.0,18.26618976421676,,,,,
2025-09-11T13:10:00.000000,1512.7,1513.6,1512.6,1513.35,873,INFY,NaN,1512.4415331127552,1512.3311259698842,46.03077653662711,1530.0,17.621031499805678,,,,,
2025-09-11T13:15:00.000000,1513.35,1513.35,1511.65,1512.4,2465,INFY,NaN,1512.433226490204,1512.3373872453492,46.313874405330715,1530.0,16.46329854846467,,,,,
2025-09-11T13:20:00.000000,1512.4,1513.05,1511.65,1512.1,1232,INFY,NaN,1512.3665811921633,1512.315806586681,46.45732580071588,1530.0,15.388260807933737,,,,,
2025-09-11T13:25:00.000000,1512.05,1513.0,1511.9,1513.0,1839,INFY,NaN,1512.4932649537307,1512.3780059878918,46.94672141279442,1530.0,14.390011477440728,,,,,
2025-09-11T13:30:00.000000,1513.0,1513.75,1512.0,1513.0,701,INFY,NaN,1512.5946119629846,1512.4345508980834,47.38950791896071,1530.0,13.896371649048616,,,,,
2025-09-11T13:35:00.000000,1513.0,1513.0,1512.0,1512.7,1405,INFY,NaN,1512.6156895703878,1512.4586826346213,47.65640138769576,1530.0,13.437991808398795,,,,,
2025-09-11T13:40:00.000000,1512.7,1513.0,1512.5,1512.95,637,INFY,NaN,1512.6825516563101,1512.5033478496557,48.0109638983838,1530.0,13.012353384938248,,,,,
2025-09-11T13:45:00.000000,1512.95,1513.35,1511.35,1512.25,19365,INFY,NaN,1512.5960413250482,1512.4803162269598,48.00359024588316,1530.0,12.65243850753193,,,,,
2025-09-11T13:50:00.000000,1512.25,1513.65,1512.1,1512.95,5772,INFY,NaN,1512.6668330600385,1512.5230147517816,48.3309335111627,1530.0,12.018813432849983,,,,,
2025-09-11T13:55:00.000000,1512.95,1513.6,1511.0,1511.5,1933,INFY,NaN,1512.4334664480307,1512.4300134107104,47.98711314171219,1530.0,12.343997185380744,,,,,
2025-09-11T14:00:00.000000,1511.5,1512.35,1511.0,1511.45,981,INFY,NaN,1512.2367731584245,1512.340921282464,47.65547583285795,1530.0,12.645953527016447,,,,,
2025-09-11T14:05:00.000000,1511.45,1512.05,1510.35,1511.15,8791,INFY,NaN,1512.0194185267396,1512.2326557113308,47.22720369987453,1530.0,13.423869181411126,,,,,
2025-09-11T14:10:00.000000,1511.15,1512.3,1510.45,1511.7,9728,INFY,NaN,1511.9555348213917,1512.1842324648462,47.14481977793968,1530.0,13.851271657046343,,,,,
2025-09-11T14:15:00.000000,1511.7,1512.95,1510.65,1512.0,10214,INFY,NaN,1511.9644278571134,1512.167484058951,47.23398151905783,1530.0,13.518211502127086,,,,,
2025-09-11T14:20:00.000000,1512.2,1513.3,1511.35,1512.0,6296,INFY,NaN,1511.9715422856907,1512.15225823541,47.31465166578377,1530.0,12.8401906701219,,,,,
2025-09-11T14:25:00.000000,1512.0,1513.05,1511.65,1512.4,1377,INFY,NaN,1512.0572338285526,1512.1747802140092,47.62109550571323,1530.0,12.21059989754566,,,,,
2025-09-11T14:30:00.000000,1512.4,1512.95,1510.0,1511.5,5741,INFY,NaN,1511.945787062842,1512.1134365581902,47.4043005575304,1530.0,13.0341022117599,,,,,
2025-09-11T14:35:00.000000,1511.5,1512.4,1509.75,1511.9,12112,INFY,NaN,1511.9366296502737,1512.0940332347184,47.45193797357728,1530.0,13.975430947922186,,,,,
2025-09-11T14:40:00.000000,1511.9,1512.55,1510.8,1511.9,1022,INFY,NaN,1511.929303720219,1512.076393849744,47.495038492857795,1530.0,14.66449174253106,,,,,
2025-09-11T14:45:00.000000,1511.9,1512.35,1510.0,1511.65,6115,INFY,NaN,1511.8734429761753,1512.0376307724944,47.38423743870233,1530.0,15.879632419272834,,,,,
2025-09-11T14:50:00.000000,1511.65,1511.65,1509.05,1510.4,11736,INFY,NaN,1511.5787543809402,1511.8887552477222,46.62107427944566,1530.0,17.587905435385615,,,,,
2025-09-11T14:55:00.000000,1510.4,1511.9,1509.0,1511.3,21411,INFY,NaN,1511.523003504752,1511.8352320433837,46.53304583469698,1530.0,18.848837198862643,,,,,
2025-09-11T15:00:00.000000,1510.2,1510.75,1508.0,1510.1,77264,INFY,NaN,1511.2384028038016,1511.6774836758034,45.88634812993032,1530.0,20.5889870215746,,,,,
2025-09-11T15:05:00.000000,1510.1,1510.5,1506.65,1507.9,75497,INFY,NaN,1510.5707222430412,1511.3340760689123,44.52677801042493,1530.0,22.82047825892266,,,,,
2025-09-11T15:10:00.000000,1507.9,1512.0,1507.9,1510.35,80065,INFY,NaN,1510.526577794433,1511.244614608102,44.58006131693303,1530.0,23.22576311958914,,,,,
2025-09-11T15:15:00.000000,1510.4,1511.35,1508.5,1509.8,71396,INFY,NaN,1510.3812622355465,1511.1132860073653,44.433025011530894,1530.0,23.602099061636586,,,,,
2025-09-11T15:20:00.000000,1509.8,1511.5,1508.9,1510.85,32498,INFY,NaN,1510.475009788437,1511.0893509157866,44.76379547596153,1530.0,23.790818778163576,,,,,
2025-09-11T15:25:00.000000,1510.4,1512.8,1509.55,1512.0,9029,INFY,NaN,1510.7800078307496,1511.1721371961696,45.517520092772656,1530.0,22.699206747866445,,,,,
2025-09-12T09:15:00.000000,1544.65,1544.65,1530.0,1532.55,97688,INFY,NaN,1515.1340062645997,1513.115579269245,49.075036357769314,1544.65,26.57399524127568,,,,,
2025-09-12T09:20:00.000000,1532.55,1539.8,1530.75,1538.0,27183,INFY,NaN,1519.70720501168,1515.3777993356773,52.54519002716652,1544.65,30.172013128012825,,,,,
2025-09-12T09:25:00.000000,1538.5,1543.0,1536.35,1538.15,35852,INFY,NaN,1523.395764009344,1517.4479993960704,55.691128350032486,1544.65,33.651439301835914,,,,,
2025-09-12T09:30:00.000000,1538.15,1538.35,1529.55,1534.2,27157,INFY,NaN,1525.5566112074753,1518.9709085418822,57.606359116565194,1544.65,34.82106390069948,,,,,
2025-09-12T09:35:00.000000,1534.2,1534.3,1529.9,1531.2,11559,INFY,NaN,1526.6852889659801,1520.0826441289837,58.722275150926116,1544.65,35.9071438853585,,,,,
2025-09-12T09:40:00.000000,1531.1,1531.1,1522.7,1523.45,24014,INFY,NaN,1526.0382311727842,1520.388767389985,58.46378313646284,1544.65,35.14378190018725,,,,,
2025-09-12T09:45:00.000000,1523.5,1525.55,1523.0,1524.5,8928,INFY,NaN,1525.7305849382274,1520.7625158090773,58.34412484401251,1544.65,34.434945771099656,,,,,
2025-09-12T09:50:00.000000,1524.5,1529.0,1524.1,1528.05,9725,INFY,NaN,1526.1944679505818,1521.4250143718884,58.60386041648998,1544.65,34.22623838167287,,,,,
2025-09-12T09:55:00.000000,1528.05,1529.9,1525.15,1526.8,6476,INFY,NaN,1526.3155743604655,1521.9136494289894,58.6463024589911,1544.65,34.145420948038954,,,,,
2025-09-12T10:00:00.000000,1526.8,1530.55,1526.8,1529.6,4695,INFY,NaN,1526.9724594883724,1522.6124085718086,58.97313528280599,1544.65,34.154706906832445,,,,,
2025-09-12T10:05:00.000000,1529.6,1530.55,1529.25,1529.6,2924,INFY,NaN,1527.497967590698,1523.2476441561896,59.26884117101947,1544.65,34.16332958285497,,,,,
2025-09-12T10:10:00.000000,1529.6,1530.45,1529.0,1529.5,2000,INFY,NaN,1527.8983740725585,1523.8160401419905,59.51832921385505,1544.65,34.096430917218576,,,,,
2025-09-12T10:15:00.000000,1529.5,1530.9,1528.0,1528.5,6043,INFY,NaN,1528.0186992580468,1524.2418546745369,59.55638012381899,1544.65,33.72458127291456,,,,,
2025-09-12T10:20:00.000000,1528.5,1529.75,1528.15,1528.55,3217,INFY,NaN,1528.1249594064375,1524.633504249579,59.597340871577565,1544.65,33.37929231748941,,,,,
2025-09-12T10:25:00.000000,1528.55,1530.5,1528.55,1530.35,2119,INFY,NaN,1528.5699675251499,1525.1531856814354,59.871539067476924,1544.65,33.198504723924216,,,,,
2025-09-12T10:30:00.000000,1530.35,1531.15,1529.5,1531.15,2722,INFY,NaN,1529.08597402012,1525.6983506194867,60.2229838143556,1544.65,33.154372963226635,,,,,
2025-09-12T10:35:00.000000,1531.15,1531.25,1529.15,1530.05,1513,INFY,NaN,1529.278779216096,1526.0939551086244,60.29234607448798,1544.65,32.977789810107325,,,,,
2025-09-12T10:40:00.000000,1529.85,1530.75,1529.0,1530.15,1891,INFY,NaN,1529.4530233728767,1526.4626864623858,60.36999539102017,1544.65,32.752534646324726,,,,,
2025-09-12T10:45:00.000000,1530.15,1530.15,1528.35,1528.4,4985,INFY,NaN,1529.2424186983014,1526.6388058748962,60.03184149777892,1544.65,32.267696064565996,,,,,
2025-09-12T10:50:00.000000,1528.4,1529.35,1527.7,1527.8,4278,INFY,NaN,1528.9539349586412,1526.7443689771783,59.58921957490098,1544.65,31.53837163816031,,,,,
2025-09-12T10:55:00.000000,1527.8,1529.35,1527.1,1528.05,2466,INFY,NaN,1528.773147966913,1526.8630627065256,59.23636819317759,1544.65,30.600326722095463,,,,,
2025-09-12T11:00:00.000000,1528.05,1529.1,1527.7,1528.0,3650,INFY,NaN,1528.6185183735304,1526.966420642296,58.90430656521931,1544.65,29.729285014320965,,,,,
2025-09-12T11:05:00.000000,1528.0,1529.0,1528.0,1528.5,1404,INFY,NaN,1528.5948146988244,1527.1058369475418,58.710386264397485,1544.65,28.9204605713875,,,,,
2025-09-12T11:10:00.000000,1528.5,1528.6,1527.6,1527.6,3662,INFY,NaN,1528.3958517590595,1527.1507608614015,58.281973573838364,1544.65,27.96385828534724,,,,,
2025-09-12T11:15:00.000000,1527.6,1529.25,1527.15,1529.25,1772,INFY,NaN,1528.5666814072476,1527.3416007830922,58.2625366669847,1544.65,27.3217395093584,,,,,
2025-09-12T11:20:00.000000,1529.25,1529.25,1527.5,1527.5,1227,INFY,NaN,1528.3533451257981,1527.356000711902,57.75846565193153,1544.65,26.72548636022591,,,,,
2025-09-12T11:25:00.000000,1527.5,1529.25,1527.5,1528.95,1905,INFY,NaN,1528.4726761006384,1527.5009097380928,57.62834168632867,1544.65,26.17182272174574,,,,,
2025-09-12T11:30:00.000000,1528.95,1528.95,1528.0,1528.45,1829,INFY,NaN,1528.4681408805106,1527.5871906709936,57.3692961126142,1544.65,25.657706486014153,,,,,
2025-09-12T11:35:00.000000,1528.45,1528.5,1527.5,1528.0,2026,INFY,NaN,1528.3745127044085,1527.6247187918123,57.00487569799755,1544.65,24.83613063771345,,,,,
2025-09-12T11:40:00.000000,1528.0,1528.8,1527.8,1527.8,1194,INFY,NaN,1528.2596101635268,1527.640653447102,56.615179691694436,1544.65,24.229612618043877,,,,,
2025-09-12T11:45:00.000000,1527.8,1528.0,1527.2,1527.4,755,INFY,NaN,1528.0876881308213,1527.618775861002,56.1380793188298,1544.65,23.233712807613646,,,,,
2025-09-12T11:50:00.000000,1527.4,1528.6,1527.4,1528.6,1849,INFY,NaN,1528.1901505046571,1527.7079780554564,56.04715119886248,1544.65,22.649192352732026,,,,,
2025-09-12T11:55:00.000000,1528.6,1528.6,1527.1,1527.1,3024,INFY,NaN,1527.9721204037257,1527.652707323142,55.489196475994845,1544.65,21.87800276308193,,,,,
2025-09-12T12:00:00.000000,1527.1,1527.8,1526.9,1527.4,1545,INFY,NaN,1527.8576963229807,1527.629733930129,55.075093613362284,1544.65,21.00558159609947,,,,,
2025-09-12T12:05:00.000000,1527.4,1527.4,1525.0,1525.95,5276,INFY,NaN,1527.4761570583846,1527.4770308455718,54.25953303853291,1544.65,20.12133038320127,,,,,
2025-09-12T12:10:00.000000,1525.3,1526.05,1525.0,1525.55,3168,INFY,NaN,1527.0909256467078,1527.3018462232471,53.40563902393685,1544.65,19.300239971224364,,,,,
2025-09-12T12:15:00.000000,1525.55,1525.75,1525.0,1525.5,1158,INFY,NaN,1526.7727405173662,1527.1380420211337,52.6179144564395,1544.65,18.53779887438867,,,,,
2025-09-12T12:20:00.000000,1525.5,1527.45,1525.3,1527.4,629,INFY,NaN,1526.898192413893,1527.1618563828488,52.561985463240276,1544.65,17.816468454914514,,,,,
2025-09-12T12:25:00.000000,1527.4,1528.4,1527.15,1528.35,985,INFY,NaN,1527.1885539311143,1527.2698694389535,52.80098017777552,1544.65,17.71158012598698,,,,,
2025-09-12T12:30:00.000000,1528.35,1529.0,1527.3,1528.8,2706,INFY,NaN,1527.5108431448914,1527.4089722172305,53.1512445390722,1544.65,17.9457503435041,,,,,
2025-09-12T12:35:00.000000,1528.8,1529.25,1527.55,1528.95,3511,INFY,NaN,1527.798674515913,1527.5490656520278,53.51423876793927,1544.65,18.300304014326397,,,,,
2025-09-12T12:40:00.000000,1528.95,1529.35,1528.5,1529.25,2306,INFY,NaN,1528.0889396127304,1527.703696047298,53.938529639484024,1544.65,18.68656337039004,,,,,
2025-09-12T12:45:00.000000,1529.25,1529.35,1527.9,1528.5,6188,INFY,NaN,1528.1711516901844,1527.7760873157256,53.995351718405985,1544.65,18.4909769627516,,,,,
2025-09-12T12:50:00.000000,1528.5,1529.45,1527.95,1528.1,1449,INFY,NaN,1528.1569213521475,1527.805533923387,53.87585572180753,1544.65,18.37620005839562,,,,,
2025-09-12T12:55:00.000000,1528.1,1528.6,1527.4,1528.6,1163,INFY,NaN,1528.2455370817179,1527.8777581121699,53.95865556988688,1544.65,17.753141611598483,,,,,
2025-09-12T13:00:00.000000,1528.6,1529.2,1527.75,1529.0,1062,INFY,NaN,1528.3964296653744,1527.9797801019727,54.1855208378303,1544.65,17.61182141713818,,,,,
2025-09-12T13:05:00.000000,1529.0,1529.0,1527.55,1528.7,744,INFY,NaN,1528.4571437322995,1528.045254638157,54.24221567130691,1544.65,17.284240200580093,,,,,
2025-09-12T13:10:00.000000,1528.7,1529.15,1527.7,1528.5,546,INFY,NaN,1528.4657149858397,1528.0865951255973,54.191824019461336,1544.65,17.09695806884293,,,,,
2025-09-12T13:15:00.000000,1528.5,1529.2,1528.45,1528.5,480,INFY,NaN,1528.4725719886717,1528.1241773869067,54.14623157255344,1544.65,16.9639515788141,,,,,
2025-09-12T13:20:00.000000,1528.5,1528.95,1527.85,1528.15,312,INFY,NaN,1528.4080575909375,1528.126524897188,53.9103216747819,1544.65,16.183692993089384,,,,,
2025-09-12T13:25:00.000000,1528.15,1529.1,1527.5,1528.4,1553,INFY,NaN,1528.40644607275,1528.1513862701709,53.8277814641357,1544.65,15.097632653907473,,,,,
2025-09-12T13:30:00.000000,1528.4,1529.2,1528.15,1528.25,504,INFY,NaN,1528.3751568582,1528.1603511547007,53.66194657618691,1544.65,14.191522446123264,,,,,
2025-09-12T13:35:00.000000,1528.25,1529.4,1528.25,1528.8,1597,INFY,NaN,1528.46012548656,1528.2185010497278,53.815415147300236,1544.65,13.560871835606209,,,,,
2025-09-12T13:40:00.000000,1528.8,1529.4,1528.6,1529.4,1690,INFY,NaN,1528.648100389248,1528.3259100452071,54.26299762082745,1544.65,12.975267697268945,,,,,
2025-09-12T13:45:00.000000,1529.4,1529.4,1528.2,1528.75,1555,INFY,NaN,1528.6684803113983,1528.3644636774611,54.23346849818055,1544.65,12.158602822520633,,,,,
2025-09-12T13:50:00.000000,1528.75,1529.4,1528.05,1529.4,816,INFY,NaN,1528.8147842491187,1528.4586033431465,54.54643927182103,1544.65,11.581586248305774,,,,,
2025-09-12T13:55:00.000000,1529.4,1529.4,1528.35,1528.35,1041,INFY,NaN,1528.7218273992949,1528.4487303119513,54.17909224651868,1544.65,11.04578514367769,,,,,
2025-09-12T14:00:00.000000,1528.35,1529.15,1528.35,1528.75,627,INFY,NaN,1528.7274619194359,1528.4761184654103,54.064891353030156,1544.65,10.548255546523041,,,,,
2025-09-12T14:05:00.000000,1528.75,1528.95,1527.5,1527.8,1565,INFY,NaN,1528.5419695355488,1528.414653150373,53.42572446577011,1544.65,11.143523501293755,,,,,
2025-09-12T14:10:00.000000,1527.8,1528.15,1527.25,1528.0,1000,INFY,NaN,1528.433575628439,1528.37695740943,52.965313811008,1544.65,11.96627770845663,,,,,
2025-09-12T14:15:00.000000,1528.0,1528.0,1526.4,1526.4,737,INFY,NaN,1528.0268605027513,1528.1972340085727,51.76925914047428,1544.65,13.535443622302733,,,,,
2025-09-12T14:20:00.000000,1526.4,1526.6,1525.0,1526.05,2622,INFY,NaN,1527.631488402201,1528.0020309168842,50.540242355019735,1544.65,15.961924869019422,,,,,
2025-09-12T14:25:00.000000,1526.05,1526.95,1525.15,1525.6,1770,INFY,NaN,1527.2251907217608,1527.7836644698948,49.242492557745194,1544.65,17.662901324513527,,,,,
2025-09-12T14:30:00.000000,1525.6,1526.0,1524.1,1524.1,1834,INFY,NaN,1526.6001525774086,1527.4487858817226,47.53160846931963,1544.65,19.865280776155867,,,,,
2025-09-12T14:35:00.000000,1524.1,1524.65,1522.75,1523.6,5194,INFY,NaN,1526.000122061927,1527.0988962561114,45.82889132692265,1544.65,22.524752243588498,,,,,
2025-09-12T14:40:00.000000,1523.6,1525.6,1523.0,1525.0,1535,INFY,NaN,1525.8000976495416,1526.9080875055558,45.195813643034334,1544.65,23.733585229744495,,,,,
2025-09-12T14:45:00.000000,1525.0,1525.05,1522.65,1524.9,2294,INFY,NaN,1525.6200781196333,1526.7255340959598,44.584549790638185,1544.65,25.040637555827963,,,,,
2025-09-12T14:50:00.000000,1524.9,1524.9,1523.0,1523.65,1982,INFY,NaN,1525.2260624957066,1526.4459400872363,43.58134065604343,1544.65,26.254329001476894,,,,,
2025-09-12T14:55:00.000000,1523.65,1524.25,1523.6,1523.95,4138,INFY,NaN,1524.9708499965652,1526.219036442942,42.86550741864283,1544.65,27.381328201008046,,,,,
2025-09-12T15:00:00.000000,1524.25,1524.65,1522.7,1523.8,6499,INFY,NaN,1524.7366799972522,1525.9991240390382,42.162275019902474,1544.65,28.926893048386365,,,,,
2025-09-12T15:05:00.000000,1523.8,1526.9,1523.0,1526.15,4780,INFY,NaN,1525.0193439978018,1526.0128400354893,42.84368420503378,1544.65,27.754199808201083,,,,,
2025-09-12T15:10:00.000000,1526.15,1526.55,1524.4,1526.55,5902,INFY,NaN,1525.3254751982415,1526.0616727595357,43.64276157882821,1544.65,26.665270370886173,,,,,
2025-09-12T15:15:00.000000,1526.55,1527.25,1525.0,1525.75,17181,INFY,NaN,1525.4103801585932,1526.0333388723052,43.998187064102986,1544.65,25.001402741895692,,,,,
2025-09-12T15:20:00.000000,1525.75,1527.0,1525.2,1526.0,7816,INFY,NaN,1525.5283041268744,1526.030308065732,44.44367473298016,1544.65,23.456382800690246,,,,,
2025-09-12T15:25:00.000000,1526.5,1526.6,1523.0,1525.65,3336,INFY,NaN,1525.5526433014995,1525.9957346052108,44.6801439601635,1544.65,23.598310325179536,,,,,
2025-09-15T09:15:00.000000,1524.1,1527.0,1501.4,1508.0,23272,INFY,NaN,1522.0421146411995,1524.3597587320098,41.93905788024637,1527.0,27.496234912294135,,,,,
2025-09-15T09:20:00.000000,1508.0,1511.0,1505.2,1506.0,7133,INFY,NaN,1518.8336917129595,1522.6906897563726,39.345976136047554,1527.0,31.11573631461483,,,,,
2025-09-15T09:25:00.000000,1506.0,1508.9,1505.5,1506.85,5027,INFY,NaN,1516.4369533703675,1521.2506270512479,37.26825525869062,1527.0,34.476701902484045,,,,,
2025-09-15T09:30:00.000000,1506.85,1508.2,1506.05,1506.15,2477,INFY,NaN,1514.379562696294,1519.8778427738616,35.34087976511014,1527.0,37.59759851979118,,,,,
2025-09-15T09:35:00.000000,1506.15,1507.75,1506.05,1507.35,2693,INFY,NaN,1512.973650157035,1518.7389479762378,33.991658161874504,1527.0,40.495573950147794,,,,,
2025-09-15T09:40:00.000000,1507.35,1510.0,1507.0,1508.9,2018,INFY,NaN,1512.1589201256281,1517.8444981602163,33.258543449769334,1527.0,41.95950140593088,,,,,
2025-09-15T09:45:00.000000,1508.9,1508.9,1506.45,1507.45,3583,INFY,NaN,1511.2171361005026,1516.899543782015,32.441450449251995,1527.0,43.38783549934966,,,,,
2025-09-15T09:50:00.000000,1507.45,1510.05,1506.9,1509.8,1598,INFY,NaN,1510.933708880402,1516.2541307109227,32.396677610533615,1527.0,44.10338713794219,,,,,
2025-09-15T09:55:00.000000,1509.8,1510.0,1508.6,1509.5,1008,INFY,NaN,1510.6469671043217,1515.6401188281116,32.316173077515664,1527.0,44.76782794520668,,,,,
2025-09-15T10:00:00.000000,1509.5,1509.5,1508.0,1508.0,3610,INFY,NaN,1510.1175736834573,1514.9455625710104,32.044841899140415,1527.0,45.48784061205206,,,,,
2025-09-15T10:05:00.000000,1508.0,1509.6,1507.75,1508.4,1582,INFY,NaN,1509.7740589467658,1514.3505114281913,31.924409808947708,1527.0,46.2006110256347,,,,,
2025-09-15T10:10:00.000000,1508.4,1508.65,1506.0,1506.85,1129,INFY,NaN,1509.1892471574126,1513.6686467529012,31.604120049073174,1527.0,47.16025302213107,,,,,
2025-09-15T10:15:00.000000,1506.85,1507.75,1506.05,1507.75,1120,INFY,NaN,1508.90139772593,1513.1305879571828,31.60780337058881,1527.0,48.05134916173484,,,,,
2025-09-15T10:20:00.000000,1507.75,1507.75,1506.05,1506.6,824,INFY,NaN,1508.441118180744,1512.5368981428935,31.442285233291024,1527.0,48.8787955770812,,,,,
2025-09-15T10:25:00.000000,1506.6,1507.2,1506.1,1506.1,2088,INFY,NaN,1507.9728945445952,1511.9517255844487,31.21980779694407,1527.0,49.647138677045675,,,,,
2025-09-15T10:30:00.000000,1506.1,1506.65,1505.2,1505.2,3670,INFY,NaN,1507.4183156356762,1511.3379323494987,30.88763761318638,1527.0,50.5359504677378,,,,,
2025-09-15T10:35:00.000000,1505.2,1506.55,1505.2,1505.95,1821,INFY,NaN,1507.124652508541,1510.8481203177262,30.86688271558262,1527.0,51.36127570195191,,,,,
2025-09-15T10:40:00.000000,1505.95,1506.4,1504.9,1504.9,1964,INFY,NaN,1506.679722006833,1510.3073821070238,30.67942582888076,1527.0,52.18985214517073,,,,,
2025-09-15T10:45:00.000000,1504.9,1504.9,1503.4,1503.95,2066,INFY,NaN,1506.1337776054663,1509.7294382791126,30.36320913488825,1527.0,53.250467439562776,,,,,
2025-09-15T10:50:00.000000,1503.95,1504.6,1503.2,1504.6,2647,INFY,NaN,1505.827022084373,1509.2631257082842,30.33840266299247,1527.0,54.27195900644962,,,,,
2025-09-15T10:55:00.000000,1504.6,1505.95,1504.0,1505.3,1490,INFY,NaN,1505.7216176674985,1508.9028415529856,30.595315935453876,1527.0,54.0043529481357,,,,,
2025-09-15T11:00:00.000000,1505.3,1505.95,1504.65,1505.7,1215,INFY,NaN,1505.7172941339988,1508.6116741390779,30.98831289013729,1527.0,53.75586160827277,,,,,
2025-09-15T11:05:00.000000,1505.7,1506.15,1505.15,1505.5,1391,INFY,NaN,1505.6738353071992,1508.328794671889,31.299655081434626,1527.0,53.34062149497837,,,,,
2025-09-15T11:10:00.000000,1505.5,1505.7,1505.05,1505.6,273,INFY,NaN,1505.6590682457593,1508.08072242899,31.626113410936938,1527.0,52.98908421771055,,,,,
2025-09-15T11:15:00.000000,1505.6,1505.6,1504.55,1505.5,722,INFY,NaN,1505.6272545966074,1507.8461112990817,31.896208145721825,1527.0,52.83575284615942,,,,,
2025-09-15T11:20:00.000000,1505.5,1505.6,1504.85,1504.85,619,INFY,NaN,1505.4718036772858,1507.5737375446197,31.97393843552056,1527.0,52.693373715433374,,,,,
2025-09-15T11:25:00.000000,1504.85,1505.7,1504.85,1505.1,579,INFY,NaN,1505.3974429418286,1507.3488523132905,32.17625807107516,1527.0,52.445015869006106,,,,,
2025-09-15T11:30:00.000000,1505.1,1507.35,1505.0,1506.55,589,INFY,NaN,1505.6279543534629,1507.2762293757187,33.0747316940365,1527.0,50.50098271997714,,,,,
2025-09-15T11:35:00.000000,1506.55,1508.0,1506.0,1508.0,601,INFY,NaN,1506.1023634827702,1507.3420267051988,34.49563463196866,1527.0,48.1247108959526,,,,,
2025-09-15T11:40:00.000000,1508.0,1509.9,1508.0,1508.1,937,INFY,NaN,1506.501890786216,1507.4109333683625,35.82110876465546,1527.0,44.85763783316413,,,,,
2025-09-15T11:45:00.000000,1508.1,1509.2,1508.1,1508.3,1883,INFY,NaN,1506.8615126289728,1507.4917576076023,37.104129884775006,1527.0,41.8239271320034,,,,,
2025-09-15T11:50:00.000000,1508.3,1509.1,1508.0,1508.0,1018,INFY,NaN,1507.0892101031782,1507.5379614614567,38.139102939704514,1527.0,38.932960336274085,,,,,
2025-09-15T11:55:00.000000,1508.0,1510.0,1507.6,1509.5,741,INFY,NaN,1507.5713680825424,1507.7163286013242,39.700572014015044,1527.0,36.87743971439662,,,,,
2025-09-15T12:00:00.000000,1509.5,1510.0,1509.05,1509.85,728,INFY,NaN,1508.027094466034,1507.9102987284766,41.2463669354317,1527.0,34.96874199408183,,,,,
2025-09-15T12:05:00.000000,1509.85,1509.85,1508.75,1508.9,375,INFY,NaN,1508.2016755728273,1508.0002715713424,42.2059711537292,1527.0,32.93393278977676,,,,,
2025-09-15T12:10:00.000000,1508.9,1510.2,1508.5,1510.1,1536,INFY,NaN,1508.5813404582618,1508.1911559739476,43.541499501428575,1527.0,31.313146859018648,,,,,
2025-09-15T12:15:00.000000,1510.1,1514.0,1510.1,1512.1,4579,INFY,NaN,1509.2850723666095,1508.5465054308615,45.38850364785536,1527.0,31.8588357438184,,,,,
2025-09-15T12:20:00.000000,1512.1,1512.8,1511.75,1512.25,422,INFY,NaN,1509.8780578932876,1508.8831867553288,47.10275035451833,1527.0,32.36554685113246,,,,,
2025-09-15T12:25:00.000000,1512.25,1512.5,1511.75,1512.45,374,INFY,NaN,1510.3924463146302,1509.2074425048443,48.713878292473154,1527.0,32.83606430792408,,,,,
2025-09-15T12:30:00.000000,1512.45,1512.45,1511.1,1512.45,604,INFY,NaN,1510.8039570517042,1509.5022204589493,50.171565474432285,1527.0,32.63811357576311,,,,,
2025-09-15T12:35:00.000000,1512.45,1512.45,1511.65,1512.0,898,INFY,NaN,1511.0431656413634,1509.7292913263175,51.22781842978413,1527.0,32.454302181613635,,,,,
2025-09-15T12:40:00.000000,1512.0,1512.0,1510.2,1510.8,778,INFY,NaN,1510.9945325130907,1509.8266284784704,51.54124277736738,1527.0,30.9644921782109,,,,,
2025-09-15T12:45:00.000000,1510.8,1511.25,1510.0,1510.35,606,INFY,NaN,1510.8656260104726,1509.8742077077004,51.6038270497576,1527.0,29.416447145221834,,,,,
2025-09-15T12:50:00.000000,1510.35,1511.35,1510.35,1511.2,502,INFY,NaN,1510.932500808378,1509.9947342797277,52.02319443434089,1527.0,28.050246751164284,,,,,
2025-09-15T12:55:00.000000,1511.2,1512.5,1510.15,1511.9,4583,INFY,NaN,1511.1260006467026,1510.167940254298,52.679156104850506,1527.0,27.549912117721135,,,,,
2025-09-15T13:00:00.000000,1511.9,1513.2,1511.15,1513.2,2028,INFY,NaN,1511.540800517362,1510.4435820493618,53.72897285292055,1527.0,27.496257494381474,,,,,
2025-09-15T13:05:00.000000,1513.2,1514.9,1512.8,1514.4,170,INFY,NaN,1512.1126404138895,1510.8032564085108,55.037909332824114,1527.0,28.283387974657312,,,,,
2025-09-15T13:10:00.000000,1514.4,1515.5,1513.2,1513.2,1366,INFY,NaN,1512.3301123311116,1511.0211421895553,55.57564158398296,1527.0,29.266167225596188,,,,,
2025-09-15T13:15:00.000000,1513.2,1515.5,1512.55,1514.9,1182,INFY,NaN,1512.8440898648894,1511.3737656268686,56.56043928006569,1527.0,29.54245731632734,,,,,
2025-09-15T13:20:00.000000,1514.9,1515.5,1513.0,1514.8,418,INFY,NaN,1513.2352718919115,1511.6852414789714,57.3989678512227,1527.0,29.7990124005777,,,,,
2025-09-15T13:25:00.000000,1514.8,1515.4,1514.0,1514.2,1118,INFY,NaN,1513.4282175135293,1511.913855889974,57.838609430922084,1527.0,30.037242121667315,,,,,
2025-09-15T13:30:00.000000,1514.2,1515.1,1513.85,1514.2,715,INFY,NaN,1513.5825740108235,1512.1216871727036,58.23638038398343,1527.0,30.08961385444301,,,,,
2025-09-15T13:35:00.000000,1514.2,1514.95,1513.85,1514.5,586,INFY,NaN,1513.7660592086588,1512.3378974297304,58.70067152039117,1527.0,30.138244749163302,,,,,
2025-09-15T13:40:00.000000,1514.5,1514.55,1511.0,1511.4,1203,INFY,NaN,1513.2928473669272,1512.2526340270276,57.65963648420621,1527.0,28.414387137459496,,,,,
2025-09-15T13:45:00.000000,1511.4,1514.4,1511.3,1513.75,829,INFY,NaN,1513.3842778935418,1512.3887582063887,57.54144236734341,1527.0,26.81366221230596,,,,,
2025-09-15T13:50:00.000000,1513.75,1515.0,1512.7,1514.0,1362,INFY,NaN,1513.5074223148335,1512.5352347330806,57.51178015386761,1527.0,24.95601210384209,,,,,
2025-09-15T13:55:00.000000,1514.0,1514.1,1513.0,1513.45,23,INFY,NaN,1513.4959378518668,1512.6183952118915,57.25467977074875,1527.0,23.23105128883993,,,,,
2025-09-15T14:00:00.000000,1513.45,1513.45,1512.05,1512.05,249,INFY,NaN,1513.2067502814934,1512.5667229199014,56.4802656329301,1527.0,22.273954457331747,,,,,
2025-09-15T14:05:00.000000,1512.05,1513.15,1511.5,1511.75,569,INFY,NaN,1512.9154002251948,1512.4924753817286,55.670172402162926,1527.0,21.782831261583045,,,,,
2025-09-15T14:10:00.000000,1511.75,1511.95,1510.6,1511.2,197,INFY,NaN,1512.5723201801559,1512.3749776197533,54.735539650286576,1527.0,21.919709453758628,,,,,
2025-09-15T14:15:00.000000,1511.2,1511.6,1510.6,1510.95,551,INFY,NaN,1512.2478561441246,1512.2454341997757,53.797543974784794,1527.0,22.046810632207382,,,,,
2025-09-15T14:20:00.000000,1510.95,1512.8,1510.5,1510.7,6913,INFY,NaN,1511.9382849152996,1512.1049401816142,52.85367277104212,1527.0,21.000857488825794,,,,,
2025-09-15T14:25:00.000000,1510.7,1511.0,1510.0,1510.9,385,INFY,NaN,1511.7306279322397,1511.9954001651038,52.10030465742609,1527.0,20.398765714005776,,,,,
2025-09-15T14:30:00.000000,1510.9,1511.0,1510.3,1510.7,285,INFY,NaN,1511.5245023457917,1511.8776365137307,51.33362849994718,1527.0,19.839680494530047,,,,,
2025-09-15T14:35:00.000000,1510.7,1511.0,1509.4,1509.85,12544,INFY,NaN,1511.1896018766333,1511.6933059215735,50.29021478125339,1527.0,19.972216800788377,,,,,
2025-09-15T14:40:00.000000,1509.85,1513.4,1509.0,1511.5,11780,INFY,NaN,1511.2516815013066,1511.675732655976,50.18892686255292,1527.0,19.00032735866157,,,,,
2025-09-15T14:45:00.000000,1511.5,1511.75,1509.5,1511.15,937,INFY,NaN,1511.2313452010453,1511.62793877816,49.94354732694297,1527.0,18.09785859097239,,,,,
2025-09-15T14:50:00.000000,1511.15,1511.15,1509.9,1510.6,456,INFY,NaN,1511.1050761608362,1511.534489798327,49.48312716916183,1527.0,17.259851878118152,,,,,
2025-09-15T14:55:00.000000,1510.6,1510.75,1510.0,1510.2,769,INFY,NaN,1510.924060928669,1511.4131725439338,48.89664406109559,1527.0,16.481702787610644,,,,,
2025-09-15T15:00:00.000000,1510.2,1510.75,1509.7,1510.0,986,INFY,NaN,1510.7392487429352,1511.2847023126672,48.27997600594695,1527.0,15.475583676568945,,,,,
2025-09-15T15:05:00.000000,1510.0,1510.65,1508.55,1509.0,566,INFY,NaN,1510.391398994348,1511.0770021024248,47.314197053107726,1527.0,15.175473621000014,,,,,
2025-09-15T15:10:00.000000,1509.0,1509.0,1507.0,1507.0,2333,INFY,NaN,1509.7131191954784,1510.7063655476588,45.79168912958534,1527.0,15.925538916498633,,,,,
2025-09-15T15:15:00.000000,1507.75,1508.15,1506.55,1507.05,1938,INFY,NaN,1509.1804953563826,1510.3739686796898,44.44547866132406,1527.0,16.87844511574862,,,,,
2025-09-15T15:20:00.000000,1507.05,1508.4,1506.85,1507.5,4439,INFY,NaN,1508.844396285106,1510.112698799718,43.51598344772236,1527.0,17.503961138936557,,,,,
2025-09-15T15:25:00.000000,1507.2,1509.8,1506.75,1509.75,2885,INFY,NaN,1509.0255170280848,1510.0797261815617,43.87357793258882,1527.0,16.78495634653839,,,,,
2025-09-16T09:15:00.000000,1508.05,1511.95,1504.75,1510.05,8174,INFY,NaN,1509.2304136224677,1510.0770238014197,44.33231589509224,1511.95,16.537834273557603,,,,,
2025-09-16T09:20:00.000000,1510.05,1510.7,1507.0,1507.55,2846,INFY,NaN,1508.8943308979742,1509.847294364927,43.844992686904874,1511.95,16.3083637772183,,,,,
2025-09-16T09:25:00.000000,1507.55,1507.6,1505.35,1507.6,2878,INFY,NaN,1508.6354647183794,1509.6429948772063,43.42824330208817,1511.95,15.37968215856363,,,,,
2025-09-16T09:30:00.000000,1507.6,1510.6,1507.0,1509.0,2699,INFY,NaN,1508.7083717747034,1509.5845407974602,43.69561767212477,1511.95,15.692104585112114,,,,,
2025-09-16T09:35:00.000000,1509.0,1510.55,1508.5,1509.75,3166,INFY,NaN,1508.9166974197628,1509.5995825431457,44.24774839862546,1511.95,15.982211124049991,,,,,
2025-09-16T09:40:00.000000,1509.75,1509.75,1507.45,1507.95,2355,INFY,NaN,1508.7233579358103,1509.4496204937689,44.10912446706147,1511.95,15.540927910336295,,,,,
2025-09-16T09:45:00.000000,1507.95,1507.95,1505.6,1506.0,2001,INFY,NaN,1508.1786863486482,1509.136018630699,43.42778131741582,1511.95,14.798604197682836,,,,,
2025-09-16T09:50:00.000000,1506.0,1508.75,1506.0,1508.35,1540,INFY,NaN,1508.2129490789184,1509.0645623915445,43.71441250717027,1511.95,13.821710156561624,,,,,
2025-09-16T09:55:00.000000,1508.35,1509.85,1507.5,1509.85,4484,INFY,NaN,1508.5403592631346,1509.135965810495,44.45173549296558,1511.95,13.487662518741713,,,,,
2025-09-16T10:00:00.000000,1509.85,1511.55,1509.2,1510.95,4836,INFY,NaN,1509.0222874105077,1509.3008780095408,45.437383011270704,1511.95,13.949593692618194,,,,,
2025-09-16T10:05:00.000000,1510.95,1510.95,1507.6,1508.35,4004,INFY,NaN,1508.887829928406,1509.214434554128,45.55038294064812,1511.95,13.456466685977375,,,,,
2025-09-16T10:10:00.000000,1508.35,1508.45,1506.75,1507.0,2950,INFY,NaN,1508.5102639427248,1509.0131223219346,45.31066206682691,1511.95,12.555108727805674,,,,,
2025-09-16T10:15:00.000000,1507.0,1508.05,1506.5,1507.15,2685,INFY,NaN,1508.23821115418,1508.843747565395,45.14331048645592,1511.95,11.728424537319592,,,,,
2025-09-16T10:20:00.000000,1507.15,1507.25,1504.55,1505.75,5161,INFY,NaN,1507.740568923344,1508.5624977867228,44.64321143230507,1511.95,11.891470770752605,,,,,
2025-09-16T10:25:00.000000,1505.75,1506.25,1505.0,1506.2,1713,INFY,NaN,1507.432455138675,1508.3477252606572,44.35260623379134,1511.95,12.042870844654688,,,,,
2025-09-16T10:30:00.000000,1506.2,1506.8,1505.4,1506.25,1840,INFY,NaN,1507.1959641109402,1508.1570229642339,44.10843510565589,1511.95,11.847388882780702,,,,,
2025-09-16T10:35:00.000000,1505.8,1506.25,1504.2,1505.0,2481,INFY,NaN,1506.7567712887521,1507.8700208765763,43.55627703872201,1511.95,12.238492650029405,,,,,
2025-09-16T10:40:00.000000,1505.0,1505.0,1504.1,1504.3,555,INFY,NaN,1506.2654170310018,1507.5454735241603,42.88232054646089,1511.95,12.648138500521508,,,,,
2025-09-16T10:45:00.000000,1504.3,1505.3,1503.95,1505.3,1228,INFY,NaN,1506.0723336248013,1507.3413395674186,42.68690556154974,1511.95,12.819571102001655,,,,,
2025-09-16T10:50:00.000000,1505.3,1505.55,1504.3,1505.0,3735,INFY,NaN,1505.8578668998412,1507.128490515835,42.42591450998099,1511.95,12.799867564511986,,,,,
2025-09-16T10:55:00.000000,1505.0,1505.45,1504.4,1504.5,419,INFY,NaN,1505.586293519873,1506.8895368325773,42.047475891034146,1511.95,12.781571422557294,,,,,
2025-09-16T11:00:00.000000,1504.5,1505.6,1504.5,1505.05,669,INFY,NaN,1505.4790348158983,1506.722306211434,41.953791492645735,1511.95,12.644626399036019,,,,,
2025-09-16T11:05:00.000000,1505.05,1505.05,1504.0,1504.2,1384,INFY,NaN,1505.2232278527188,1506.493005646758,41.61107015621507,1511.95,12.841170729600423,,,,,
2025-09-16T11:10:00.000000,1504.2,1505.35,1504.05,1505.0,295,INFY,NaN,1505.178582282175,1506.3572778606892,41.668896384238636,1511.95,12.761501477167773,,,,,
2025-09-16T11:15:00.000000,1505.0,1505.5,1504.75,1505.0,1256,INFY,NaN,1505.14286582574,1506.2338889642629,41.72121535245043,1511.95,12.553143679103954,,,,,
2025-09-16T11:20:00.000000,1505.0,1507.15,1504.75,1506.05,4564,INFY,NaN,1505.324292660592,1506.2171717856936,42.247769539858986,1511.95,12.258112070515068,,,,,
2025-09-16T11:25:00.000000,1506.05,1506.35,1505.1,1506.35,933,INFY,NaN,1505.5294341284734,1506.2292470779032,42.8552741710183,1511.95,11.98415414825396,,,,,
2025-09-16T11:30:00.000000,1506.35,1506.35,1504.8,1505.35,1860,INFY,NaN,1505.4935473027788,1506.1493155253665,43.008256295125065,1511.95,11.467388780212064,,,,,
2025-09-16T11:35:00.000000,1505.35,1505.35,1504.65,1505.0,1326,INFY,NaN,1505.394837842223,1506.0448322957877,43.01423804266451,1511.95,10.853487697881773,,,,,
2025-09-16T11:40:00.000000,1505.0,1505.0,1504.7,1505.0,279,INFY,NaN,1505.3158702737785,1505.949847541625,43.01965009996211,1511.95,10.28343669286079,,,,,
2025-09-16T11:45:00.000000,1505.0,1505.3,1504.0,1504.7,746,INFY,NaN,1505.1926962190228,1505.836225037841,42.90086220957142,1511.95,9.993225476798674,,,,,
2025-09-16T11:50:00.000000,1504.7,1505.55,1504.55,1505.0,402,INFY,NaN,1505.1541569752183,1505.7602045798553,42.96779502792738,1511.95,9.474280556640739,,,,,
2025-09-16T11:55:00.000000,1505.0,1505.15,1504.5,1504.6,1203,INFY,NaN,1505.0433255801745,1505.6547314362322,42.84892122820837,1511.95,9.041261146939481,,,,,
2025-09-16T12:00:00.000000,1504.6,1505.65,1504.6,1505.0,1685,INFY,NaN,1505.0346604641395,1505.5952103965747,42.98816110292462,1511.95,8.671738886709237,,,,,
2025-09-16T12:05:00.000000,1505.0,1506.55,1504.9,1505.8,3422,INFY,NaN,1505.1877283713116,1505.6138276332497,43.577667971442544,1511.95,9.153128716945105,,,,,
2025-09-16T12:10:00.000000,1505.8,1506.9,1505.0,1505.6,4049,INFY,NaN,1505.2701826970492,1505.6125705756815,44.003359795354896,1511.95,9.889432054134454,,,,,
2025-09-16T12:15:00.000000,1505.6,1506.55,1505.0,1505.7,6076,INFY,NaN,1505.3561461576394,1505.620518705165,44.44900863896393,1511.95,10.573142295810277,,,,,
2025-09-16T12:20:00.000000,1505.7,1507.4,1505.0,1506.9,6530,INFY,NaN,1505.6649169261116,1505.7368351865136,45.51911028800715,1511.95,11.891637488841408,,,,,
2025-09-16T12:25:00.000000,1506.9,1506.9,1505.4,1506.45,3262,INFY,NaN,1505.8219335408892,1505.801668351376,46.2103149131763,1511.95,13.115954453798887,,,,,
2025-09-16T12:30:00.000000,1506.45,1507.55,1505.75,1506.75,4088,INFY,NaN,1506.0075468327113,1505.8878803194327,46.99823642416313,1511.95,14.736125380331666,,,,,
2025-09-16T12:35:00.000000,1506.75,1507.5,1506.05,1506.1,2641,INFY,NaN,1506.026037466169,1505.907163926757,47.30756520776454,1511.95,16.240569812112103,,,,,
2025-09-16T12:40:00.000000,1506.75,1506.9,1505.2,1506.25,2557,INFY,NaN,1506.0708299729354,1505.9383308425063,47.67728247464417,1511.95,16.412159864365456,,,,,
2025-09-16T12:45:00.000000,1506.75,1506.9,1506.0,1506.9,1762,INFY,NaN,1506.2366639783484,1506.0257553113693,48.38969104388505,1511.95,16.571493484315003,,,,,
2025-09-16T12:50:00.000000,1506.9,1507.2,1506.0,1507.1,4471,INFY,NaN,1506.4093311826787,1506.1234139194266,49.14627586530682,1511.95,17.005173927331253,,,,,
2025-09-16T12:55:00.000000,1507.1,1507.75,1506.1,1507.2,7986,INFY,NaN,1506.567464946143,1506.2212853812969,49.88872560719361,1511.95,17.896806048416884,,,,,
2025-09-16T13:00:00.000000,1507.2,1507.2,1505.2,1506.05,1594,INFY,NaN,1506.4639719569143,1506.2057139829972,49.762664497638085,1511.95,17.477057811699986,,,,,
2025-09-16T13:05:00.000000,1506.05,1506.9,1505.15,1506.7,1380,INFY,NaN,1506.5111775655314,1506.250649075452,50.051209687583054,1511.95,17.02323027070893,,,,,
2025-09-16T13:10:00.000000,1506.7,1506.8,1505.35,1506.5,1477,INFY,NaN,1506.508942052425,1506.27331734132,50.17897761329144,1511.95,16.601818982645803,,,,,
2025-09-16T13:15:00.000000,1506.5,1506.55,1505.55,1506.0,378,INFY,NaN,1506.40715364194,1506.248470310291,49.968490929623414,1511.95,16.2105085008729,,,,,
2025-09-16T13:20:00.000000,1506.0,1506.75,1506.0,1506.6,572,INFY,NaN,1506.4457229135521,1506.2804275548099,50.170868433095414,1511.95,16.091304850189857,,,,,
2025-09-16T13:25:00.000000,1506.6,1507.0,1506.0,1507.0,388,INFY,NaN,1506.5565783308416,1506.3458432316454,50.59965596134869,1511.95,16.281090244740156,,,,,
2025-09-16T13:30:00.000000,1507.0,1507.0,1505.7,1506.0,419,INFY,NaN,1506.4452626646732,1506.3144029378595,50.32830449346275,1511.95,15.950021978738624,,,,,
2025-09-16T13:35:00.000000,1506.0,1506.45,1505.5,1506.0,145,INFY,NaN,1506.3562101317386,1506.2858208525995,50.08279602251834,1511.95,15.314269320939328,,,,,
2025-09-16T13:40:00.000000,1506.0,1506.05,1505.2,1506.0,437,INFY,NaN,1506.2849681053908,1506.2598371387269,49.860669310711486,1511.95,14.247094783827988,,,,,
2025-09-16T13:45:00.000000,1506.0,1506.0,1505.3,1505.9,177,INFY,NaN,1506.2079744843127,1506.22712467157,49.588898424504606,1511.95,13.25614699936746,,,,,
2025-09-16T13:50:00.000000,1505.9,1505.9,1505.35,1505.5,166,INFY,NaN,1506.0663795874502,1506.1610224286999,49.06164689143959,1511.95,12.335981199511252,,,,,
2025-09-16T13:55:00.000000,1505.5,1505.8,1505.2,1505.3,382,INFY,NaN,1505.9131036699603,1506.0827476624545,48.44727564762037,1511.95,11.696878996682798,,,,,
2025-09-16T14:00:00.000000,1505.3,1505.85,1505.0,1505.75,790,INFY,NaN,1505.8804829359683,1506.0524978749586,48.29307216025686,1511.95,11.455877496162584,,,,,
2025-09-16T14:05:00.000000,1505.75,1505.75,1504.9,1504.9,492,INFY,NaN,1505.6843863487748,1505.9477253408716,47.573568411067235,1511.95,11.407358531743624,,,,,
2025-09-16T14:10:00.000000,1504.9,1506.0,1504.65,1506.0,752,INFY,NaN,1505.74750907902,1505.9524775826105,47.78856247694543,1511.95,11.362305207640302,,,,,
2025-09-16T14:15:00.000000,1506.0,1506.25,1505.2,1506.0,418,INFY,NaN,1505.7980072632158,1505.956797802373,47.983080917501894,1511.95,10.750646259039215,,,,,
2025-09-16T14:20:00.000000,1506.0,1506.7,1505.85,1506.0,1062,INFY,NaN,1505.8384058105726,1505.9607252748847,48.159073792291075,1511.95,10.682280095895944,,,,,
2025-09-16T14:25:00.000000,1506.0,1506.45,1505.25,1506.1,1303,INFY,NaN,1505.890724648458,1505.9733866135316,48.40011920359054,1511.95,10.392810184566757,,,,,
2025-09-16T14:30:00.000000,1506.1,1507.1,1505.5,1506.5,4849,INFY,NaN,1506.0125797187663,1506.021260557756,48.94080667925085,1511.95,10.308588736789384,,,,,
2025-09-16T14:35:00.000000,1506.5,1508.15,1505.7,1508.15,4931,INFY,NaN,1506.4400637750132,1506.2147823252328,50.452587527695194,1511.95,11.562297109664533,,,,,
2025-09-16T14:40:00.000000,1508.15,1508.65,1507.0,1507.9,2548,INFY,NaN,1506.7320510200107,1506.3679839320298,51.59354597075753,1511.95,13.217478862312479,,,,,
2025-09-16T14:45:00.000000,1507.9,1507.9,1507.0,1507.8,1469,INFY,NaN,1506.9456408160086,1506.4981672109361,52.53318240553281,1511.95,14.754433346914144,,,,,
2025-09-16T14:50:00.000000,1507.8,1508.0,1506.8,1507.25,1976,INFY,NaN,1507.0065126528068,1506.5665156463056,52.888708964542275,1511.95,15.77417588479064,,,,,
2025-09-16T14:55:00.000000,1507.25,1507.5,1506.1,1506.75,496,INFY,NaN,1506.9552101222455,1506.583196042096,52.80092559277787,1511.95,15.45278111327401,,,,,
2025-09-16T15:00:00.000000,1507.1,1509.6,1507.1,1509.0,4984,INFY,NaN,1507.3641680977964,1506.8029054928145,53.957673652900795,1511.95,17.104800040157638,,,,,
2025-09-16T15:05:00.000000,1509.0,1514.0,1509.0,1512.6,9178,INFY,NaN,1508.4113344782372,1507.3299140843767,56.06485026413023,1511.95,20.436789595702997,,,,,
2025-09-16T15:10:00.000000,1512.6,1514.1,1509.9,1513.35,11892,INFY,NaN,1509.3990675825899,1507.8771946221607,58.12289801522131,1511.95,23.556492974842055,,,,,
2025-09-16T15:15:00.000000,1513.35,1513.7,1511.1,1511.1,3046,INFY,NaN,1509.739254066072,1508.170176929237,58.67610743632983,1511.95,26.45336039832832,,,,,
2025-09-16T15:20:00.000000,1511.1,1513.0,1510.05,1511.6,2646,INFY,NaN,1510.1114032528576,1508.481979026579,59.31616931744686,1511.95,27.878581833221354,,,,,
2025-09-16T15:25:00.000000,1511.6,1514.35,1510.75,1513.5,2364,INFY,NaN,1510.7891226022862,1508.9381627514354,60.36502353133696,1511.95,29.69954420464151,,,,,
2025-09-17T09:15:00.000000,1515.25,1521.1,1514.0,1515.15,13805,INFY,NaN,1511.661298081829,1509.5028752285775,61.646376856443105,1524.0,32.761666688349926,,,,,
2025-09-17T09:20:00.000000,1515.15,1519.85,1515.15,1519.5,6686,INFY,NaN,1513.2290384654632,1510.4117047532523,63.429929454403215,1524.0,35.60506613750774,,,,,
2025-09-17T09:25:00.000000,1519.5,1523.0,1518.75,1523.0,9727,INFY,NaN,1515.1832307723705,1511.5560952302294,65.3768172447903,1524.0,38.6024018897787,,,,,
2025-09-17T09:30:00.000000,1523.0,1524.0,1519.0,1519.0,5336,INFY,NaN,1515.9465846178964,1512.232813845663,65.70110165163177,1524.0,41.47960913158624,,,,,
2025-09-17T09:35:00.000000,1519.0,1519.85,1517.65,1519.75,3235,INFY,NaN,1516.7072676943171,1512.9161944051482,66.09873118833947,1524.0,43.14747989125732,,,,,
2025-09-17T09:40:00.000000,1519.75,1520.05,1518.0,1518.05,2120,INFY,NaN,1516.9758141554537,1513.38290400468,65.93389599357586,1524.0,44.72731505151997,,,,,
2025-09-17T09:45:00.000000,1518.05,1518.55,1515.0,1515.3,5287,INFY,NaN,1516.640651324363,1513.5571854588002,65.04456080612121,1524.0,44.22711913735457,,,,,
2025-09-17T09:50:00.000000,1515.3,1516.0,1515.0,1515.7,1659,INFY,NaN,1516.4525210594904,1513.7519867807275,64.31665753011903,1524.0,43.76265150277241,,,,,
2025-09-17T09:55:00.000000,1515.8,1517.65,1515.25,1517.55,1368,INFY,NaN,1516.6720168475924,1514.0972607097524,64.0014296770583,1524.0,43.758766273141354,,,,,
2025-09-17T10:00:00.000000,1516.85,1518.3,1516.15,1518.15,1031,INFY,NaN,1516.9676134780739,1514.4656915543203,63.82284560310648,1524.0,43.912640580870224,,,,,
2025-09-17T10:05:00.000000,1518.15,1518.8,1516.55,1518.1,4268,INFY,NaN,1517.1940907824592,1514.7960832312003,63.64606338826145,1524.0,44.176933540274334,,,,,
2025-09-17T10:10:00.000000,1518.1,1518.1,1516.65,1517.0,1073,INFY,NaN,1517.1552726259674,1514.9964393010912,63.14739903697053,1524.0,44.42234843114958,,,,,
2025-09-17T10:15:00.000000,1517.0,1517.0,1515.25,1515.95,1993,INFY,NaN,1516.914218100774,1515.0831266373557,62.38630318697781,1524.0,43.673873343112646,,,,,
2025-09-17T10:20:00.000000,1515.95,1517.25,1515.4,1516.85,1099,INFY,NaN,1516.901374480619,1515.2437514885053,61.906588818249034,1524.0,43.06141348676111,,,,,
2025-09-17T10:25:00.000000,1516.85,1517.0,1515.85,1516.75,855,INFY,NaN,1516.8710995844954,1515.3806831713684,61.44078101199715,1524.0,42.492700763006106,,,,,
2025-09-17T10:30:00.000000,1516.75,1518.0,1516.0,1517.5,1322,INFY,NaN,1516.9968796675962,1515.5733483376077,61.20309301130318,1524.0,42.31262907356369,,,,,
2025-09-17T10:35:00.000000,1517.5,1519.6,1517.1,1519.6,4019,INFY,NaN,1517.5175037340769,1515.9394075796433,61.454176205412715,1524.0,42.63653548938628,,,,,
2025-09-17T10:40:00.000000,1519.5,1520.3,1518.0,1518.0,9894,INFY,NaN,1517.6140029872615,1516.1267341633122,61.13960821721588,1524.0,43.131702605371615,,,,,
2025-09-17T10:45:00.000000,1518.0,1518.8,1516.9,1517.0,872,INFY,NaN,1517.4912023898091,1516.2061219666475,60.541649448469755,1524.0,42.73958863544255,,,,,
2025-09-17T10:50:00.000000,1517.0,1518.0,1516.45,1517.0,3943,INFY,NaN,1517.3929619118474,1516.2782926969523,60.000639133889926,1524.0,42.04181510308092,,,,,
2025-09-17T10:55:00.000000,1517.0,1519.3,1516.8,1518.6,1848,INFY,NaN,1517.634369529478,1516.4893569972294,59.91961673424673,1524.0,41.85112877832141,,,,,
2025-09-17T11:00:00.000000,1518.6,1520.0,1518.6,1519.9,1900,INFY,NaN,1518.0874956235823,1516.7994154520268,60.14493064141377,1524.0,41.901304642815276,,,,,
2025-09-17T11:05:00.000000,1519.9,1520.0,1519.0,1519.7,1033,INFY,NaN,1518.409996498866,1517.063104956388,60.27429655725825,1524.0,41.94789651698816,,,,,
2025-09-17T11:10:00.000000,1519.7,1519.7,1518.95,1519.35,1280,INFY,NaN,1518.5979971990928,1517.2710045058072,60.25592539757632,1524.0,41.947089485712745,,,,,
2025-09-17T11:15:00.000000,1519.35,1521.0,1519.05,1520.15,2127,INFY,NaN,1518.9083977592743,1517.5327313689156,60.44400411681426,1524.0,42.39462687830847,,,,,
2025-09-17T11:20:00.000000,1520.15,1521.6,1519.85,1520.75,8914,INFY,NaN,1519.2767182074194,1517.8252103353777,60.764083651299934,1524.0,42.99879782715443,,,,,
2025-09-17T11:25:00.000000,1520.75,1521.95,1520.0,1521.25,2898,INFY,NaN,1519.6713745659356,1518.1365548503434,61.17796137414363,1524.0,43.668763179340594,,,,,
2025-09-17T11:30:00.000000,1521.25,1522.5,1520.05,1520.05,3172,INFY,NaN,1519.7470996527484,1518.3105044094032,61.02384736786026,1524.0,44.460612807352376,,,,,
2025-09-17T11:35:00.000000,1520.05,1521.9,1520.0,1520.9,1697,INFY,NaN,1519.9776797221987,1518.5459130994575,61.119556488322104,1524.0,45.14216196258784,,,,,
2025-09-17T11:40:00.000000,1520.9,1522.0,1520.75,1522.0,2834,INFY,NaN,1520.382143777759,1518.8599209995068,61.489727361522235,1524.0,45.8090760515222,,,,,
2025-09-17T11:45:00.000000,1522.0,1523.3,1521.4,1523.3,3555,INFY,NaN,1520.9657150222072,1519.2635645450061,62.12707491236404,1524.0,46.84030713140145,,,,,
2025-09-17T11:50:00.000000,1523.3,1523.75,1522.0,1522.8,2283,INFY,NaN,1521.3325720177656,1519.5850586772783,62.468492594404175,1524.0,47.92594236789091,,,,,
2025-09-17T11:55:00.000000,1522.8,1523.2,1522.05,1523.0,815,INFY,NaN,1521.6660576142126,1519.8955078884348,62.82756920882407,1524.0,48.93403223034541,,,,,
2025-09-17T12:00:00.000000,1523.0,1523.5,1522.15,1523.0,909,INFY,NaN,1521.93284609137,1520.1777344440318,63.152448050442075,1524.0,49.961479775365,,,,,
2025-09-17T12:05:00.000000,1523.0,1523.1,1522.5,1523.0,1046,INFY,NaN,1522.146276873096,1520.4343040400288,63.446386050001216,1524.0,50.91553821002605,,,,,
2025-09-17T12:10:00.000000,1523.0,1523.0,1521.5,1522.9,1249,INFY,NaN,1522.2970214984769,1520.658458218208,63.65237389730035,1524.0,50.4570009543915,,,,,
2025-09-17T12:15:00.000000,1522.9,1522.9,1520.65,1521.45,4730,INFY,NaN,1522.1276171987815,1520.7304165620071,63.031245681673106,1524.0,49.046273114973765,,,,,
2025-09-17T12:20:00.000000,1521.45,1523.25,1520.55,1522.7,4952,INFY,NaN,1522.2420937590252,1520.9094696018246,62.906636245236,1524.0,47.937257735185604,,,,,
2025-09-17T12:25:00.000000,1522.7,1524.0,1522.15,1524.0,4281,INFY,NaN,1522.59367500722,1521.1904269107497,63.184413886031116,1524.0,47.314241258510705,,,,,
2025-09-17T12:30:00.000000,1524.0,1524.85,1522.55,1522.7,2987,INFY,NaN,1522.6149400057761,1521.3276608279543,62.787325884356136,1524.0,47.146709192385686,,,,,
2025-09-17T12:35:00.000000,1522.7,1524.1,1522.65,1522.85,872,INFY,NaN,1522.6619520046208,1521.4660552981402,62.477587328233774,1524.0,46.99114370241246,,,,,
2025-09-17T12:40:00.000000,1522.6,1523.5,1521.95,1521.95,657,INFY,NaN,1522.5195616036967,1521.5100502710366,61.76767202384539,1524.0,45.988147026941206,,,,,
2025-09-17T12:45:00.000000,1521.95,1523.15,1521.95,1523.0,947,INFY,NaN,1522.6156492829573,1521.645500246397,61.49774851793777,1524.0,45.05679297114648,,,,,
2025-09-17T12:50:00.000000,1523.0,1523.4,1522.45,1522.9,776,INFY,NaN,1522.6725194263659,1521.7595456785427,61.20392949689199,1524.0,44.350979424370664,,,,,
2025-09-17T12:55:00.000000,1522.9,1523.5,1521.85,1522.85,1049,INFY,NaN,1522.7080155410927,1521.8586778895842,60.91174561453788,1524.0,42.932496354083916,,,,,
2025-09-17T13:00:00.000000,1522.85,1524.9,1522.05,1524.35,1479,INFY,NaN,1523.0364124328742,1522.0851617178039,61.17649983993945,1524.0,42.50896086166692,,,,,
2025-09-17T13:05:00.000000,1524.35,1526.35,1524.25,1526.0,7999,INFY,NaN,1523.6291299462994,1522.4410561070945,61.885802198454314,1524.0,42.817556179611344,,,,,
2025-09-17T13:10:00.000000,1526.0,1526.75,1525.0,1526.0,1306,INFY,NaN,1524.1033039570395,1522.7645964609949,62.52755195139633,1524.0,43.2723061140391,,,,,
2025-09-17T13:15:00.000000,1525.25,1526.0,1524.0,1524.95,899,INFY,NaN,1524.2726431656317,1522.9632695099954,62.512619208551314,1524.0,42.55937354575765,,,,,
2025-09-17T13:20:00.000000,1525.7,1525.7,1523.95,1524.8,833,INFY,NaN,1524.3781145325054,1523.1302450090866,62.416984203809584,1524.0,41.84306192135254,,,,,
2025-09-17T13:25:00.000000,1524.8,1524.8,1523.55,1524.3,627,INFY,NaN,1524.3624916260044,1523.236586371897,62.05347415597592,1524.0,40.73453147426594,,,,,
2025-09-17T13:30:00.000000,1524.3,1524.3,1522.8,1523.6,2063,INFY,NaN,1524.2099933008035,1523.2696239744516,61.35320000807117,1524.0,38.92555366913944,,,,,
2025-09-17T13:35:00.000000,1523.6,1523.6,1521.25,1522.25,1866,INFY,NaN,1523.8179946406428,1523.1769308858652,60.08703868852788,1524.0,36.37409304747745,,,,,
2025-09-17T13:40:00.000000,1521.2,1521.95,1520.4,1520.95,962,INFY,NaN,1523.2443957125142,1522.9744826235137,58.429571386052075,1524.0,34.60616674519834,,,,,
2025-09-17T13:45:00.000000,1520.95,1522.75,1519.7,1521.3,3762,INFY,NaN,1522.8555165700113,1522.8222569304671,57.1014080759023,1524.0,32.318641621931654,,,,,
2025-09-17T13:50:00.000000,1521.35,1522.45,1521.1,1522.0,1665,INFY,NaN,1522.684413256009,1522.7475063004247,56.234751407602474,1524.0,30.19451115032688,,,,,
2025-09-17T13:55:00.000000,1522.0,1522.5,1521.3,1522.5,831,INFY,NaN,1522.6475306048073,1522.7250057276588,55.68079042782326,1524.0,28.179331250762036,,,,,
2025-09-17T14:00:00.000000,1522.5,1522.8,1521.25,1521.95,730,INFY,NaN,1522.508024483846,1522.654550661508,54.92902142860999,1524.0,26.28972982220419,,,,,
2025-09-17T14:05:00.000000,1521.95,1522.2,1520.4,1520.4,1781,INFY,NaN,1522.0864195870768,1522.449591510462,53.62661673954189,1524.0,25.01410589061079,,,,,
2025-09-17T14:10:00.000000,1520.4,1522.55,1520.3,1520.95,1328,INFY,NaN,1521.8591356696613,1522.3132650095108,52.72604266516232,1524.0,23.50124789547528,,,,,
2025-09-17T14:15:00.000000,1520.95,1523.2,1520.75,1522.4,830,INFY,NaN,1521.967308535729,1522.321150008646,52.568168332156226,1524.0,22.128429999733573,,,,,
2025-09-17T14:20:00.000000,1522.4,1522.5,1521.4,1521.5,1262,INFY,NaN,1521.8738468285833,1522.24650000786,52.05430276122587,1524.0,20.853670525116268,,,,,
2025-09-17T14:25:00.000000,1521.5,1522.1,1518.1,1521.75,5535,INFY,NaN,1521.8490774628667,1522.2013636435092,51.701629164778616,1524.0,21.40590185958982,,,,,
2025-09-17T14:30:00.000000,1521.75,1521.95,1518.15,1521.75,728,INFY,NaN,1521.8292619702934,1522.1603305850083,51.38254352989777,1524.0,21.918688098743836,,,,,
2025-09-17T14:35:00.000000,1521.75,1522.4,1520.0,1521.45,1037,INFY,NaN,1521.7534095762346,1522.0957550772803,50.95516688789954,1524.0,21.95878028685245,,,,,
2025-09-17T14:40:00.000000,1521.45,1521.9,1520.3,1520.5,1053,INFY,NaN,1521.5027276609876,1521.9506864338912,50.152522295307286,1524.0,21.996008747239017,,,,,
2025-09-17T14:45:00.000000,1520.5,1522.45,1519.75,1521.65,4842,INFY,NaN,1521.53218212879,1521.9233513035374,50.01895515198029,1524.0,22.030578031883685,,,,,
2025-09-17T14:50:00.000000,1521.65,1522.55,1520.9,1522.0,643,INFY,NaN,1521.625745703032,1521.9303193668522,50.06538329191045,1524.0,21.94889340094761,,,,,
2025-09-17T14:55:00.000000,1522.0,1522.8,1520.9,1522.8,949,INFY,NaN,1521.8605965624256,1522.009381242593,50.474096325383606,1524.0,21.58091367308996,,,,,
2025-09-17T15:00:00.000000,1522.8,1523.6,1522.0,1523.2,6028,INFY,NaN,1522.1284772499405,1522.1176193114482,51.01865887514227,1524.0,20.368114855221883,,,,,
2025-09-17T15:05:00.000000,1523.9,1524.0,1522.65,1523.8,4328,INFY,NaN,1522.4627817999524,1522.2705630104074,51.765809004284876,1524.0,18.98227222434652,,,,,
2025-09-17T15:10:00.000000,1523.05,1524.7,1522.5,1523.95,6118,INFY,NaN,1522.760225439962,1522.4232391003704,52.50509075595146,1524.0,18.34036352758255,,,,,
2025-09-17T15:15:00.000000,1524.15,1525.0,1523.1,1523.2,5249,INFY,NaN,1522.8481803519696,1522.4938537276096,52.7202779520278,1524.0,18.003909037397797,,,,,
2025-09-17T15:20:00.000000,1523.15,1523.5,1518.9,1519.7,4563,INFY,NaN,1522.2185442815758,1522.2398670250996,51.41900382401149,1524.0,18.81580874550688,,,,,
2025-09-17T15:25:00.000000,1519.7,1522.6,1519.1,1522.0,2985,INFY,NaN,1522.1748354252607,1522.2180609319087,51.220998609229525,1524.0,19.569715617322462,,,,,
2025-09-18T09:15:00.000000,1545.0,1554.55,1544.85,1550.15,76790,INFY,NaN,1527.7698683402086,1524.757328119917,54.37009692099945,1554.8,23.184870522679343,,,,,
2025-09-18T09:20:00.000000,1550.15,1554.0,1548.1,1552.0,60095,INFY,NaN,1532.6158946721669,1527.23393465447,57.288943440245234,1554.8,26.54180007765359,,,,,
2025-09-18T09:25:00.000000,1552.0,1554.8,1551.55,1553.05,26541,INFY,NaN,1536.7027157377336,1529.5808496858817,59.969278859575915,1554.8,29.705503169812058,,,,,
2025-09-18T09:30:00.000000,1552.65,1553.85,1550.0,1550.0,13980,INFY,NaN,1539.362172590187,1531.4371360780742,61.746283746079534,1554.8,32.11098430346316,,,,,
2025-09-18T09:35:00.000000,1550.0,1551.0,1548.5,1550.0,10178,INFY,NaN,1541.4897380721495,1533.1246691618855,63.35405007196376,1554.8,33.837211725483435,,,,,
2025-09-18T09:40:00.000000,1549.25,1553.0,1549.1,1553.0,15526,INFY,NaN,1543.7917904577196,1534.931517419896,64.97823220940005,1554.8,35.62366164080522,,,,,
2025-09-18T09:45:00.000000,1553.0,1553.5,1550.95,1551.1,16859,INFY,NaN,1545.2534323661757,1536.4013794726327,66.03607497919201,1554.8,37.328290435561975,,,,,
2025-09-18T09:50:00.000000,1551.55,1552.0,1550.0,1551.65,5276,INFY,NaN,1546.5327458929405,1537.7876177023934,67.0307087888367,1554.8,38.55931952067076,,,,,
2025-09-18T09:55:00.000000,1551.45,1552.2,1549.3,1551.2,6926,INFY,NaN,1547.4661967143525,1539.006925183994,67.82635256758348,1554.8,39.43831995431875,,,,,
2025-09-18T10:00:00.000000,1551.2,1551.2,1547.0,1547.6,8925,INFY,NaN,1547.492957371482,1539.788113803631,67.75801746404319,1554.8,39.413572210633944,,,,,
2025-09-18T10:05:00.000000,1547.6,1547.7,1544.55,1545.1,8153,INFY,NaN,1547.0143658971856,1540.2710125487554,67.2112523565429,1554.8,38.57424461889963,,,,,
2025-09-18T10:10:00.000000,1545.1,1545.35,1541.75,1544.0,6479,INFY,NaN,1546.4114927177484,1540.6100114079595,66.51157863184343,1554.8,36.95738481501021,,,,,
2025-09-18T10:15:00.000000,1543.4,1545.0,1543.3,1544.7,2754,INFY,NaN,1546.0691941741986,1540.9818285526906,65.96734040044355,1554.8,35.45601499711289,,,,,
2025-09-18T10:20:00.000000,1545.0,1546.0,1544.5,1545.05,2485,INFY,NaN,1545.865355339359,1541.3516623206278,65.5210618780841,1554.8,34.28192866151279,,,,,
2025-09-18T10:25:00.000000,1545.85,1545.95,1544.0,1545.3,1469,INFY,NaN,1545.7522842714873,1541.7106021096617,65.15200047406188,1554.8,33.02719562929737,,,,,
2025-09-18T10:30:00.000000,1545.3,1546.0,1544.7,1545.6,2336,INFY,NaN,1545.7218274171898,1542.064183736056,64.86199298285685,1554.8,31.874457835475447,,,,,
2025-09-18T10:35:00.000000,1545.6,1547.25,1545.3,1546.95,3100,INFY,NaN,1545.9674619337518,1542.5083488509601,64.79824836666938,1554.8,31.118819817972643,,,,,
2025-09-18T10:40:00.000000,1546.95,1548.9,1546.3,1548.15,2871,INFY,NaN,1546.4039695470015,1543.0212262281457,64.91126810651411,1554.8,30.811178975172634,,,,,
2025-09-18T10:45:00.000000,1548.15,1549.95,1547.45,1548.0,2586,INFY,NaN,1546.7231756376011,1543.473842025587,64.97146417234558,1554.8,30.765107627249087,,,,,
2025-09-18T10:50:00.000000,1548.0,1548.0,1546.4,1546.7,2322,INFY,NaN,1546.7185405100809,1543.7671291141698,64.65892134669127,1554.8,30.285009684883764,,,,,
2025-09-18T10:55:00.000000,1546.7,1548.4,1546.7,1547.45,1670,INFY,NaN,1546.8648324080648,1544.1019355583362,64.50472663210739,1554.8,29.941915456122718,,,,,
2025-09-18T11:00:00.000000,1547.45,1548.15,1546.5,1547.05,1474,INFY,NaN,1546.9018659264518,1544.3699414166692,64.24610344589108,1554.8,29.532883131660764,,,,,
2025-09-18T11:05:00.000000,1546.75,1547.5,1545.85,1546.55,2009,INFY,NaN,1546.8314927411614,1544.5681285606083,63.85903515107565,1554.8,28.850394740076393,,,,,
2025-09-18T11:10:00.000000,1546.55,1547.8,1545.0,1545.7,1538,INFY,NaN,1546.605194192929,1544.6710259641893,63.248281936758474,1554.8,27.823819661259602,,,,,
2025-09-18T11:15:00.000000,1545.7,1546.0,1544.25,1544.35,3224,INFY,NaN,1546.1541553543432,1544.6418417856266,62.300998246147785,1554.8,26.52926589968415,,,,,
2025-09-18T11:20:00.000000,1544.35,1545.0,1543.3,1544.15,2122,INFY,NaN,1545.7533242834745,1544.5971288960243,61.38616818826471,1554.8,24.905071166769055,,,,,
2025-09-18T11:25:00.000000,1544.15,1545.0,1543.05,1544.4,4076,INFY,NaN,1545.4826594267797,1544.5792080872948,60.62643388966104,1554.8,23.28541045952096,,,,,
2025-09-18T11:30:00.000000,1544.15,1545.5,1543.0,1543.95,15432,INFY,NaN,1545.1761275414237,1544.5220073520861,59.794524753394256,1554.8,22.00052698100556,,,,,
2025-09-18T11:35:00.000000,1543.95,1546.15,1540.85,1543.25,18671,INFY,NaN,1544.790902033139,1544.4063703200784,58.81729381906244,1554.8,21.004748090332964,,,,,
2025-09-18T11:40:00.000000,1543.25,1544.65,1542.35,1544.65,1047,INFY,NaN,1544.7627216265112,1544.4285184727985,58.36157103182403,1554.8,20.080096263279838,,,,,
2025-09-18T11:45:00.000000,1544.65,1544.65,1543.25,1544.65,1361,INFY,NaN,1544.7401773012089,1544.4486531570894,57.9492504147988,1554.8,19.221490995301938,,,,,
2025-09-18T11:50:00.000000,1544.65,1545.6,1544.2,1545.6,2507,INFY,NaN,1544.912141840967,1544.5533210518995,57.86318350806086,1554.8,17.919238180202598,,,,,
2025-09-18T11:55:00.000000,1545.6,1546.0,1545.0,1545.25,1141,INFY,NaN,1544.9797134727737,1544.6166555017269,57.64759080919639,1554.8,16.77641291857818,,,,,
2025-09-18T12:00:00.000000,1545.25,1546.3,1545.0,1545.5,1212,INFY,NaN,1545.0837707782189,1544.6969595470243,57.533410786902515,1554.8,15.87453785272156,,,,,
2025-09-18T12:05:00.000000,1545.5,1549.0,1545.5,1548.8,3793,INFY,NaN,1545.827016622575,1545.0699632245676,58.31677423834109,1554.8,16.27359525725699,,,,,
2025-09-18T12:10:00.000000,1548.75,1550.0,1547.2,1549.15,10307,INFY,NaN,1546.49161329806,1545.440875658698,59.10325875312062,1554.8,17.02111425279437,,,,,
2025-09-18T12:15:00.000000,1549.25,1553.0,1549.0,1551.6,21983,INFY,NaN,1547.5132906384479,1546.0007960533617,60.299698575053796,1554.8,18.64865027391934,,,,,
2025-09-18T12:20:00.000000,1551.6,1551.85,1549.25,1549.25,2782,INFY,NaN,1547.8606325107583,1546.296178230329,60.454331166901,1554.8,20.15993372210681,,,,,
2025-09-18T12:25:00.000000,1549.25,1550.7,1547.05,1547.2,3091,INFY,NaN,1547.7285060086067,1546.3783438457535,59.92635855758028,1554.8,20.247871320111464,,,,,
2025-09-18T12:30:00.000000,1547.2,1547.8,1545.0,1545.0,1346,INFY,NaN,1547.1828048068853,1546.253039859776,58.84341902152712,1554.8,19.3172133762643,,,,,
2025-09-18T12:35:00.000000,1545.0,1548.6,1545.0,1545.8,13629,INFY,NaN,1546.9062438455082,1546.2118544179782,58.076048088390586,1554.8,18.762992280018462,,,,,
2025-09-18T12:40:00.000000,1545.85,1545.85,1543.5,1544.25,3083,INFY,NaN,1546.3749950764065,1546.0335040163438,56.98048930747171,1554.8,17.56074938152751,,,,,
2025-09-18T12:45:00.000000,1544.25,1546.4,1543.45,1545.55,4377,INFY,NaN,1546.2099960611251,1545.989549105767,56.34397767732799,1554.8,16.67520125550996,,,,,
2025-09-18T12:50:00.000000,1545.55,1545.55,1543.5,1543.5,1690,INFY,NaN,1545.6679968489002,1545.7632264597883,55.26103095803546,1554.8,15.852906567065093,,,,,
2025-09-18T12:55:00.000000,1543.5,1544.9,1542.8,1544.2,627,INFY,NaN,1545.3743974791203,1545.621114963444,54.47757266507251,1554.8,14.740939987176814,,,,,
2025-09-18T13:00:00.000000,1544.2,1544.2,1541.5,1542.4,1730,INFY,NaN,1544.7795179832963,1545.3282863304037,53.34765182696001,1554.8,14.275717645429944,,,,,
2025-09-18T13:05:00.000000,1542.4,1544.4,1541.0,1543.45,8292,INFY,NaN,1544.513614386637,1545.1575330276396,52.6300886828062,1554.8,14.066385134212922,,,,,
2025-09-18T13:10:00.000000,1543.45,1544.9,1542.85,1543.8,1491,INFY,NaN,1544.3708915093096,1545.0341209342178,52.082134087550635,1554.8,13.591343103297024,,,,,
2025-09-18T13:15:00.000000,1543.8,1544.0,1541.8,1542.4,1021,INFY,NaN,1543.9767132074476,1544.7946553947434,51.238395074877154,1554.8,13.639005285674608,,,,,
2025-09-18T13:20:00.000000,1542.4,1542.4,1540.55,1541.7,1601,INFY,NaN,1543.521370565958,1544.5133230861304,50.30920618239889,1554.8,14.213352088368614,,,,,
2025-09-18T13:25:00.000000,1541.7,1542.8,1540.75,1542.8,1607,INFY,NaN,1543.3770964527664,1544.3575664419368,49.82415756967158,1554.8,14.494937091513716,,,,,
2025-09-18T13:30:00.000000,1542.8,1543.6,1541.95,1543.0,1372,INFY,NaN,1543.301677162213,1544.2341513108515,49.44969269181171,1554.8,14.260826592865055,,,,,
2025-09-18T13:35:00.000000,1543.0,1543.55,1542.0,1542.1,2104,INFY,NaN,1543.0613417297704,1544.0401375553195,48.86424887896026,1554.8,14.0434382726913,,,,,
2025-09-18T13:40:00.000000,1542.1,1543.6,1542.0,1543.6,2902,INFY,NaN,1543.1690733838163,1544.0001250502903,48.83118224151665,1554.8,13.807907995771513,,,,,
2025-09-18T13:45:00.000000,1543.6,1544.1,1542.15,1543.5,747,INFY,NaN,1543.2352587070532,1543.9546591366275,48.77095447822223,1554.8,13.24390208428866,,,,,
2025-09-18T13:50:00.000000,1543.5,1544.35,1542.0,1543.45,965,INFY,NaN,1543.2782069656425,1543.9087810332976,48.7003058751328,1554.8,12.546451476689066,,,,,
2025-09-18T13:55:00.000000,1543.45,1543.5,1542.15,1543.35,793,INFY,NaN,1543.292565572514,1543.8579827575434,48.60196980106325,1554.8,11.898818769632301,,,,,
2025-09-18T14:00:00.000000,1543.35,1543.5,1541.0,1541.45,2130,INFY,NaN,1542.9240524580111,1543.6390752341304,47.90733712013946,1554.8,12.049911415604184,,,,,
2025-09-18T14:05:00.000000,1541.45,1541.45,1538.4,1539.35,6540,INFY,NaN,1542.2092419664089,1543.2491593037548,46.73973970537079,1554.8,13.47968021333864,,,,,
2025-09-18T14:10:00.000000,1539.35,1540.95,1538.85,1540.5,8390,INFY,NaN,1541.8673935731272,1542.9992357306862,46.14161500970241,1554.8,14.807322668377777,,,,,
2025-09-18T14:15:00.000000,1540.5,1541.0,1540.15,1540.2,2061,INFY,NaN,1541.5339148585017,1542.7447597551693,45.52117550150991,1554.8,15.996167818776787,,,,,
2025-09-18T14:20:00.000000,1540.2,1540.9,1538.1,1539.35,3892,INFY,NaN,1541.0971318868014,1542.436145231972,44.73689491422983,1554.8,17.93573492956349,,,,,
2025-09-18T14:25:00.000000,1539.35,1541.0,1538.0,1539.55,6316,INFY,NaN,1540.7877055094411,1542.1737683927017,44.115389220701275,1554.8,19.736761532436862,,,,,
2025-09-18T14:30:00.000000,1539.55,1540.0,1539.0,1539.3,2147,INFY,NaN,1540.4901644075528,1541.912516720638,43.48223615330856,1554.8,21.40914337796213,,,,,
2025-09-18T14:35:00.000000,1539.3,1540.7,1538.75,1539.95,3426,INFY,NaN,1540.3821315260423,1541.7341061096708,43.21720315528522,1554.8,22.268330870304474,,,,,
2025-09-18T14:40:00.000000,1539.95,1541.0,1539.3,1539.9,3761,INFY,NaN,1540.2857052208337,1541.56736919061,42.96088558053499,1554.8,22.776746957687827,,,,,
2025-09-18T14:45:00.000000,1539.9,1541.0,1539.3,1540.9,5801,INFY,NaN,1540.408564176667,1541.506699264191,43.205369840507046,1554.8,23.248847610258082,,,,,
2025-09-18T14:50:00.000000,1540.9,1541.05,1539.65,1540.05,15466,INFY,NaN,1540.3368513413336,1541.3742720583555,43.116609788598616,1554.8,23.633302359604226,,,,,
2025-09-18T14:55:00.000000,1540.05,1542.0,1539.55,1541.05,3698,INFY,NaN,1540.4794810730668,1541.3447927803231,43.49288206102856,1554.8,23.01035177499735,,,,,
2025-09-18T15:00:00.000000,1541.05,1542.15,1539.2,1541.05,34656,INFY,NaN,1540.5935848584534,1541.3179934366574,43.83331887894136,1554.8,22.678645165718574,,,,,
2025-09-18T15:05:00.000000,1541.1,1541.6,1538.4,1539.05,74911,INFY,NaN,1540.2848678867626,1541.1118122151431,43.41730809304293,1554.8,22.90040819005349,,,,,
2025-09-18T15:10:00.000000,1539.05,1541.45,1538.35,1538.45,29985,INFY,NaN,1539.91789430941,1540.8698292864938,42.85451054817895,1554.8,23.138552244216605,,,,,
2025-09-18T15:15:00.000000,1538.45,1541.0,1538.45,1540.45,8739,INFY,NaN,1540.0243154475281,1540.8316629877215,43.2447655413884,1554.8,23.35968600879664,,,,,
2025-09-18T15:20:00.000000,1540.65,1541.7,1539.1,1540.05,8457,INFY,NaN,1540.0294523580226,1540.7606027161105,43.45688793647683,1554.8,22.755105661979773,,,,,
2025-09-18T15:25:00.000000,1540.05,1543.65,1540.05,1542.0,9843,INFY,NaN,1540.4235618864182,1540.8732751964642,44.38624022514184,1554.8,21.807840768388505,,,,,
2025-09-19T09:15:00.000000,1541.4,1550.95,1538.0,1540.35,9059,INFY,NaN,1540.4088495091346,1540.8257047240584,44.646418947029844,1550.95,23.909418361097607,,,,,
2025-09-19T09:20:00.000000,1540.35,1542.1,1535.4,1536.5,2191,INFY,NaN,1539.6270796073077,1540.432458840053,43.878688218025545,1550.95,24.237392234700256,,,,,
2025-09-19T09:25:00.000000,1536.5,1536.5,1531.0,1532.0,4209,INFY,NaN,1538.1016636858462,1539.6658716727754,42.41894761250351,1550.95,22.568404120238476,,,,,
2025-09-19T09:30:00.000000,1532.0,1532.0,1527.9,1529.15,2181,INFY,NaN,1536.311330948677,1538.7098833388868,40.74402054309846,1550.95,21.904696467630632,,,,,
2025-09-19T09:35:00.000000,1529.15,1529.9,1527.0,1528.2,1261,INFY,NaN,1534.6890647589416,1537.754439398988,39.12296174111883,1550.95,21.548630003680767,,,,,
2025-09-19T09:40:00.000000,1528.2,1530.3,1528.0,1529.85,4122,INFY,NaN,1533.7212518071533,1537.03585399908,38.216479982100545,1550.95,21.05338141339839,,,,,
2025-09-19T09:45:00.000000,1529.65,1530.1,1526.4,1529.75,1742,INFY,NaN,1532.9270014457227,1536.3735036355272,37.3822101143816,1550.95,21.070833292511928,,,,,
2025-09-19T09:50:00.000000,1529.75,1530.2,1528.0,1530.0,1348,INFY,NaN,1532.3416011565782,1535.7940942141156,36.716771656409634,1550.95,21.041637191022158,,,,,
2025-09-19T09:55:00.000000,1530.0,1530.0,1526.25,1526.25,1938,INFY,NaN,1531.1232809252626,1534.9264492855596,35.60266160290407,1550.95,21.5238793196613,,,,,
2025-09-19T10:00:00.000000,1526.25,1526.85,1525.1,1526.2,1827,INFY,NaN,1530.1386247402102,1534.133135714145,34.58862068926585,1550.95,22.280122207119568,,,,,
2025-09-19T10:05:00.000000,1526.2,1528.8,1526.2,1528.8,1053,INFY,NaN,1529.870899792168,1533.6483051946773,34.55916465136003,1550.95,22.053275158798765,,,,,
2025-09-19T10:10:00.000000,1528.8,1529.85,1528.0,1529.85,2658,INFY,NaN,1529.8667198337344,1533.3030047224338,34.85339507561426,1550.95,21.383154724830803,,,,,
2025-09-19T10:15:00.000000,1529.85,1529.85,1527.0,1527.65,553,INFY,NaN,1529.4233758669875,1532.7890952022126,34.7478371229535,1550.95,21.088295540409195,,,,,
2025-09-19T10:20:00.000000,1527.65,1527.9,1526.5,1527.0,768,INFY,NaN,1528.93870069359,1532.2628138201933,34.54969374948781,1550.95,20.976943806455363,,,,,
2025-09-19T10:25:00.000000,1527.0,1528.25,1526.8,1528.15,843,INFY,NaN,1528.7809605548719,1531.8889216547211,34.73824659364925,1550.95,20.70023757547988,,,,,
2025-09-19T10:30:00.000000,1528.15,1528.9,1526.15,1526.25,1042,INFY,NaN,1528.2747684438975,1531.3762924133828,34.58666412327243,1550.95,20.116963986369814,,,,,
2025-09-19T10:35:00.000000,1526.25,1527.35,1526.0,1526.2,818,INFY,NaN,1527.8598147551181,1530.9057203758025,34.44125476551824,1550.95,19.63534583291871,,,,,
2025-09-19T10:40:00.000000,1526.2,1526.8,1525.3,1525.65,1679,INFY,NaN,1527.4178518040944,1530.427927614366,34.214998054438716,1550.95,19.472989948462367,,,,,
2025-09-19T10:45:00.000000,1525.65,1526.3,1524.95,1526.1,2425,INFY,NaN,1527.1542814432755,1530.0344796494235,34.177319907738756,1550.95,19.46501641862003,,,,,
2025-09-19T10:50:00.000000,1526.1,1526.25,1525.1,1525.1,424,INFY,NaN,1526.7434251546204,1529.585890590385,33.95581383188448,1550.95,19.457612426623577,,,,,
2025-09-19T10:55:00.000000,1525.1,1525.6,1523.85,1524.45,833,INFY,NaN,1526.2847401236963,1529.1189914458046,33.63668158252625,1550.95,19.97529241899005,,,,,
2025-09-19T11:00:00.000000,1524.45,1524.65,1523.45,1524.4,1753,INFY,NaN,1525.907792098957,1528.6899922234586,33.33852337567985,1550.95,20.615302581339083,,,,,
2025-09-19T11:05:00.000000,1524.4,1526.0,1523.55,1524.6,799,INFY,NaN,1525.6462336791656,1528.3181747485987,33.159632018636934,1550.95,20.292457232908795,,,,,
2025-09-19T11:10:00.000000,1524.6,1526.9,1524.6,1525.0,741,INFY,NaN,1525.5169869433325,1528.016522498726,33.18526802130057,1550.95,19.439345730414534,,,,,
2025-09-19T11:15:00.000000,1525.0,1526.1,1523.9,1523.95,498,INFY,NaN,1525.203589554666,1527.6468386352055,32.969370284202704,1550.95,18.993688485264528,,,,,
2025-09-19T11:20:00.000000,1523.95,1524.95,1523.9,1524.8,526,INFY,NaN,1525.1228716437329,1527.388035122914,33.178312136610415,1550.95,18.579863900482383,,,,,
2025-09-19T11:25:00.000000,1524.8,1525.75,1524.0,1524.95,537,INFY,NaN,1525.0882973149862,1527.1663955662855,33.43863238453929,1550.95,17.665510000160573,,,,,
2025-09-19T11:30:00.000000,1524.95,1525.95,1524.0,1525.75,450,INFY,NaN,1525.220637851989,1527.0376323329867,34.053663467382385,1550.95,16.68542031442766,,,,,
2025-09-19T11:35:00.000000,1525.75,1525.95,1524.1,1524.35,649,INFY,NaN,1525.0465102815913,1526.7933021208971,34.2115809958512,1550.95,15.775337034818525,,,,,
2025-09-19T11:40:00.000000,1524.35,1526.75,1523.6,1523.8,1047,INFY,NaN,1524.797208225273,1526.52118374627,34.209944419577084,1550.95,14.919696676571188,,,,,
2025-09-19T11:45:00.000000,1523.8,1524.55,1523.0,1523.6,1722,INFY,NaN,1524.5577665802184,1526.2556215875181,34.155162237481576,1550.95,14.003473286504633,,,,,
2025-09-19T11:50:00.000000,1523.6,1523.6,1521.85,1522.15,2137,INFY,NaN,1524.0762132641748,1525.88238326138,33.74263075199251,1550.95,13.885820728749936,,,,,
2025-09-19T11:55:00.000000,1522.15,1524.7,1522.15,1523.4,1213,INFY,NaN,1523.94097061134,1525.6567120558,34.00553540953732,1550.95,12.994393811510687,,,,,
2025-09-19T12:00:00.000000,1523.4,1523.4,1522.0,1522.05,1651,INFY,NaN,1523.562776489072,1525.3288291416363,33.896898781204435,1550.95,12.266013768062592,,,,,
2025-09-19T12:05:00.000000,1522.05,1523.35,1522.0,1522.0,935,INFY,NaN,1523.2502211912574,1525.0262083105786,33.786214653149834,1550.95,11.589660870575075,,,,,
2025-09-19T12:10:00.000000,1522.0,1522.8,1521.0,1522.0,2857,INFY,NaN,1523.0001769530058,1524.7510984641624,33.68607187062424,1550.95,11.644596031822616,,,,,
2025-09-19T12:15:00.000000,1522.0,1522.35,1521.3,1521.3,493,INFY,NaN,1522.6601415624048,1524.4373622401476,33.407136573424005,1550.95,11.695607252981047,,,,,
2025-09-19T12:20:00.000000,1521.3,1522.5,1520.6,1522.0,1253,INFY,NaN,1522.5281132499238,1524.2157838546798,33.55757395854386,1550.95,12.205926687714172,,,,,
2025-09-19T12:25:00.000000,1522.0,1522.5,1521.15,1522.05,337,INFY,NaN,1522.432490599939,1524.0188944133452,33.72264047062772,1550.95,12.679794734252074,,,,,
2025-09-19T12:30:00.000000,1522.05,1522.05,1520.8,1520.8,503,INFY,NaN,1522.1059924799513,1523.7262676484957,33.49612608244231,1550.95,13.358196427747759,,,,,
2025-09-19T12:35:00.000000,1520.8,1522.1,1520.6,1521.5,173,INFY,NaN,1521.984793983961,1523.5238796804506,33.70429940945968,1550.95,14.125333210374619,,,,,
2025-09-19T12:40:00.000000,1521.5,1522.5,1521.25,1522.4,718,INFY,NaN,1522.0678351871688,1523.4217088004095,34.38540549104302,1550.95,14.390259370018745,,,,,
2025-09-19T12:45:00.000000,1522.4,1522.5,1521.65,1521.8,185,INFY,NaN,1522.014268149735,1523.274280727645,34.789190266830595,1550.95,14.636262232545436,,,,,
2025-09-19T12:50:00.000000,1521.8,1523.55,1521.1,1522.45,1928,INFY,NaN,1522.101414519788,1523.199346116041,35.504567519650365,1550.95,13.743613603861105,,,,,
2025-09-19T12:55:00.000000,1522.45,1523.25,1521.8,1522.3,690,INFY,NaN,1522.1411316158303,1523.117587378219,36.09273489349033,1550.95,12.91472559151137,,,,,
2025-09-19T13:00:00.000000,1522.3,1522.5,1521.65,1521.85,265,INFY,NaN,1522.0829052926642,1523.0023521620174,36.44532308488409,1550.95,12.295970254015268,,,,,
2025-09-19T13:05:00.000000,1521.85,1523.05,1521.8,1522.95,377,INFY,NaN,1522.2563242341314,1522.9975928745612,37.374462444085644,1550.95,11.698972635954084,,,,,
2025-09-19T13:10:00.000000,1522.95,1523.45,1522.2,1523.4,852,INFY,NaN,1522.4850593873052,1523.0341753405103,38.4445525658267,1550.95,11.542340268585104,,,,,
2025-09-19T13:15:00.000000,1523.4,1523.55,1522.65,1522.9,324,INFY,NaN,1522.5680475098443,1523.021977582282,39.177278497644636,1550.95,11.49621837785018,,,,,
2025-09-19T13:20:00.000000,1522.9,1523.5,1522.75,1523.35,434,INFY,NaN,1522.7244380078755,1523.0517978020746,40.08120176156591,1550.95,11.453390907882037,,,,,
2025-09-19T13:25:00.000000,1523.35,1525.6,1522.9,1524.85,850,INFY,NaN,1523.1495504063005,1523.2152707291586,41.60449175960272,1550.95,13.146827181960296,,,,,
2025-09-19T13:30:00.000000,1525.1,1525.5,1523.65,1525.45,3001,INFY,NaN,1523.6096403250403,1523.4184279355989,43.22752465233082,1550.95,14.719303722175823,,,,,
2025-09-19T13:35:00.000000,1525.45,1526.0,1524.6,1526.0,767,INFY,NaN,1524.0877122600323,1523.65311630509,44.91109112069435,1550.95,16.503367632451422,,,,,
2025-09-19T13:40:00.000000,1526.0,1526.05,1525.05,1525.95,1128,INFY,NaN,1524.4601698080257,1523.861923913718,46.403466762048645,1550.95,18.19219857385112,,,,,
2025-09-19T13:45:00.000000,1525.95,1526.0,1525.0,1525.75,391,INFY,NaN,1524.7181358464206,1524.0335671942892,47.62448175568112,1550.95,19.680452204017108,,,,,
2025-09-19T13:50:00.000000,1525.75,1526.7,1525.3,1526.2,436,INFY,NaN,1525.0145086771365,1524.230515631172,48.92912348183298,1550.95,21.53044356681348,,,,,
2025-09-19T13:55:00.000000,1526.2,1526.2,1524.2,1525.4,1493,INFY,NaN,1525.0916069417092,1524.3368323919747,49.58554674798602,1550.95,21.648127750983274,,,,,
2025-09-19T14:00:00.000000,1525.4,1529.85,1525.4,1528.85,11191,INFY,NaN,1525.8432855533674,1524.7471203563407,51.41693094894001,1550.95,23.704252951039088,,,,,
2025-09-19T14:05:00.000000,1528.85,1529.45,1528.25,1529.0,1643,INFY,NaN,1526.474628442694,1525.1337457784916,53.11424249280655,1550.95,25.61351206537663,,,,,
2025-09-19T14:10:00.000000,1529.0,1530.45,1528.7,1530.45,1931,INFY,NaN,1527.269702754155,1525.6170416168106,55.01287176830252,1550.95,27.745083502955946,,,,,
2025-09-19T14:15:00.000000,1530.45,1530.95,1527.0,1527.8,2846,INFY,NaN,1527.375762203324,1525.8154923789189,55.36679506227324,1550.95,27.987087308223387,,,,,
2025-09-19T14:20:00.000000,1527.8,1528.8,1526.85,1527.35,3252,INFY,NaN,1527.3706097626591,1525.9549930717444,55.49342919869165,1550.95,28.074589961850602,,,,,
2025-09-19T14:25:00.000000,1527.35,1527.35,1525.8,1526.15,1046,INFY,NaN,1527.1264878101274,1525.972720974313,55.11983563710165,1550.95,27.237968273230425,,,,,
2025-09-19T14:30:00.000000,1526.15,1527.05,1526.0,1527.05,2330,INFY,NaN,1527.1111902481018,1526.0706554311937,55.09569885779726,1550.95,26.461105276654543,,,,,
2025-09-19T14:35:00.000000,1527.05,1527.3,1526.3,1526.9,2172,INFY,NaN,1527.0689521984814,1526.1460503919943,55.01080606019138,1550.95,25.899408081331384,,,,,
2025-09-19T14:40:00.000000,1526.9,1527.6,1526.45,1527.2,3012,INFY,NaN,1527.095161758785,1526.241863992722,55.04448427808927,1550.95,25.57196151295455,,,,,
2025-09-19T14:45:00.000000,1527.2,1527.9,1526.1,1527.15,3452,INFY,NaN,1527.106129407028,1526.3244218115656,55.05108920234977,1550.95,24.91904237063356,,,,,
2025-09-19T14:50:00.000000,1527.15,1528.3,1527.15,1528.0,1430,INFY,NaN,1527.2849035256224,1526.4767471014231,55.38419325488686,1550.95,24.594570298674405,,,,,
2025-09-19T14:55:00.000000,1528.0,1528.35,1527.1,1527.1,1915,INFY,NaN,1527.247922820498,1526.5334064558392,55.23806758199747,1550.95,24.238975219151097,,,,,
2025-09-19T15:00:00.000000,1527.1,1537.9,1527.1,1537.5,7639,INFY,NaN,1529.2983382563984,1527.5303695053083,57.30208226847521,1550.95,27.152974941883464,,,,,
2025-09-19T15:05:00.000000,1537.5,1538.0,1534.6,1536.8,1912,INFY,NaN,1530.7986706051188,1528.3730631866438,58.91349736999633,1550.95,29.87464414314565,,,,,
2025-09-19T15:10:00.000000,1537.5,1541.0,1537.0,1540.8,3689,INFY,NaN,1532.798936484095,1529.5027847151307,60.806041328693404,1550.95,32.82333203123775,,,,,
2025-09-19T15:15:00.000000,1540.8,1544.95,1540.4,1544.95,7973,INFY,NaN,1535.229149187276,1530.9070770137553,62.85197545814337,1550.95,35.961213562730144,,,,,
2025-09-19T15:20:00.000000,1544.95,1546.9,1543.9,1545.55,3515,INFY,NaN,1537.2933193498209,1532.2382518306865,64.7453403451218,1550.95,39.03024967141336,,,,,
2025-09-19T15:25:00.000000,1545.55,1547.1,1543.0,1544.0,4771,INFY,NaN,1538.6346554798567,1533.3075016642604,65.94474698352337,1550.95,41.31236257409769,,,,,
2025-09-22T09:15:00.000000,1480.05,1499.9,1480.05,1497.85,68054,INFY,NaN,1530.4777243838853,1530.084092422055,62.04780988454263,1510.7,42.69413295184529,,,,,
2025-09-22T09:20:00.000000,1497.85,1503.0,1496.15,1502.65,27391,INFY,NaN,1524.9121795071082,1527.59008402005,59.02488171873817,1510.7,43.52703631301273,,,,,
2025-09-22T09:25:00.000000,1501.75,1504.45,1500.55,1503.0,16665,INFY,NaN,1520.5297436056867,1525.354621836409,56.326356876901514,1510.7,44.086803604418506,,,,,
2025-09-22T09:30:00.000000,1503.2,1508.5,1502.25,1506.85,22876,INFY,NaN,1517.7937948845492,1523.6723834876445,54.288598128898414,1510.7,44.01111884132677,,,,,
2025-09-22T09:35:00.000000,1506.85,1510.7,1506.8,1510.5,13467,INFY,NaN,1516.3350359076394,1522.474894079677,52.80918142795431,1510.7,43.621953748377805,,,,,
2025-09-22T09:40:00.000000,1510.5,1514.0,1509.95,1512.0,10736,INFY,NaN,1515.4680287261115,1521.5226309815246,51.61855326598491,1510.7,42.785495998668594,,,,,
2025-09-22T09:45:00.000000,1512.0,1513.75,1511.55,1512.45,11724,INFY,NaN,1514.8644229808892,1520.6978463468406,50.58750882499041,1510.7,42.00878523108147,,,,,
2025-09-22T09:50:00.000000,1512.45,1513.75,1511.85,1512.95,8158,INFY,NaN,1514.4815383847115,1519.993496678946,49.70895291978605,1510.7,41.28755380403628,,,,,
2025-09-22T09:55:00.000000,1512.95,1514.7,1512.55,1513.6,5280,INFY,NaN,1514.3052307077692,1519.4122697081327,48.98834720538001,1510.7,40.45797727133796,,,,,
2025-09-22T10:00:00.000000,1513.6,1514.0,1510.25,1511.55,9267,INFY,NaN,1513.7541845662154,1518.6975179164842,48.16289258052661,1510.7,39.900455754477285,,,,,
2025-09-22T10:05:00.000000,1512.2,1512.2,1508.9,1509.5,11856,INFY,NaN,1512.9033476529723,1517.8613799240766,47.24525537909102,1510.7,39.508211690805865,,,,,
2025-09-22T10:10:00.000000,1509.5,1510.25,1507.15,1507.55,14590,INFY,NaN,1511.832678122378,1516.9239817491605,46.255116185293545,1510.7,39.30856183607833,,,,,
2025-09-22T10:15:00.000000,1507.55,1507.7,1503.0,1504.7,14633,INFY,NaN,1510.4061424979025,1515.812710681055,45.13402201953971,1510.7,39.495325704471774,,,,,
2025-09-22T10:20:00.000000,1504.7,1505.35,1501.1,1502.35,6134,INFY,NaN,1508.794913998322,1514.5888278918683,43.94260779718019,1510.7,39.83056488057316,,,,,
2025-09-22T10:25:00.000000,1502.35,1503.15,1501.1,1502.5,7871,INFY,NaN,1507.5359311986576,1513.4898435380621,42.88835834485066,1510.7,40.14185840123872,,,,,
2025-09-22T10:30:00.000000,1502.5,1502.5,1498.0,1500.65,24129,INFY,NaN,1506.158744958926,1512.3225850346018,41.78812987422768,1510.7,40.70494146713195,,,,,
2025-09-22T10:35:00.000000,1500.65,1502.6,1499.8,1502.0,5777,INFY,NaN,1505.3269959671409,1511.3841682132745,41.02445551026851,1510.7,41.20261653786929,,,,,
2025-09-22T10:40:00.000000,1502.5,1502.6,1500.7,1501.75,4715,INFY,NaN,1504.6115967737128,1510.5083347393404,40.310939208895235,1510.7,41.664743389268246,,,,,
2025-09-22T10:45:00.000000,1501.75,1501.75,1500.0,1500.35,5251,INFY,NaN,1503.7592774189702,1509.5848497630368,39.53569008647126,1510.7,42.16477551442307,,,,,
2025-09-22T10:50:00.000000,1500.35,1500.95,1498.55,1500.95,8771,INFY,NaN,1503.1974219351762,1508.7998634209425,38.953121503514964,1510.7,42.777981573050205,,,,,
2025-09-22T10:55:00.000000,1500.95,1502.7,1500.3,1502.0,8534,INFY,NaN,1502.957937548141,1508.1816940190386,38.63852868594015,1510.7,42.8075906260809,,,,,
2025-09-22T11:00:00.000000,1502.0,1502.4,1500.0,1500.45,8624,INFY,NaN,1502.4563500385127,1507.4788127445804,38.1821707568698,1510.7,42.87229361285126,,,,,
2025-09-22T11:05:00.000000,1500.45,1500.45,1497.25,1499.75,6058,INFY,NaN,1501.9150800308103,1506.776193404164,37.691884050230364,1510.7,43.26611351086922,,,,,
2025-09-22T11:10:00.000000,1499.75,1501.65,1499.0,1501.55,9416,INFY,NaN,1501.8420640246482,1506.3010849128764,37.645879404463905,1510.7,43.23387232476022,,,,,
2025-09-22T11:15:00.000000,1501.55,1502.2,1500.1,1500.35,4534,INFY,NaN,1501.5436512197184,1505.760077193524,37.452444825447024,1510.7,43.018333080191624,,,,,
2025-09-22T11:20:00.000000,1500.35,1501.0,1498.6,1499.65,5918,INFY,NaN,1501.1649209757747,1505.2046156304764,37.188541752422985,1510.7,43.0348073587636,,,,,
2025-09-22T11:25:00.000000,1499.65,1501.05,1499.5,1500.75,7370,INFY,NaN,1501.0819367806198,1504.7996505731603,37.213949869354465,1510.7,43.031506465200586,,,,,
2025-09-22T11:30:00.000000,1500.75,1501.55,1499.6,1501.4,7357,INFY,NaN,1501.1455494244958,1504.4905914301457,37.393676219328384,1510.7,42.832352934986815,,,,,
2025-09-22T11:35:00.000000,1501.35,1501.35,1499.55,1500.9,6983,INFY,NaN,1501.0964395395968,1504.1641740274051,37.476843958476046,1510.7,42.65623158397172,,,,,
2025-09-22T11:40:00.000000,1500.95,1502.05,1500.05,1501.65,6316,INFY,NaN,1501.2071516316773,1503.9356127521864,37.74794844044919,1510.7,42.19020068602458,,,,,
2025-09-22T11:45:00.000000,1501.65,1501.65,1500.0,1500.35,7425,INFY,NaN,1501.035721305342,1503.609647956533,37.768407228997766,1510.7,41.768020560647855,,,,,
2025-09-22T11:50:00.000000,1500.35,1500.85,1499.45,1500.6,9479,INFY,NaN,1500.9485770442734,1503.3360435968482,37.85769408830654,1510.7,41.497502851853575,,,,,
2025-09-22T11:55:00.000000,1499.65,1500.6,1498.6,1498.95,8021,INFY,NaN,1500.5488616354187,1502.937312360771,37.649239406060104,1510.7,41.43476365326769,,,,,
2025-09-22T12:00:00.000000,1499.35,1502.45,1499.1,1501.6,7873,INFY,NaN,1500.759089308335,1502.8157385097918,38.19274996139938,1510.7,40.465783294732994,,,,,
2025-09-22T12:05:00.000000,1501.55,1502.2,1500.6,1501.15,5399,INFY,NaN,1500.837271446668,1502.6643077361744,38.59619565032286,1510.7,39.56601581895078,,,,,
2025-09-22T12:10:00.000000,1501.9,1502.8,1500.35,1501.95,5336,INFY,NaN,1501.0598171573345,1502.5993706692493,39.176873144675405,1510.7,38.42929229438558,,,,,
2025-09-22T12:15:00.000000,1501.7,1502.2,1500.95,1501.05,4993,INFY,NaN,1501.0578537258675,1502.4585187902267,39.50864226375058,1510.7,37.37376330728933,,,,,
2025-09-22T12:20:00.000000,1501.0,1502.2,1500.75,1501.7,4817,INFY,NaN,1501.186282980694,1502.3895625365697,39.9954037691248,1510.7,36.46228392185899,,,,,
2025-09-22T12:25:00.000000,1502.0,1502.65,1500.2,1501.45,4965,INFY,NaN,1501.2390263845552,1502.304147760518,40.376505369909815,1510.7,35.80945783294498,,,,,
2025-09-22T12:30:00.000000,1500.8,1502.05,1500.45,1500.45,4763,INFY,NaN,1501.0812211076443,1502.1355888731982,40.48370647069346,1510.7,35.2032621789534,,,,,
2025-09-22T12:35:00.000000,1500.45,1501.55,1500.2,1500.95,4772,INFY,NaN,1501.0549768861154,1502.027808066544,40.7457670161553,1510.7,34.73690125176456,,,,,
2025-09-22T12:40:00.000000,1500.45,1501.45,1500.1,1500.55,7684,INFY,NaN,1500.9539815088922,1501.8934618786764,40.88037686635639,1510.7,34.34433853194334,,,,,
2025-09-22T12:45:00.000000,1500.55,1500.95,1499.2,1500.25,12238,INFY,NaN,1500.8131852071137,1501.7440562533423,40.92303570036178,1510.7,34.3412671698932,,,,,
2025-09-22T12:50:00.000000,1500.25,1500.8,1498.85,1499.5,12462,INFY,NaN,1500.550548165691,1501.540051139402,40.76330848442037,1510.7,34.47487928532424,,,,,
2025-09-22T12:55:00.000000,1499.5,1500.15,1497.7,1498.1,9059,INFY,NaN,1500.0604385325528,1501.2273192176383,40.275021563188055,1510.7,35.02403812604164,,,,,
2025-09-22T13:00:00.000000,1498.1,1500.55,1498.1,1499.0,5110,INFY,NaN,1499.8483508260422,1501.0248356523985,40.2001886620105,1510.7,35.19107988373561,,,,,
2025-09-22T13:05:00.000000,1498.7,1500.5,1498.0,1500.3,5204,INFY,NaN,1499.9386806608338,1500.9589415021803,40.623409384823674,1510.7,35.38649867576466,,,,,
2025-09-22T13:10:00.000000,1500.4,1500.55,1499.0,1499.7,3250,INFY,NaN,1499.890944528667,1500.8444922747094,40.83360839364651,1510.7,35.52039632869741,,,,,
2025-09-22T13:15:00.000000,1499.7,1500.65,1499.0,1499.2,2076,INFY,NaN,1499.7527556229336,1500.6949929770085,40.880314558485786,1510.7,35.543830962617825,,,,,
2025-09-22T13:20:00.000000,1499.45,1499.5,1498.4,1498.75,1427,INFY,NaN,1499.5522044983468,1500.518175433644,40.79282744025378,1510.7,35.85129959198029,,,,,
2025-09-22T13:25:00.000000,1498.75,1500.1,1498.2,1500.1,5316,INFY,NaN,1499.6617635986775,1500.480159485131,41.26405913344974,1510.7,35.50826587941582,,,,,
2025-09-22T13:30:00.000000,1500.1,1500.4,1497.8,1497.95,2424,INFY,NaN,1499.3194108789419,1500.2501449864828,41.073144438015035,1510.7,35.40260815370397,,,,,
2025-09-22T13:35:00.000000,1497.95,1498.95,1497.1,1497.45,6993,INFY,NaN,1498.9455287031535,1499.995586351348,40.77227188144866,1510.7,35.65943016687947,,,,,
2025-09-22T13:40:00.000000,1497.85,1497.85,1495.05,1495.1,10706,INFY,NaN,1498.1764229625228,1499.5505330466801,39.966285510782605,1510.7,36.734305908631036,,,,,
2025-09-22T13:45:00.000000,1495.1,1495.7,1494.0,1494.05,19124,INFY,NaN,1497.3511383700181,1499.050484587891,39.032722892769215,1510.7,38.069506337614705,,,,,
2025-09-22T13:50:00.000000,1494.05,1494.6,1492.15,1492.15,12659,INFY,NaN,1496.3109106960146,1498.4231678071737,37.85891368660387,1510.7,39.79880322568005,,,,,
2025-09-22T13:55:00.000000,1492.35,1493.45,1490.3,1491.6,18159,INFY,NaN,1495.3687285568117,1497.8028798247035,36.709174530434446,1510.7,41.78729572262404,,,,,
2025-09-22T14:00:00.000000,1491.6,1495.35,1491.6,1493.6,5586,INFY,NaN,1495.0149828454494,1497.4207998406396,36.50991383870787,1510.7,42.007955131377244,,,,,
2025-09-22T14:05:00.000000,1493.6,1497.65,1493.6,1496.9,5114,INFY,NaN,1495.3919862763596,1497.3734544005815,37.41640594434304,1510.7,40.65662213261661,,,,,
2025-09-22T14:10:00.000000,1496.9,1496.9,1494.15,1494.85,2523,INFY,NaN,1495.2835890210877,1497.144049455074,37.77825178985888,1510.7,39.401812919481735,,,,,
2025-09-22T14:15:00.000000,1494.85,1495.55,1494.2,1494.2,2225,INFY,NaN,1495.0668712168701,1496.876408595522,37.97033121078487,1510.7,38.23663293585649,,,,,
2025-09-22T14:20:00.000000,1494.2,1494.25,1492.15,1492.85,3077,INFY,NaN,1494.623496973496,1496.5103714504746,37.87283021529951,1510.7,37.94248578540661,,,,,
2025-09-22T14:25:00.000000,1492.85,1493.4,1492.1,1492.6,1815,INFY,NaN,1494.2187975787967,1496.1548831367952,37.73509178972777,1510.7,37.68700803370474,,,,,
2025-09-22T14:30:00.000000,1492.6,1493.15,1491.4,1491.7,3497,INFY,NaN,1493.7150380630374,1495.749893760723,37.4309701569019,1510.7,37.70081819810482,,,,,
2025-09-22T14:35:00.000000,1491.7,1492.7,1491.0,1491.4,2606,INFY,NaN,1493.2520304504299,1495.3544488733844,37.09582441164959,1510.7,37.85519104954403,,,,,
2025-09-22T14:40:00.000000,1491.8,1492.7,1491.3,1491.6,2114,INFY,NaN,1492.921624360344,1495.0131353394404,36.87393416498128,1510.7,37.99853726873759,,,,,
2025-09-22T14:45:00.000000,1491.6,1492.85,1491.0,1492.5,4064,INFY,NaN,1492.8372994882752,1494.7846684904005,37.03932336004945,1510.7,38.247621174093084,,,,,
2025-09-22T14:50:00.000000,1492.7,1493.7,1491.5,1493.6,2248,INFY,NaN,1492.9898395906202,1494.6769713549095,37.60984657653281,1510.7,37.70971843334708,,,,,
2025-09-22T14:55:00.000000,1493.6,1496.5,1493.3,1496.5,2253,INFY,NaN,1493.6918716724963,1494.8427012317359,39.046785098184436,1510.7,35.22517846172704,,,,,
2025-09-22T15:00:00.000000,1496.5,1498.0,1495.35,1497.0,2799,INFY,NaN,1494.353497337997,1495.038819301578,40.48448558208332,1510.7,33.303310329828655,,,,,
2025-09-22T15:05:00.000000,1497.0,1499.9,1496.7,1499.65,4204,INFY,NaN,1495.4127978703975,1495.458017546889,42.433671420181604,1510.7,32.36810585901369,,,,,
2025-09-22T15:10:00.000000,1499.65,1501.85,1498.9,1501.1,10810,INFY,NaN,1496.550238296318,1495.9709250426265,44.49640155349925,1510.7,32.21429060358333,,,,,
2025-09-22T15:15:00.000000,1500.1,1501.0,1499.5,1500.1,7696,INFY,NaN,1497.2601906370544,1496.3462954932968,46.018534744407944,1510.7,32.07146215211228,,,,,
2025-09-22T15:20:00.000000,1500.1,1501.75,1500.1,1500.35,4782,INFY,NaN,1497.8781525096435,1496.7102686302699,47.45198224302638,1510.7,32.2028550363455,,,,,
2025-09-22T15:25:00.000000,1500.35,1501.75,1499.15,1500.8,7687,INFY,NaN,1498.4625220077148,1497.0820623911545,48.8533480481955,1510.7,31.68034006175747,,,,,
2025-09-23T09:15:00.000000,1493.05,1512.95,1493.05,1507.7,18799,INFY,NaN,1500.3100176061719,1498.0473294465041,51.26515546643949,1512.95,33.66884936550549,,,,,
2025-09-23T09:20:00.000000,1507.7,1509.75,1504.05,1504.05,5345,INFY,NaN,1501.0580140849374,1498.5930267695492,52.36529828051523,1512.95,35.51532229041437,,,,,
2025-09-23T09:25:00.000000,1504.7,1506.45,1502.95,1503.45,10574,INFY,NaN,1501.53641126795,1499.0345697904993,53.20274338228255,1512.95,36.661360176528675,,,,,
2025-09-23T09:30:00.000000,1503.45,1503.45,1501.65,1502.35,2619,INFY,NaN,1501.6991290143599,1499.3359725368175,53.67190452653657,1512.95,37.07909541082489,,,,,
2025-09-23T09:35:00.000000,1502.35,1502.9,1500.0,1502.9,3749,INFY,NaN,1501.9393032114879,1499.6599750334706,54.19998532474361,1512.95,36.69885206186762,,,,,
2025-09-23T09:40:00.000000,1502.9,1505.0,1500.1,1503.1,2384,INFY,NaN,1502.1714425691903,1499.9727045758823,54.716891945928744,1512.95,36.802686883148304,,,,,
2025-09-23T09:45:00.000000,1502.45,1503.05,1501.0,1501.6,1426,INFY,NaN,1502.0571540553522,1500.1206405235293,54.75736482554938,1512.95,36.89910493148037,,,,,
2025-09-23T09:50:00.000000,1501.55,1502.05,1500.0,1500.2,5033,INFY,NaN,1501.6857232442817,1500.1278550213904,54.42480517114328,1512.95,36.50294358037992,,,,,
2025-09-23T09:55:00.000000,1500.2,1500.2,1497.0,1497.55,3156,INFY,NaN,1500.8585785954253,1499.8935045649002,53.51195959510878,1512.95,34.84784093580847,,,,,
2025-09-23T10:00:00.000000,1497.55,1498.35,1496.95,1497.5,2492,INFY,NaN,1500.1868628763402,1499.6759132408183,52.67520329122827,1512.95,33.29107445554705,,,,,
2025-09-23T10:05:00.000000,1497.5,1498.7,1497.0,1498.05,4846,INFY,NaN,1499.7594903010722,1499.5281029461985,52.07192607819097,1512.95,31.95842090084133,,,,,
2025-09-23T10:10:00.000000,1498.0,1498.25,1496.0,1496.7,1756,INFY,NaN,1499.1475922408579,1499.2710026783623,51.20971924060811,1512.95,30.287158169607274,,,,,
2025-09-23T10:15:00.000000,1496.7,1498.45,1496.4,1497.8,4012,INFY,NaN,1498.8780737926863,1499.1372751621475,50.75079587283792,1512.95,28.808959024435723,,,,,
2025-09-23T10:20:00.000000,1497.8,1498.5,1496.9,1498.5,3829,INFY,NaN,1498.802459034149,1499.0793410564977,50.534583653166685,1512.95,27.455901296321173,,,,,
2025-09-23T10:25:00.000000,1498.5,1500.0,1498.5,1499.85,1807,INFY,NaN,1499.0119672273192,1499.1494009604523,50.70642234445422,1512.95,26.773244439747973,,,,,
2025-09-23T10:30:00.000000,1499.85,1501.0,1499.3,1500.05,3015,INFY,NaN,1499.2195737818554,1499.2312736004112,50.91549051721983,1512.95,26.492001145452953,,,,,
2025-09-23T10:35:00.000000,1500.05,1500.05,1497.25,1497.65,2411,INFY,NaN,1498.9056590254843,1499.0875214549194,50.43765294851579,1512.95,25.202539225714254,,,,,
2025-09-23T10:40:00.000000,1497.65,1498.0,1496.25,1497.0,3416,INFY,NaN,1498.5245272203874,1498.8977467771995,49.842813025652376,1512.95,23.55595206122089,,,,,
2025-09-23T10:45:00.000000,1497.0,1497.3,1496.0,1496.6,1371,INFY,NaN,1498.13962177631,1498.688860706545,49.20342250532732,1512.95,21.914798060746683,,,,,
2025-09-23T10:50:00.000000,1496.6,1496.85,1495.8,1496.3,2155,INFY,NaN,1497.771697421048,1498.4716915514045,48.54667154539404,1512.95,20.401958962343247,,,,,
2025-09-23T10:55:00.000000,1496.3,1497.15,1495.65,1496.05,5595,INFY,NaN,1497.4273579368385,1498.2515377740042,47.88473566821517,1512.95,19.04097745635358,,,,,
2025-09-23T11:00:00.000000,1496.05,1497.25,1495.5,1496.0,853,INFY,NaN,1497.1418863494707,1498.046852521822,47.271549716516994,1512.95,17.69748328596444,,,,,
2025-09-23T11:05:00.000000,1496.0,1497.55,1495.35,1495.35,1396,INFY,NaN,1496.7835090795766,1497.8016841107474,46.52698682294818,1512.95,16.615075429625865,,,,,
2025-09-23T11:10:00.000000,1495.35,1496.1,1495.0,1495.85,1382,INFY,NaN,1496.5968072636613,1497.6242582824975,46.07419758456581,1512.95,15.453787857930427,,,,,
2025-09-23T11:15:00.000000,1495.2,1495.2,1493.8,1493.8,2815,INFY,NaN,1496.037445810929,1497.2765984386342,45.089042066405995,1512.95,15.048553345712296,,,,,
2025-09-23T11:20:00.000000,1493.8,1496.2,1493.65,1496.2,1548,INFY,NaN,1496.0699566487433,1497.1787258533038,45.141853466209554,1512.95,14.05880519425786,,,,,
2025-09-23T11:25:00.000000,1496.2,1498.7,1495.55,1496.95,1494,INFY,NaN,1496.2459653189946,1497.1579325939126,45.44510332308781,1512.95,14.226994911481205,,,,,
2025-09-23T11:30:00.000000,1496.95,1497.95,1496.1,1496.75,1830,INFY,NaN,1496.3467722551957,1497.1208478126478,45.65515784588113,1512.95,14.383171077474312,,,,,
2025-09-23T11:35:00.000000,1496.75,1497.3,1495.85,1496.6,2416,INFY,NaN,1496.3974178041565,1497.073498011498,45.79455847510924,1512.95,14.363727541912526,,,,,
2025-09-23T11:40:00.000000,1496.6,1497.35,1496.3,1497.15,1463,INFY,NaN,1496.5479342433252,1497.0804527377254,46.13326483380425,1512.95,14.371696862348944,,,,,
2025-09-23T11:45:00.000000,1497.15,1497.8,1496.55,1497.1,817,INFY,NaN,1496.6583473946603,1497.0822297615684,46.42037050724114,1512.95,14.620341338190885,,,,,
2025-09-23T11:50:00.000000,1497.1,1498.65,1497.05,1498.1,481,INFY,NaN,1496.9466779157283,1497.1747543286986,47.074468488728996,1512.95,15.287533302685313,,,,,
2025-09-23T11:55:00.000000,1498.1,1500.7,1498.05,1500.05,4100,INFY,NaN,1497.5673423325827,1497.4361402988168,48.31587528654276,1512.95,16.78622936722802,,,,,
2025-09-23T12:00:00.000000,1500.05,1502.2,1499.6,1502.15,1587,INFY,NaN,1498.4838738660662,1497.8646729989243,49.98925389223621,1512.95,18.692827937635826,,,,,
2025-09-23T12:05:00.000000,1502.15,1503.0,1501.75,1502.9,1380,INFY,NaN,1499.367099092853,1498.3224299990222,51.67468365401227,1512.95,20.709547445159437,,,,,
2025-09-23T12:10:00.000000,1502.9,1504.85,1502.25,1504.5,2399,INFY,NaN,1500.3936792742825,1498.8840272718385,53.53231341462658,1512.95,23.082222521773723,,,,,
2025-09-23T12:15:00.000000,1504.5,1504.95,1501.45,1502.65,1818,INFY,NaN,1500.844943419426,1499.2263884289441,54.40870349810608,1512.95,24.64916645879428,,,,,
2025-09-23T12:20:00.000000,1502.65,1504.25,1501.45,1502.6,4573,INFY,NaN,1501.195954735541,1499.5330803899492,55.18106587254591,1512.95,26.1041858288848,,,,,
2025-09-23T12:25:00.000000,1502.6,1503.55,1502.0,1502.0,1098,INFY,NaN,1501.3567637884328,1499.7573458090446,55.626336156093245,1512.95,27.455275243968853,,,,,
2025-09-23T12:30:00.000000,1502.0,1503.4,1501.15,1503.4,4550,INFY,NaN,1501.7654110307462,1500.0884961900406,56.398736712335,1512.95,27.971116660448512,,,,,
2025-09-23T12:35:00.000000,1504.15,1507.1,1504.15,1504.55,3926,INFY,NaN,1502.322328824597,1500.4940874454915,57.36961606522678,1512.95,29.619180095974148,,,,,
2025-09-23T12:40:00.000000,1504.55,1505.35,1502.45,1502.45,1738,INFY,NaN,1502.3478630596776,1500.6718976777195,57.397375208784226,1512.95,29.959508979347625,,,,,
2025-09-23T12:45:00.000000,1502.45,1504.1,1502.1,1502.9,3614,INFY,NaN,1502.458290447742,1500.8744524342903,57.5435516587532,1512.95,30.046385611862256,,,,,
2025-09-23T12:50:00.000000,1502.9,1504.1,1502.3,1503.4,1064,INFY,NaN,1502.6466323581935,1501.1040476675366,57.81144401872037,1512.95,30.12705677062584,,,,,
2025-09-23T12:55:00.000000,1503.4,1503.8,1502.5,1503.4,633,INFY,NaN,1502.7973058865548,1501.3127706068515,58.05382282059543,1512.95,30.201965703763452,,,,,
2025-09-23T13:00:00.000000,1503.4,1504.3,1502.9,1504.3,1050,INFY,NaN,1503.0978447092439,1501.5843369153195,58.52799949068436,1512.95,30.47236023531013,,,,,
2025-09-23T13:05:00.000000,1504.3,1504.3,1502.6,1503.15,255,INFY,NaN,1503.108275767395,1501.7266699230177,58.44675511019441,1512.95,30.4772990931416,,,,,
2025-09-23T13:10:00.000000,1503.15,1503.65,1502.15,1503.0,1416,INFY,NaN,1503.086620613916,1501.8424272027432,58.308438965942955,1512.95,30.10994991611759,,,,,
2025-09-23T13:15:00.000000,1503.0,1503.55,1502.05,1502.65,623,INFY,NaN,1502.9992964911328,1501.9158429115848,58.02699708708257,1512.95,29.684188371652173,,,,,
2025-09-23T13:20:00.000000,1502.65,1503.0,1501.85,1502.1,1090,INFY,NaN,1502.8194371929062,1501.932584465077,57.52740646599488,1512.95,29.11184062745622,,,,,
2025-09-23T13:25:00.000000,1502.05,1503.4,1501.85,1502.55,969,INFY,NaN,1502.7655497543249,1501.98871315007,57.252268712302254,1512.95,28.81098525884179,,,,,
2025-09-23T13:30:00.000000,1502.55,1505.7,1502.55,1505.05,2449,INFY,NaN,1503.2224398034598,1502.2670119546092,57.82627701831312,1512.95,29.62237301247121,,,,,
2025-09-23T13:35:00.000000,1505.15,1505.9,1504.05,1505.05,587,INFY,NaN,1503.5879518427678,1502.5200108678266,58.34561786660867,1512.95,30.4556585319601,,,,,
2025-09-23T13:40:00.000000,1505.05,1506.3,1504.45,1504.5,1841,INFY,NaN,1503.7703614742143,1502.7000098798424,58.53616311150871,1512.95,31.391673239854764,,,,,
2025-09-23T13:45:00.000000,1504.85,1505.9,1504.65,1505.0,512,INFY,NaN,1504.0162891793714,1502.9090998907657,58.872493510838574,1512.95,32.260829754328384,,,,,
2025-09-23T13:50:00.000000,1505.0,1505.85,1504.0,1504.3,897,INFY,NaN,1504.0730313434972,1503.0355453552415,58.81369116391329,1512.95,32.3710359212199,,,,,
2025-09-23T13:55:00.000000,1504.3,1504.75,1503.0,1503.0,527,INFY,NaN,1503.8584250747977,1503.0323139593104,58.15346787210833,1512.95,31.506162033267575,,,,,
2025-09-23T14:00:00.000000,1503.05,1505.0,1503.05,1504.7,579,INFY,NaN,1504.0267400598382,1503.1839217811912,58.16796242422429,1512.95,30.854129536032104,,,,,
2025-09-23T14:05:00.000000,1504.7,1506.85,1504.0,1504.2,2509,INFY,NaN,1504.0613920478706,1503.2762925283557,57.95578096270338,1512.95,31.2161184881996,,,,,
2025-09-23T14:10:00.000000,1504.2,1504.6,1501.75,1501.75,1073,INFY,NaN,1503.5991136382966,1503.1375386621417,56.82431765033187,1512.95,29.746173321243443,,,,,
2025-09-23T14:15:00.000000,1501.95,1503.5,1500.5,1503.35,1558,INFY,NaN,1503.5492909106372,1503.1568533292198,56.36726920804457,1512.95,27.653128028528325,,,,,
2025-09-23T14:20:00.000000,1503.35,1503.8,1501.05,1502.7,1723,INFY,NaN,1503.3794327285098,1503.1153212083816,55.72558286419374,1512.95,25.82725199397483,,,,,
2025-09-23T14:25:00.000000,1502.7,1503.5,1502.0,1502.2,1546,INFY,NaN,1503.1435461828078,1503.0321101894378,54.97132561359849,1512.95,24.131795676175155,,,,,
2025-09-23T14:30:00.000000,1502.2,1503.5,1501.6,1502.5,1736,INFY,NaN,1503.0148369462463,1502.9837365358526,54.40419074274299,1512.95,22.532589054064694,,,,,
2025-09-23T14:35:00.000000,1502.5,1502.5,1501.0,1501.45,890,INFY,NaN,1502.701869556997,1502.844305941684,53.5157837387831,1512.95,21.449008106751307,,,,,
2025-09-23T14:40:00.000000,1501.5,1501.95,1501.0,1501.2,958,INFY,NaN,1502.4014956455976,1502.6948235833493,52.625283054011746,1512.95,20.442825798531736,,,,,
2025-09-23T14:45:00.000000,1501.2,1501.75,1498.8,1499.4,4083,INFY,NaN,1501.801196516478,1502.3952941666812,51.250070419979735,1512.95,20.8029886849694,,,,,
2025-09-23T14:50:00.000000,1499.4,1499.4,1498.1,1498.35,1985,INFY,NaN,1501.1109572131825,1502.0275401515285,49.72074557010992,1512.95,21.471798912265626,,,,,
2025-09-23T14:55:00.000000,1498.35,1499.4,1497.4,1498.25,2525,INFY,NaN,1500.538765770546,1501.6841274104804,48.31033826681834,1512.95,22.408924227031438,,,,,
2025-09-23T15:00:00.000000,1497.85,1498.7,1496.35,1497.6,5270,INFY,NaN,1499.9510126164369,1501.3128431004368,46.85843712718827,1512.95,23.71294941224988,,,,,
2025-09-23T15:05:00.000000,1497.6,1497.7,1496.15,1496.9,3699,INFY,NaN,1499.3408100931495,1500.9116755458517,45.36284659727671,1512.95,25.003049580243953,,,,,
2025-09-23T15:10:00.000000,1496.9,1497.95,1494.7,1497.95,6940,INFY,NaN,1499.0626480745195,1500.6424323144106,44.56946331008888,1512.95,26.730662009225426,,,,,
2025-09-23T15:15:00.000000,1497.95,1499.25,1496.7,1498.15,6353,INFY,NaN,1498.8801184596157,1500.415847558555,43.95485439553569,1512.95,27.168015315836897,,,,,
2025-09-23T15:20:00.000000,1498.15,1498.7,1496.35,1498.7,6435,INFY,NaN,1498.8440947676925,1500.2598614168683,43.684621297922206,1512.95,27.721712626039245,,,,,
2025-09-23T15:25:00.000000,1498.7,1501.0,1498.15,1500.5,6804,INFY,NaN,1499.175275814154,1500.281692197153,44.25877075174676,1512.95,26.512516547223488,,,,,
2025-09-24T09:15:00.000000,1493.0,1496.55,1490.1,1492.95,8378,INFY,NaN,1497.9302206513232,1499.6151747246845,42.89682058781741,1496.55,27.955272596671627,,,,,
2025-09-24T09:20:00.000000,1492.95,1494.0,1491.0,1492.75,8518,INFY,NaN,1496.8941765210586,1498.9910679315315,41.63259815326109,1496.55,29.294974642587754,,,,,
2025-09-24T09:25:00.000000,1492.75,1494.85,1492.55,1493.8,1461,INFY,NaN,1496.275341216847,1498.5191526650285,40.88824158586258,1496.55,30.046559331007362,,,,,
2025-09-24T09:30:00.000000,1493.8,1494.55,1492.1,1492.5,2567,INFY,NaN,1495.5202729734776,1497.9719569682077,39.97768945518916,1496.55,30.85662136131781,,,,,
2025-09-24T09:35:00.000000,1492.5,1494.85,1492.15,1493.7,1507,INFY,NaN,1495.1562183787821,1497.5835972438251,39.59982857275195,1496.55,31.423119636835192,,,,,
2025-09-24T09:40:00.000000,1493.7,1493.75,1490.0,1490.05,3575,INFY,NaN,1494.1349747030256,1496.8987247671137,38.63178697128035,1496.55,32.492545168619316,,,,,
2025-09-24T09:45:00.000000,1490.0,1491.5,1488.9,1490.2,4675,INFY,NaN,1493.3479797624204,1496.2897497882852,37.8098089887044,1496.55,33.73097043810875,,,,,
2025-09-24T09:50:00.000000,1490.2,1492.0,1489.45,1490.4,1120,INFY,NaN,1492.7583838099363,1495.7543179893503,37.14197211937856,1496.55,34.555404224312234,,,,,
2025-09-24T09:55:00.000000,1490.4,1491.6,1490.3,1490.35,1023,INFY,NaN,1492.276707047949,1495.2630163539548,36.52878060158315,1496.55,35.32094988292976,,,,,
2025-09-24T10:00:00.000000,1490.35,1491.85,1490.05,1491.85,2141,INFY,NaN,1492.1913656383592,1494.952742139959,36.566711671578936,1496.55,36.03181370878889,,,,,
2025-09-24T10:05:00.000000,1491.85,1493.95,1490.95,1492.2,990,INFY,NaN,1492.1930925106874,1494.7024928545081,36.73360260221791,1496.55,35.26403007969849,,,,,
2025-09-24T10:10:00.000000,1492.2,1492.7,1490.55,1491.25,1302,INFY,NaN,1492.00447400855,1494.3886298677346,36.663435122098846,1496.55,34.697596021783404,,,,,
2025-09-24T10:15:00.000000,1491.2,1492.8,1490.3,1491.7,946,INFY,NaN,1491.94357920684,1494.144208970668,36.782740040337714,1496.55,34.265785697686326,,,,,
2025-09-24T10:20:00.000000,1491.5,1492.2,1490.35,1490.45,844,INFY,NaN,1491.644863365472,1493.8083717915163,36.593415104360275,1496.55,33.864818968167604,,,,,
2025-09-24T10:25:00.000000,1490.45,1491.4,1489.5,1489.5,3234,INFY,NaN,1491.2158906923776,1493.4167016286513,36.21294191223582,1496.55,33.83272498738454,,,,,
2025-09-24T10:30:00.000000,1489.5,1490.85,1489.5,1490.45,1365,INFY,NaN,1491.062712553902,1493.147001480592,36.2773015600833,1496.55,33.80292343380026,,,,,
2025-09-24T10:35:00.000000,1490.45,1490.55,1488.0,1488.5,2680,INFY,NaN,1490.5501700431216,1492.7245468005383,35.90217915919018,1496.55,34.34697751123638,,,,,
2025-09-24T10:40:00.000000,1488.5,1488.95,1486.5,1486.5,3134,INFY,NaN,1489.7401360344973,1492.1586789095802,35.19348518888338,1496.55,35.33177364550859,,,,,
2025-09-24T10:45:00.000000,1486.5,1487.1,1485.65,1486.0,1974,INFY,NaN,1488.9921088275978,1491.5987990087092,34.46751809743936,1496.55,36.488420384822554,,,,,
2025-09-24T10:50:00.000000,1486.0,1486.2,1485.1,1486.0,2426,INFY,NaN,1488.3936870620782,1491.0898172806446,33.81069072899001,1496.55,37.71331192793936,,,,,
2025-09-24T10:55:00.000000,1486.0,1486.05,1485.0,1485.5,1805,INFY,NaN,1487.8149496496626,1490.5816520733133,33.12451552678179,1496.55,38.8787246825957,,,,,
2025-09-24T11:00:00.000000,1485.5,1485.5,1483.35,1484.8,3935,INFY,NaN,1487.21195971973,1490.0560473393757,32.376681000301005,1496.55,40.38996627813664,,,,,
2025-09-24T11:05:00.000000,1484.8,1484.8,1483.1,1484.0,1170,INFY,NaN,1486.569567775784,1489.5054975812507,31.56021290172714,1496.55,41.85285484418193,,,,,
2025-09-24T11:10:00.000000,1484.0,1486.05,1483.3,1486.05,1318,INFY,NaN,1486.4656542206271,1489.1913614375005,31.82433783154354,1496.55,42.05009268199917,,,,,
2025-09-24T11:15:00.000000,1486.05,1487.5,1485.35,1486.4,2652,INFY,NaN,1486.4525233765016,1488.9376013068186,32.2182756944743,1496.55,41.07542688720938,,,,,
2025-09-24T11:20:00.000000,1486.4,1486.75,1485.65,1486.25,1021,INFY,NaN,1486.4120187012013,1488.6932739152896,32.53597037664406,1496.55,40.17038007776172,,,,,
2025-09-24T11:25:00.000000,1486.2,1486.35,1483.7,1483.7,1183,INFY,NaN,1485.8696149609611,1488.2393399229907,32.242672007205854,1496.55,40.090965871024714,,,,,
2025-09-24T11:30:00.000000,1483.7,1484.7,1483.6,1484.4,939,INFY,NaN,1485.575691968769,1487.8903090209005,32.30150523672715,1496.55,40.05270552536011,,,,,
2025-09-24T11:35:00.000000,1483.75,1485.0,1483.45,1484.45,2209,INFY,NaN,1485.3505535750153,1487.5775536553642,32.378382465932134,1496.55,39.761406718934666,,,,,
2025-09-24T11:40:00.000000,1484.45,1484.55,1483.25,1483.25,1213,INFY,NaN,1484.9304428600121,1487.1841396866948,32.17283652854348,1496.55,39.57363756340347,,,,,
2025-09-24T11:45:00.000000,1483.25,1485.1,1483.25,1484.65,2293,INFY,NaN,1484.8743542880097,1486.9537633515408,32.64337390829991,1496.55,38.90123802216855,,,,,
2025-09-24T11:50:00.000000,1484.65,1486.0,1483.65,1485.25,1396,INFY,NaN,1484.9494834304078,1486.798875774128,33.33026147029075,1496.55,37.51232772493303,,,,,
2025-09-24T11:55:00.000000,1485.25,1486.0,1484.15,1484.9,1167,INFY,NaN,1484.9395867443263,1486.6262507037527,33.85052438795087,1496.55,36.222625306071485,,,,,
2025-09-24T12:00:00.000000,1484.9,1485.6,1484.1,1485.25,1433,INFY,NaN,1485.001669395461,1486.5011370034115,34.483946951149846,1496.55,35.05536625610814,,,,,
2025-09-24T12:05:00.000000,1485.3,1487.5,1484.7,1486.85,1319,INFY,NaN,1485.3713355163688,1486.5328518212832,35.7416376237203,1496.55,32.65056307944426,,,,,
2025-09-24T12:10:00.000000,1486.85,1488.1,1486.75,1488.0,1150,INFY,NaN,1485.897068413095,1486.6662289284393,37.30558989418814,1496.55,30.81834189612066,,,,,
2025-09-24T12:15:00.000000,1488.0,1490.65,1488.0,1489.0,1996,INFY,NaN,1486.517654730476,1486.8783899349448,39.058392436678176,1496.55,30.48959938158458,,,,,
2025-09-24T12:20:00.000000,1488.95,1489.9,1488.2,1488.8,741,INFY,NaN,1486.9741237843807,1487.0530817590407,40.56086223944884,1496.55,30.184338475229648,,,,,
2025-09-24T12:25:00.000000,1489.45,1489.5,1488.0,1489.1,545,INFY,NaN,1487.3992990275046,1487.2391652354916,42.0267576818137,1496.55,29.73456100031637,,,,,
2025-09-24T12:30:00.000000,1489.1,1489.5,1487.95,1488.9,717,INFY,NaN,1487.6994392220038,1487.3901502140832,43.25995979127186,1496.55,29.273175107465754,,,,,
2025-09-24T12:35:00.000000,1488.9,1489.2,1487.6,1489.2,13149,INFY,NaN,1487.999551377603,1487.554682012803,44.49339216687131,1496.55,28.52846136915085,,,,,
2025-09-24T12:40:00.000000,1489.2,1489.2,1487.75,1488.1,469,INFY,NaN,1488.0196411020825,1487.6042563752753,45.08594725625434,1496.55,27.836941469287012,,,,,
2025-09-24T12:45:00.000000,1488.1,1488.4,1486.6,1487.9,831,INFY,NaN,1487.995712881666,1487.6311421593412,45.53134008123136,1496.55,26.17275583048256,,,,,
2025-09-24T12:50:00.000000,1487.9,1488.7,1487.1,1488.45,443,INFY,NaN,1488.0865703053328,1487.7055837812193,46.1864524003777,1496.55,24.850529518819776,,,,,
2025-09-24T12:55:00.000000,1488.45,1488.9,1488.0,1488.35,436,INFY,NaN,1488.139256244266,1487.7641670738358,46.72819438650682,1496.55,23.77411855009609,,,,,
2025-09-24T13:00:00.000000,1488.35,1489.65,1487.9,1489.0,687,INFY,NaN,1488.3114049954129,1487.8765155216688,47.52415506658905,1496.55,23.32120680727498,,,,,
2025-09-24T13:05:00.000000,1489.0,1489.65,1488.25,1489.0,670,INFY,NaN,1488.4491239963304,1487.9786504742444,48.244309967615834,1496.55,22.900645903226803,,,,,
2025-09-24T13:10:00.000000,1489.0,1489.55,1488.0,1489.55,1285,INFY,NaN,1488.6692991970642,1488.1215004311314,49.15874894271296,1496.55,22.243802650456427,,,,,
2025-09-24T13:15:00.000000,1489.55,1490.0,1488.9,1489.05,642,INFY,NaN,1488.7454393576513,1488.2059094828467,49.67345517655437,1496.55,21.991249135692648,,,,,
2025-09-24T13:20:00.000000,1489.05,1489.95,1489.0,1489.4,147,INFY,NaN,1488.8763514861212,1488.3144631662242,50.31667277511925,1496.55,21.75673515769771,,,,,
2025-09-24T13:25:00.000000,1489.4,1489.5,1488.25,1489.5,981,INFY,NaN,1489.001081188897,1488.422239242022,50.95036244355729,1496.55,20.684492815843424,,,,,
2025-09-24T13:30:00.000000,1489.5,1489.85,1488.1,1489.1,529,INFY,NaN,1489.0208649511176,1488.4838538563836,51.24718983820047,1496.55,20.00992951160342,,,,,
2025-09-24T13:35:00.000000,1489.1,1491.7,1489.1,1491.0,1289,INFY,NaN,1489.416691960894,1488.712594414894,52.42034655631392,1496.55,20.748622569603608,,,,,
2025-09-24T13:40:00.000000,1491.0,1491.95,1490.25,1490.75,1020,INFY,NaN,1489.6833535687151,1488.8978131044491,53.30943634385363,1496.55,21.58570108925071,,,,,
2025-09-24T13:45:00.000000,1491.0,1491.5,1490.1,1490.95,1178,INFY,NaN,1489.936682854972,1489.0843755494993,54.20104307676156,1496.55,22.18080953979265,,,,,
2025-09-24T13:50:00.000000,1490.8,1491.65,1490.0,1490.85,1232,INFY,NaN,1490.1193462839776,1489.2448868631811,54.93177699638493,1496.55,22.835098480808206,,,,,
2025-09-24T13:55:00.000000,1490.85,1492.0,1490.0,1490.3,966,INFY,NaN,1490.155477027182,1489.3408062392555,55.179872517835996,1496.55,23.680828583016883,,,,,
2025-09-24T14:00:00.000000,1490.3,1491.1,1490.0,1491.0,542,INFY,NaN,1490.3243816217457,1489.4916420356867,55.75881375374741,1496.55,24.466149392210657,,,,,
2025-09-24T14:05:00.000000,1491.05,1491.05,1489.6,1490.3,1789,INFY,NaN,1490.3195052973965,1489.5651291233517,55.77940645433721,1496.55,24.61359942263085,,,,,
2025-09-24T14:10:00.000000,1490.3,1491.95,1490.05,1490.65,844,INFY,NaN,1490.3856042379173,1489.6637537485014,55.98412666169574,1496.55,25.421254775518314,,,,,
2025-09-24T14:15:00.000000,1490.65,1492.65,1490.6,1491.9,2030,INFY,NaN,1490.6884833903339,1489.867048862274,56.75358088192667,1496.55,26.613842291312597,,,,,
2025-09-24T14:20:00.000000,1491.15,1492.3,1490.6,1491.0,2803,INFY,NaN,1490.7507867122672,1489.9700444202492,56.83001275362028,1496.55,27.721244984550147,,,,,
2025-09-24T14:25:00.000000,1491.0,1491.7,1490.55,1491.2,1792,INFY,NaN,1490.8406293698138,1490.0818585638629,56.99509589757306,1496.55,28.66887245321622,,,,,
2025-09-24T14:30:00.000000,1491.2,1491.6,1490.1,1490.45,2850,INFY,NaN,1490.762503495851,1490.115325967148,56.656662725926026,1496.55,28.828577259562458,,,,,
2025-09-24T14:35:00.000000,1490.45,1493.45,1490.45,1493.45,10014,INFY,NaN,1491.3000027966807,1490.4184781519527,57.56385276261766,1496.55,30.163783879579974,,,,,
2025-09-24T14:40:00.000000,1493.0,1493.3,1490.2,1491.35,8619,INFY,NaN,1491.3100022373446,1490.5031619563206,57.30675244951747,1496.55,31.047300631351796,,,,,
2025-09-24T14:45:00.000000,1491.35,1493.4,1491.35,1492.0,21852,INFY,NaN,1491.4480017898757,1490.6392381421097,57.30596087858533,1496.55,31.926642923628258,,,,,
2025-09-24T14:50:00.000000,1492.0,1493.1,1491.75,1492.55,2796,INFY,NaN,1491.6684014319005,1490.8129437655543,57.49573789905694,1496.55,32.743175052170685,,,,,
2025-09-24T14:55:00.000000,1492.55,1492.9,1489.75,1490.9,7768,INFY,NaN,1491.5147211455205,1490.8208579686857,56.925130301696235,1496.55,30.94320623957282,,,,,
2025-09-24T15:00:00.000000,1490.95,1494.25,1490.35,1494.1,21296,INFY,NaN,1492.0317769164164,1491.1189617897141,57.40369045917714,1496.55,30.286796989761836,,,,,
2025-09-24T15:05:00.000000,1494.1,1494.8,1493.0,1493.85,6647,INFY,NaN,1492.3954215331332,1491.3672379906493,57.731656393531225,1496.55,30.030346208105726,,,,,
2025-09-24T15:10:00.000000,1493.85,1495.2,1493.7,1495.0,13785,INFY,NaN,1492.9163372265066,1491.6974890824085,58.33053790655075,1496.55,30.03906267393254,,,,,
2025-09-24T15:15:00.000000,1495.0,1496.0,1494.7,1495.7,3721,INFY,NaN,1493.4730697812054,1492.0613537112804,59.04521829186534,1496.55,30.507065667684763,,,,,
2025-09-24T15:20:00.000000,1495.7,1496.7,1495.4,1495.8,11159,INFY,NaN,1493.9384558249642,1492.4012306466186,59.71688834236583,1496.55,31.30362274141017,,,,,
2025-09-24T15:25:00.000000,1495.8,1496.45,1494.05,1495.65,6087,INFY,NaN,1494.2807646599713,1492.6965733151078,60.247251685199586,1496.55,30.602805147651416,,,,,
2025-09-25T09:15:00.000000,1487.0,1498.7,1487.0,1496.25,18110,INFY,NaN,1494.674611727977,1493.0196121046436,60.89327842761135,1503.0,30.7403113958073,,,,,
2025-09-25T09:20:00.000000,1496.25,1503.0,1495.0,1500.45,4092,INFY,NaN,1495.8296893823815,1493.6951019133123,62.34059120652711,1503.0,28.728222789910472,,,,,
2025-09-25T09:25:00.000000,1501.3,1502.95,1496.95,1496.95,4408,INFY,NaN,1496.0537515059052,1493.991001739375,62.21653104414341,1503.0,26.859854798720566,,,,,
2025-09-25T09:30:00.000000,1496.95,1499.7,1496.5,1497.75,2557,INFY,NaN,1496.3930012047242,1494.3327288539772,62.27658382767408,1503.0,25.310768095679432,,,,,
2025-09-25T09:35:00.000000,1497.75,1499.35,1497.0,1498.5,2548,INFY,NaN,1496.8144009637795,1494.711571685434,62.48936645074814,1503.0,23.87233044285552,,,,,
2025-09-25T09:40:00.000000,1498.5,1503.0,1497.8,1503.0,2011,INFY,NaN,1498.0515207710237,1495.4650651685763,63.440389338039765,1503.0,23.30585790503067,,,,,
2025-09-25T09:45:00.000000,1503.0,1503.0,1499.45,1499.8,1723,INFY,NaN,1498.4012166168188,1495.8591501532512,63.288565197013156,1503.0,22.77984769133616,,,,,
2025-09-25T09:50:00.000000,1499.8,1499.9,1498.0,1498.7,1013,INFY,NaN,1498.460973293455,1496.1174092302283,62.84788874059745,1503.0,21.590258442190443,,,,,
2025-09-25T09:55:00.000000,1498.7,1500.3,1498.15,1498.7,1129,INFY,NaN,1498.508778634764,1496.3521902092984,62.44918147050705,1503.0,20.650155590915308,,,,,
2025-09-25T10:00:00.000000,1498.75,1499.75,1498.1,1498.95,803,INFY,NaN,1498.5970229078112,1496.588354735726,62.14116841611083,1503.0,19.751707201008447,,,,,
2025-09-25T10:05:00.000000,1498.95,1501.0,1498.7,1499.85,1015,INFY,NaN,1498.847618326249,1496.884867941569,62.05419917292222,1503.0,19.452017910473433,,,,,
2025-09-25T10:10:00.000000,1499.85,1500.7,1499.6,1500.7,360,INFY,NaN,1499.2180946609992,1497.231698128699,62.152015237595386,1503.0,19.173734997833773,,,,,
2025-09-25T10:15:00.000000,1500.7,1500.7,1499.0,1499.05,386,INFY,NaN,1499.1844757287993,1497.3969982988174,61.69473263087989,1503.0,18.55746290157247,,,,,
2025-09-25T10:20:00.000000,1499.05,1499.4,1497.0,1497.0,1483,INFY,NaN,1498.7475805830395,1497.3609075443794,60.68904111085328,1503.0,17.54208740417226,,,,,
2025-09-25T10:25:00.000000,1497.0,1498.5,1497.0,1498.5,540,INFY,NaN,1498.6980644664316,1497.4644614039812,60.14530104373093,1503.0,16.59923872801492,,,,,
2025-09-25T10:30:00.000000,1498.5,1498.5,1496.75,1498.35,640,INFY,NaN,1498.6284515731452,1497.5449649127102,59.60935013992924,1503.0,15.85458573176626,,,,,
2025-09-25T10:35:00.000000,1498.35,1498.35,1496.0,1496.0,1366,INFY,NaN,1498.1027612585162,1497.4045135570093,58.47978194060509,1503.0,15.553610728500527,,,,,
2025-09-25T10:40:00.000000,1496.0,1497.25,1495.15,1496.2,10363,INFY,NaN,1497.722209006813,1497.295012324554,57.513782972749055,1503.0,15.69316208494096,,,,,
2025-09-25T10:45:00.000000,1496.2,1496.2,1495.1,1495.9,381,INFY,NaN,1497.3577672054505,1497.1681930223217,56.557605805541925,1503.0,15.847424083687343,,,,,
2025-09-25T10:50:00.000000,1495.9,1497.3,1495.65,1497.3,1031,INFY,NaN,1497.3462137643603,1497.1801754748378,56.104336682038465,1503.0,15.230753928199132,,,,,
2025-09-25T10:55:00.000000,1497.3,1498.15,1495.75,1497.85,4299,INFY,NaN,1497.4469710114881,1497.241068613489,55.848750725765655,1503.0,14.162647187089373,,,,,
2025-09-25T11:00:00.000000,1497.85,1498.45,1497.05,1497.05,2297,INFY,NaN,1497.3675768091905,1497.2236987395354,55.36269767564342,1503.0,13.35511258047235,,,,,
2025-09-25T11:05:00.000000,1497.05,1498.35,1496.6,1498.1,618,INFY,NaN,1497.5140614473523,1497.3033624904867,55.2330573835387,1503.0,12.491813826342378,,,,,
2025-09-25T11:10:00.000000,1498.1,1498.6,1496.25,1496.25,2251,INFY,NaN,1497.2612491578818,1497.2076022640788,54.54252726332824,1503.0,11.9194337266069,,,,,
2025-09-25T11:15:00.000000,1496.25,1498.35,1496.25,1498.25,249,INFY,NaN,1497.4589993263055,1497.302365694617,54.48678814289952,1503.0,11.387937919709671,,,,,
2025-09-25T11:20:00.000000,1498.25,1498.55,1497.9,1498.55,203,INFY,NaN,1497.6771994610444,1497.4157869951064,54.51623704487996,1503.0,10.73702044340285,,,,,
2025-09-25T11:25:00.000000,1498.55,1498.7,1496.5,1497.2,128,INFY,NaN,1497.5817595688357,1497.3961699955512,54.119550399106245,1503.0,11.09012048727776,,,,,
2025-09-25T11:30:00.000000,1497.2,1497.5,1496.0,1496.0,338,INFY,NaN,1497.2654076550684,1497.269245450501,53.41510763051652,1503.0,11.719834477948012,,,,,
2025-09-25T11:35:00.000000,1496.0,1496.6,1495.55,1496.0,339,INFY,NaN,1497.0123261240547,1497.1538595004556,52.777754649411534,1503.0,12.569583311286516,,,,,
2025-09-25T11:40:00.000000,1496.0,1496.5,1494.0,1494.5,977,INFY,NaN,1496.5098608992437,1496.9125995458687,51.78023619613478,1503.0,14.158671814814003,,,,,
2025-09-25T11:45:00.000000,1494.5,1494.75,1494.0,1494.5,157,INFY,NaN,1496.1078887193949,1496.6932723144262,50.877719500312956,1503.0,15.634253996660956,,,,,
2025-09-25T11:50:00.000000,1494.5,1495.15,1492.3,1493.45,458,INFY,NaN,1495.576310975516,1496.398429376751,49.7738591016685,1503.0,17.73634511172474,,,,,
2025-09-25T11:55:00.000000,1493.45,1493.45,1492.35,1492.35,210,INFY,NaN,1494.9310487804128,1496.0303903425008,48.4965247215433,1503.0,19.688286861426832,,,,,
2025-09-25T12:00:00.000000,1492.35,1492.75,1491.35,1491.35,2305,INFY,NaN,1494.21483902433,1495.6049003113644,47.10554491444789,1503.0,21.880870175209168,,,,,
2025-09-25T12:05:00.000000,1491.35,1491.95,1490.1,1490.4,828,INFY,NaN,1493.451871219464,1495.1317275557858,45.63725227593307,1503.0,24.325616121214832,,,,,
2025-09-25T12:10:00.000000,1490.35,1493.6,1490.25,1492.75,6663,INFY,NaN,1493.3114969755711,1494.9152068688961,45.268999143897105,1503.0,25.024980864214786,,,,,
2025-09-25T12:15:00.000000,1492.8,1493.6,1492.25,1493.05,810,INFY,NaN,1493.2591975804569,1494.7456426080873,45.04610495706864,1503.0,25.674390982714744,,,,,
2025-09-25T12:20:00.000000,1493.05,1493.6,1491.0,1492.35,412,INFY,NaN,1493.0773580643654,1494.527856916443,44.649852121218295,1503.0,26.79571263149861,,,,,
2025-09-25T12:25:00.000000,1492.35,1492.4,1490.4,1490.9,726,INFY,NaN,1492.6418864514924,1494.198051742221,43.91759987200072,1503.0,28.062509981717362,,,,,
2025-09-25T12:30:00.000000,1490.9,1490.9,1488.6,1489.0,5736,INFY,NaN,1491.9135091611938,1493.7255015838373,42.83518279655103,1503.0,29.826124762562063,,,,,
2025-09-25T12:35:00.000000,1489.0,1489.5,1488.5,1488.9,129,INFY,NaN,1491.310807328955,1493.2868196216702,41.835032700934526,1503.0,31.493433240361014,,,,,
2025-09-25T12:40:00.000000,1488.9,1488.95,1483.6,1484.0,2213,INFY,NaN,1489.848645863164,1492.4425632924274,40.124385963731335,1503.0,34.10164617597234,,,,,
2025-09-25T12:45:00.000000,1484.0,1485.0,1482.5,1483.6,1221,INFY,NaN,1488.598916690531,1491.6386939022068,38.525533501730834,1503.0,36.68616014059041,,,,,
2025-09-25T12:50:00.000000,1483.7,1484.55,1483.0,1484.55,1232,INFY,NaN,1487.7891333524249,1490.9942671838244,37.476024958885034,1503.0,39.08606596487862,,,,,
2025-09-25T12:55:00.000000,1484.5,1484.9,1482.1,1482.95,494,INFY,NaN,1486.8213066819399,1490.262970167113,36.29127412267104,1503.0,41.44879889769349,,,,,
2025-09-25T13:00:00.000000,1482.95,1485.2,1482.95,1485.05,989,INFY,NaN,1486.467045345552,1489.7890637882847,36.023354571512115,1503.0,43.36974861662519,,,,,
2025-09-25T13:05:00.000000,1485.05,1486.0,1484.15,1485.7,6595,INFY,NaN,1486.3136362764415,1489.4173307166225,36.010165740777346,1503.0,44.43279582111875,,,,,
2025-09-25T13:10:00.000000,1485.7,1487.0,1485.2,1485.7,2740,INFY,NaN,1486.1909090211532,1489.079391560566,35.99823298916017,1503.0,44.57598627101804,,,,,
2025-09-25T13:15:00.000000,1485.7,1485.75,1483.2,1485.0,785,INFY,NaN,1485.9527272169225,1488.7085377823325,35.83967943063158,1503.0,45.238942220062185,,,,,
2025-09-25T13:20:00.000000,1485.0,1485.0,1483.2,1484.0,617,INFY,NaN,1485.562181773538,1488.2804888930295,35.492299288386896,1503.0,45.85454417274603,,,,,
2025-09-25T13:25:00.000000,1484.0,1484.5,1483.1,1483.55,1444,INFY,NaN,1485.1597454188304,1487.8504444482087,35.088058647026585,1503.0,46.45243948956112,,,,,
2025-09-25T13:30:00.000000,1483.55,1484.5,1483.4,1484.4,652,INFY,NaN,1485.0077963350643,1487.5367676801898,35.09106352922978,1503.0,47.00762799803228,,,,,
2025-09-25T13:35:00.000000,1484.4,1484.5,1482.5,1483.15,8519,INFY,NaN,1484.6362370680515,1487.1379706183543,34.819900121580815,1503.0,47.7742407945239,,,,,
2025-09-25T13:40:00.000000,1483.15,1484.05,1482.3,1483.5,477,INFY,NaN,1484.4089896544413,1486.8072460166857,34.73005533449722,1503.0,48.54056790999713,,,,,
2025-09-25T13:45:00.000000,1483.85,1484.65,1483.3,1484.65,482,INFY,NaN,1484.457191723553,1486.6111327424414,35.14353130231921,1503.0,48.62844796103642,,,,,
2025-09-25T13:50:00.000000,1484.65,1485.15,1482.85,1483.15,690,INFY,NaN,1484.1957533788425,1486.2964843113105,35.14778536180753,1503.0,48.206064701529115,,,,,
2025-09-25T13:55:00.000000,1483.15,1484.6,1480.05,1480.55,2204,INFY,NaN,1483.466602703074,1485.7740766466459,34.62717901379,1503.0,48.719168894164355,,,,,
2025-09-25T14:00:00.000000,1480.55,1480.55,1476.55,1479.2,3489,INFY,NaN,1482.6132821624592,1485.1764333151327,33.92869221827908,1503.0,49.92688115180241,,,,,
2025-09-25T14:05:00.000000,1479.2,1480.0,1478.4,1479.8,999,INFY,NaN,1482.0506257299674,1484.6876666501207,33.55352497542107,1503.0,51.0483282481806,,,,,
2025-09-25T14:10:00.000000,1479.75,1479.95,1477.5,1479.35,2169,INFY,NaN,1481.510500583974,1484.2024242273824,33.131024355041085,1503.0,52.24694115442206,,,,,
2025-09-25T14:15:00.000000,1478.6,1480.5,1478.6,1480.35,1103,INFY,NaN,1481.2784004671792,1483.852203843075,33.18803434515514,1503.0,52.87502254993272,,,,,
2025-09-25T14:20:00.000000,1480.35,1480.7,1478.9,1479.15,5257,INFY,NaN,1480.8527203737433,1483.4247307664318,32.99043930901949,1503.0,53.278866661070644,,,,,
2025-09-25T14:25:00.000000,1479.15,1482.6,1479.15,1481.75,617,INFY,NaN,1481.0321762989947,1483.272482514938,33.81710942090844,1503.0,52.09589831993063,,,,,
2025-09-25T14:30:00.000000,1481.1,1484.65,1481.1,1483.7,1584,INFY,NaN,1481.5657410391957,1483.3113477408529,35.17694235256082,1503.0,49.651413876521,,,,,
2025-09-25T14:35:00.000000,1483.65,1486.35,1481.25,1486.35,1832,INFY,NaN,1482.5225928313566,1483.5875888553207,37.09351582709486,1503.0,46.45874146777056,,,,,
2025-09-25T14:40:00.000000,1486.3,1486.3,1484.4,1485.1,1346,INFY,NaN,1483.0380742650852,1483.7250807775642,38.480612544976196,1503.0,43.494117088216576,,,,,
2025-09-25T14:45:00.000000,1485.1,1487.0,1485.05,1486.55,6609,INFY,NaN,1483.7404594120683,1483.9818916159675,40.085672007451656,1503.0,40.406401976349585,,,,,
2025-09-25T14:50:00.000000,1486.55,1487.0,1484.65,1485.75,18167,INFY,NaN,1484.1423675296546,1484.1426287417887,41.310079185021266,1503.0,37.713919090312615,,,,,
2025-09-25T14:55:00.000000,1485.75,1486.4,1481.3,1481.85,5918,INFY,NaN,1483.6838940237237,1483.9342079470807,41.48530275167026,1503.0,36.68189040488881,,,,,
2025-09-25T15:00:00.000000,1482.35,1482.85,1480.35,1481.7,15345,INFY,NaN,1483.287115218979,1483.7310981337098,41.61259483122038,1503.0,36.055782105371854,,,,,
2025-09-25T15:05:00.000000,1482.7,1484.3,1481.0,1484.3,76232,INFY,NaN,1483.489692175183,1483.7828164851908,42.4045352441062,1503.0,34.64659722698173,,,,,
2025-09-25T15:10:00.000000,1484.3,1486.15,1484.3,1484.65,63167,INFY,NaN,1483.7217537401466,1483.8616513501734,43.20545065761774,1503.0,32.418223169110945,,,,,
2025-09-25T15:15:00.000000,1484.65,1486.85,1484.35,1486.4,84329,INFY,NaN,1484.2574029921172,1484.0924103183395,44.337655695003455,1503.0,30.17519389609969,,,,,
2025-09-25T15:20:00.000000,1486.4,1486.4,1484.45,1484.95,26088,INFY,NaN,1484.3959223936938,1484.1703730166723,44.98402207211266,1503.0,28.092380999732093,,,,,
2025-09-25T15:25:00.000000,1484.95,1492.0,1484.35,1491.0,18958,INFY,NaN,1485.716737914955,1484.791248196975,46.70716547960921,1503.0,28.180120489843127,,,,,
2025-09-26T09:15:00.000000,1478.65,1478.65,1467.5,1467.5,7273,INFY,NaN,1482.073390331964,1483.2193165427045,45.228417058296884,1478.65,28.515556022192815,,,,,
2025-09-26T09:20:00.000000,1467.3,1467.7,1460.15,1465.7,7473,INFY,NaN,1478.798712265571,1481.6266514024587,43.77159481562682,1478.65,29.71063231367816,,,,,
2025-09-26T09:25:00.000000,1465.7,1470.1,1465.7,1467.25,4258,INFY,NaN,1476.4889698124568,1480.3196830931442,42.692440312299716,1478.65,30.188918366821518,,,,,
2025-09-26T09:30:00.000000,1467.25,1467.45,1463.0,1463.0,9448,INFY,NaN,1473.7911758499654,1478.745166448313,41.420656380675126,1478.65,30.944979507765463,,,,,
2025-09-26T09:35:00.000000,1463.0,1464.0,1460.15,1462.9,3435,INFY,NaN,1471.6129406799723,1477.3046967711937,40.263241397373356,1478.65,31.953368239555267,,,,,
2025-09-26T09:40:00.000000,1462.9,1462.9,1458.0,1458.8,5727,INFY,NaN,1469.0503525439779,1475.622451610176,38.94727518640486,1478.65,33.10775134560958,,,,,
2025-09-26T09:45:00.000000,1458.8,1464.0,1458.8,1463.0,2598,INFY,NaN,1467.8402820351823,1474.474956009251,38.43018076439011,1478.65,33.865430263351236,,,,,
2025-09-26T09:50:00.000000,1463.0,1464.15,1460.7,1462.0,2329,INFY,NaN,1466.672225628146,1473.340869099319,37.885528445639636,1478.65,34.524406137012335,,,,,
2025-09-26T09:55:00.000000,1462.0,1464.0,1460.0,1463.35,7976,INFY,NaN,1466.0077805025167,1472.4326082721082,37.60933980609866,1478.65,35.2231407627689,,,,,
2025-09-26T10:00:00.000000,1463.35,1464.35,1459.2,1459.2,5824,INFY,NaN,1464.6462244020133,1471.2296438837348,37.024160179988655,1478.65,35.973869834777815,,,,,
2025-09-26T10:05:00.000000,1459.2,1460.25,1458.5,1460.25,1930,INFY,NaN,1463.7669795216107,1470.2314944397588,36.66890423729257,1478.65,36.762335292650334,,,,,
2025-09-26T10:10:00.000000,1460.25,1461.0,1459.35,1460.45,1117,INFY,NaN,1463.1035836172885,1469.342267672508,36.382071009315084,1478.65,37.21646486779073,,,,,
2025-09-26T10:15:00.000000,1460.45,1460.5,1458.95,1459.8,3920,INFY,NaN,1462.4428668938308,1468.474788793189,36.06261504587807,1478.65,37.699012809026776,,,,,
2025-09-26T10:20:00.000000,1459.8,1461.7,1459.1,1461.4,1852,INFY,NaN,1462.2342935150646,1467.8316261756263,36.07482519423489,1478.65,37.67240672732241,,,,,
2025-09-26T10:25:00.000000,1461.4,1464.35,1461.25,1463.6,2046,INFY,NaN,1462.5074348120515,1467.446932886933,36.48309460326578,1478.65,36.67742156957945,,,,,
2025-09-26T10:30:00.000000,1463.6,1463.8,1462.6,1463.4,891,INFY,NaN,1462.6859478496413,1467.0790298972117,36.82803897627961,1478.65,35.7535067802467,,,,,
2025-09-26T10:35:00.000000,1463.4,1464.55,1462.7,1464.55,365,INFY,NaN,1463.058758279713,1466.8491180883743,37.35622563647164,1478.65,34.617633858228295,,,,,
2025-09-26T10:40:00.000000,1464.55,1464.85,1463.0,1464.4,310,INFY,NaN,1463.3270066237703,1466.6264709894313,37.8127476301662,1478.65,33.448476721432755,,,,,
2025-09-26T10:45:00.000000,1464.4,1465.7,1463.7,1465.55,1676,INFY,NaN,1463.7716052990163,1466.528609990392,38.45649038348868,1478.65,32.03187230707982,,,,,
2025-09-26T10:50:00.000000,1465.55,1465.85,1464.5,1465.0,811,INFY,NaN,1464.017284239213,1466.3896454458109,38.9493082716569,1478.65,30.656468047948174,,,,,
2025-09-26T10:55:00.000000,1465.1,1465.1,1463.0,1464.4,819,INFY,NaN,1464.0938273913705,1466.2087685871008,39.294624843495505,1478.65,29.83868000615069,,,,,
2025-09-26T11:00:00.000000,1464.4,1464.55,1463.0,1463.7,2995,INFY,NaN,1464.0150619130964,1465.9806987155462,39.48739797726727,1478.65,29.079305395910165,,,,,
2025-09-26T11:05:00.000000,1463.7,1464.3,1463.25,1464.2,2296,INFY,NaN,1464.052049530477,1465.818817014133,39.78585892469363,1478.65,28.374171829258252,,,,,
2025-09-26T11:10:00.000000,1464.2,1465.0,1463.15,1464.15,1093,INFY,NaN,1464.0716396243815,1465.6671063764845,40.04621533372985,1478.65,27.36855556930976,,,,,
2025-09-26T11:15:00.000000,1464.15,1464.45,1463.0,1464.0,1368,INFY,NaN,1464.0573116995051,1465.5155512513495,40.25081615810868,1478.65,26.49243089353115,,,,,
2025-09-26T11:20:00.000000,1464.0,1464.25,1462.95,1462.95,271,INFY,NaN,1463.835849359604,1465.2823193194085,40.216947682249184,1478.65,25.699321613052284,,,,,
2025-09-26T11:25:00.000000,1463.0,1463.6,1462.5,1463.25,1927,INFY,NaN,1463.7186794876832,1465.0975630176442,40.28070207976554,1478.65,25.15401511516882,,,,,
2025-09-26T11:30:00.000000,1462.65,1463.3,1462.1,1462.65,220,INFY,NaN,1463.5049435901465,1464.8750572887675,40.20482174776684,1478.65,24.819647522196764,,,,,
2025-09-26T11:35:00.000000,1462.65,1462.75,1460.15,1460.15,1963,INFY,NaN,1462.8339548721171,1464.4455066261523,39.63460104688266,1478.65,25.268426591696105,,,,,
2025-09-26T11:40:00.000000,1460.15,1461.0,1459.45,1460.5,729,INFY,NaN,1462.3671638976937,1464.086824205593,39.24219204496027,1478.65,25.926945445597863,,,,,
2025-09-26T11:45:00.000000,1460.5,1460.8,1459.3,1460.35,1052,INFY,NaN,1461.963731118155,1463.7471129141754,38.85665870696039,1478.65,26.59088977647041,,,,,
2025-09-26T11:50:00.000000,1460.35,1461.8,1459.7,1460.7,6386,INFY,NaN,1461.710984894524,1463.4701026492503,38.64458250449131,1478.65,26.4878834870952,,,,,
2025-09-26T11:55:00.000000,1460.7,1461.45,1459.9,1460.7,7496,INFY,NaN,1461.5087879156192,1463.218275135682,38.45270403559071,1478.65,26.392234789818215,,,,,
2025-09-26T12:00:00.000000,1460.7,1460.85,1459.45,1459.45,287,INFY,NaN,1461.0970303324955,1462.8757046688017,37.985877364949445,1478.65,26.503503143416577,,,,,
2025-09-26T12:05:00.000000,1459.45,1460.0,1458.6,1459.7,677,INFY,NaN,1460.8176242659963,1462.5870042443653,37.676041538149924,1478.65,26.970887683639084,,,,,
2025-09-26T12:10:00.000000,1459.7,1460.0,1458.7,1458.8,2661,INFY,NaN,1460.414099412797,1462.2427311312413,37.18238172316318,1478.65,27.404887613845695,,,,,
2025-09-26T12:15:00.000000,1459.4,1460.0,1458.6,1459.0,446,INFY,NaN,1460.1312795302376,1461.9479373920376,36.83345877135021,1478.65,27.85360616506866,,,,,
2025-09-26T12:20:00.000000,1459.0,1460.0,1459.0,1460.0,849,INFY,NaN,1460.1050236241902,1461.7708521745797,36.99675975855119,1478.65,28.270273391204263,,,,,
2025-09-26T12:25:00.000000,1460.0,1460.0,1459.1,1459.1,134,INFY,NaN,1459.9040188993522,1461.528047431436,36.893707247010774,1478.65,28.657178672615895,,,,,
2025-09-26T12:30:00.000000,1459.1,1459.7,1459.0,1459.6,361,INFY,NaN,1459.8432151194818,1461.3527703922146,37.0401313065208,1478.65,29.07233612472583,,,,,
2025-09-26T12:35:00.000000,1459.6,1460.0,1459.15,1460.0,570,INFY,NaN,1459.8745720955853,1461.2297912656495,37.364489159921405,1478.65,29.105141243676776,,,,,
2025-09-26T12:40:00.000000,1460.0,1460.35,1459.1,1460.05,1215,INFY,NaN,1459.9096576764682,1461.122537514227,37.68283083576787,1478.65,28.727566677264424,,,,,
2025-09-26T12:45:00.000000,1460.05,1460.4,1459.35,1460.4,168,INFY,NaN,1460.0077261411745,1461.0568522856609,38.151576459795514,1478.65,28.317359721971876,,,,,
2025-09-26T12:50:00.000000,1460.4,1463.0,1460.0,1463.0,2443,INFY,NaN,1460.6061809129396,1461.2335020778735,39.689912223920096,1478.65,27.059815467458012,,,,,
2025-09-26T12:55:00.000000,1463.0,1464.15,1462.2,1463.75,2534,INFY,NaN,1461.2349447303518,1461.4622746162486,41.3409092947853,1478.65,26.628360482090272,,,,,
2025-09-26T13:00:00.000000,1463.75,1464.55,1463.05,1463.05,582,INFY,NaN,1461.5979557842813,1461.6066132874987,42.527943757399925,1478.65,26.46156499867383,,,,,
2025-09-26T13:05:00.000000,1463.95,1463.95,1462.0,1463.1,801,INFY,NaN,1461.898364627425,1461.7423757159079,43.62095788912096,1478.65,25.375488971881193,,,,,
2025-09-26T13:10:00.000000,1463.1,1463.1,1462.0,1462.2,636,INFY,NaN,1461.95869170194,1461.7839779235526,44.21197581682929,1478.65,24.366989804145174,,,,,
2025-09-26T13:15:00.000000,1462.2,1462.8,1461.65,1462.25,782,INFY,NaN,1462.0169533615522,1461.826343566866,44.76872152268274,1478.65,23.120852568344226,,,,,
2025-09-26T13:20:00.000000,1462.25,1462.75,1461.0,1461.8,1800,INFY,NaN,1461.9735626892418,1461.8239486971509,45.06865715051746,1478.65,21.52717938181138,,,,,
2025-09-26T13:25:00.000000,1461.8,1462.6,1461.0,1461.9,706,INFY,NaN,1461.9588501513936,1461.8308624519552,45.39025517731864,1478.65,20.04733999431659,,,,,
2025-09-26T13:30:00.000000,1461.9,1461.9,1459.3,1460.2,1144,INFY,NaN,1461.607080121115,1461.6826022290502,44.95964834097577,1478.65,19.947524721244587,,,,,
2025-09-26T13:35:00.000000,1460.2,1460.25,1459.2,1460.05,570,INFY,NaN,1461.2956640968919,1461.534183844591,44.5130558920627,1478.65,19.920300004488684,,,,,
2025-09-26T13:40:00.000000,1460.05,1460.8,1459.55,1460.5,187,INFY,NaN,1461.1365312775135,1461.4401671314465,44.36595895929575,1478.65,19.360791131325023,,,,,
2025-09-26T13:45:00.000000,1460.5,1460.65,1458.8,1459.0,1090,INFY,NaN,1460.7092250220107,1461.2183337558604,43.66187863273194,1478.65,19.36955431768743,,,,,
2025-09-26T13:50:00.000000,1459.25,1459.6,1456.4,1457.3,11883,INFY,NaN,1460.0273800176085,1460.8621215962366,42.51245069998969,1478.65,20.670359370605944,,,,,
2025-09-26T13:55:00.000000,1457.3,1458.45,1455.0,1455.65,2293,INFY,NaN,1459.1519040140868,1460.3882923602152,41.075260638961346,1478.65,22.429895248322232,,,,,
2025-09-26T14:00:00.000000,1455.65,1455.65,1451.0,1451.0,5446,INFY,NaN,1457.5215232112694,1459.5348112365593,39.02786495361532,1478.65,25.14099615663886,,,,,
2025-09-26T14:05:00.000000,1451.0,1451.45,1446.0,1447.0,7718,INFY,NaN,1455.4172185690154,1458.3952829423267,36.78486218497505,1478.65,28.4244240561484,,,,,
2025-09-26T14:10:00.000000,1447.0,1447.2,1445.0,1445.45,1516,INFY,NaN,1453.4237748552123,1457.218439038479,34.63698472913572,1478.65,31.58701244214731,,,,,
2025-09-26T14:15:00.000000,1445.45,1446.25,1441.3,1442.8,3406,INFY,NaN,1451.2990198841699,1455.9076718531626,32.51890438484873,1478.65,34.87470594195024,,,,,
2025-09-26T14:20:00.000000,1442.8,1443.25,1441.6,1442.6,1233,INFY,NaN,1449.5592159073358,1454.6978835028751,30.590301479098795,1478.65,37.92756419176725,,,,,
2025-09-26T14:25:00.000000,1442.6,1444.55,1442.0,1443.75,1611,INFY,NaN,1448.3973727258685,1453.70262136625,29.349567469162032,1478.65,39.89538141402593,,,,,
2025-09-26T14:30:00.000000,1443.75,1448.05,1443.65,1446.65,1590,INFY,NaN,1448.0478981806948,1453.0614739693183,29.332460012013975,1478.65,39.76798474180347,,,,,
2025-09-26T14:35:00.000000,1446.65,1448.6,1444.8,1448.25,1103,INFY,NaN,1448.088318544556,1452.6240672448348,29.837757538324247,1478.65,39.381119003874296,,,,,
2025-09-26T14:40:00.000000,1448.25,1448.4,1446.1,1447.6,1424,INFY,NaN,1447.9906548356448,1452.1673338589408,30.187151330405325,1478.65,39.021886532940066,,,,,
2025-09-26T14:45:00.000000,1447.6,1450.0,1446.5,1449.1,2680,INFY,NaN,1448.2125238685157,1451.8884853263098,30.978848720286656,1478.65,37.88101885044132,,,,,
2025-09-26T14:50:00.000000,1449.55,1450.5,1447.0,1448.1,4148,INFY,NaN,1448.1900190948127,1451.5440775693726,31.507564685773463,1478.65,36.57966174463788,,,,,
2025-09-26T14:55:00.000000,1448.1,1448.8,1447.2,1448.55,1947,INFY,NaN,1448.2620152758502,1451.2718886994296,32.13216376460548,1478.65,35.37125871782041,,,,,
2025-09-26T15:00:00.000000,1448.1,1449.65,1447.15,1448.45,4465,INFY,NaN,1448.2996122206803,1451.0153533631178,32.67640868412851,1478.65,33.809104913168646,,,,,
2025-09-26T15:05:00.000000,1448.45,1450.0,1447.1,1447.35,5881,INFY,NaN,1448.1096897765442,1450.6821394210162,32.938722425664416,1478.65,32.17757008434664,,,,,
2025-09-26T15:10:00.000000,1447.35,1447.85,1445.5,1445.55,6808,INFY,NaN,1447.5977518212353,1450.215581291833,32.83483689383929,1478.65,31.29221837546453,,,,,
2025-09-26T15:15:00.000000,1445.55,1450.25,1444.55,1450.0,14381,INFY,NaN,1448.0782014569882,1450.1959829925754,34.11762411702731,1478.65,29.29037567064569,,,,,
2025-09-26T15:20:00.000000,1450.0,1452.0,1449.3,1451.4,4676,INFY,NaN,1448.7425611655906,1450.3054390841594,35.62111799503545,1478.65,27.68551954639621,,,,,
2025-09-26T15:25:00.000000,1451.4,1455.0,1450.55,1452.95,2987,INFY,NaN,1449.5840489324726,1450.5458537128723,37.334593260718485,1478.65,27.212285519983016,,,,,
2025-09-29T09:15:00.000000,1460.05,1463.8,1454.0,1460.3,7007,INFY,NaN,1451.727239145978,1451.4325942844293,40.09678884905144,1463.8,28.60851685606133,,,,,
2025-09-29T09:20:00.000000,1460.3,1462.45,1458.15,1460.1,2874,INFY,NaN,1453.4017913167825,1452.220540258572,42.545535651943446,1463.8,29.90501738241976,,,,,
2025-09-29T09:25:00.000000,1460.1,1460.1,1457.5,1459.0,1242,INFY,NaN,1454.5214330534259,1452.83685478052,44.47838111356678,1463.8,30.824492458047043,,,,,
2025-09-29T09:30:00.000000,1459.0,1460.25,1457.8,1459.1,1845,INFY,NaN,1455.4371464427406,1453.4062316186546,46.242704740438334,1463.8,31.705666162391815,,,,,
2025-09-29T09:35:00.000000,1459.1,1459.55,1456.8,1457.7,607,INFY,NaN,1455.8897171541926,1453.7965741987769,47.46599762580124,1463.8,32.05474391211076,,,,,
2025-09-29T09:40:00.000000,1457.7,1462.35,1456.45,1462.3,307,INFY,NaN,1457.1717737233541,1454.569612907979,49.275323070421216,1463.8,32.929314420066774,,,,,
2025-09-29T09:45:00.000000,1462.3,1462.4,1460.0,1460.6,626,INFY,NaN,1457.8574189786832,1455.1178299163446,50.48851787744707,1463.8,33.750692629854186,,,,,
2025-09-29T09:50:00.000000,1460.6,1462.3,1459.85,1462.3,616,INFY,NaN,1458.7459351829466,1455.7707544694042,51.82948139656799,1463.8,34.4362674034162,,,,,
2025-09-29T09:55:00.000000,1462.3,1463.35,1461.0,1461.15,823,INFY,NaN,1459.2267481463573,1456.2597767903674,52.75551175695998,1463.8,35.28878064508159,,,,,
2025-09-29T10:00:00.000000,1461.15,1461.8,1459.0,1460.6,535,INFY,NaN,1459.5013985170858,1456.6543425366976,53.45563732192363,1463.8,35.048984539072386,,,,,
2025-09-29T10:05:00.000000,1460.6,1460.95,1459.6,1459.6,926,INFY,NaN,1459.5211188136686,1456.922129578816,53.837352872241674,1463.8,34.82631672634955,,,,,
2025-09-29T10:10:00.000000,1459.6,1463.05,1459.6,1463.05,565,INFY,NaN,1460.226895050935,1457.4792087080145,54.75163935475954,1463.8,35.141002352721436,,,,,
2025-09-29T10:15:00.000000,1463.05,1464.75,1461.45,1464.7,185,INFY,NaN,1461.121516040748,1458.1356442800131,55.81373429114941,1463.8,35.80435022379898,,,,,
2025-09-29T10:20:00.000000,1464.7,1464.7,1461.55,1462.65,667,INFY,NaN,1461.4272128325983,1458.5460402545575,56.25509825857098,1463.8,36.420316104085266,,,,,
2025-09-29T10:25:00.000000,1462.65,1462.65,1458.8,1459.55,1031,INFY,NaN,1461.0517702660786,1458.637309322325,55.970525778532355,1463.8,35.566174365269895,,,,,
2025-09-29T10:30:00.000000,1459.55,1463.55,1459.05,1462.7,753,INFY,NaN,1461.3814162128629,1459.0066448384773,56.225079532645815,1463.8,35.02371124267443,,,,,
2025-09-29T10:35:00.000000,1462.7,1464.0,1461.25,1461.7,189,INFY,NaN,1461.4451329702904,1459.2514953077066,56.24403793402622,1463.8,34.6455589860213,,,,,
2025-09-29T10:40:00.000000,1461.7,1463.05,1460.7,1460.75,1634,INFY,NaN,1461.3061063762323,1459.387723007006,56.06089832843031,1463.8,34.00601286852685,,,,,
2025-09-29T10:45:00.000000,1460.75,1463.25,1460.1,1462.6,382,INFY,NaN,1461.5648851009857,1459.6797481881872,56.21060110536474,1463.8,33.095449063262514,,,,,
2025-09-29T10:50:00.000000,1462.6,1462.7,1461.25,1461.25,1095,INFY,NaN,1461.5019080807886,1459.8224983528974,56.05017836870288,1463.8,32.24992552980277,,,,,
2025-09-29T10:55:00.000000,1461.25,1461.25,1459.7,1461.0,369,INFY,NaN,1461.401526464631,1459.9295439571795,55.84980326798891,1463.8,30.63691366081478,,,,,
2025-09-29T11:00:00.000000,1461.0,1462.65,1460.35,1462.65,378,INFY,NaN,1461.6512211717047,1460.1768581428905,55.97677398994373,1463.8,29.687989542626422,,,,,
2025-09-29T11:05:00.000000,1462.65,1462.65,1460.0,1460.2,339,INFY,NaN,1461.3609769373638,1460.1789619480824,55.54143547248956,1463.8,28.619169315344152,,,,,
2025-09-29T11:10:00.000000,1460.2,1460.2,1458.3,1459.15,156,INFY,NaN,1460.918781549891,1460.085419952802,54.92943893944393,1463.8,26.76759460609438,,,,,
2025-09-29T11:15:00.000000,1459.15,1459.15,1457.25,1458.0,484,INFY,NaN,1460.3350252399127,1459.8958363207291,54.142193346326316,1463.8,25.14115556724082,,,,,
2025-09-29T11:20:00.000000,1458.0,1458.05,1456.2,1457.05,412,INFY,NaN,1459.6780201919303,1459.6371239279356,53.2409304604544,1463.8,24.080710152495254,,,,,
2025-09-29T11:25:00.000000,1457.65,1458.25,1456.2,1456.2,465,INFY,NaN,1458.9824161535441,1459.324658116305,52.25800338973047,1463.8,22.991410883983267,,,,,
2025-09-29T11:30:00.000000,1456.2,1456.7,1455.0,1455.5,1129,INFY,NaN,1458.2859329228354,1458.9769619239137,51.230798896838316,1463.8,22.494454154042128,,,,,
2025-09-29T11:35:00.000000,1455.8,1455.8,1452.35,1453.2,1026,INFY,NaN,1457.2687463382683,1458.4517835671943,49.880239825511026,1463.8,22.98170992664129,,,,,
2025-09-29T11:40:00.000000,1453.2,1453.75,1451.0,1452.5,778,INFY,NaN,1456.3149970706147,1457.910712333813,48.539144113173464,1463.8,23.837327266230115,,,,,
2025-09-29T11:45:00.000000,1452.5,1453.1,1449.55,1450.0,1490,INFY,NaN,1455.0519976564917,1457.1915566671028,46.93384276719902,1463.8,25.02464733371557,,,,,
2025-09-29T11:50:00.000000,1450.0,1452.4,1449.9,1452.4,826,INFY,NaN,1454.5215981251933,1456.7559606064572,46.17254343461152,1463.8,26.12715882495207,,,,,
2025-09-29T11:55:00.000000,1452.4,1452.5,1448.65,1449.65,1449,INFY,NaN,1453.5472785001548,1456.1099641876883,45.05397679415164,1463.8,27.482424617050818,,,,,
2025-09-29T12:00:00.000000,1449.65,1449.65,1447.9,1449.2,615,INFY,NaN,1452.6778228001237,1455.4817856251711,43.97632103941279,1463.8,28.928921432008877,,,,,
2025-09-29T12:05:00.000000,1449.2,1450.75,1448.65,1450.25,311,INFY,NaN,1452.192258240099,1455.0061687501557,43.30345982941375,1463.8,29.529141487931515,,,,,
2025-09-29T12:10:00.000000,1450.25,1450.25,1448.35,1448.35,121,INFY,NaN,1451.423806592079,1454.4010625001415,42.39466555491559,1463.8,30.177177591545327,,,,,
2025-09-29T12:15:00.000000,1448.35,1450.1,1448.0,1449.0,181,INFY,NaN,1450.9390452736632,1453.9100568183105,41.764730686970864,1463.8,30.88778834606075,,,,,
2025-09-29T12:20:00.000000,1449.0,1450.75,1448.6,1450.75,53,INFY,NaN,1450.9012362189305,1453.6227789257368,41.69147099927207,1463.8,31.074240907692463,,,,,
2025-09-29T12:25:00.000000,1450.75,1450.75,1448.0,1449.9,99,INFY,NaN,1450.7009889751444,1453.2843444779426,41.46609772015626,1463.8,31.460686347319722,,,,,
2025-09-29T12:30:00.000000,1449.9,1449.9,1447.45,1448.0,213,INFY,NaN,1450.1607911801154,1452.8039495254022,40.927639383899916,1463.8,32.01211120867096,,,,,
2025-09-29T12:35:00.000000,1448.0,1449.1,1446.1,1446.1,401,INFY,NaN,1449.3486329440923,1452.1944995685474,40.14115467184362,1463.8,32.96242613058943,,,,,
2025-09-29T12:40:00.000000,1446.1,1446.55,1443.4,1444.15,1717,INFY,NaN,1448.3089063552738,1451.4631814259521,39.15447277692303,1463.8,34.54210137241533,,,,,
2025-09-29T12:45:00.000000,1444.15,1446.65,1443.15,1443.85,324,INFY,NaN,1447.4171250842192,1450.7710740235927,38.22081162461745,1463.8,36.06505844004266,,,,,
2025-09-29T12:50:00.000000,1443.85,1448.1,1443.4,1447.95,536,INFY,NaN,1447.5237000673753,1450.5146127487208,38.55524576838761,1463.8,36.382861013175514,,,,,
2025-09-29T12:55:00.000000,1447.95,1449.45,1447.95,1449.05,208,INFY,NaN,1447.8289600539003,1450.3814661352008,39.125278229893205,1463.8,35.775998626081254,,,,,
2025-09-29T13:00:00.000000,1449.05,1452.9,1449.0,1452.35,515,INFY,NaN,1448.7331680431203,1450.5604237592734,40.35264043268443,1463.8,33.40120472376139,,,,,
2025-09-29T13:05:00.000000,1452.35,1452.35,1448.05,1451.0,837,INFY,NaN,1449.1865344344963,1450.600385235703,41.185559923947565,1463.8,31.58268258576785,,,,,
2025-09-29T13:10:00.000000,1451.0,1454.1,1451.0,1454.1,721,INFY,NaN,1450.169227547597,1450.9185320324573,42.52911528377874,1463.8,29.524627591075745,,,,,
2025-09-29T13:15:00.000000,1454.1,1454.1,1451.0,1452.45,95,INFY,NaN,1450.6253820380778,1451.0577563931429,43.40132707606851,1463.8,27.613576524575933,,,,,
2025-09-29T13:20:00.000000,1452.45,1455.4,1452.45,1455.4,1052,INFY,NaN,1451.5803056304621,1451.4525058119482,44.7037236664055,1463.8,26.386034586358758,,,,,
2025-09-29T13:25:00.000000,1455.4,1456.3,1453.2,1454.3,224,INFY,NaN,1452.1242445043697,1451.711368919953,45.64903074358494,1463.8,25.601040806073538,,,,,
2025-09-29T13:30:00.000000,1454.3,1454.8,1452.6,1452.9,892,INFY,NaN,1452.2793956034957,1451.8194262908664,46.21554450699975,1463.8,24.55645858251025,,,,,
2025-09-29T13:35:00.000000,1452.9,1453.4,1452.5,1452.5,90,INFY,NaN,1452.3235164827965,1451.8812966280605,46.64559450089669,1463.8,23.532374264730343,,,,,
2025-09-29T13:40:00.000000,1452.5,1453.1,1449.3,1449.3,396,INFY,NaN,1451.7188131862372,1451.6466332982368,46.424094318439856,1463.8,22.620949624050812,,,,,
2025-09-29T13:45:00.000000,1449.3,1455.0,1449.3,1455.0,180,INFY,NaN,1452.3750505489897,1451.9514848165788,47.258397377553464,1463.8,21.094670733836047,,,,,
2025-09-29T13:50:00.000000,1455.0,1456.4,1453.55,1453.55,594,INFY,NaN,1452.6100404391918,1452.096804378708,47.74656036832608,1463.8,20.23683121183377,,,,,
2025-09-29T13:55:00.000000,1453.55,1454.65,1450.9,1454.35,800,INFY,NaN,1452.9580323513535,1452.30164034428,48.320952097802774,1463.8,19.226837352522903,,,,,
2025-09-29T14:00:00.000000,1454.35,1454.65,1452.85,1453.9,335,INFY,NaN,1453.146425881083,1452.4469457675273,48.75141968497985,1463.8,18.288985911734244,,,,,
2025-09-29T14:05:00.000000,1453.9,1455.0,1453.55,1454.3,49,INFY,NaN,1453.3771407048664,1452.6154052432066,49.21455797763388,1463.8,17.259939065904394,,,,,
2025-09-29T14:10:00.000000,1454.3,1454.6,1452.95,1452.95,215,INFY,NaN,1453.291712563893,1452.6458229483696,49.34630998173085,1463.8,16.559144197731538,,,,,
2025-09-29T14:15:00.000000,1452.95,1456.5,1452.95,1454.0,1123,INFY,NaN,1453.4333700511145,1452.7689299530632,49.677256475957925,1463.8,15.706377310476174,,,,,
2025-09-29T14:20:00.000000,1454.0,1455.3,1453.9,1454.6,94,INFY,NaN,1453.6666960408916,1452.9353908664211,50.09776960680534,1463.8,14.914522343739053,,,,,
2025-09-29T14:25:00.000000,1454.6,1454.6,1452.45,1453.0,265,INFY,NaN,1453.5333568327133,1452.9412644240192,50.108181125937875,1463.8,14.19492193774205,,,,,
2025-09-29T14:30:00.000000,1453.0,1453.0,1450.3,1452.3,1610872,INFY,NaN,1453.2866854661706,1452.8829676581993,49.96107080090091,1463.8,14.384358804183893,,,,,
2025-09-29T14:35:00.000000,1452.3,1452.85,1451.75,1451.75,162,INFY,NaN,1452.9793483729366,1452.779970598363,49.703311118110264,1463.8,14.560264465879891,,,,,
2025-09-29T14:40:00.000000,1451.75,1452.4,1450.4,1450.75,106,INFY,NaN,1452.5334786983492,1452.5954278166937,49.24449589020452,1463.8,15.223427489938237,,,,,
2025-09-29T14:45:00.000000,1450.75,1451.15,1449.95,1450.5,1392,INFY,NaN,1452.1267829586793,1452.4049343788124,48.772450924764804,1463.8,15.998727716585028,,,,,
2025-09-29T14:50:00.000000,1450.5,1451.6,1450.0,1450.8,1114,INFY,NaN,1451.8614263669435,1452.2590312534658,48.43512815994244,1463.8,16.4429749064981,,,,,
2025-09-29T14:55:00.000000,1450.8,1451.8,1450.1,1451.55,1021,INFY,NaN,1451.799141093555,1452.194573866787,48.35716877797163,1463.8,16.729429520260375,,,,,
2025-09-29T15:00:00.000000,1451.35,1451.35,1444.05,1444.6,2591,INFY,NaN,1450.359312874844,1451.5041580607156,46.91249196401831,1463.8,18.81317893177379,,,,,
2025-09-29T15:05:00.000000,1444.6,1444.9,1441.3,1441.6,1672,INFY,NaN,1448.6074502998752,1450.603780055196,45.21515171777294,1463.8,21.271295014277396,,,,,
2025-09-29T15:10:00.000000,1441.6,1442.85,1439.6,1439.6,2889,INFY,NaN,1446.8059602399,1449.6034364138145,43.45387246150136,1463.8,23.8300839311851,,,,,
2025-09-29T15:15:00.000000,1439.5,1440.2,1436.75,1437.5,12788,INFY,NaN,1444.94476819192,1448.5031240125586,41.645769858615246,1463.8,26.604187843169463,,,,,
2025-09-29T15:20:00.000000,1437.5,1441.6,1436.7,1441.35,7923,INFY,NaN,1444.225814553536,1447.852840011417,41.03640736846858,1463.8,28.433059322788957,,,,,
2025-09-29T15:25:00.000000,1441.35,1450.1,1441.05,1450.1,2855,INFY,NaN,1445.400651642829,1448.0571272831062,42.08146166040553,1463.8,26.913427181115544,,,,,
2025-09-30T09:15:00.000000,1443.0,1449.9,1441.2,1444.1,6145,INFY,NaN,1445.1405213142632,1447.6973884391875,42.232072624274636,1449.9,25.502340192418806,,,,,
2025-09-30T09:20:00.000000,1444.1,1446.6,1442.0,1442.75,749,INFY,NaN,1444.6624170514106,1447.2476258538068,42.21268956694249,1449.9,24.19204513148612,,,,,
2025-09-30T09:25:00.000000,1442.75,1444.1,1441.0,1441.3,823,INFY,NaN,1443.9899336411283,1446.7069325943698,42.02904357699321,1449.9,23.251731150825695,,,,,
2025-09-30T09:30:00.000000,1441.3,1442.05,1438.6,1439.0,2086,INFY,NaN,1442.9919469129027,1446.006302358518,41.6089159466982,1449.9,22.996594819713323,,,,,
2025-09-30T09:35:00.000000,1439.4,1440.25,1438.6,1438.6,705,INFY,NaN,1442.1135575303222,1445.3330021441072,41.18492657413461,1449.9,22.75968251225184,,,,,
2025-09-30T09:40:00.000000,1438.6,1443.75,1438.4,1442.45,765,INFY,NaN,1442.1808460242578,1445.0709110400976,41.475466914219474,1449.9,21.332269236141002,,,,,
2025-09-30T09:45:00.000000,1442.45,1444.3,1440.9,1443.8,807,INFY,NaN,1442.5046768194063,1444.955373672816,41.955019213829154,1449.9,19.835437836858677,,,,,
2025-09-30T09:50:00.000000,1443.45,1443.7,1442.7,1443.7,753,INFY,NaN,1442.743741455525,1444.841248793469,42.37452976028696,1449.9,18.44552296609652,,,,,
2025-09-30T09:55:00.000000,1443.7,1448.65,1443.7,1448.35,1885,INFY,NaN,1443.86499316442,1445.160226175881,43.46802023748586,1449.9,18.505833886654035,,,,,
2025-09-30T10:00:00.000000,1448.35,1448.9,1445.65,1447.1,343,INFY,NaN,1444.511994531536,1445.336569250801,44.257924820434084,1449.9,18.62262385393424,,,,,
2025-09-30T10:05:00.000000,1447.1,1447.1,1444.4,1444.4,444,INFY,NaN,1444.4895956252287,1445.2514265916373,44.56368937146504,1449.9,18.27002483054208,,,,,
2025-09-30T10:10:00.000000,1444.4,1444.75,1443.3,1444.4,1939,INFY,NaN,1444.471676500183,1445.1740241742157,44.84033348906447,1449.9,17.54918670485038,,,,,
2025-09-30T10:15:00.000000,1444.4,1446.15,1443.8,1446.15,1574,INFY,NaN,1444.8073412001465,1445.262749249287,45.38426905760549,1449.9,17.28824756123549,,,,,
2025-09-30T10:20:00.000000,1446.15,1446.7,1445.05,1446.7,937,INFY,NaN,1445.1858729601172,1445.3934084084428,45.96813118542796,1449.9,17.20381730786148,,,,,
2025-09-30T10:25:00.000000,1446.7,1446.7,1443.1,1445.15,845,INFY,NaN,1445.1786983680938,1445.3712803713117,46.22254423008162,1449.9,16.38515815397301,,,,,
2025-09-30T10:30:00.000000,1445.15,1446.95,1444.55,1446.7,925,INFY,NaN,1445.482958694475,1445.492073064829,46.730080638413135,1449.9,15.706937056561364,,,,,
2025-09-30T10:35:00.000000,1446.7,1447.0,1443.4,1444.55,526,INFY,NaN,1445.29636695558,1445.4064300589353,46.80590139056584,1449.9,14.642902871429673,,,,,
2025-09-30T10:40:00.000000,1444.55,1447.15,1444.55,1446.7,4581,INFY,NaN,1445.577093564464,1445.5240273263048,47.262156728149066,1449.9,13.71102735912795,,,,,
2025-09-30T10:45:00.000000,1446.7,1446.7,1445.1,1446.6,660,INFY,NaN,1445.781674851571,1445.6218430239135,47.655940225687246,1449.9,12.845714383419207,,,,,
2025-09-30T10:50:00.000000,1446.6,1448.0,1445.95,1446.9,1988,INFY,NaN,1446.005339881257,1445.7380391126487,48.0693866612095,1449.9,12.560858275206558,,,,,
2025-09-30T10:55:00.000000,1446.9,1448.4,1446.9,1447.3,1217,INFY,NaN,1446.2642719050057,1445.8800355569533,48.52311560516828,1449.9,12.451728468179974,,,,,
2025-09-30T11:00:00.000000,1447.3,1449.9,1447.3,1449.55,1132,INFY,NaN,1446.9214175240045,1446.2136686881395,49.36250259939405,1449.9,12.90906266068838,,,,,
2025-09-30T11:05:00.000000,1449.55,1450.5,1449.3,1450.0,505,INFY,NaN,1447.5371340192037,1446.5578806255814,50.20381745623891,1449.9,13.545221359907218,,,,,
2025-09-30T11:10:00.000000,1450.0,1450.85,1450.0,1450.2,138,INFY,NaN,1448.069707215363,1446.8889823868922,51.003036175135215,1449.9,14.261083610939762,,,,,
2025-09-30T11:15:00.000000,1450.2,1450.75,1449.7,1450.4,895,INFY,NaN,1448.5357657722905,1447.2081658062657,51.76628902114388,1449.9,14.746943442283394,,,,,
2025-09-30T11:20:00.000000,1450.4,1451.8,1449.2,1450.0,519,INFY,NaN,1448.8286126178323,1447.461968914787,52.33623280991432,1449.9,15.59822538796154,,,,,
2025-09-30T11:25:00.000000,1450.0,1450.1,1448.35,1448.7,759,INFY,NaN,1448.8028900942659,1447.5745171952608,52.46765188824839,1449.9,15.861571580345625,,,,,
2025-09-30T11:30:00.000000,1448.7,1449.4,1447.85,1448.35,1272,INFY,NaN,1448.7123120754127,1447.6450156320552,52.48498723819237,1449.9,15.80282796278072,,,,,
2025-09-30T11:35:00.000000,1448.35,1449.45,1446.8,1446.8,3135,INFY,NaN,1448.3298496603302,1447.568196029141,52.06695624439613,1449.9,15.136095986708716,,,,,
2025-09-30T11:40:00.000000,1446.8,1447.1,1445.5,1446.1,1095,INFY,NaN,1447.8838797282642,1447.4347236628555,51.50382359963584,1449.9,14.280078572208035,,,,,
2025-09-30T11:45:00.000000,1446.1,1446.9,1445.55,1445.55,259,INFY,NaN,1447.4171037826113,1447.2633851480505,50.84913279675294,1449.9,13.485205258743118,,,,,
2025-09-30T11:50:00.000000,1445.55,1446.35,1445.15,1445.85,1313,INFY,NaN,1447.1036830260891,1447.1348955891367,50.35716298648733,1449.9,12.963201131369427,,,,,
2025-09-30T11:55:00.000000,1445.85,1445.85,1443.75,1444.45,1158,INFY,NaN,1446.5729464208714,1446.8908141719426,49.53220751637099,1449.9,13.184424071149023,,,,,
2025-09-30T12:00:00.000000,1444.45,1445.4,1443.4,1444.2,1036,INFY,NaN,1446.0983571366971,1446.646194701766,48.72025109898787,1449.9,13.555196228755518,,,,,
2025-09-30T12:05:00.000000,1444.2,1445.5,1444.0,1444.0,549,INFY,NaN,1445.6786857093578,1446.40563154706,47.930846386124415,1449.9,13.828339243749141,,,,,
2025-09-30T12:10:00.000000,1444.0,1444.0,1442.0,1442.0,537,INFY,NaN,1444.9429485674862,1446.0051195882363,46.711313138529036,1449.9,14.987404153034044,,,,,
2025-09-30T12:15:00.000000,1442.0,1445.0,1442.0,1445.0,318,INFY,NaN,1444.9543588539889,1445.9137450802148,46.688586641821,1449.9,15.354793760425496,,,,,
2025-09-30T12:20:00.000000,1445.0,1447.25,1444.8,1445.85,680,INFY,NaN,1445.133487083191,1445.9079500729224,46.92630666955992,1449.9,14.356921477531722,,,,,
2025-09-30T12:25:00.000000,1445.85,1446.95,1444.45,1446.45,780,INFY,NaN,1445.3967896665529,1445.9572273390204,47.3208675789585,1449.9,13.609774431622887,,,,,
2025-09-30T12:30:00.000000,1446.45,1447.6,1445.0,1445.0,375,INFY,NaN,1445.3174317332423,1445.8702066718367,47.24972935678604,1449.9,12.719087196453131,,,,,
2025-09-30T12:35:00.000000,1445.0,1447.3,1444.95,1446.3,252,INFY,NaN,1445.5139453865938,1445.9092787925788,47.58392908617257,1449.9,11.863122524554303,,,,,
2025-09-30T12:40:00.000000,1446.2,1446.2,1445.0,1446.1,155,INFY,NaN,1445.631156309275,1445.9266170841624,47.8243666529391,1449.9,11.068298186362535,,,,,
2025-09-30T12:45:00.000000,1446.1,1446.1,1443.95,1444.7,525,INFY,NaN,1445.44492504742,1445.8151064401477,47.62159619362505,1449.9,10.863928886804262,,,,,
2025-09-30T12:50:00.000000,1444.7,1444.9,1443.8,1444.7,92,INFY,NaN,1445.295940037936,1445.713733127407,47.438137206626635,1449.9,10.762498441568981,,,,,
2025-09-30T12:55:00.000000,1444.7,1445.5,1444.0,1445.0,184,INFY,NaN,1445.2367520303487,1445.6488482976429,47.382928658298255,1449.9,10.2394804167128,,,,,
2025-09-30T13:00:00.000000,1445.0,1445.6,1444.0,1445.15,194,INFY,NaN,1445.219401624279,1445.6034984524026,47.39068462658354,1449.9,9.681782418147856,,,,,
2025-09-30T13:05:00.000000,1445.15,1446.2,1445.15,1445.3,168,INFY,NaN,1445.2355212994232,1445.5759076840025,47.45839363820844,1449.9,9.250155506796434,,,,,
2025-09-30T13:10:00.000000,1445.3,1447.75,1444.25,1445.0,779,INFY,NaN,1445.1884170395385,1445.5235524400023,47.40301377601978,1449.9,9.823590632641311,,,,,
2025-09-30T13:15:00.000000,1445.4,1447.85,1445.35,1445.95,1664,INFY,NaN,1445.3407336316309,1445.5623204000021,47.757110064024154,1449.9,10.413607917362828,,,,,
2025-09-30T13:20:00.000000,1445.95,1447.3,1445.2,1445.8,364,INFY,NaN,1445.4325869053048,1445.5839276363656,48.01222896008155,1449.9,10.830848593341459,,,,,
2025-09-30T13:25:00.000000,1445.8,1446.3,1444.3,1445.0,892,INFY,NaN,1445.3460695242438,1445.530843305787,47.899712551266155,1449.9,10.462870467801713,,,,,
2025-09-30T13:30:00.000000,1445.0,1446.3,1444.0,1446.3,1787,INFY,NaN,1445.536855619395,1445.6007666416244,48.36089466985802,1449.9,9.88246597646483,,,,,
2025-09-30T13:35:00.000000,1446.3,1446.95,1444.45,1444.9,1065,INFY,NaN,1445.4094844955162,1445.537060583295,48.2044473386319,1449.9,9.822887468257168,,,,,
2025-09-30T13:40:00.000000,1444.9,1446.05,1444.6,1445.8,1898,INFY,NaN,1445.4875875964128,1445.5609641666317,48.43474354561652,1449.9,9.767564567778622,,,,,
2025-09-30T13:45:00.000000,1445.8,1445.8,1444.5,1445.0,881,INFY,NaN,1445.3900700771303,1445.5099674242106,48.32708659181146,1449.9,9.621847396586508,,,,,
2025-09-30T13:50:00.000000,1445.0,1446.35,1444.85,1445.1,458,INFY,NaN,1445.3320560617042,1445.4726976583731,48.27357867981517,1449.9,9.927735849862575,,,,,
2025-09-30T13:55:00.000000,1445.1,1445.85,1444.6,1444.6,855,INFY,NaN,1445.1856448493634,1445.3933615076119,48.02055530110211,1449.9,9.953632397327382,,,,,
2025-09-30T14:00:00.000000,1444.6,1445.25,1444.05,1445.15,759,INFY,NaN,1445.1785158794908,1445.3712377341926,48.05363757296787,1449.9,9.426888511674344,,,,,
2025-09-30T14:05:00.000000,1445.15,1446.25,1444.05,1445.4,2062,INFY,NaN,1445.2228127035926,1445.3738524856296,48.20239436469713,1449.9,9.775686469370111,,,,,
2025-09-30T14:10:00.000000,1445.4,1445.4,1442.2,1444.9,1703,INFY,NaN,1445.158250162874,1445.3307749869361,48.10321493349792,1449.9,9.635079314170557,,,,,
2025-09-30T14:15:00.000000,1444.9,1445.0,1443.55,1443.55,754,INFY,NaN,1444.8366001302993,1445.1688863517602,47.44863321781089,1449.9,9.504515527199544,,,,,
2025-09-30T14:20:00.000000,1443.55,1444.8,1442.0,1443.8,597,INFY,NaN,1444.6292801042393,1445.0444421379639,46.99333456175615,1449.9,10.42541677059963,,,,,
2025-09-30T14:25:00.000000,1443.8,1443.8,1441.5,1442.4,398,INFY,NaN,1444.1834240833914,1444.8040383072398,46.058899990514355,1449.9,11.569398708325192,,,,,
2025-09-30T14:30:00.000000,1442.4,1443.45,1441.3,1441.3,491,INFY,NaN,1443.606739266713,1444.485489370218,44.865995751643766,1449.9,12.747025428417487,,,,,
2025-09-30T14:35:00.000000,1441.7,1444.0,1441.3,1442.8,541,INFY,NaN,1443.4453914133703,1444.3322630638345,44.58396752966791,1449.9,13.282102375311151,,,,,
2025-09-30T14:40:00.000000,1442.8,1443.25,1441.65,1442.25,424,INFY,NaN,1443.2063131306963,1444.1429664216678,44.13972164824331,1449.9,13.778959540283838,,,,,
2025-09-30T14:45:00.000000,1442.25,1443.5,1440.3,1441.3,1792,INFY,NaN,1442.825050504557,1443.8845149287888,43.42987282525141,1449.9,15.083883737841118,,,,,
2025-09-30T14:50:00.000000,1441.3,1442.2,1440.75,1441.0,444,INFY,NaN,1442.4600404036457,1443.6222862988989,42.69397404896828,1449.9,16.295599064144305,,,,,
2025-09-30T14:55:00.000000,1441.0,1442.0,1439.2,1441.5,3210,INFY,NaN,1442.2680323229165,1443.429351180817,42.309248833046546,1449.9,18.220114477296676,,,,,
2025-09-30T15:00:00.000000,1441.5,1442.4,1440.0,1442.0,2123,INFY,NaN,1442.2144258583332,1443.2994101643792,42.23637423048809,1449.9,19.559376483654464,,,,,
2025-09-30T15:05:00.000000,1442.0,1443.4,1440.95,1441.7,1747,INFY,NaN,1442.1115406866666,1443.1540092403447,42.05356979535702,1449.9,19.771678047167875,,,,,
2025-09-30T15:10:00.000000,1441.7,1442.3,1441.2,1441.75,347,INFY,NaN,1442.0392325493333,1443.026372036677,41.918151965589246,1449.9,19.968815213287467,,,,,
2025-09-30T15:15:00.000000,1441.75,1442.25,1440.75,1440.8,609,INFY,NaN,1441.7913860394667,1442.8239745787973,41.41872696718371,1449.9,20.440412605505454,,,,,
2025-09-30T15:20:00.000000,1440.8,1443.0,1440.7,1442.8,1386,INFY,NaN,1441.9931088315734,1442.821795071634,42.057765907280974,1449.9,20.10458276385032,,,,,
2025-09-30T15:25:00.000000,1442.8,1443.5,1442.5,1443.5,3045,INFY,NaN,1442.2944870652586,1442.8834500651217,42.95125614084869,1449.9,19.314180881489563,,,,,
2025-10-01T09:15:00.000000,1445.4,1447.3,1433.35,1434.4,17101,INFY,NaN,1440.715589652207,1442.1122273319288,41.44782754736241,1447.3,22.042548660074015,,,,,
2025-10-01T09:20:00.000000,1434.35,1434.55,1430.1,1431.85,4339,INFY,NaN,1438.9424717217655,1441.1792975744806,39.765078530533664,1447.3,25.08991424506667,,,,,
2025-10-01T09:25:00.000000,1431.85,1436.15,1431.25,1436.15,4673,INFY,NaN,1438.3839773774125,1440.7220887040733,39.58253592164035,1447.3,26.950476549269506,,,,,
2025-10-01T09:30:00.000000,1435.35,1437.85,1435.35,1436.2,6175,INFY,NaN,1437.94718190193,1440.3109897309757,39.431028804491625,1447.3,27.748228213363994,,,,,
2025-10-01T09:35:00.000000,1436.2,1436.5,1433.5,1433.9,5330,INFY,NaN,1437.137745521544,1439.7281724827053,38.92297374481949,1447.3,28.894288431677122,,,,,
2025-10-01T09:40:00.000000,1433.9,1436.95,1432.6,1436.6,8030,INFY,NaN,1437.0301964172352,1439.4437931660957,39.18350937704934,1447.3,30.142512432102702,,,,,
2025-10-01T09:45:00.000000,1436.6,1439.0,1434.65,1438.1,11692,INFY,NaN,1437.2441571337881,1439.321630150996,39.7761760724883,1447.3,30.244861668412906,,,,,
2025-10-01T09:50:00.000000,1438.1,1438.15,1431.95,1434.4,6235,INFY,NaN,1436.6753257070304,1438.8742092281782,39.682008486123564,1447.3,30.952718104263976,,,,,
2025-10-01T09:55:00.000000,1434.4,1434.85,1431.35,1432.2,6947,INFY,NaN,1435.7802605656243,1438.2674629347075,39.281431686664,1447.3,31.73454514484001,,,,,
2025-10-01T10:00:00.000000,1432.2,1432.5,1428.35,1430.2,14653,INFY,NaN,1434.6642084524995,1437.5340572133705,38.65838757237341,1447.3,33.02327161460327,,,,,
2025-10-01T10:05:00.000000,1430.3,1430.35,1427.35,1429.45,12641,INFY,NaN,1433.6213667619995,1436.799142921246,38.000484503463234,1447.3,34.38645969141471,,,,,
2025-10-01T10:10:00.000000,1429.45,1431.9,1428.45,1431.5,10499,INFY,NaN,1433.1970934095996,1436.317402655678,37.93605242848408,1447.3,34.871003241165695,,,,,
2025-10-01T10:15:00.000000,1431.5,1431.6,1429.3,1430.2,5287,INFY,NaN,1432.5976747276798,1435.7612751415254,37.689983324491386,1447.3,35.32093653736304,,,,,
2025-10-01T10:20:00.000000,1430.2,1430.85,1429.2,1430.45,5213,INFY,NaN,1432.1681397821437,1435.2784319468412,37.533977161384456,1447.3,35.761220067369386,,,,,
2025-10-01T10:25:00.000000,1430.45,1432.4,1429.15,1432.4,5412,INFY,NaN,1432.214511825715,1435.0167563153102,37.900314372184404,1447.3,35.341301331717695,,,,,
2025-10-01T10:30:00.000000,1432.5,1434.4,1431.85,1434.4,8441,INFY,NaN,1432.651609460572,1434.960687559373,38.70228511982865,1447.3,34.00234346814708,,,,,
2025-10-01T10:35:00.000000,1434.4,1434.4,1431.7,1431.7,3188,INFY,NaN,1432.4612875684577,1434.6642614176117,38.94633285057075,1447.3,32.807844704625595,,,,,
2025-10-01T10:40:00.000000,1431.7,1432.35,1430.9,1431.0,3201,INFY,NaN,1432.1690300547662,1434.3311467432834,39.05090769366288,1447.3,31.964266359938982,,,,,
2025-10-01T10:45:00.000000,1431.55,1432.0,1430.75,1432.0,2815,INFY,NaN,1432.135224043813,1434.1192243120759,39.39402621716605,1447.3,31.231702714814645,,,,,
2025-10-01T10:50:00.000000,1432.0,1435.4,1431.5,1434.8,3422,INFY,NaN,1432.6681792350503,1434.1811130109782,40.3380438552444,1447.3,29.015433874829466,,,,,
2025-10-01T10:55:00.000000,1434.8,1438.9,1434.75,1438.0,5716,INFY,NaN,1433.7345433880403,1434.5282845554348,41.79535792897275,1447.3,28.14349443148696,,,,,
2025-10-01T11:00:00.000000,1438.0,1440.6,1436.8,1440.0,8002,INFY,NaN,1434.9876347104323,1435.0257132322133,43.44159772589177,1447.3,27.809592064202487,,,,,
2025-10-01T11:05:00.000000,1440.0,1440.2,1438.1,1439.9,2510,INFY,NaN,1435.9701077683458,1435.468830211103,44.90764835405495,1447.3,27.499539866009762,,,,,
2025-10-01T11:10:00.000000,1439.9,1439.9,1437.0,1437.05,4132,INFY,NaN,1436.1860862146766,1435.6125729191847,45.59971269329213,1447.3,26.71178969516348,,,,,
2025-10-01T11:15:00.000000,1437.05,1440.9,1437.05,1438.25,6471,INFY,NaN,1436.5988689717412,1435.8523390174407,46.44826979776476,1447.3,26.29396324251391,,,,,
2025-10-01T11:20:00.000000,1438.25,1439.2,1436.8,1438.4,4935,INFY,NaN,1436.959095177393,1436.0839445613099,47.24430307216862,1447.3,25.785497975805004,,,,,
2025-10-01T11:25:00.000000,1438.4,1440.0,1437.2,1439.05,2393,INFY,NaN,1437.3772761419143,1436.353585964827,48.091807966163714,1447.3,25.578271530606997,,,,,
2025-10-01T11:30:00.000000,1439.6,1440.9,1438.5,1440.0,2177,INFY,NaN,1437.9018209135315,1436.6850781498429,49.04436762909846,1447.3,25.675950984757296,,,,,
2025-10-01T11:35:00.000000,1440.0,1440.65,1439.0,1439.65,2975,INFY,NaN,1438.2514567308253,1436.9546164998571,49.81026776093261,1447.3,25.766653335039713,,,,,
2025-10-01T11:40:00.000000,1439.65,1440.75,1439.5,1440.1,631,INFY,NaN,1438.6211653846603,1437.2405604544156,50.59905241176534,1447.3,25.88605288561388,,,,,
2025-10-01T11:45:00.000000,1440.1,1442.1,1440.05,1440.8,1288,INFY,NaN,1439.0569323077282,1437.5641458676505,51.46355727479771,1447.3,26.459541804474977,,,,,
2025-10-01T11:50:00.000000,1440.8,1442.0,1439.9,1440.75,251250,INFY,NaN,1439.3955458461826,1437.8537689705913,52.22925315348581,1447.3,26.8909856713386,,,,,
2025-10-01T11:55:00.000000,1440.75,1441.0,1439.3,1441.0,1650,INFY,NaN,1439.7164366769462,1438.139789973265,52.98130111695941,1447.3,26.879543205192753,,,,,
2025-10-01T12:00:00.000000,1441.0,1441.0,1439.2,1440.45,935,INFY,NaN,1439.863149341557,1438.3498090666044,53.46054237126948,1447.3,26.79872573198028,,,,,
2025-10-01T12:05:00.000000,1440.45,1442.7,1439.75,1442.65,2258,INFY,NaN,1440.4205194732456,1438.740735515095,54.419773758767555,1447.3,27.38300266711598,,,,,
2025-10-01T12:10:00.000000,1442.65,1444.9,1441.05,1441.35,1713,INFY,NaN,1440.6064155785964,1438.977941377359,54.82057902640738,1447.3,28.61137089309869,,,,,
2025-10-01T12:15:00.000000,1441.35,1441.9,1437.25,1437.25,9977,INFY,NaN,1439.9351324628772,1438.820855797599,54.023374711191025,1447.3,27.52659108795678,,,,,
2025-10-01T12:20:00.000000,1437.25,1438.1,1436.0,1436.5,2887,INFY,NaN,1439.2481059703018,1438.6098689069083,53.128186432665736,1447.3,25.944689733978837,,,,,
2025-10-01T12:25:00.000000,1436.5,1439.0,1435.4,1438.7,6556,INFY,NaN,1439.1384847762415,1438.618062642644,52.900847484830344,1447.3,24.82808238555037,,,,,
2025-10-01T12:30:00.000000,1438.7,1438.7,1435.45,1435.85,2936,INFY,NaN,1438.480787820993,1438.3664205842217,52.04985974061593,1447.3,23.791232704866793,,,,,
2025-10-01T12:35:00.000000,1435.85,1436.95,1435.1,1435.8,2243,INFY,NaN,1437.9446302567944,1438.1331096220197,51.269381158020586,1447.3,22.647452646018937,,,,,
2025-10-01T12:40:00.000000,1435.8,1436.3,1434.0,1434.0,1799,INFY,NaN,1437.1557042054355,1437.7573723836542,50.19196237261354,1447.3,21.030031820060938,,,,,
2025-10-01T12:45:00.000000,1434.0,1437.25,1433.6,1436.4,2535,INFY,NaN,1437.0045633643485,1437.6339748942312,49.86443639014323,1447.3,19.977222735226782,,,,,
2025-10-01T12:50:00.000000,1436.4,1436.5,1434.95,1436.35,2538,INFY,NaN,1436.8736506914788,1437.5172499038465,49.55682416825263,1447.3,18.99961429930935,,,,,
2025-10-01T12:55:00.000000,1436.35,1436.55,1435.0,1435.7,3030,INFY,NaN,1436.638920553183,1437.352045367133,49.12639424774959,1447.3,18.117425355859382,,,,,
2025-10-01T13:00:00.000000,1435.7,1436.95,1434.0,1434.25,9634,INFY,NaN,1436.1611364425464,1437.0700412428482,48.41086990192974,1447.3,16.92795765409977,,,,,
2025-10-01T13:05:00.000000,1434.25,1436.0,1433.3,1435.05,615,INFY,NaN,1435.9389091540372,1436.886401129862,48.003813381534705,1447.3,16.205216884309117,,,,,
2025-10-01T13:10:00.000000,1435.05,1435.75,1433.05,1435.3,1272,INFY,NaN,1435.8111273232298,1436.7421828453291,47.711797167463985,1447.3,15.670130791134998,,,,,
2025-10-01T13:15:00.000000,1435.3,1435.6,1434.0,1435.0,801,INFY,NaN,1435.648901858584,1436.5838025866628,47.36974379797085,1447.3,15.173265133187602,,,,,
2025-10-01T13:20:00.000000,1435.0,1435.45,1434.1,1435.1,698,INFY,NaN,1435.539121486867,1436.4489114424207,47.09479163242696,1447.3,14.711889879379305,,,,,
2025-10-01T13:25:00.000000,1435.1,1437.0,1434.8,1436.15,569,INFY,NaN,1435.6612971894938,1436.421737674928,47.207379694047,1447.3,14.099559512932727,,,,,
2025-10-01T13:30:00.000000,1436.15,1436.2,1434.8,1435.0,888,INFY,NaN,1435.529037751595,1436.292488795389,46.966264481915495,1447.3,13.530967029803763,,,,,
2025-10-01T13:35:00.000000,1435.0,1435.85,1433.1,1433.4,1229,INFY,NaN,1435.1032302012761,1436.0295352685355,46.320360190122734,1447.3,13.248437107865314,,,,,
2025-10-01T13:40:00.000000,1433.4,1434.65,1433.35,1434.15,1107,INFY,NaN,1434.912584161021,1435.8586684259415,46.01111669260484,1447.3,12.986087894636752,,,,,
2025-10-01T13:45:00.000000,1434.15,1434.45,1432.2,1432.3,2219,INFY,NaN,1434.3900673288167,1435.5351531144922,45.26485246530247,1447.3,13.414654462539911,,,,,
2025-10-01T13:50:00.000000,1432.3,1433.7,1431.4,1432.9,1405,INFY,NaN,1434.0920538630535,1435.2955937404474,44.81458141354429,1447.3,14.23114185716714,,,,,
2025-10-01T13:55:00.000000,1432.9,1433.25,1431.6,1433.2,326,INFY,NaN,1433.9136430904427,1435.1050852185886,44.52133026247208,1447.3,14.989308723606708,,,,,
2025-10-01T14:00:00.000000,1433.2,1433.25,1432.0,1432.4,1083,INFY,NaN,1433.6109144723541,1434.859168380535,44.03853653487523,1447.3,15.69332081387202,,,,,
2025-10-01T14:05:00.000000,1432.4,1434.65,1432.15,1434.0,1313,INFY,NaN,1433.6887315778833,1434.7810621641227,44.20962133351414,1447.3,15.129756262347351,,,,,
2025-10-01T14:10:00.000000,1434.0,1436.0,1432.7,1436.0,11647,INFY,NaN,1434.1509852623067,1434.891874694657,45.00549335051352,1447.3,14.447701563245479,,,,,
2025-10-01T14:15:00.000000,1436.0,1439.55,1435.05,1439.55,1234,INFY,NaN,1435.2307882098453,1435.3153406315064,46.59272752749944,1447.3,15.568770186514826,,,,,
2025-10-01T14:20:00.000000,1439.55,1443.45,1439.55,1441.05,3530,INFY,NaN,1436.3946305678762,1435.8366733013695,48.32202999818979,1447.3,17.784047878017226,,,,,
2025-10-01T14:25:00.000000,1441.05,1443.4,1440.1,1442.1,1594,INFY,NaN,1437.535704454301,1436.4060666376085,50.07832462051097,1447.3,19.841091448698027,,,,,
2025-10-01T14:30:00.000000,1442.3,1447.25,1442.25,1446.5,9729,INFY,NaN,1439.3285635634406,1437.3236969432805,52.31589603002208,1447.3,22.561042328153626,,,,,
2025-10-01T14:35:00.000000,1446.5,1448.8,1445.15,1446.05,9693,INFY,NaN,1440.6728508507524,1438.1169972211642,54.185737028239984,1447.3,25.339997200730117,,,,,
2025-10-01T14:40:00.000000,1446.05,1448.8,1445.25,1446.5,2098,INFY,NaN,1441.8382806806019,1438.8790883828765,55.93951351261336,1447.3,27.920455296694,,,,,
2025-10-01T14:45:00.000000,1446.5,1449.45,1446.05,1449.45,1904,INFY,NaN,1443.3606245444814,1439.8400803480695,57.89370197513191,1447.3,30.424959253470124,,,,,
2025-10-01T14:50:00.000000,1449.4,1449.5,1447.2,1447.2,2501,INFY,NaN,1444.128499635585,1440.5091639527905,58.906893624843235,1447.3,32.75916553129073,,,,,
2025-10-01T14:55:00.000000,1447.2,1447.8,1443.35,1445.7,1701,INFY,NaN,1444.442799708468,1440.9810581389004,59.371458982437055,1447.3,32.45289361076163,,,,,
2025-10-01T15:00:00.000000,1445.7,1446.2,1443.95,1444.85,51194,INFY,NaN,1444.5242397667744,1441.332780126273,59.545392765276866,1447.3,32.1684982559846,,,,,
2025-10-01T15:05:00.000000,1445.95,1446.95,1444.2,1445.05,70616,INFY,NaN,1444.6293918134195,1441.6707092057027,59.74035491913395,1447.3,32.138296046503044,,,,,
2025-10-01T15:10:00.000000,1445.05,1447.0,1444.6,1444.85,65787,INFY,NaN,1444.6735134507355,1441.959735641548,59.85318156395189,1447.3,32.12622133531831,,,,,
2025-10-01T15:15:00.000000,1444.7,1447.5,1444.6,1447.4,87698,INFY,NaN,1445.2188107605884,1442.4543051286798,60.43727603952533,1447.3,32.28059120967705,,,,,
2025-10-01T15:20:00.000000,1447.4,1447.4,1443.9,1446.25,64826,INFY,NaN,1445.4250486084707,1442.7993682988,60.593812831688304,1447.3,31.95523070243863,,,,,
2025-10-01T15:25:00.000000,1446.45,1448.0,1445.2,1445.2,10901,INFY,NaN,1445.3800388867764,1443.0176075443635,60.41029637912355,1447.3,31.875915759050503,,,,,
2025-10-03T09:15:00.000000,1443.45,1443.45,1435.0,1435.9,6941,INFY,NaN,1443.4840311094213,1442.3705523130577,58.32183540405031,1443.45,31.521061502131268,,,,,
2025-10-03T09:20:00.000000,1435.9,1440.0,1433.8,1438.85,3288,INFY,NaN,1442.557224887537,1442.0505021027798,57.04847906413737,1443.45,31.468052210077474,,,,,
2025-10-03T09:25:00.000000,1438.85,1440.0,1437.45,1437.45,1842,INFY,NaN,1441.5357799100295,1441.6322746388907,55.67801348929289,1443.45,31.41882929602752,,,,,
2025-10-03T09:30:00.000000,1437.45,1438.4,1435.0,1435.0,4036,INFY,NaN,1440.2286239280236,1441.0293405808097,54.08175237777897,1443.45,31.924065814182747,,,,,
2025-10-03T09:35:00.000000,1435.0,1440.95,1435.0,1439.2,4869,INFY,NaN,1440.022899142419,1440.8630368916452,53.448180344338375,1443.45,31.29486712328688,,,,,
2025-10-03T09:40:00.000000,1439.2,1441.35,1438.0,1441.15,714,INFY,NaN,1440.248319313935,1440.88912444695,53.2010739002667,1443.45,30.548706085123165,,,,,
2025-10-03T09:45:00.000000,1441.15,1443.95,1440.4,1443.75,1559,INFY,NaN,1440.9486554511482,1441.149204042682,53.37783771531463,1443.45,28.87037600979347,,,,,
2025-10-03T09:50:00.000000,1443.75,1443.75,1440.5,1442.35,701,INFY,NaN,1441.2289243609184,1441.2583673115291,53.28998889163932,1443.45,27.311926654130186,,,,,
2025-10-03T09:55:00.000000,1442.35,1443.1,1441.3,1442.9,344,INFY,NaN,1441.5631394887348,1441.4076066468447,53.299257559246136,1443.45,25.86479510958571,,,,,
2025-10-03T10:00:00.000000,1442.9,1443.55,1440.0,1440.35,1605,INFY,NaN,1441.3205115909877,1441.3114605880405,52.854408328731985,1443.45,24.96286007826626,,,,,
2025-10-03T10:05:00.000000,1440.35,1441.7,1439.9,1439.9,807,INFY,NaN,1441.0364092727903,1441.1831459891278,52.37477560962646,1443.45,24.159327165741622,,,,,
2025-10-03T10:10:00.000000,1439.9,1440.65,1438.2,1440.35,248,INFY,NaN,1440.8991274182322,1441.1074054446615,52.02840684494878,1443.45,23.97540772762232,,,,,
2025-10-03T10:15:00.000000,1440.35,1441.3,1438.95,1440.1,358,INFY,NaN,1440.7393019345857,1441.0158231315104,51.66659349193171,1443.45,23.49023080112273,,,,,
2025-10-03T10:20:00.000000,1440.1,1440.1,1438.35,1439.35,355,INFY,NaN,1440.4614415476685,1440.8643846650095,51.18944778457504,1443.45,23.245196710761185,,,,,
2025-10-03T10:25:00.000000,1439.35,1442.55,1439.0,1442.55,591,INFY,NaN,1440.879153238135,1441.017622422736,51.41979235988336,1443.45,21.881279985539027,,,,,
2025-10-03T10:30:00.000000,1443.2,1444.4,1441.55,1442.75,1144,INFY,NaN,1441.2533225905079,1441.1751112933964,51.666616304214166,1443.45,20.745536984460312,,,,,
2025-10-03T10:35:00.000000,1442.75,1442.75,1440.6,1440.6,660,INFY,NaN,1441.1226580724062,1441.1228284485421,51.41949174836498,1443.45,19.304478617086552,,,,,
2025-10-03T10:40:00.000000,1440.85,1441.3,1439.2,1439.2,597,INFY,NaN,1440.738126457925,1440.948025862311,50.91423966824743,1443.45,18.42319412832971,,,,,
2025-10-03T10:45:00.000000,1439.2,1441.5,1438.0,1441.35,751,INFY,NaN,1440.86050116634,1440.9845689657373,50.92226677471321,1443.45,18.034828382565337,,,,,
2025-10-03T10:50:00.000000,1441.35,1443.15,1440.25,1441.0,654,INFY,NaN,1440.888400933072,1440.9859717870338,50.853557283920935,1443.45,16.968575732259332,,,,,
2025-10-03T10:55:00.000000,1441.0,1442.15,1441.0,1442.15,328,INFY,NaN,1441.1407207464576,1441.091792533667,51.04012699592289,1443.45,15.978483985546614,,,,,
2025-10-03T11:00:00.000000,1442.15,1443.75,1441.8,1442.0,822,INFY,NaN,1441.312576597166,1441.1743568487882,51.17214551999024,1443.45,15.274559137755585,,,,,
2025-10-03T11:05:00.000000,1442.0,1443.4,1441.0,1442.3,144,INFY,NaN,1441.5100612777328,1441.2766880443528,51.361849536890375,1443.45,14.272302298547148,,,,,
2025-10-03T11:10:00.000000,1442.3,1442.35,1441.0,1441.35,1069,INFY,NaN,1441.4780490221863,1441.2833527675934,51.279179402023814,1443.45,13.341635233567885,,,,,
2025-10-03T11:15:00.000000,1441.35,1442.65,1440.9,1442.35,60,INFY,NaN,1441.652439217749,1441.3803206978123,51.45837002001741,1443.45,12.615768843294424,,,,,
2025-10-03T11:20:00.000000,1442.35,1442.95,1442.0,1442.5,174,INFY,NaN,1441.8219513741992,1441.4821097252839,51.658978523212134,1443.45,12.08477347155504,,,,,
2025-10-03T11:25:00.000000,1442.5,1443.9,1442.5,1443.55,351,INFY,NaN,1442.1675610993593,1441.670099750258,52.11052443477164,1443.45,12.037897389989093,,,,,
2025-10-03T11:30:00.000000,1443.55,1444.8,1442.35,1444.15,561,INFY,NaN,1442.5640488794875,1441.8955452275072,52.66944799463634,1443.45,12.392820910538601,,,,,
2025-10-03T11:35:00.000000,1444.15,1444.75,1443.6,1444.45,256,INFY,NaN,1442.94123910359,1442.1277683886428,53.25169029486472,1443.45,12.72239275104886,,,,,
2025-10-03T11:40:00.000000,1444.45,1444.45,1443.65,1444.15,371,INFY,NaN,1443.182991282872,1442.311607626039,53.66548582774242,1443.45,13.028423745808386,,,,,
2025-10-03T11:45:00.000000,1444.15,1445.9,1443.35,1444.9,1377,INFY,NaN,1443.5263930262977,1442.5469160236719,54.24801110995565,1443.45,13.979374968244182,,,,,
2025-10-03T11:50:00.000000,1444.9,1445.6,1444.9,1445.5,303,INFY,NaN,1443.921114421038,1442.815378203338,54.93790441442348,1443.45,14.862401103363132,,,,,
2025-10-03T11:55:00.000000,1445.5,1445.5,1444.0,1444.1,227,INFY,NaN,1443.9568915368304,1442.9321620030346,54.99682460584301,1443.45,15.006398709791958,,,,,
2025-10-03T12:00:00.000000,1444.1,1444.8,1440.95,1441.45,558,INFY,NaN,1443.4555132294643,1442.7974200027588,54.18023315321114,1443.45,14.521149364093153,,,,,
2025-10-03T12:05:00.000000,1441.45,1444.8,1441.45,1444.5,490,INFY,NaN,1443.6644105835715,1442.952200002508,54.30519999217073,1443.45,14.070560685944262,,,,,
2025-10-03T12:10:00.000000,1444.5,1445.0,1443.0,1443.0,511,INFY,NaN,1443.5315284668573,1442.9565454568256,53.98341007891956,1443.45,13.527989971193106,,,,,
2025-10-03T12:15:00.000000,1443.0,1443.55,1441.45,1442.3,82,INFY,NaN,1443.2852227734859,1442.8968595062051,53.499670345668065,1443.45,13.813946798501037,,,,,
2025-10-03T12:20:00.000000,1442.3,1442.5,1440.5,1440.7,350,INFY,NaN,1442.7681782187888,1442.697145005641,52.647280538766616,1443.45,14.50586677811299,,,,,
2025-10-03T12:25:00.000000,1440.7,1440.7,1439.8,1440.25,665,INFY,NaN,1442.264542575031,1442.4746772778556,51.76464817646188,1443.45,15.44517327825879,,,,,
2025-10-03T12:30:00.000000,1440.25,1440.4,1438.3,1438.3,803,INFY,NaN,1441.4716340600248,1442.095161161687,50.51503593569854,1443.45,16.892975417143266,,,,,
2025-10-03T12:35:00.000000,1438.3,1439.8,1438.0,1438.6,352,INFY,NaN,1440.8973072480198,1441.7774192378972,49.48825276537311,1443.45,18.344945951734108,,,,,
2025-10-03T12:40:00.000000,1438.6,1440.35,1438.3,1440.35,233,INFY,NaN,1440.787845798416,1441.6476538526338,49.13554396129255,1443.45,19.259857125540854,,,,,
2025-10-03T12:45:00.000000,1440.35,1440.7,1439.9,1440.05,158,INFY,NaN,1440.6402766387328,1441.5024125933035,48.737071014126535,1443.45,19.833916044203004,,,,,
2025-10-03T12:50:00.000000,1440.05,1441.3,1439.45,1440.65,275,INFY,NaN,1440.6422213109863,1441.424920539367,48.57429801355678,1443.45,19.898732135010164,,,,,
2025-10-03T12:55:00.000000,1440.65,1442.0,1440.65,1441.8,210,INFY,NaN,1440.873777048789,1441.4590186721516,48.791436269702466,1443.45,19.434823482429582,,,,,
2025-10-03T13:00:00.000000,1441.8,1442.5,1440.9,1442.5,6033,INFY,NaN,1441.1990216390311,1441.5536533383197,49.19949758350934,1443.45,18.64230990113311,,,,,
2025-10-03T13:05:00.000000,1442.5,1445.0,1442.5,1444.6,44350,INFY,NaN,1441.879217311225,1441.830593943927,50.13824158114426,1443.45,18.2151519437188,,,,,
2025-10-03T13:10:00.000000,1444.6,1445.5,1444.45,1444.45,374,INFY,NaN,1442.39337384898,1442.0687217672064,50.932977904283206,1443.45,18.06853554169207,,,,,
2025-10-03T13:15:00.000000,1444.45,1444.45,1443.2,1443.9,709,INFY,NaN,1442.694699079184,1442.2352016065513,51.446387719096506,1443.45,17.12426784618644,,,,,
2025-10-03T13:20:00.000000,1443.9,1443.9,1443.2,1443.2,104,INFY,NaN,1442.7957592633472,1442.3229105514104,51.65252935736265,1443.45,16.247447843216925,,,,,
2025-10-03T13:25:00.000000,1443.2,1443.4,1441.6,1442.1,586,INFY,NaN,1442.6566074106777,1442.3026459558275,51.45422125609165,1443.45,15.686608671079458,,,,,
2025-10-03T13:30:00.000000,1442.1,1442.9,1441.55,1441.55,329,INFY,NaN,1442.435285928542,1442.234223596207,51.090679632174364,1443.45,15.1935276642492,,,,,
2025-10-03T13:35:00.000000,1441.55,1442.9,1441.55,1441.8,198,INFY,NaN,1442.3082287428335,1442.1947487238244,50.855183786262316,1443.45,14.735666729335387,,,,,
2025-10-03T13:40:00.000000,1441.8,1442.75,1441.7,1441.7,98,INFY,NaN,1442.186582994267,1442.149771567113,50.605049801419426,1443.45,14.310510146915417,,,,,
2025-10-03T13:45:00.000000,1441.7,1442.9,1441.7,1442.3,90,INFY,NaN,1442.2092663954136,1442.1634286973754,50.62123397917707,1443.45,13.794399804853155,,,,,
2025-10-03T13:50:00.000000,1442.3,1442.5,1442.0,1442.05,81,INFY,NaN,1442.1774131163309,1442.153116997614,50.53146273291842,1443.45,13.31515448722391,,,,,
2025-10-03T13:55:00.000000,1442.05,1442.9,1441.3,1441.3,434,INFY,NaN,1442.0019304930647,1442.0755609069217,50.1417102598542,1443.45,13.387280378757655,,,,,
2025-10-03T14:00:00.000000,1441.3,1442.35,1441.3,1442.2,586,INFY,NaN,1442.0415443944519,1442.086873551747,50.185541979074564,1443.45,13.454254420896131,,,,,
2025-10-03T14:05:00.000000,1442.2,1442.9,1441.2,1441.2,324,INFY,NaN,1441.8732355155614,1442.0062486834063,49.815141189710275,1443.45,12.975060629784405,,,,,
2025-10-03T14:10:00.000000,1441.2,1441.75,1440.05,1440.05,391,INFY,NaN,1441.5085884124492,1441.8284078940057,49.059680788899335,1443.45,13.3953152563719,,,,,
2025-10-03T14:15:00.000000,1440.05,1441.6,1439.75,1441.5,6991,INFY,NaN,1441.5068707299592,1441.7985526309144,49.010539892105,1443.45,13.989604115652684,,,,,
2025-10-03T14:20:00.000000,1441.5,1441.55,1440.75,1441.55,1825,INFY,NaN,1441.5154965839674,1441.775956937195,48.986848261046504,1443.45,14.541443770699127,,,,,
2025-10-03T14:25:00.000000,1441.55,1441.95,1441.1,1441.95,142,INFY,NaN,1441.602397267174,1441.7917790338136,49.137312581369486,1443.45,14.60498646123555,,,,,
2025-10-03T14:30:00.000000,1441.95,1442.4,1441.2,1442.4,468,INFY,NaN,1441.7619178137393,1441.8470718489214,49.46614934916485,1443.45,14.178597026659412,,,,,
2025-10-03T14:35:00.000000,1442.4,1445.0,1442.4,1445.0,487,INFY,NaN,1442.4095342509913,1442.1337016808377,50.68020052888751,1443.45,14.629385660674926,,,,,
2025-10-03T14:40:00.000000,1445.0,1446.9,1444.7,1446.9,1378,INFY,NaN,1443.307627400793,1442.5670015280343,52.27432313928764,1443.45,16.03747723311301,,,,,
2025-10-03T14:45:00.000000,1446.9,1448.35,1446.1,1446.6,1264,INFY,NaN,1443.9661019206344,1442.9336377527584,53.569678819262734,1443.45,17.932420631411613,,,,,
2025-10-03T14:50:00.000000,1446.6,1448.0,1445.8,1447.25,354,INFY,NaN,1444.6228815365075,1443.3260343206894,54.90641783376319,1443.45,19.41552425419295,,,,,
2025-10-03T14:55:00.000000,1447.25,1448.1,1447.25,1448.1,636,INFY,NaN,1445.318305229206,1443.7600312006266,56.32142598904029,1443.45,20.83495846971317,,,,,
2025-10-03T15:00:00.000000,1448.65,1448.7,1447.0,1447.0,509,INFY,NaN,1445.6546441833648,1444.0545738187514,57.03708937507812,1443.45,22.40759668244564,,,,,
2025-10-03T15:05:00.000000,1447.0,1447.2,1446.0,1446.25,1462,INFY,NaN,1445.773715346692,1444.2541580170466,57.327544744822085,1443.45,22.895205097695243,,,,,
2025-10-03T15:10:00.000000,1446.25,1447.0,1446.0,1446.5,1192,INFY,NaN,1445.9189722773535,1444.4583254700424,57.66882187636908,1443.45,23.347984340427015,,,,,
2025-10-03T15:15:00.000000,1446.5,1448.2,1446.2,1446.55,11043,INFY,NaN,1446.0451778218828,1444.6484777000385,57.99407839090209,1443.45,24.360479343289462,,,,,
2025-10-03T15:20:00.000000,1446.55,1446.7,1445.0,1445.6,9389,INFY,NaN,1445.9561422575061,1444.7349797273077,57.80512327830934,1443.45,24.200363471434535,,,,,
2025-10-03T15:25:00.000000,1445.6,1447.65,1444.4,1444.6,3303,INFY,NaN,1445.684913806005,1444.722708843007,57.17509740468168,1443.45,24.53661597015539,,,,,
2025-10-06T09:15:00.000000,1446.55,1453.25,1442.05,1451.8,4518,INFY,NaN,1446.907931044804,1445.3660989481882,58.46555480754368,1453.25,26.657857293004025,,,,,
2025-10-06T09:20:00.000000,1452.0,1452.0,1447.4,1449.0,2001,INFY,NaN,1447.3263448358432,1445.696453589262,58.66617553061341,1453.25,28.62758137850633,,,,,
2025-10-06T09:25:00.000000,1449.0,1449.95,1447.0,1449.25,427,INFY,NaN,1447.7110758686745,1446.0195032629656,58.89881557607933,1453.25,30.140813025443006,,,,,
2025-10-06T09:30:00.000000,1449.25,1452.85,1447.95,1449.6,679,INFY,NaN,1448.0888606949395,1446.3450029663325,59.183802905071246,1453.25,32.201543900189925,,,,,
2025-10-06T09:35:00.000000,1449.6,1450.25,1448.25,1448.65,244,INFY,NaN,1448.2010885559516,1446.5545481512113,59.11432103047633,1453.25,34.11507971245493,,,,,
2025-10-06T09:40:00.000000,1448.65,1453.0,1448.65,1452.75,1406,INFY,NaN,1449.1108708447614,1447.1177710465556,59.86318391777863,1453.25,36.38242606928319,,,,,
2025-10-06T09:45:00.000000,1453.1,1455.0,1452.0,1455.0,3185,INFY,NaN,1450.2886966758092,1447.8343373150506,60.88080466815732,1453.25,38.77057080443166,,,,,
2025-10-06T09:50:00.000000,1455.0,1455.95,1451.45,1451.45,941,INFY,NaN,1450.5209573406473,1448.1630339227731,60.758639721736394,1453.25,41.1088432025111,,,,,
2025-10-06T09:55:00.000000,1451.45,1453.35,1451.0,1452.5,253,INFY,NaN,1450.9167658725178,1448.5573035661573,60.82938292660901,1453.25,42.93992711568471,,,,,
2025-10-06T10:00:00.000000,1452.5,1455.0,1452.1,1452.75,631,INFY,NaN,1451.2834126980142,1448.9384577874157,60.93715067766871,1453.25,44.874942154418434,,,,,
2025-10-06T10:05:00.000000,1452.75,1454.25,1452.15,1452.4,700,INFY,NaN,1451.5067301584113,1449.2531434431053,60.93034200777072,1453.25,46.671741833242606,,,,,
2025-10-06T10:10:00.000000,1452.4,1455.35,1451.1,1455.35,406,INFY,NaN,1452.275384126729,1449.8074031300957,61.43951581902389,1453.25,48.492139631155325,,,,,
2025-10-06T10:15:00.000000,1455.35,1461.0,1455.35,1460.15,1959,INFY,NaN,1453.8503073013833,1450.747639209178,62.52658636444935,1453.25,50.74318634231425,,,,,
2025-10-06T10:20:00.000000,1460.15,1460.5,1458.75,1458.8,704,INFY,NaN,1454.8402458411067,1451.4796720083436,63.12312037251468,1453.25,52.83344400267611,,,,,
2025-10-06T10:25:00.000000,1458.8,1459.75,1456.8,1458.3,960,INFY,NaN,1455.5321966728854,1452.099701825767,63.52026205950193,1453.25,53.470596709058746,,,,,
2025-10-06T10:30:00.000000,1458.3,1461.45,1458.0,1461.45,1547,INFY,NaN,1456.7157573383083,1452.9497289325154,64.2803406309271,1453.25,54.299713348155805,,,,,
2025-10-06T10:35:00.000000,1461.45,1462.0,1460.05,1461.1,1324,INFY,NaN,1457.5926058706466,1453.6906626659231,64.86478676432688,1453.25,55.14293428379102,,,,,
2025-10-06T10:40:00.000000,1461.1,1461.3,1459.0,1459.75,514,INFY,NaN,1458.0240846965173,1454.2415115144756,64.99623728419162,1453.25,55.24972452514716,,,,,
2025-10-06T10:45:00.000000,1459.75,1462.45,1458.7,1458.7,469,INFY,NaN,1458.159267757214,1454.6468286495233,64.81687982363708,1453.25,55.54397956199774,,,,,
2025-10-06T10:50:00.000000,1458.7,1458.7,1457.2,1458.55,880,INFY,NaN,1458.237414205771,1455.0016624086575,64.61119883398796,1453.25,54.891890901560714,,,,,
2025-10-06T10:55:00.000000,1458.55,1459.65,1457.55,1457.55,638,INFY,NaN,1458.0999313646169,1455.233329462416,64.13097883417971,1453.25,54.487436489865495,,,,,
2025-10-06T11:00:00.000000,1457.55,1459.7,1457.25,1459.0,484,INFY,NaN,1458.2799450916934,1455.5757540567417,63.97168272287919,1453.25,53.924794847980806,,,,,
2025-10-06T11:05:00.000000,1459.0,1459.5,1458.5,1458.6,334,INFY,NaN,1458.3439560733548,1455.850685506129,63.703889494628534,1453.25,53.402341894802156,,,,,
2025-10-06T11:10:00.000000,1458.6,1462.4,1458.2,1462.4,723,INFY,NaN,1459.1551648586837,1456.4460777328445,64.11038946162739,1453.25,53.54419625358945,,,,,
2025-10-06T11:15:00.000000,1462.4,1462.7,1460.95,1461.85,802,INFY,NaN,1459.694131886947,1456.937343393495,64.30590746941161,1453.25,53.73323441373724,,,,,
2025-10-06T11:20:00.000000,1461.85,1464.35,1460.85,1462.6,483,INFY,NaN,1460.2753055095575,1457.4521303577228,64.60400261836702,1453.25,54.21005388642641,,,,,
2025-10-06T11:25:00.000000,1462.6,1466.4,1462.0,1465.95,1585,INFY,NaN,1461.410244407646,1458.2246639615662,65.34882141821896,1453.25,54.97554429421617,,,,,
2025-10-06T11:30:00.000000,1465.95,1467.5,1465.35,1467.5,705,INFY,NaN,1462.6281955261168,1459.0678763286965,66.20895873335482,1453.25,55.841345869574084,,,,,
2025-10-06T11:35:00.000000,1467.5,1467.65,1465.3,1466.0,865,INFY,NaN,1463.3025564208933,1459.698069389724,66.49963164444172,1453.25,56.66646473933092,,,,,
2025-10-06T11:40:00.000000,1466.0,1467.15,1465.15,1465.5,431,INFY,NaN,1463.7420451367148,1460.2255176270219,66.6035796367089,1453.25,57.31782752503835,,,,,
2025-10-06T11:45:00.000000,1465.5,1466.5,1463.7,1465.25,271,INFY,NaN,1464.0436361093718,1460.682288751838,66.61512583590067,1453.25,56.846436848221245,,,,,
2025-10-06T11:50:00.000000,1465.25,1465.25,1461.55,1462.55,656,INFY,NaN,1463.7449088874976,1460.8520806834892,65.80119404791478,1453.25,55.04436613385466,,,,,
2025-10-06T11:55:00.000000,1462.55,1464.85,1461.95,1464.1,520,INFY,NaN,1463.815927109998,1461.1473460758993,65.36127909658201,1453.25,53.37101475622854,,,,,
2025-10-06T12:00:00.000000,1464.1,1467.15,1464.1,1466.4,476,INFY,NaN,1464.3327416879984,1461.6248600689994,65.35537000651422,1453.25,52.48084403621399,,,,,
2025-10-06T12:05:00.000000,1466.4,1466.4,1463.3,1465.0,420,INFY,NaN,1464.4661933503987,1461.9316909718177,64.94574918170039,1453.25,51.166815276551,,,,,
2025-10-06T12:10:00.000000,1465.0,1465.0,1463.5,1464.1,161,INFY,NaN,1464.392954680319,1462.1288099743797,64.32472168442779,1453.25,49.9466457140068,,,,,
2025-10-06T12:15:00.000000,1464.1,1466.35,1463.0,1464.6,1965,INFY,NaN,1464.4343637442553,1462.3534636130723,63.86229902959956,1453.25,49.22125392571411,,,,,
2025-10-06T12:20:00.000000,1464.6,1464.6,1462.2,1463.5,343,INFY,NaN,1464.2474909954042,1462.457694193702,63.12578494535849,1453.25,48.024876037281764,,,,,
2025-10-06T12:25:00.000000,1463.5,1463.5,1460.25,1460.25,407,INFY,NaN,1463.4479927963234,1462.2569947215472,61.64889345856323,1453.25,45.77060028498051,,,,,
2025-10-06T12:30:00.000000,1460.25,1460.5,1459.15,1460.1,440,INFY,NaN,1462.7783942370588,1462.0609042923156,60.278736031177864,1453.25,43.10845063704807,,,,,
2025-10-06T12:35:00.000000,1460.1,1460.1,1458.25,1459.25,291,INFY,NaN,1462.072715389647,1461.8053675384688,58.842574785002434,1453.25,40.19601001869756,,,,,
2025-10-06T12:40:00.000000,1459.25,1461.5,1458.05,1460.0,158,INFY,NaN,1461.6581723117176,1461.6412432167897,57.75106512188781,1453.25,38.09802513144566,,,,,
2025-10-06T12:45:00.000000,1460.0,1461.25,1459.9,1460.7,264,INFY,NaN,1461.4665378493742,1461.555675651627,56.956404864550116,1453.25,36.1498963075689,,,,,
2025-10-06T12:50:00.000000,1460.7,1461.6,1460.2,1461.3,56,INFY,NaN,1461.4332302794994,1461.53243241057,56.40275616711829,1453.25,34.49751543016924,,,,,
2025-10-06T12:55:00.000000,1461.3,1463.95,1461.3,1462.65,45,INFY,NaN,1461.6765842235995,1461.6340294641545,56.2590013056394,1453.25,33.90093082235329,,,,,
2025-10-06T13:00:00.000000,1462.65,1466.0,1462.3,1466.0,394,INFY,NaN,1462.5412673788796,1462.0309358765041,56.86015411490245,1453.25,34.00207840708196,,,,,
2025-10-06T13:05:00.000000,1466.0,1467.25,1465.3,1467.25,213,INFY,NaN,1463.4830139031037,1462.5053962513673,57.63226134901418,1453.25,34.444360633310275,,,,,
2025-10-06T13:10:00.000000,1467.25,1467.25,1464.8,1466.25,403,INFY,NaN,1464.036411122483,1462.8458147739702,58.00740840638764,1453.25,34.540037039582806,,,,,
2025-10-06T13:15:00.000000,1466.25,1467.5,1465.0,1465.0,213,INFY,NaN,1464.2291288979864,1463.0416497945184,57.96133008553402,1453.25,34.70528144934798,,,,,
2025-10-06T13:20:00.000000,1465.0,1465.65,1463.45,1464.5,480,INFY,NaN,1464.283303118389,1463.1742270859258,57.76876925613665,1453.25,33.88037231473668,,,,,
2025-10-06T13:25:00.000000,1464.5,1465.0,1463.5,1465.0,108,INFY,NaN,1464.4266424947114,1463.3402064417508,57.7154128186535,1453.25,33.11438526116905,,,,,
2025-10-06T13:30:00.000000,1465.0,1468.0,1465.0,1467.0,297,INFY,NaN,1464.9413139957692,1463.6729149470461,58.11697787733332,1453.25,33.410017480274995,,,,,
2025-10-06T13:35:00.000000,1467.0,1467.15,1465.7,1466.5,417,INFY,NaN,1465.2530511966154,1463.929922679133,58.31007443942077,1453.25,33.68453311230195,,,,,
2025-10-06T13:40:00.000000,1466.5,1469.0,1465.7,1468.05,525,INFY,NaN,1465.8124409572922,1464.3044751628481,58.81835590859815,1453.25,34.45926203912911,,,,,
2025-10-06T13:45:00.000000,1468.05,1469.0,1466.0,1466.5,8160,INFY,NaN,1465.9499527658338,1464.5040683298619,58.75415112169551,1453.25,35.17865318546861,,,,,
2025-10-06T13:50:00.000000,1466.5,1466.5,1463.25,1465.15,686,INFY,NaN,1465.789962212667,1464.5627893907836,58.28067922016327,1453.25,34.12641398986287,,,,,
2025-10-06T13:55:00.000000,1465.15,1468.85,1465.15,1468.0,498,INFY,NaN,1466.2319697701337,1464.8752630825304,58.49359098942059,1453.25,33.90485226520513,,,,,
2025-10-06T14:00:00.000000,1468.0,1471.05,1468.0,1470.05,2521,INFY,NaN,1466.995575816107,1465.3456937113913,59.067574595405475,1453.25,34.281477838271535,,,,,
2025-10-06T14:05:00.000000,1470.05,1472.0,1469.55,1470.95,391,INFY,NaN,1467.7864606528856,1465.8551761012648,59.741495648033165,1453.25,34.85756580924501,,,,,
2025-10-06T14:10:00.000000,1470.95,1470.95,1469.55,1470.95,335,INFY,NaN,1468.4191685223084,1466.3183419102406,60.35123374326774,1453.25,35.39250463943467,,,,,
2025-10-06T14:15:00.000000,1470.95,1470.95,1468.25,1468.5,1978,INFY,NaN,1468.4353348178468,1466.5166744638552,60.10779978291304,1453.25,35.11267164371911,,,,,
2025-10-06T14:20:00.000000,1468.5,1469.8,1468.5,1468.6,399,INFY,NaN,1468.4682678542774,1466.7060676944138,59.90972746773363,1453.25,34.85282671912609,,,,,
2025-10-06T14:25:00.000000,1468.6,1469.5,1467.0,1467.5,106,INFY,NaN,1468.274614283422,1466.778243358558,59.39146561741422,1453.25,33.740726867716496,,,,,
2025-10-06T14:30:00.000000,1467.5,1470.7,1466.75,1469.55,398,INFY,NaN,1468.5296914267376,1467.0302212350527,59.39796621526733,1453.25,33.134584982990134,,,,,
2025-10-06T14:35:00.000000,1469.55,1473.0,1469.55,1472.55,916,INFY,NaN,1469.3337531413902,1467.5320193045934,59.97266029180761,1453.25,33.27899672237877,,,,,
2025-10-06T14:40:00.000000,1472.55,1474.4,1472.05,1472.45,176,INFY,NaN,1469.9570025131122,1467.9791084587214,60.459838723012986,1453.25,33.78316158837287,,,,,
2025-10-06T14:45:00.000000,1472.45,1472.6,1470.0,1470.0,1968,INFY,NaN,1469.9656020104899,1468.1628258715648,60.14507665428174,1453.25,33.1296537479572,,,,,
2025-10-06T14:50:00.000000,1470.0,1474.2,1470.0,1472.1,301,INFY,NaN,1470.3924816083918,1468.5207507923317,60.272953631655184,1453.25,32.985607117240264,,,,,
2025-10-06T14:55:00.000000,1472.1,1473.95,1472.1,1472.4,711,INFY,NaN,1470.7939852867135,1468.8734098112106,60.44484359924072,1453.25,32.85184953157454,,,,,
2025-10-06T15:00:00.000000,1473.1,1475.9,1472.2,1473.5,1908,INFY,NaN,1471.3351882293707,1469.2940089192823,60.80638580204821,1453.25,33.26075912533966,,,,,
2025-10-06T15:05:00.000000,1473.5,1475.65,1473.5,1475.5,254,INFY,NaN,1472.1681505834965,1469.8581899266203,61.475666177212034,1453.25,33.6404608909787,,,,,
2025-10-06T15:10:00.000000,1475.5,1476.1,1474.0,1475.0,914,INFY,NaN,1472.7345204667972,1470.3256272060185,61.91105347052857,1453.25,34.116678275151024,,,,,
2025-10-06T15:15:00.000000,1475.0,1476.6,1472.55,1476.6,9505,INFY,NaN,1473.5076163734377,1470.896024732744,62.57404816729462,1453.25,33.66615472779572,,,,,
2025-10-06T15:20:00.000000,1476.3,1478.6,1475.95,1477.5,2351,INFY,NaN,1474.3060930987501,1471.4963861206763,63.31616240261768,1453.25,33.8503669463053,,,,,
2025-10-06T15:25:00.000000,1477.5,1478.0,1471.9,1474.8,2510,INFY,NaN,1474.404874479,1471.7967146551603,63.088063864352534,1453.25,32.04508312637516,,,,,
2025-10-07T09:15:00.000000,1479.35,1483.0,1475.25,1475.85,1815,INFY,NaN,1474.6938995832,1472.1651951410547,63.07977492930843,1483.0,31.75708117616856,,,,,
2025-10-07T09:20:00.000000,1476.5,1479.9,1470.05,1472.1,2731,INFY,NaN,1474.17511966656,1472.1592683100498,62.05273287284022,1483.0,29.731129448577324,,,,,
2025-10-07T09:25:00.000000,1472.1,1473.05,1467.0,1467.6,2975,INFY,NaN,1472.860095733248,1471.7447893727726,60.226743168596684,1483.0,28.16504327568216,,,,,
2025-10-07T09:30:00.000000,1467.6,1468.8,1464.0,1467.6,1495,INFY,NaN,1471.8080765865984,1471.3679903388843,58.57465724570968,1483.0,27.388646885935604,,,,,
2025-10-07T09:35:00.000000,1467.2,1467.5,1465.6,1466.65,683,INFY,NaN,1470.7764612692788,1470.9390821262584,56.90748477264245,1483.0,26.667707381170946,,,,,
2025-10-07T09:40:00.000000,1466.65,1469.0,1465.85,1467.9,579,INFY,NaN,1470.2011690154231,1470.662801932962,55.715924170108096,1483.0,25.526354373201936,,,,,
2025-10-07T09:45:00.000000,1467.9,1468.35,1465.75,1466.7,1476,INFY,NaN,1469.5009352123386,1470.3025472117838,54.40468442620211,1483.0,24.492220118813485,,,,,
2025-10-07T09:50:00.000000,1466.7,1471.7,1466.55,1471.7,965,INFY,NaN,1469.9407481698709,1470.429588374349,54.31501024595031,1483.0,22.95992673905232,,,,,
2025-10-07T09:55:00.000000,1471.7,1472.9,1471.1,1471.25,352,INFY,NaN,1470.2025985358966,1470.504171249408,54.13783134709834,1483.0,21.860221486816776,,,,,
2025-10-07T10:00:00.000000,1471.25,1472.0,1469.8,1471.45,858,INFY,NaN,1470.4520788287173,1470.59015568128,54.01804277073078,1483.0,20.44243144284822,,,,,
2025-10-07T10:05:00.000000,1471.45,1471.45,1467.05,1468.05,1591,INFY,NaN,1469.971663062974,1470.3592324375272,53.200798629180284,1483.0,19.605359807203616,,,,,
2025-10-07T10:10:00.000000,1468.05,1468.7,1466.05,1466.25,1078,INFY,NaN,1469.2273304503792,1469.9856658522974,52.139921313446834,1483.0,19.086116724989438,,,,,
2025-10-07T10:15:00.000000,1466.25,1466.9,1463.7,1464.4,2233,INFY,NaN,1468.2618643603034,1469.477878047543,50.87572670218917,1483.0,19.17404945066614,,,,,
2025-10-07T10:20:00.000000,1464.4,1464.4,1462.0,1462.0,641,INFY,NaN,1467.0094914882427,1468.798070952312,49.376732128053824,1483.0,19.632656805509153,,,,,
2025-10-07T10:25:00.000000,1462.0,1464.9,1461.15,1464.65,483,INFY,NaN,1466.5375931905942,1468.4209735930108,48.653199225904494,1483.0,20.241513070304762,,,,,
2025-10-07T10:30:00.000000,1464.65,1465.85,1464.0,1464.65,595,INFY,NaN,1466.1600745524754,1468.078157811828,47.998574219197955,1483.0,20.44258240349115,,,,,
2025-10-07T10:35:00.000000,1464.65,1465.8,1464.0,1465.4,197,INFY,NaN,1466.0080596419803,1467.8346889198438,47.58663602619799,1483.0,20.62928964144994,,,,,
2025-10-07T10:40:00.000000,1465.4,1466.15,1464.85,1465.6,257,INFY,NaN,1465.9264477135841,1467.631535381676,47.26357231094901,1483.0,20.655696886881227,,,,,
2025-10-07T10:45:00.000000,1465.6,1465.6,1464.25,1464.85,267,INFY,NaN,1465.7111581708673,1467.3786685287964,46.81964619329042,1483.0,20.84918549821241,,,,,
2025-10-07T10:50:00.000000,1464.85,1465.35,1463.7,1463.75,1230,INFY,NaN,1465.3189265366939,1467.048789571633,46.1995581153963,1483.0,21.186014684375184,,,,,
2025-10-07T10:55:00.000000,1463.75,1465.4,1463.75,1465.2,2042,INFY,NaN,1465.295141229355,1466.8807177923936,46.04215845428801,1483.0,21.473645156943203,,,,,
2025-10-07T11:00:00.000000,1465.2,1465.2,1463.25,1463.45,471,INFY,NaN,1464.926112983484,1466.5688343567215,45.54131289985863,1483.0,21.89725595389959,,,,,
2025-10-07T11:05:00.000000,1463.45,1465.2,1463.4,1465.05,195,INFY,NaN,1464.9508903867873,1466.4307585061104,45.52128149665381,1483.0,22.290608836787666,,,,,
2025-10-07T11:10:00.000000,1465.05,1465.05,1463.1,1464.95,719,INFY,NaN,1464.9507123094297,1466.2961440964639,45.48095650686937,1483.0,22.75948037139435,,,,,
2025-10-07T11:15:00.000000,1464.95,1465.0,1462.6,1462.9,564,INFY,NaN,1464.5405698475438,1465.9874037240581,45.006570371420125,1483.0,23.370810577895124,,,,,
2025-10-07T11:20:00.000000,1462.9,1463.35,1462.0,1462.0,861,INFY,NaN,1464.032455878035,1465.6249124764165,44.39998494254536,1483.0,24.148581446020785,,,,,
2025-10-07T11:25:00.000000,1462.0,1464.05,1462.0,1463.0,203,INFY,NaN,1463.825964702428,1465.3862840694696,44.15598013736978,1483.0,24.381116278083166,,,,,
2025-10-07T11:30:00.000000,1463.0,1465.35,1463.0,1463.65,714,INFY,NaN,1463.7907717619426,1465.2284400631543,44.13032892615932,1483.0,23.753802090685088,,,,,
2025-10-07T11:35:00.000000,1463.65,1463.7,1461.0,1461.0,229,INFY,NaN,1463.232617409554,1464.8440364210494,43.54729977174759,1483.0,23.973643671563273,,,,,
2025-10-07T11:40:00.000000,1461.0,1461.7,1460.5,1461.7,453,INFY,NaN,1462.9260939276433,1464.5582149282268,43.236490636238024,1483.0,24.358571575130583,,,,,
2025-10-07T11:45:00.000000,1461.7,1462.5,1460.45,1460.45,779,INFY,NaN,1462.4308751421147,1464.1847408438425,42.702340587338796,1483.0,24.196225753734506,,,,,
2025-10-07T11:50:00.000000,1460.45,1461.75,1460.45,1461.0,321,INFY,NaN,1462.1447001136917,1463.8952189489478,42.39901443698844,1483.0,24.04547606243815,,,,,
2025-10-07T11:55:00.000000,1461.0,1461.6,1460.9,1461.35,196,INFY,NaN,1461.9857600909534,1463.6638354081344,42.241732313192244,1483.0,23.905494206234398,,,,,
2025-10-07T12:00:00.000000,1461.35,1462.05,1461.15,1462.05,128,INFY,NaN,1461.9986080727626,1463.517123098304,42.3362582641018,1483.0,23.443984360150573,,,,,
2025-10-07T12:05:00.000000,1462.05,1463.25,1460.25,1460.45,522,INFY,NaN,1461.6888864582102,1463.238293725731,42.036243899807666,1483.0,22.18970976202757,,,,,
2025-10-07T12:10:00.000000,1460.45,1461.8,1459.6,1460.5,1636,INFY,NaN,1461.4511091665681,1462.9893579324828,41.78299557792971,1483.0,21.39006460231736,,,,,
2025-10-07T12:15:00.000000,1460.5,1460.5,1457.3,1459.0,853,INFY,NaN,1460.9608873332545,1462.6266890295299,41.20834168417196,1483.0,21.73750134464505,,,,,
2025-10-07T12:20:00.000000,1459.0,1459.0,1457.3,1457.5,534,INFY,NaN,1460.2687098666036,1462.1606263904816,40.381090700016536,1483.0,22.060121176806472,,,,,
2025-10-07T12:25:00.000000,1457.5,1460.15,1457.05,1458.75,1181,INFY,NaN,1459.9649678932828,1461.8505694458925,40.11420655977762,1483.0,21.544206551206972,,,,,
2025-10-07T12:30:00.000000,1458.75,1460.4,1458.1,1459.15,568,INFY,NaN,1459.8019743146262,1461.6050631326295,40.022398718132024,1483.0,20.89508982472575,,,,,
2025-10-07T12:35:00.000000,1459.15,1461.15,1458.5,1460.3,306,INFY,NaN,1459.901579451701,1461.4864210296632,40.35837445502734,1483.0,19.788099228242267,,,,,
2025-10-07T12:40:00.000000,1460.3,1465.5,1460.3,1465.4,1569,INFY,NaN,1461.001263561361,1461.8422009360575,42.04237233051969,1483.0,20.109580441079636,,,,,
2025-10-07T12:45:00.000000,1465.4,1466.45,1464.95,1465.0,1451,INFY,NaN,1461.8010108490887,1462.129273578234,43.44868579673962,1483.0,20.744082202981286,,,,,
2025-10-07T12:50:00.000000,1465.0,1466.4,1464.75,1466.25,755,INFY,NaN,1462.690808679271,1462.5038850711219,44.99525620079952,1483.0,21.205283247399137,,,,,
2025-10-07T12:55:00.000000,1466.25,1466.25,1464.0,1465.75,162,INFY,NaN,1463.3026469434167,1462.7989864282927,46.23586514961275,1483.0,21.150951832434053,,,,,
2025-10-07T13:00:00.000000,1465.75,1466.65,1465.0,1465.3,175,INFY,NaN,1463.7021175547334,1463.026351298448,47.212764330520244,1483.0,21.26872587826358,,,,,
2025-10-07T13:05:00.000000,1465.3,1465.6,1464.75,1465.6,134,INFY,NaN,1464.0816940437867,1463.2603193622253,48.17353051601294,1483.0,21.206725701440273,,,,,
2025-10-07T13:10:00.000000,1465.6,1465.6,1464.75,1465.1,219,INFY,NaN,1464.2853552350293,1463.4275630565685,48.866856746289976,1483.0,21.149154108675777,,,,,
2025-10-07T13:15:00.000000,1465.1,1468.15,1465.1,1467.4,374,INFY,NaN,1464.9082841880236,1463.7886936877896,50.07841317728762,1483.0,22.163025648438783,,,,,
2025-10-07T13:20:00.000000,1467.4,1468.5,1466.3,1467.5,2154,INFY,NaN,1465.4266273504188,1464.126085170718,51.19802142259974,1483.0,23.229167053560868,,,,,
2025-10-07T13:25:00.000000,1467.5,1467.5,1464.75,1465.75,313,INFY,NaN,1465.491301880335,1464.2737137915617,51.57654108388002,1483.0,23.1021277743265,,,,,
2025-10-07T13:30:00.000000,1465.75,1465.9,1463.65,1463.65,833,INFY,NaN,1465.123041504268,1464.2170125377834,51.27683878449764,1483.0,22.288491868166282,,,,,
2025-10-07T13:35:00.000000,1463.65,1464.8,1462.8,1464.4,454,INFY,NaN,1464.9784332034144,1464.2336477616213,51.22617874058748,1483.0,21.033794228214155,,,,,
2025-10-07T13:40:00.000000,1464.4,1465.1,1464.0,1464.2,152,INFY,NaN,1464.8227465627315,1464.2305888742012,51.11882727510582,1483.0,20.026780660477048,,,,,
2025-10-07T13:45:00.000000,1464.2,1466.15,1464.2,1465.75,136,INFY,NaN,1465.0081972501853,1464.3687171583647,51.47809888200683,1483.0,19.626790843248358,,,,,
2025-10-07T13:50:00.000000,1465.75,1466.35,1465.0,1465.0,915,INFY,NaN,1465.0065578001481,1464.4261065076043,51.55401304244512,1483.0,19.35465971303146,,,,,
2025-10-07T13:55:00.000000,1465.0,1465.85,1463.6,1463.95,1609,INFY,NaN,1464.7952462401186,1464.382824097822,51.288951335379174,1483.0,18.19946870861185,,,,,
2025-10-07T14:00:00.000000,1463.95,1465.5,1463.5,1465.5,339,INFY,NaN,1464.936196992095,1464.4843855434747,51.51901187304968,1483.0,17.06545679374631,,,,,
2025-10-07T14:05:00.000000,1465.5,1468.0,1465.5,1467.5,731,INFY,NaN,1465.448957593676,1464.7585323122496,52.24756855916925,1483.0,17.289520028241995,,,,,
2025-10-07T14:10:00.000000,1467.5,1469.0,1465.8,1468.95,3637,INFY,NaN,1466.1491660749407,1465.1395748293178,53.234860640844275,1483.0,17.914159522710904,,,,,
2025-10-07T14:15:00.000000,1468.95,1469.5,1467.95,1468.0,1372,INFY,NaN,1466.5193328599526,1465.399613481198,53.79305084707991,1483.0,18.694227749229338,,,,,
2025-10-07T14:20:00.000000,1468.65,1468.65,1466.5,1466.5,1956,INFY,NaN,1466.515466287962,1465.4996486192708,53.80723166710363,1483.0,18.44543270465009,,,,,
2025-10-07T14:25:00.000000,1466.5,1466.5,1462.0,1462.4,537,INFY,NaN,1465.6923730303697,1465.2178623811553,52.770625083449026,1483.0,18.19037040336232,,,,,
2025-10-07T14:30:00.000000,1462.4,1463.5,1461.7,1463.5,227,INFY,NaN,1465.2538984242958,1465.0616930737776,52.13569956968824,1483.0,18.065425041746202,,,,,
2025-10-07T14:35:00.000000,1463.5,1465.25,1461.95,1462.55,1646,INFY,NaN,1464.7131187394366,1464.8333573397979,51.34485972501818,1483.0,17.08749918993609,,,,,
2025-10-07T14:40:00.000000,1462.55,1463.0,1460.5,1461.1,563,INFY,NaN,1463.9904949915492,1464.493961217998,50.31652964527953,1483.0,16.75756447795842,,,,,
2025-10-07T14:45:00.000000,1461.1,1462.8,1460.2,1462.45,501,INFY,NaN,1463.6823959932394,1464.3081465618163,49.78181888879017,1483.0,16.56692684807059,,,,,
2025-10-07T14:50:00.000000,1462.7,1464.05,1458.9,1460.1,2910,INFY,NaN,1462.9659167945915,1463.9255877834694,48.804905885218496,1483.0,16.877836338126656,,,,,
2025-10-07T14:55:00.000000,1460.1,1463.45,1459.15,1463.45,161,INFY,NaN,1463.0627334356732,1463.8823525304267,48.79058331168508,1483.0,17.166538007464432,,,,,
2025-10-07T15:00:00.000000,1463.35,1465.0,1460.0,1460.0,613,INFY,NaN,1462.4501867485385,1463.5294113912971,48.113023925339974,1483.0,16.579042312027997,,,,,
2025-10-07T15:05:00.000000,1460.0,1460.1,1457.5,1458.9,1530,INFY,NaN,1461.740149398831,1463.1085558102702,47.3136968525948,1483.0,16.98833686913783,,,,,
2025-10-07T15:10:00.000000,1458.9,1458.9,1454.1,1455.1,2398,INFY,NaN,1460.4121195190646,1462.3805052820637,46.028144389943385,1483.0,18.35041158773135,,,,,
2025-10-07T15:15:00.000000,1455.1,1458.45,1454.1,1457.25,1750,INFY,NaN,1459.7796956152517,1461.914095710967,45.38855035760413,1483.0,19.615195254996763,,,,,
2025-10-07T15:20:00.000000,1457.25,1459.35,1455.0,1456.7,151708,INFY,NaN,1459.1637564922014,1461.44008700997,44.72611833041543,1483.0,20.28887840188863,,,,,
2025-10-07T15:25:00.000000,1456.7,1459.85,1456.65,1459.0,1496,INFY,NaN,1459.1310051937612,1461.2182609181546,44.663407503142835,1483.0,20.63877765228251,,,,,
2025-10-08T09:15:00.000000,1456.1,1483.75,1455.0,1482.8,9543,INFY,NaN,1463.8648041550089,1463.1802371983224,47.29633759317121,1492.2,22.78625311836739,,,,,
2025-10-08T09:20:00.000000,1482.8,1487.0,1479.25,1485.65,10704,INFY,NaN,1468.221843324007,1465.2229429075658,49.83973578410785,1492.2,25.06744780723623,,,,,
2025-10-08T09:25:00.000000,1484.8,1488.0,1482.95,1487.45,6773,INFY,NaN,1472.0674746592056,1467.2435844614233,52.23974972670136,1492.2,27.270781108153688,,,,,
2025-10-08T09:30:00.000000,1487.45,1492.15,1486.15,1486.15,6629,INFY,NaN,1474.8839797273645,1468.962349510385,54.195972483902636,1492.2,29.648025318416842,,,,,
2025-10-08T09:35:00.000000,1486.15,1492.2,1486.15,1488.6,20925,INFY,NaN,1477.6271837818915,1470.7475904639862,56.11520793846538,1492.2,31.859307404735556,,,,,
2025-10-08T09:40:00.000000,1488.6,1491.4,1487.35,1489.4,2468,INFY,NaN,1479.9817470255132,1472.4432640581692,57.90016024268271,1492.2,33.912640770602934,,,,,
2025-10-08T09:45:00.000000,1489.4,1491.3,1485.55,1485.9,2161,INFY,NaN,1481.1653976204107,1473.6666036892448,58.90530909495512,1492.2,35.20154866948074,,,,,
2025-10-08T09:50:00.000000,1485.9,1492.9,1485.0,1490.4,3100,INFY,NaN,1483.0123180963285,1475.1878215356771,60.13287026971855,1492.2,36.56661533622255,,,,,
2025-10-08T09:55:00.000000,1490.4,1491.7,1487.1,1488.2,1770,INFY,NaN,1484.0498544770628,1476.3707468506157,60.88244092041723,1492.2,37.834177241054235,,,,,
2025-10-08T10:00:00.000000,1488.2,1488.9,1486.7,1486.7,812,INFY,NaN,1484.5798835816502,1477.3097698641961,61.31887023084866,1492.2,38.85673008579175,,,,,
2025-10-08T10:05:00.000000,1486.7,1488.4,1485.1,1485.55,1569,INFY,NaN,1484.7739068653202,1478.0588816947238,61.52732870529432,1492.2,39.18751581844027,,,,,
2025-10-08T10:10:00.000000,1485.55,1488.0,1483.55,1486.85,3394,INFY,NaN,1485.1891254922562,1478.8580742679308,61.83798929884434,1492.2,38.920053783001734,,,,,
2025-10-08T10:15:00.000000,1486.85,1488.3,1485.0,1485.85,1496,INFY,NaN,1485.321300393805,1479.4937038799371,61.94462357099315,1492.2,38.72496065078697,,,,,
2025-10-08T10:20:00.000000,1485.85,1485.95,1482.6,1484.7,1337,INFY,NaN,1485.197040315044,1479.9670035272156,61.83827426247525,1492.2,37.663344917449585,,,,,
2025-10-08T10:25:00.000000,1484.7,1487.2,1483.8,1487.0,489,INFY,NaN,1485.557632252035,1480.6063668429233,61.995407322587795,1492.2,36.94030965474092,,,,,
2025-10-08T10:30:00.000000,1487.0,1488.3,1485.4,1488.3,1352,INFY,NaN,1486.106105801628,1481.305788039021,62.27561175537205,1492.2,36.49552082373622,,,,,
2025-10-08T10:35:00.000000,1488.3,1489.95,1487.6,1489.95,513,INFY,NaN,1486.8748846413025,1482.0916254900192,62.70099216261727,1492.2,36.40940404510828,,,,,
2025-10-08T10:40:00.000000,1489.05,1489.95,1488.35,1489.0,883,INFY,NaN,1487.299907713042,1482.719659536381,62.889289083457314,1492.2,36.329438464953775,,,,,
2025-10-08T10:45:00.000000,1489.0,1489.9,1488.35,1489.6,2568,INFY,NaN,1487.7599261704336,1483.3451450330735,63.12895336707085,1492.2,36.25518471195316,,,,,
2025-10-08T10:50:00.000000,1489.6,1489.6,1487.45,1488.4,1656,INFY,NaN,1487.887940936347,1483.804677302794,63.081144937345215,1492.2,35.770105210886236,,,,,
2025-10-08T10:55:00.000000,1487.2,1488.2,1485.0,1486.2,1088,INFY,NaN,1487.5503527490775,1484.022433911631,62.57629857734753,1492.2,34.28312593288807,,,,,
2025-10-08T11:00:00.000000,1486.3,1488.0,1486.0,1486.9,1013,INFY,NaN,1487.4202821992621,1484.2840308287555,62.22340637963649,1492.2,32.902359460461206,,,,,
2025-10-08T11:05:00.000000,1486.8,1486.8,1484.5,1486.65,1218,INFY,NaN,1487.2662257594097,1484.4991189352322,61.84896309843839,1492.2,31.014887099511405,,,,,
2025-10-08T11:10:00.000000,1486.65,1487.7,1484.6,1485.45,1183,INFY,NaN,1486.9029806075278,1484.5855626683929,61.24151531329226,1492.2,29.565983950873335,,,,,
2025-10-08T11:15:00.000000,1485.45,1486.45,1484.0,1484.85,139,INFY,NaN,1486.4923844860223,1484.6096024258118,60.55775077789764,1492.2,27.970533921421207,,,,,
2025-10-08T11:20:00.000000,1484.85,1485.1,1484.0,1484.8,1550,INFY,NaN,1486.153907588818,1484.6269112961925,59.927398355855814,1492.2,26.489044608358515,,,,,
2025-10-08T11:25:00.000000,1484.8,1487.45,1484.5,1486.2,865,INFY,NaN,1486.1631260710544,1484.769919360175,59.638577373873176,1492.2,25.945453305753066,,,,,
2025-10-08T11:30:00.000000,1486.2,1486.9,1484.5,1486.9,457,INFY,NaN,1486.3105008568436,1484.9635630547045,59.51437470454668,1492.2,25.440689953333724,,,,,
2025-10-08T11:35:00.000000,1486.9,1487.7,1486.0,1486.0,437,INFY,NaN,1486.248400685475,1485.057784595186,59.1564366237409,1492.2,25.245676009433563,,,,,
2025-10-08T11:40:00.000000,1486.0,1486.7,1484.5,1485.05,1743,INFY,NaN,1486.0087205483799,1485.0570769047144,58.578545097283595,1492.2,24.30139584961731,,,,,
2025-10-08T11:45:00.000000,1485.05,1486.1,1483.95,1485.05,880,INFY,NaN,1485.816976438704,1485.0564335497404,58.05569085906031,1492.2,23.158585457131302,,,,,
2025-10-08T11:50:00.000000,1485.05,1487.5,1485.05,1485.75,492,INFY,NaN,1485.803581150963,1485.1194850452187,57.758115387034536,1492.2,22.644378590806067,,,,,
2025-10-08T11:55:00.000000,1485.75,1486.75,1484.6,1485.1,293,INFY,NaN,1485.6628649207705,1485.1177136774716,57.29116352875251,1492.2,21.9341949530753,,,,,
2025-10-08T12:00:00.000000,1485.1,1485.4,1483.0,1484.0,717,INFY,NaN,1485.3302919366165,1485.016103343156,56.54430765356002,1492.2,20.492842276492414,,,,,
2025-10-08T12:05:00.000000,1484.0,1484.25,1482.1,1484.25,740,INFY,NaN,1485.1142335492932,1484.946457584687,55.943333320752124,1492.2,19.30757303300083,,,,,
2025-10-08T12:10:00.000000,1484.25,1485.3,1482.95,1485.3,741,INFY,NaN,1485.1513868394345,1484.978597804261,55.710613014324956,1492.2,18.1342731082706,,,,,
2025-10-08T12:15:00.000000,1485.3,1485.3,1482.85,1484.0,709,INFY,NaN,1484.9211094715477,1484.8896343675099,55.09011921666572,1492.2,16.995920309459713,,,,,
2025-10-08T12:20:00.000000,1484.1,1484.9,1482.1,1482.5,448,INFY,NaN,1484.4368875772382,1484.6723948795545,54.10288596918881,1492.2,15.997009179886257,,,,,
2025-10-08T12:25:00.000000,1482.5,1485.0,1482.0,1484.9,1079,INFY,NaN,1484.5295100617905,1484.6930862541406,53.92247875031431,1492.2,15.069448845282334,,,,,
2025-10-08T12:30:00.000000,1484.9,1484.9,1482.05,1482.95,700,INFY,NaN,1484.2136080494324,1484.5346238674006,53.23255952688698,1492.2,14.208142820292977,,,,,
2025-10-08T12:35:00.000000,1482.95,1484.65,1482.95,1483.95,217,INFY,NaN,1484.160886439546,1484.4814762430915,52.88900588336726,1492.2,13.408358654231431,,,,,
2025-10-08T12:40:00.000000,1483.9,1485.3,1483.9,1485.25,845,INFY,NaN,1484.3787091516367,1484.5513420391742,52.92271972572593,1492.2,12.648160776255693,,,,,
2025-10-08T12:45:00.000000,1485.25,1488.9,1484.55,1488.6,2102,INFY,NaN,1485.2229673213094,1484.9194018537946,53.693238546384315,1492.2,13.683076908988804,,,,,
2025-10-08T12:50:00.000000,1488.6,1489.15,1486.55,1488.45,999,INFY,NaN,1485.8683738570476,1485.2403653216315,54.34418091746669,1492.2,14.73983314293403,,,,,
2025-10-08T12:55:00.000000,1488.45,1489.35,1488.05,1489.35,377,INFY,NaN,1486.564699085638,1485.6139684742104,55.11679464993121,1492.2,15.80082819868018,,,,,
2025-10-08T13:00:00.000000,1489.35,1490.0,1488.05,1489.6,1635,INFY,NaN,1487.1717592685104,1485.9763349765549,55.86733176636716,1492.2,17.046483842417416,,,,,
2025-10-08T13:05:00.000000,1489.6,1490.7,1488.8,1490.65,532,INFY,NaN,1487.8674074148084,1486.40121361505,56.76195239393799,1492.2,18.47334870624862,,,,,
2025-10-08T13:10:00.000000,1490.65,1491.3,1489.05,1491.0,673,INFY,NaN,1488.4939259318467,1486.8192851045908,57.64245841716753,1492.2,20.02187160096043,,,,,
2025-10-08T13:15:00.000000,1491.0,1497.5,1490.1,1495.8,6294,INFY,NaN,1489.9551407454774,1487.6357137314462,59.21897337924108,1492.2,22.982139786974752,,,,,
2025-10-08T13:20:00.000000,1495.8,1496.25,1493.05,1493.7,2510,INFY,NaN,1490.704112596382,1488.187012483133,59.925087119429676,1492.2,25.730960245416618,,,,,
2025-10-08T13:25:00.000000,1493.7,1494.8,1493.2,1494.0,500,INFY,NaN,1491.3632900771056,1488.7154658937573,60.61301468197418,1492.2,28.283436385398353,,,,,
2025-10-08T13:30:00.000000,1494.0,1494.95,1492.0,1493.6,1644,INFY,NaN,1491.8106320616844,1489.1595144488701,61.09672652242595,1492.2,29.739417324562197,,,,,
2025-10-08T13:35:00.000000,1493.6,1494.95,1492.3,1492.75,2559,INFY,NaN,1491.9985056493474,1489.4859222262455,61.23853110815887,1492.2,31.091399625214336,,,,,
2025-10-08T13:40:00.000000,1492.8,1494.95,1492.8,1494.0,396,INFY,NaN,1492.3988045194778,1489.8962929329505,61.61508343869894,1492.2,32.34681176153418,,,,,
2025-10-08T13:45:00.000000,1494.0,1494.2,1492.1,1492.65,531,INFY,NaN,1492.4490436155822,1490.1466299390459,61.49037720014442,1492.2,32.932785837840925,,,,,
2025-10-08T13:50:00.000000,1492.65,1493.25,1492.0,1492.1,737,INFY,NaN,1492.3792348924658,1490.3242090354963,61.19467654755884,1492.2,33.3932820045062,,,,,
2025-10-08T13:55:00.000000,1492.1,1493.15,1491.5,1492.35,431,INFY,NaN,1492.3733879139727,1490.508371850451,60.987962129291276,1492.2,33.39352803341766,,,,,
2025-10-08T14:00:00.000000,1492.35,1494.5,1492.05,1493.45,382,INFY,NaN,1492.5887103311782,1490.7757925913193,61.0654866174906,1492.2,33.9216599644641,,,,,
2025-10-08T14:05:00.000000,1492.35,1494.0,1490.65,1491.25,625,INFY,NaN,1492.3209682649426,1490.8189023557447,60.38571449868416,1492.2,33.30324192212842,,,,,
2025-10-08T14:10:00.000000,1491.25,1492.0,1490.0,1491.35,1199,INFY,NaN,1492.126774611954,1490.867183959768,59.79787881604236,1492.2,32.26148873452501,,,,,
2025-10-08T14:15:00.000000,1491.35,1492.7,1491.15,1492.35,189,INFY,NaN,1492.1714196895632,1491.001985417971,59.538881934611666,1492.2,31.625867050022016,,,,,
2025-10-08T14:20:00.000000,1492.35,1494.5,1492.0,1493.25,1102,INFY,NaN,1492.3871357516505,1491.2063503799736,59.53828716278176,1492.2,31.78345216050994,,,,,
2025-10-08T14:25:00.000000,1493.25,1494.0,1491.85,1493.05,251,INFY,NaN,1492.5197086013204,1491.3739548908852,59.46121157232636,1492.2,31.814004685998587,,,,,
2025-10-08T14:30:00.000000,1493.05,1493.6,1492.5,1493.0,114,INFY,NaN,1492.6157668810563,1491.521777173532,59.371222054844104,1492.2,31.842374888238048,,,,,
2025-10-08T14:35:00.000000,1493.0,1497.9,1492.9,1497.65,2301,INFY,NaN,1493.622613504845,1492.0788883395746,60.34132585304672,1492.2,33.258714463498954,,,,,
2025-10-08T14:40:00.000000,1497.65,1497.65,1495.15,1496.3,2501,INFY,NaN,1494.1580908038761,1492.4626257632497,60.71013523390633,1492.2,34.57388692624123,,,,,
2025-10-08T14:45:00.000000,1496.3,1497.3,1494.35,1495.75,6209,INFY,NaN,1494.4764726431008,1492.7614779665905,60.844413923438175,1492.2,35.163217388825814,,,,,
2025-10-08T14:50:00.000000,1495.75,1497.2,1494.4,1497.0,137667,INFY,NaN,1494.9811781144806,1493.1467981514459,61.23253203137028,1492.2,35.710452818368644,,,,,
2025-10-08T14:55:00.000000,1497.0,1497.0,1495.05,1495.05,1365,INFY,NaN,1494.9949424915844,1493.3198165013143,60.90079428499538,1492.2,36.21860000294412,,,,,
2025-10-08T15:00:00.000000,1495.5,1497.4,1495.5,1496.1,2752,INFY,NaN,1495.2159539932675,1493.5725604557404,60.84285847069152,1492.2,36.83398082861351,,,,,
2025-10-08T15:05:00.000000,1496.1,1497.4,1495.0,1495.55,1118,INFY,NaN,1495.282763194614,1493.7523276870368,60.60186985428008,1492.2,36.93807757794105,,,,,
2025-10-08T15:10:00.000000,1495.55,1495.9,1493.5,1494.15,1822,INFY,NaN,1495.0562105556912,1493.788479715488,59.92517678978895,1492.2,35.77671364119085,,,,,
2025-10-08T15:15:00.000000,1494.0,1495.8,1493.6,1494.9,1755,INFY,NaN,1495.024968444553,1493.88952701408,59.51435559911954,1492.2,34.698304271351375,,,,,
2025-10-08T15:20:00.000000,1494.9,1495.0,1492.7,1493.95,1709,INFY,NaN,1494.8099747556423,1493.8950245582546,58.8332746966714,1492.2,32.99519517950055,,,,,
2025-10-08T15:25:00.000000,1494.0,1494.2,1491.65,1491.65,2130,INFY,NaN,1494.1779798045138,1493.690931416595,57.55791336460779,1492.2,30.679001087934303,,,,,
2025-10-09T09:15:00.000000,1503.9,1508.6,1497.2,1497.7,9083,INFY,NaN,1494.882383843611,1494.0553921969047,57.81950950197276,1508.6,32.6343369502671,,,,,
2025-10-09T09:20:00.000000,1497.7,1506.35,1497.7,1503.75,8884,INFY,NaN,1496.6559070748888,1494.9367201790042,58.91372125898508,1508.6,34.45000596529041,,,,,
2025-10-09T09:25:00.000000,1503.75,1503.75,1499.05,1499.05,2099,INFY,NaN,1497.134725659911,1495.3106547081857,58.85088319805395,1508.6,36.13598433638348,,,,,
2025-10-09T09:30:00.000000,1499.05,1499.75,1495.85,1497.0,2628,INFY,NaN,1497.1077805279288,1495.464231552896,58.407339352094716,1508.6,36.14047711374776,,,,,
2025-10-09T09:35:00.000000,1497.2,1501.15,1496.5,1501.1,2063,INFY,NaN,1497.906224422343,1495.9765741389965,58.57546038339346,1508.6,36.423386432572514,,,,,
2025-10-09T09:40:00.000000,1501.1,1502.0,1499.2,1500.0,1047,INFY,NaN,1498.3249795378745,1496.3423401263606,58.5193010450361,1508.6,36.850612520713284,,,,,
2025-10-09T09:45:00.000000,1500.0,1500.3,1496.25,1496.95,1084,INFY,NaN,1498.0499836302995,1496.397581933055,57.92786583237361,1508.6,35.96910947625986,,,,,
2025-10-09T09:50:00.000000,1496.95,1497.1,1493.5,1494.8,5604,INFY,NaN,1497.3999869042395,1496.2523472118683,57.048135489609365,1508.6,34.15429538818884,,,,,
2025-10-09T09:55:00.000000,1494.8,1494.8,1493.0,1493.0,377,INFY,NaN,1496.5199895233916,1495.9566792835167,55.979947625351336,1508.6,32.299606684112504,,,,,
2025-10-09T10:00:00.000000,1493.0,1495.45,1493.0,1493.9,641,INFY,NaN,1495.9959916187133,1495.7697084395606,55.171575936665484,1508.6,30.768707716662014,,,,,
2025-10-09T10:05:00.000000,1493.9,1493.95,1491.0,1491.0,701,INFY,NaN,1494.9967932949708,1495.3360985814188,54.005460798468704,1508.6,28.64912722573194,,,,,
2025-10-09T10:10:00.000000,1490.5,1490.8,1488.55,1490.7,786,INFY,NaN,1494.1374346359767,1494.914635074017,52.90709141335707,1508.6,27.276799302013067,,,,,
2025-10-09T10:15:00.000000,1490.7,1490.7,1487.1,1488.6,1235,INFY,NaN,1493.0299477087813,1494.3405773400154,51.61416802788292,1508.6,26.40524910950133,,,,,
2025-10-09T10:20:00.000000,1489.0,1494.85,1488.6,1493.8,2218,INFY,NaN,1493.183958167025,1494.2914339454685,51.39619850028799,1508.6,24.7657719646089,,,,,
2025-10-09T10:25:00.000000,1493.8,1498.0,1493.0,1496.6,1714,INFY,NaN,1493.8671665336199,1494.5013035867896,51.6198081520575,1508.6,24.04545262476256,,,,,
2025-10-09T10:30:00.000000,1496.6,1498.0,1492.7,1492.7,1106,INFY,NaN,1493.6337332268959,1494.3375487152632,51.230089118168365,1508.6,23.28002402584855,,,,,
2025-10-09T10:35:00.000000,1492.7,1495.0,1492.2,1492.2,1115,INFY,NaN,1493.3469865815166,1494.1432261047848,50.806336745038294,1508.6,22.401546555212782,,,,,
2025-10-09T10:40:00.000000,1492.2,1493.35,1491.35,1492.0,330,INFY,NaN,1493.0775892652132,1493.9483873679862,50.39297740196549,1508.6,21.29610803378016,,,,,
2025-10-09T10:45:00.000000,1492.0,1493.25,1491.75,1492.0,1573,INFY,NaN,1492.8620714121705,1493.771261243624,50.01898561537581,1508.6,20.269629406735586,,,,,
2025-10-09T10:50:00.000000,1492.0,1493.75,1490.95,1491.6,1328,INFY,NaN,1492.6096571297364,1493.57387385784,49.61263687705718,1508.6,19.023485288067146,,,,,
2025-10-09T10:55:00.000000,1491.6,1492.75,1490.0,1492.75,327,INFY,NaN,1492.637725703789,1493.4989762344,49.47954057938998,1508.6,17.80643873245994,,,,,
2025-10-09T11:00:00.000000,1492.75,1500.0,1492.6,1500.0,4819,INFY,NaN,1494.1101805630312,1494.0899783949092,50.52111206165183,1508.6,18.41522270072861,,,,,
2025-10-09T11:05:00.000000,1500.0,1503.55,1498.6,1501.9,2561,INFY,NaN,1495.668144450425,1494.7999803590083,51.69853656680091,1508.6,19.652529327119446,,,,,
2025-10-09T11:10:00.000000,1502.05,1502.45,1498.7,1498.7,1691,INFY,NaN,1496.27451556034,1495.1545275990984,52.1553622873378,1508.6,20.801456908768078,,,,,
2025-10-09T11:15:00.000000,1498.7,1499.05,1495.55,1495.55,284,INFY,NaN,1496.129612448272,1495.190479635544,52.04552973381387,1508.6,20.742138599693714,,,,,
2025-10-09T11:20:00.000000,1495.55,1498.0,1494.4,1497.2,393,INFY,NaN,1496.3436899586175,1495.3731633050402,52.18879657428079,1508.6,20.3128068111009,,,,,
2025-10-09T11:25:00.000000,1497.2,1498.7,1496.75,1498.7,399,INFY,NaN,1496.814951966894,1495.675603004582,52.53270762380353,1508.6,20.083653827069003,,,,,
2025-10-09T11:30:00.000000,1498.7,1502.6,1497.3,1502.05,819,INFY,NaN,1497.8619615735151,1496.2550936405291,53.28311711985915,1508.6,20.71814793938474,,,,,
2025-10-09T11:35:00.000000,1502.05,1503.0,1501.2,1501.45,465,INFY,NaN,1498.5795692588122,1496.7273578550264,53.84854480897647,1508.6,21.38626678529563,,,,,
2025-10-09T11:40:00.000000,1501.45,1503.45,1500.8,1501.55,1299,INFY,NaN,1499.1736554070496,1497.1657798682058,54.3738269997869,1508.6,22.09907835211452,,,,,
2025-10-09T11:45:00.000000,1501.55,1505.0,1501.5,1504.0,921,INFY,NaN,1500.1389243256397,1497.7870726074598,55.17871153183242,1508.6,23.075829388091737,,,,,
2025-10-09T11:50:00.000000,1504.0,1504.15,1500.9,1501.8,207,INFY,NaN,1500.4711394605117,1498.1518841885998,55.451621729874965,1508.6,23.72993314125387,,,,,
2025-10-09T11:55:00.000000,1501.8,1504.15,1500.4,1502.3,3230,INFY,NaN,1500.8369115684093,1498.5289856259997,55.77160238766667,1508.6,24.12134364642868,,,,,
2025-10-09T12:00:00.000000,1502.3,1504.2,1502.2,1502.6,1533,INFY,NaN,1501.1895292547274,1498.8990778418179,56.10691354710152,1508.6,24.497216962371194,,,,,
2025-10-09T12:05:00.000000,1502.6,1502.95,1500.85,1502.1,718,INFY,NaN,1501.371623403782,1499.190070765289,56.29437018558905,1508.6,24.230160588697778,,,,,
2025-10-09T12:10:00.000000,1502.1,1505.8,1502.1,1503.95,4114,INFY,NaN,1501.8872987230257,1499.622791604808,56.76587978411496,1508.6,24.727120217942435,,,,,
2025-10-09T12:15:00.000000,1503.95,1504.75,1502.95,1504.2,1078,INFY,NaN,1502.3498389784206,1500.0389014589164,57.2326559632125,1508.6,25.188582730812474,,,,,
2025-10-09T12:20:00.000000,1504.2,1505.0,1504.0,1504.85,700,INFY,NaN,1502.8498711827365,1500.4762740535602,57.76294497369837,1508.6,25.682025301168405,,,,,
2025-10-09T12:25:00.000000,1504.85,1507.3,1503.45,1507.15,2258,INFY,NaN,1503.7098969461892,1501.0829764123275,58.60155203145477,1508.6,26.7016490278136,,,,,
2025-10-09T12:30:00.000000,1507.15,1509.0,1504.9,1508.65,1404,INFY,NaN,1504.6979175569513,1501.7708876475706,59.57174099677698,1508.6,28.010264944411723,,,,,
2025-10-09T12:35:00.000000,1508.65,1513.4,1507.7,1510.75,5691,INFY,NaN,1505.908334045561,1502.5871705887005,60.720071380902496,1508.6,29.973037673397986,,,,,
2025-10-09T12:40:00.000000,1510.75,1510.75,1507.1,1510.5,1773,INFY,NaN,1506.8266672364489,1503.3065187170005,61.680354983459154,1508.6,31.493542605389937,,,,,
2025-10-09T12:45:00.000000,1510.5,1511.35,1509.45,1511.35,465,INFY,NaN,1507.7313337891592,1504.0377442881822,62.66185655464219,1508.6,33.00450927755117,,,,,
2025-10-09T12:50:00.000000,1511.35,1512.35,1510.0,1510.45,969,INFY,NaN,1508.2750670313274,1504.6206766256203,63.24710328365901,1508.6,34.571911377100086,,,,,
2025-10-09T12:55:00.000000,1510.45,1511.9,1509.9,1511.4,573,INFY,NaN,1508.900053625062,1505.2369787505638,63.91862473331673,1508.6,35.96973822939241,,,,,
2025-10-09T13:00:00.000000,1511.25,1511.5,1507.1,1508.5,1054,INFY,NaN,1508.8200429000494,1505.533617045967,63.61694615410106,1508.6,35.7738662675257,,,,,
2025-10-09T13:05:00.000000,1508.5,1509.9,1508.2,1509.4,1144,INFY,NaN,1508.9360343200397,1505.8851064054245,63.50629844232463,1508.6,35.59198516007803,,,,,
2025-10-09T13:10:00.000000,1509.4,1509.85,1504.2,1504.7,1119,INFY,NaN,1508.0888274560318,1505.7773694594769,62.238808619276064,1508.6,33.67650834831308,,,,,
2025-10-09T13:15:00.000000,1504.7,1506.3,1504.0,1504.0,2207,INFY,NaN,1507.2710619648255,1505.6157904177062,60.9461332143683,1508.6,31.821816869460488,,,,,
2025-10-09T13:20:00.000000,1504.0,1504.4,1501.5,1501.5,270,INFY,NaN,1506.1168495718605,1505.2416276524602,59.28969363759086,1508.6,29.893605123903885,,,,,
2025-10-09T13:25:00.000000,1501.5,1502.6,1501.15,1501.15,654,INFY,NaN,1505.1234796574884,1504.8696615022366,57.72633961063968,1508.6,28.220369667882462,,,,,
2025-10-09T13:30:00.000000,1501.15,1504.05,1501.15,1502.9,10261,INFY,NaN,1504.6787837259908,1504.6906013656696,56.733241725814395,1508.6,26.285978560281393,,,,,
2025-10-09T13:35:00.000000,1502.9,1502.9,1499.0,1499.85,2426,INFY,NaN,1503.7130269807926,1504.2505466960633,55.26300801473456,1508.6,25.066883095660696,,,,,
2025-10-09T13:40:00.000000,1499.85,1499.85,1497.05,1498.5,2789,INFY,NaN,1502.6704215846341,1503.7277697236939,53.70843667448406,1508.6,24.524502189525116,,,,,
2025-10-09T13:45:00.000000,1498.5,1501.5,1498.15,1501.5,2353,INFY,NaN,1502.4363372677074,1503.525245203358,53.00045885229984,1508.6,23.37878300532422,,,,,
2025-10-09T13:50:00.000000,1501.5,1502.45,1501.0,1502.45,444,INFY,NaN,1502.4390698141658,1503.4274956394165,52.56126326557108,1508.6,21.96389942767643,,,,,
2025-10-09T13:55:00.000000,1502.45,1502.45,1500.35,1502.3,3875,INFY,NaN,1502.4112558513327,1503.3249960358332,52.133263029086145,1508.6,20.872546976217986,,,,,
2025-10-09T14:00:00.000000,1502.3,1502.75,1500.1,1501.15,7391,INFY,NaN,1502.159004681066,1503.1272691234847,51.50785962738917,1508.6,19.738745532560696,,,,,
2025-10-09T14:05:00.000000,1501.15,1502.45,1501.0,1502.0,83,INFY,NaN,1502.127203744853,1503.0247901122589,51.148165949873885,1508.6,18.6859299063075,,,,,
2025-10-09T14:10:00.000000,1502.0,1502.65,1499.8,1499.8,735,INFY,NaN,1501.6617629958823,1502.7316273747808,50.3691519961897,1508.6,18.171729209941237,,,,,
2025-10-09T14:15:00.000000,1499.8,1501.85,1499.0,1501.4,218,INFY,NaN,1501.609410396706,1502.61057034071,50.05803187702453,1508.6,17.9897548944561,,,,,
2025-10-09T14:20:00.000000,1501.4,1503.25,1500.2,1502.8,261,INFY,NaN,1501.8475283173648,1502.6277912188273,50.098639959514735,1508.6,17.152194351564575,,,,,
2025-10-09T14:25:00.000000,1502.8,1505.35,1502.25,1504.7,500,INFY,NaN,1502.4180226538917,1502.8161738352976,50.53838262634032,1508.6,16.35741433766974,,,,,
2025-10-09T14:30:00.000000,1504.7,1505.7,1503.4,1503.4,814,INFY,NaN,1502.6144181231134,1502.8692489411796,50.627547708030846,1508.6,15.75590385328755,,,,,
2025-10-09T14:35:00.000000,1503.4,1509.4,1503.15,1508.95,1100,INFY,NaN,1503.8815344984907,1503.4220444919815,51.69748545976821,1508.6,16.43356113107715,,,,,
2025-10-09T14:40:00.000000,1508.95,1511.6,1507.75,1509.15,11458,INFY,NaN,1504.9352275987926,1503.9427677199833,52.695449189916026,1508.6,17.636527412006522,,,,,
2025-10-09T14:45:00.000000,1509.05,1511.8,1508.25,1508.5,2175,INFY,NaN,1505.648182079034,1504.357061563621,53.432403239027856,1508.6,18.803178662706525,,,,,
2025-10-09T14:50:00.000000,1508.5,1511.1,1508.3,1509.95,1058,INFY,NaN,1506.5085456632273,1504.8655105123828,54.336889182900265,1508.6,19.886497681213672,,,,,
2025-10-09T14:55:00.000000,1509.95,1511.55,1509.65,1510.55,698,INFY,NaN,1507.316836530582,1505.3822822839843,55.25176975308594,1508.6,21.017160033580463,,,,,
2025-10-09T15:00:00.000000,1511.5,1512.05,1509.1,1509.9,76435,INFY,NaN,1507.8334692244655,1505.7929838945313,55.891256063158124,1508.6,21.740991686974514,,,,,
2025-10-09T15:05:00.000000,1509.9,1513.35,1508.4,1512.05,92885,INFY,NaN,1508.6767753795723,1506.361803540483,56.82915591440229,1508.6,22.800972974450637,,,,,
2025-10-09T15:10:00.000000,1512.45,1512.45,1506.35,1506.45,78163,INFY,NaN,1508.2314203036578,1506.369821400439,56.31486555230312,1508.6,22.632945588289235,,,,,
2025-10-09T15:15:00.000000,1506.45,1510.55,1505.9,1509.45,76258,INFY,NaN,1508.4751362429263,1506.6498376367626,56.36566815365927,1508.6,22.243219770665355,,,,,
2025-10-09T15:20:00.000000,1509.45,1509.8,1505.1,1507.4,109586,INFY,NaN,1508.260108994341,1506.7180342152387,56.000829477530104,1508.6,21.467576275520663,,,,,
2025-10-09T15:25:00.000000,1507.4,1511.8,1506.05,1508.1,8188,INFY,NaN,1508.2280871954727,1506.8436674683987,55.79344397434891,1508.6,21.4908209340774,,,,,
2025-10-10T09:15:00.000000,1510.05,1521.05,1497.95,1520.3,20202,INFY,NaN,1510.6424697563782,1508.066970425817,57.09015434499279,1521.05,23.57428310536447,,,,,
2025-10-10T09:20:00.000000,1520.3,1520.45,1514.45,1519.0,8859,INFY,NaN,1512.3139758051025,1509.0608822052882,58.016882834307104,1521.05,25.508926550131033,,,,,
2025-10-10T09:25:00.000000,1519.0,1520.1,1504.7,1507.05,8144,INFY,NaN,1511.261180644082,1508.8780747320802,57.13960195999111,1521.05,23.95946105575257,,,,,
2025-10-10T09:30:00.000000,1507.05,1514.45,1505.7,1514.0,5766,INFY,NaN,1511.8089445152657,1509.3437043018912,57.05024713558444,1521.05,22.520671668115426,,,,,
2025-10-10T09:35:00.000000,1514.0,1515.25,1511.8,1512.2,3663,INFY,NaN,1511.8871556122126,1509.6033675471738,56.76208117562992,1521.05,21.382082556554575,,,,,
2025-10-10T09:40:00.000000,1511.4,1514.5,1509.25,1514.5,2041,INFY,NaN,1512.40972448977,1510.0485159519762,56.7229296178993,1521.05,20.06830438971703,,,,,
2025-10-10T09:45:00.000000,1514.5,1515.1,1511.9,1512.4,13234,INFY,NaN,1512.407779591816,1510.2622872290692,56.43313220688688,1521.05,18.684721266025406,,,,,
2025-10-10T09:50:00.000000,1512.4,1512.4,1508.75,1508.75,11871,INFY,NaN,1511.6762236734528,1510.1248065718812,55.75432682609981,1521.05,18.19240312089118,,,,,
2025-10-10T09:55:00.000000,1508.75,1513.0,1507.45,1513.0,1903,INFY,NaN,1511.9409789387623,1510.3861877926192,55.58778000558612,1521.05,18.033298223413436,,,,,
2025-10-10T10:00:00.000000,1513.0,1514.0,1511.15,1513.0,1137,INFY,NaN,1512.1527831510098,1510.6238070841994,55.437094787026105,1521.05,17.57319959939311,,,,,
2025-10-10T10:05:00.000000,1513.0,1513.6,1510.9,1512.5,2021,INFY,NaN,1512.222226520808,1510.794370076545,55.23651089667361,1521.05,17.20943335201331,,,,,
2025-10-10T10:10:00.000000,1512.5,1516.5,1511.65,1516.4,3953,INFY,NaN,1513.0577812166464,1511.3039727968592,55.47712047913526,1521.05,15.984950963783328,,,,,
2025-10-10T10:15:00.000000,1516.4,1517.6,1513.65,1516.1,1577,INFY,NaN,1513.6662249733172,1511.739975269872,55.65187470097193,1521.05,15.159015797838592,,,,,
2025-10-10T10:20:00.000000,1516.1,1518.8,1515.25,1518.0,3316,INFY,NaN,1514.5329799786537,1512.3090684271565,56.01548506401677,1521.05,14.724593230951044,,,,,
2025-10-10T10:25:00.000000,1518.0,1518.45,1515.3,1515.55,2178,INFY,NaN,1514.736383982923,1512.6036985701423,55.97298477311963,1521.05,14.321200847412602,,,,,
2025-10-10T10:30:00.000000,1515.55,1516.5,1514.6,1515.4,423,INFY,NaN,1514.8691071863384,1512.8579077910385,55.91174390180862,1521.05,13.698082626415834,,,,,
2025-10-10T10:35:00.000000,1515.45,1516.0,1514.0,1515.0,1469,INFY,NaN,1514.8952857490708,1513.0526434463986,55.79197009648389,1521.05,12.903723210428439,,,,,
2025-10-10T10:40:00.000000,1515.0,1517.0,1513.1,1513.75,1048,INFY,NaN,1514.6662285992566,1513.116039496726,55.47808319362088,1521.05,12.505922770503204,,,,,
2025-10-10T10:45:00.000000,1513.75,1513.9,1512.0,1512.95,1384,INFY,NaN,1514.3229828794053,1513.1009449970236,55.06163694880826,1521.05,11.71728022523187,,,,,
2025-10-10T10:50:00.000000,1512.95,1514.0,1512.4,1513.6,762,INFY,NaN,1514.1783863035243,1513.1463136336579,54.79035210675909,1521.05,11.022449692626939,,,,,
2025-10-10T10:55:00.000000,1513.6,1518.0,1512.7,1518.0,2126,INFY,NaN,1514.9427090428194,1513.5875578487799,55.190020061181364,1521.05,11.68353556765682,,,,,
2025-10-10T11:00:00.000000,1518.0,1518.0,1515.0,1517.45,1177,INFY,NaN,1515.4441672342555,1513.9386889534362,55.44643534619544,1521.05,12.29740102304171,,,,,
2025-10-10T11:05:00.000000,1517.45,1517.45,1513.05,1514.1,424,INFY,NaN,1515.1753337874043,1513.953353594033,55.07542912717393,1521.05,12.047562591936158,,,,,
2025-10-10T11:10:00.000000,1513.8,1517.5,1513.8,1517.5,1181,INFY,NaN,1515.6402670299235,1514.2757759945755,55.23251032429322,1521.05,11.832690656752524,,,,,
2025-10-10T11:15:00.000000,1517.5,1518.6,1516.6,1517.9,8175,INFY,NaN,1516.0922136239387,1514.6052509041594,55.429650336213925,1521.05,12.01401916739233,,,,,
2025-10-10T11:20:00.000000,1517.9,1518.05,1513.5,1514.85,1686,INFY,NaN,1515.843770899151,1514.6275008219632,55.06888095252374,1521.05,11.363209323332685,,,,,
2025-10-10T11:25:00.000000,1514.85,1516.05,1513.55,1514.15,2148,INFY,NaN,1515.5050167193208,1514.5840916563302,54.62524321894959,1521.05,10.758885896705872,,,,,
2025-10-10T11:30:00.000000,1514.15,1516.5,1513.15,1516.5,2024,INFY,NaN,1515.7040133754567,1514.7582651421183,54.598547390959546,1521.05,10.015469313178682,,,,,
2025-10-10T11:35:00.000000,1516.5,1518.6,1515.3,1516.0,1494,INFY,NaN,1515.7632107003653,1514.8711501291984,54.48198662598313,1521.05,10.069278204024483,,,,,
2025-10-10T11:40:00.000000,1516.0,1516.5,1515.0,1515.05,625,INFY,NaN,1515.6205685602922,1514.8874092083622,54.197368034734,1521.05,9.98662280227794,,,,,
2025-10-10T11:45:00.000000,1515.05,1517.5,1513.95,1514.45,4119,INFY,NaN,1515.3864548482338,1514.8476447348748,53.8250459730648,1521.05,9.447579158101602,,,,,
2025-10-10T11:50:00.000000,1514.45,1515.0,1513.55,1514.5,448,INFY,NaN,1515.209163878587,1514.8160406680681,53.49810930225414,1521.05,8.77289621642586,,,,,
2025-10-10T11:55:00.000000,1514.5,1515.0,1512.0,1512.0,1846,INFY,NaN,1514.5673311028697,1514.560036970971,52.71547152765034,1521.05,8.791440211730757,,,,,
2025-10-10T12:00:00.000000,1512.2,1514.6,1511.65,1512.8,545,INFY,NaN,1514.2138648822959,1514.4000336099737,52.18339626953166,1521.05,8.948340887367939,,,,,
2025-10-10T12:05:00.000000,1512.8,1513.1,1511.0,1511.3,944,INFY,NaN,1513.6310919058367,1514.1182123727033,51.41541203957877,1521.05,9.356123093201322,,,,,
2025-10-10T12:10:00.000000,1511.3,1511.8,1510.95,1511.05,1096,INFY,NaN,1513.1148735246693,1513.8392839751848,50.67296107902612,1521.05,9.755523658341911,,,,,
2025-10-10T12:15:00.000000,1511.8,1514.45,1511.4,1512.0,551,INFY,NaN,1512.8918988197354,1513.6720763410772,50.23915642527972,1521.05,9.326457902126426,,,,,
2025-10-10T12:20:00.000000,1512.0,1514.2,1511.75,1513.75,801,INFY,NaN,1513.0635190557882,1513.67916031007,50.26131960196507,1521.05,8.928039699926334,,,,,
2025-10-10T12:25:00.000000,1513.75,1513.75,1511.5,1511.75,344,INFY,NaN,1512.8008152446305,1513.5037821000637,49.84656990491602,1521.05,8.428507365556694,,,,,
2025-10-10T12:30:00.000000,1511.75,1512.3,1508.55,1508.55,1671,INFY,NaN,1511.9506521957044,1513.0534382727851,48.881777639238734,1521.05,9.01195770341655,,,,,
2025-10-10T12:35:00.000000,1508.55,1510.5,1508.55,1510.25,456,INFY,NaN,1511.6105217565635,1512.7985802479864,48.42006806880855,1521.05,9.553733017143559,,,,,
2025-10-10T12:40:00.000000,1510.25,1512.7,1509.15,1511.95,1404,INFY,NaN,1511.6784174052507,1512.7214365890786,48.38400480272189,1521.05,8.925210606934117,,,,,
2025-10-10T12:45:00.000000,1511.95,1513.0,1511.3,1512.0,1720,INFY,NaN,1511.7427339242006,1512.655851444617,48.36257428118116,1521.05,8.374598887286442,,,,,
2025-10-10T12:50:00.000000,1512.0,1512.65,1510.0,1512.35,661,INFY,NaN,1511.8641871393604,1512.6280467678337,48.425997804373665,1521.05,8.294329465233675,,,,,
2025-10-10T12:55:00.000000,1512.35,1512.8,1511.45,1512.65,1194,INFY,NaN,1512.0213497114883,1512.6300425162124,48.55739565231811,1521.05,8.140977314734618,,,,,
2025-10-10T13:00:00.000000,1512.65,1512.9,1510.8,1512.65,1055,INFY,NaN,1512.1470797691907,1512.6318568329204,48.67627941950594,1521.05,8.305694571868736,,,,,
2025-10-10T13:05:00.000000,1512.65,1512.65,1510.55,1510.6,465,INFY,NaN,1511.8376638153525,1512.4471425753823,48.27247613531116,1521.05,8.577765927892377,,,,,
2025-10-10T13:10:00.000000,1510.6,1510.6,1508.05,1508.55,3287,INFY,NaN,1511.180131052282,1512.0928568867112,47.466907496284016,1521.05,9.879040343791127,,,,,
2025-10-10T13:15:00.000000,1508.55,1511.5,1508.55,1510.0,3734,INFY,NaN,1510.9441048418255,1511.9025971697374,47.15889489174029,1521.05,10.536498751837488,,,,,
2025-10-10T13:20:00.000000,1510.0,1513.0,1509.15,1513.0,736,INFY,NaN,1511.3552838734604,1512.0023610633978,47.62689838709138,1521.05,10.309794674010549,,,,,
2025-10-10T13:25:00.000000,1513.5,1513.5,1508.75,1509.6,1362,INFY,NaN,1511.0042270987683,1511.7839646030889,47.32399726470434,1521.05,9.837576759776141,,,,,
2025-10-10T13:30:00.000000,1509.6,1513.5,1509.3,1513.0,445,INFY,NaN,1511.4033816790147,1511.8945132755352,47.77074465024554,1521.05,9.399088696558477,,,,,
2025-10-10T13:35:00.000000,1513.3,1514.8,1511.6,1512.7,3075,INFY,NaN,1511.6627053432119,1511.9677393413956,48.11163477469726,1521.05,9.154628706821615,,,,,
2025-10-10T13:40:00.000000,1512.7,1513.6,1511.85,1512.5,484,INFY,NaN,1511.8301642745696,1512.016126673996,48.37559479443924,1521.05,8.9276301449231,,,,,
2025-10-10T13:45:00.000000,1512.5,1512.95,1511.5,1511.95,334,INFY,NaN,1511.8541314196557,1512.0101151581782,48.4873514413579,1521.05,8.502556856451449,,,,,
2025-10-10T13:50:00.000000,1511.95,1512.85,1511.45,1512.65,1550,INFY,NaN,1512.0133051357245,1512.0682865074348,48.755152713194086,1521.05,8.075950593219838,,,,,
2025-10-10T13:55:00.000000,1512.65,1513.95,1512.35,1512.65,794,INFY,NaN,1512.1406441085796,1512.1211695522134,48.99744910199826,1521.05,8.32844341349848,,,,,
2025-10-10T14:00:00.000000,1512.65,1513.05,1511.65,1511.65,305,INFY,NaN,1512.0425152868638,1512.0783359565576,48.951119439361484,1521.05,8.084445412680827,,,,,
2025-10-10T14:05:00.000000,1511.65,1512.0,1510.0,1510.0,368,INFY,NaN,1511.634012229491,1511.8893963241433,48.5022874295217,1521.05,8.14681135700397,,,,,
2025-10-10T14:10:00.000000,1510.0,1512.6,1509.2,1512.55,1734,INFY,NaN,1511.8172097835927,1511.9494512037666,48.77514347984215,1521.05,8.624643035185857,,,,,
2025-10-10T14:15:00.000000,1512.55,1512.95,1511.5,1511.5,270,INFY,NaN,1511.753767826874,1511.9085920034242,48.759549445194224,1521.05,8.826157455812236,,,,,
2025-10-10T14:20:00.000000,1511.5,1515.0,1511.5,1515.0,3763,INFY,NaN,1512.4030142614993,1512.189629094022,49.535794395015635,1521.05,8.627934280531775,,,,,
2025-10-10T14:25:00.000000,1515.0,1515.0,1513.2,1513.95,716,INFY,NaN,1512.7124114091994,1512.3496628127473,49.96935231519527,1521.05,8.443869903485632,,,,,
2025-10-10T14:30:00.000000,1513.95,1515.85,1513.55,1514.25,4155,INFY,NaN,1513.0199291273595,1512.5224207388612,50.42733009438098,1521.05,8.74402334600425,,,,,
2025-10-10T14:35:00.000000,1514.25,1515.8,1514.15,1514.8,1572,INFY,NaN,1513.3759433018877,1512.7294733989647,50.965796217310825,1521.05,9.022737256914393,,,,,
2025-10-10T14:40:00.000000,1514.8,1515.0,1513.15,1514.95,1347,INFY,NaN,1513.6907546415102,1512.9313394536043,51.48808291106842,1521.05,8.57824902644476,,,,,
2025-10-10T14:45:00.000000,1514.95,1514.95,1510.6,1513.05,2032,INFY,NaN,1513.562603713208,1512.942126776004,51.40838301533933,1521.05,9.186886304656326,,,,,
2025-10-10T14:50:00.000000,1513.05,1514.7,1512.95,1513.55,941,INFY,NaN,1513.5600829705666,1512.9973879781855,51.46922238681619,1521.05,9.752049491567066,,,,,
2025-10-10T14:55:00.000000,1512.4,1514.5,1512.05,1513.85,934,INFY,NaN,1513.6180663764533,1513.0748981619868,51.60624445670536,1521.05,10.711581315361046,,,,,
2025-10-10T15:00:00.000000,1513.85,1514.0,1512.0,1512.95,1504,INFY,NaN,1513.4844531011627,1513.0635437836243,51.45401794828325,1521.05,11.626570117462824,,,,,
2025-10-10T15:05:00.000000,1512.95,1514.4,1512.5,1514.25,1128,INFY,NaN,1513.6375624809302,1513.1714034396584,51.6903583804087,1521.05,12.1558475449396,,,,,
2025-10-10T15:10:00.000000,1514.2,1515.6,1513.85,1514.6,2734,INFY,NaN,1513.8300499847442,1513.301275854235,52.00190109582824,1521.05,11.754625205089459,,,,,
2025-10-10T15:15:00.000000,1514.6,1516.8,1514.0,1514.75,12695,INFY,NaN,1514.0140399877953,1513.4329780493044,52.32741734353364,1521.05,11.22098192265372,,,,,
2025-10-10T15:20:00.000000,1514.75,1516.65,1514.75,1515.95,2459,INFY,NaN,1514.4012319902363,1513.6617982266405,52.96412151216679,1521.05,10.725456017534821,,,,,
2025-10-10T15:25:00.000000,1515.95,1516.0,1511.4,1512.6,12955,INFY,NaN,1514.040985592189,1513.5652711151276,52.44398377268769,1521.05,11.496895725610466,,,,,
2025-10-13T09:15:00.000000,1499.95,1503.55,1494.3,1500.55,17364,INFY,NaN,1511.3427884737512,1512.382064650116,50.026330927791626,1504.75,15.44390501563221,,,,,
2025-10-13T09:20:00.000000,1500.55,1504.75,1498.7,1504.65,1950,INFY,NaN,1510.0042307790009,1511.6791496819237,48.78520943305756,1504.75,18.61182372175237,,,,,
2025-10-13T09:25:00.000000,1503.55,1504.3,1500.5,1501.4,814,INFY,NaN,1508.2833846232006,1510.7446815290216,47.29526757910955,1504.75,21.553462520292523,,,,,
2025-10-13T09:30:00.000000,1501.4,1501.85,1496.7,1498.8,7030,INFY,NaN,1506.3867076985605,1509.6588013900196,45.68728854645271,1504.75,24.66669433619942,,,,,
2025-10-13T09:35:00.000000,1498.8,1500.85,1496.0,1500.7,6640,INFY,NaN,1505.2493661588485,1508.8443649000178,44.63584791286226,1504.75,27.621524537328416,,,,,
2025-10-13T09:40:00.000000,1500.7,1500.7,1497.6,1497.9,473,INFY,NaN,1503.7794929270788,1507.8494226363798,43.39387161420568,1504.75,30.36529543837677,,,,,
2025-10-13T09:45:00.000000,1497.9,1500.0,1497.0,1498.2,687,INFY,NaN,1502.663594341663,1506.972202396709,42.33572987329846,1504.75,32.97349953403563,,,,,
2025-10-13T09:50:00.000000,1498.2,1499.25,1496.1,1496.25,3051,INFY,NaN,1501.3808754733304,1505.997456724281,41.176056917118984,1504.75,35.48688911414251,,,,,
2025-10-13T09:55:00.000000,1496.25,1497.25,1495.3,1496.6,910,INFY,NaN,1500.4247003786643,1505.143142476619,40.21036426276791,1504.75,37.90193491974999,,,,,
2025-10-13T10:00:00.000000,1496.6,1497.3,1495.1,1496.6,414,INFY,NaN,1499.6597603029313,1504.3664931605626,39.33664233740265,1504.75,40.16535380758871,,,,,
2025-10-13T10:05:00.000000,1496.5,1497.9,1494.85,1497.75,1927,INFY,NaN,1499.2778082423451,1503.7649937823296,38.846102169474136,1504.75,41.90566378203363,,,,,
2025-10-13T10:10:00.000000,1497.65,1497.65,1494.05,1494.4,1686,INFY,NaN,1498.3022465938761,1502.9136307112087,37.994256548286685,1504.75,43.62575401402101,,,,,
2025-10-13T10:15:00.000000,1494.4,1494.5,1492.3,1493.5,805,INFY,NaN,1497.3417972751008,1502.057846101099,37.12389583804504,1504.75,45.43736560309081,,,,,
2025-10-13T10:20:00.000000,1493.3,1493.6,1491.95,1492.05,478,INFY,NaN,1496.2834378200807,1501.14804191009,36.17913926760027,1504.75,47.160891738530154,,,,,
2025-10-13T10:25:00.000000,1492.65,1493.8,1491.65,1492.85,1070,INFY,NaN,1495.5967502560645,1500.393674463718,35.55237108438651,1504.75,48.798101365580166,,,,,
2025-10-13T10:30:00.000000,1492.85,1494.35,1492.15,1492.15,727,INFY,NaN,1494.9074002048517,1499.6442495124709,34.90056251121725,1504.75,49.92552425916024,,,,,
2025-10-13T10:35:00.000000,1492.15,1492.75,1491.0,1492.4,1031,INFY,NaN,1494.4059201638813,1498.9856813749736,34.38843064545558,1504.75,51.144121127207725,,,,,
2025-10-13T10:40:00.000000,1492.4,1493.4,1492.0,1493.4,17563,INFY,NaN,1494.2047361311052,1498.4778921590669,34.24002254451654,1504.75,51.80246328391597,,,,,
2025-10-13T10:45:00.000000,1493.4,1493.45,1492.2,1493.0,17188,INFY,NaN,1493.963788904884,1497.979901962788,34.04380144336203,1504.75,52.37625857487739,,,,,
2025-10-13T10:50:00.000000,1493.0,1493.0,1490.15,1490.5,76531,INFY,NaN,1493.2710311239073,1497.299910875262,33.50566469530403,1504.75,53.2715895614322,,,,,
2025-10-13T10:55:00.000000,1490.5,1491.1,1488.5,1488.85,1923,INFY,NaN,1492.3868248991257,1496.531737159329,32.810084100077155,1504.75,54.350391194211326,,,,,
2025-10-13T11:00:00.000000,1488.85,1489.5,1488.0,1488.8,697,INFY,NaN,1491.6694599193006,1495.8288519630264,32.17448012106883,1504.75,55.42263748551262,,,,,
2025-10-13T11:05:00.000000,1488.8,1488.8,1486.8,1488.0,6509,INFY,NaN,1490.9355679354405,1495.1171381482059,31.496129665902135,1504.75,56.581650667494635,,,,,
2025-10-13T11:10:00.000000,1488.05,1490.1,1487.5,1488.9,12724,INFY,NaN,1490.5284543483524,1494.5519437710961,31.224026390166795,1504.75,56.675686108949165,,,,,
2025-10-13T11:15:00.000000,1489.0,1489.7,1488.95,1489.0,4278,INFY,NaN,1490.2227634786818,1494.0472216100875,31.01653968979476,1504.75,56.76300473315695,,,,,
2025-10-13T11:20:00.000000,1489.0,1489.5,1488.7,1488.9,10161,INFY,NaN,1489.9582107829456,1493.5792923728068,30.811952773895523,1504.75,56.89687385035886,,,,,
2025-10-13T11:25:00.000000,1489.0,1489.0,1487.15,1487.85,16943,INFY,NaN,1489.5365686263565,1493.0584476116426,30.449573560929515,1504.75,57.331126237167794,,,,,
2025-10-13T11:30:00.000000,1487.85,1487.85,1485.9,1486.75,1026,INFY,NaN,1488.9792549010851,1492.4849523742205,29.94728650639385,1504.75,57.955185441907254,,,,,
2025-10-13T11:35:00.000000,1486.75,1486.75,1485.5,1486.0,513,INFY,NaN,1488.3834039208682,1491.8954112492913,29.379112942801815,1504.75,58.602463292118124,,,,,
2025-10-13T11:40:00.000000,1486.0,1486.0,1483.5,1484.55,3398,INFY,NaN,1487.6167231366946,1491.2276465902648,28.659775445332823,1504.75,59.51189488315975,,,,,
2025-10-13T11:45:00.000000,1484.7,1485.35,1483.85,1484.8,653,INFY,NaN,1487.0533785093558,1490.643315082059,28.131152339128477,1504.75,60.35636707484126,,,,,
2025-10-13T11:50:00.000000,1484.8,1485.4,1484.0,1485.4,954,INFY,NaN,1486.7227028074847,1490.1666500745991,27.9509017802147,1504.75,61.09424794008253,,,,,
2025-10-13T11:55:00.000000,1485.4,1487.8,1485.1,1487.8,858,INFY,NaN,1486.9381622459878,1489.9515000678175,28.835676302148556,1504.75,59.78614415110462,,,,,
2025-10-13T12:00:00.000000,1487.8,1488.05,1485.25,1485.4,2312,INFY,NaN,1486.6305297967901,1489.5377273343795,29.145298165216083,1504.75,58.38779771437561,,,,,
2025-10-13T12:05:00.000000,1485.4,1485.5,1485.0,1485.5,247,INFY,NaN,1486.4044238374322,1489.1706612130722,29.465353144569633,1504.75,57.17059085819235,,,,,
2025-10-13T12:10:00.000000,1485.5,1487.0,1485.0,1485.2,938,INFY,NaN,1486.1635390699457,1488.8096920118837,29.694401175965094,1504.75,54.93498628003747,,,,,
2025-10-13T12:15:00.000000,1485.2,1486.0,1484.1,1484.65,922,INFY,NaN,1485.8608312559566,1488.4315381926215,29.788826763835917,1504.75,53.208886321311105,,,,,
2025-10-13T12:20:00.000000,1484.65,1485.25,1484.05,1484.4,158,INFY,NaN,1485.5686650047653,1488.0650347205649,29.822040912935126,1504.75,51.62554882216925,,,,,
2025-10-13T12:25:00.000000,1484.4,1486.0,1484.3,1485.7,266,INFY,NaN,1485.5949320038123,1487.85003156415,30.457294991515536,1504.75,49.59558990294778,,,,,
2025-10-13T12:30:00.000000,1485.7,1486.65,1484.0,1484.0,691,INFY,NaN,1485.2759456030499,1487.5000286946818,30.63740812240574,1504.75,47.24542754501444,,,,,
2025-10-13T12:35:00.000000,1484.0,1487.0,1484.0,1485.75,1331,INFY,NaN,1485.37075648244,1487.3409351769835,31.520744767314316,1504.75,44.815231546384595,,,,,
2025-10-13T12:40:00.000000,1486.5,1487.6,1484.6,1487.6,1041,INFY,NaN,1485.8166051859519,1487.3644865245305,32.96612906700503,1504.75,42.13767949969294,,,,,
2025-10-13T12:45:00.000000,1488.0,1489.0,1485.0,1485.6,1078,INFY,NaN,1485.7732841487614,1487.2040786586642,33.75713159946799,1504.75,39.49102937857423,,,,,
2025-10-13T12:50:00.000000,1485.6,1486.5,1484.55,1486.25,790,INFY,NaN,1485.8686273190092,1487.1173442351494,34.69136196222117,1504.75,36.744473067582796,,,,,
2025-10-13T12:55:00.000000,1486.4,1487.8,1485.0,1487.6,500,INFY,NaN,1486.2149018552072,1487.161222031954,35.96861167470777,1504.75,34.95012960399886,,,,,
2025-10-13T13:00:00.000000,1487.6,1488.35,1486.2,1487.2,1123,INFY,NaN,1486.4119214841658,1487.1647473017763,37.00966167926223,1504.75,33.57728045417129,,,,,
2025-10-13T13:05:00.000000,1487.2,1487.5,1486.4,1486.5,455,INFY,NaN,1486.4295371873327,1487.1043157288875,37.75054062276245,1504.75,32.302491957902824,,,,,
2025-10-13T13:10:00.000000,1486.5,1489.15,1486.25,1488.65,615,INFY,NaN,1486.8736297498663,1487.2448324808067,39.102193459876624,1504.75,31.95647193803479,,,,,
2025-10-13T13:15:00.000000,1488.65,1490.6,1487.85,1488.25,10672,INFY,NaN,1487.148903799893,1487.3362113461878,40.19993750304812,1504.75,32.2382057815111,,,,,
2025-10-13T13:20:00.000000,1488.25,1488.8,1487.15,1487.25,256,INFY,NaN,1487.1691230399144,1487.3283739510798,40.88559186491843,1504.75,31.94598139933853,,,,,
2025-10-13T13:25:00.000000,1487.25,1487.8,1486.6,1486.65,340,INFY,NaN,1487.0652984319315,1487.2667035918907,41.327264751438136,1504.75,31.253088789065377,,,,,
2025-10-13T13:30:00.000000,1486.65,1490.2,1486.4,1490.0,616,INFY,NaN,1487.6522387455452,1487.515185083537,42.72429017110447,1504.75,31.597803937268132,,,,,
2025-10-13T13:35:00.000000,1490.0,1490.4,1489.4,1490.25,1106,INFY,NaN,1488.1717909964361,1487.7638046213974,44.05202987660665,1504.75,31.989651039430388,,,,,
2025-10-13T13:40:00.000000,1490.25,1490.25,1489.25,1489.25,534,INFY,NaN,1488.387432797149,1487.8989132921795,44.921363207886344,1504.75,32.23077653035452,,,,,
2025-10-13T13:45:00.000000,1489.25,1492.0,1489.25,1492.0,896,INFY,NaN,1489.1099462377192,1488.2717393565267,46.39501904333871,1504.75,33.08281795014883,,,,,
2025-10-13T13:50:00.000000,1492.0,1492.0,1489.35,1489.35,293,INFY,NaN,1489.1579569901753,1488.369763051388,46.9353319301269,1504.75,33.87399926852926,,,,,
2025-10-13T13:55:00.000000,1489.35,1490.2,1488.0,1488.0,360,INFY,NaN,1488.9263655921402,1488.3361482285345,47.07548679731808,1504.75,33.49125922695996,,,,,
2025-10-13T14:00:00.000000,1488.0,1491.7,1488.0,1491.35,477,INFY,NaN,1489.4110924737122,1488.6101347532133,47.979576826130234,1504.75,33.72267360143286,,,,,
2025-10-13T14:05:00.000000,1491.35,1491.35,1489.5,1490.3,1018,INFY,NaN,1489.5888739789698,1488.7637588665575,48.52447673322662,1504.75,33.937558377729125,,,,,
2025-10-13T14:10:00.000000,1490.3,1491.0,1489.8,1490.3,830,INFY,NaN,1489.7310991831757,1488.9034171514159,49.01748141107573,1504.75,34.1370942414328,,,,,
2025-10-13T14:15:00.000000,1490.3,1491.6,1489.0,1489.7,574,INFY,NaN,1489.7248793465405,1488.9758337740145,49.297310611214066,1504.75,33.6278736809838,,,,,
2025-10-13T14:20:00.000000,1489.7,1493.8,1489.1,1491.6,8123,INFY,NaN,1490.0999034772324,1489.214394340013,50.00703734229274,1504.75,34.06201156799592,,,,,
2025-10-13T14:25:00.000000,1491.6,1497.65,1491.55,1496.05,6801,INFY,NaN,1491.289922781786,1489.8358130363756,51.4773776970436,1504.75,35.52848458817734,,,,,
2025-10-13T14:30:00.000000,1496.0,1502.0,1496.0,1499.5,5038,INFY,NaN,1492.9319382254287,1490.7143754876142,53.28072629491261,1504.75,37.63950309560361,,,,,
2025-10-13T14:35:00.000000,1499.5,1499.5,1497.0,1498.0,1587,INFY,NaN,1493.945550580343,1491.3767049887401,54.48945053997872,1504.75,39.59973456678514,,,,,
2025-10-13T14:40:00.000000,1498.0,1499.0,1497.65,1499.0,2332,INFY,NaN,1494.9564404642745,1492.0697318079456,55.72342340797001,1504.75,41.41994950431085,,,,,
2025-10-13T14:45:00.000000,1499.0,1499.85,1497.75,1498.0,1173,INFY,NaN,1495.5651523714196,1492.6088470981324,56.553608887176715,1504.75,43.243264607531316,,,,,
2025-10-13T14:50:00.000000,1498.0,1500.05,1495.25,1498.8,7692,INFY,NaN,1496.2121218971356,1493.1716791801205,57.429951470413165,1504.75,43.21194626106314,,,,,
2025-10-13T14:55:00.000000,1498.8,1498.8,1496.55,1498.0,6129,INFY,NaN,1496.5696975177084,1493.6106174364731,57.98301499996096,1504.75,43.1828649393427,,,,,
2025-10-13T15:00:00.000000,1498.0,1498.0,1495.35,1496.0,2870,INFY,NaN,1496.4557580141668,1493.8278340331574,57.92050402717193,1504.75,42.39590449217386,,,,,
2025-10-13T15:05:00.000000,1496.0,1496.2,1493.05,1493.05,7046,INFY,NaN,1495.7746064113335,1493.757121848325,57.15815609978138,1504.75,40.40689308560371,,,,,
2025-10-13T15:10:00.000000,1493.05,1494.0,1491.25,1492.2,2948,INFY,NaN,1495.0596851290668,1493.615565316659,56.285072187022436,1504.75,37.733646410262686,,,,,
2025-10-13T15:15:00.000000,1492.2,1493.0,1490.45,1491.0,1593,INFY,NaN,1494.2477481032533,1493.3777866515081,55.241988732092,1504.75,35.164588514326816,,,,,
2025-10-13T15:20:00.000000,1490.45,1492.5,1490.4,1491.0,2784,INFY,NaN,1493.5981984826026,1493.1616242286439,54.2982465585835,1504.75,32.800743064771545,,,,,
2025-10-13T15:25:00.000000,1491.0,1495.15,1490.55,1495.15,6860,INFY,NaN,1493.908558786082,1493.3423856624036,54.39075291413865,1504.75,31.404145528328968,,,,,
2025-10-14T09:15:00.000000,1494.95,1509.55,1494.95,1503.2,13214,INFY,NaN,1495.7668470288656,1494.238532420367,55.64685965952224,1514.85,33.00480071508578,,,,,
2025-10-14T09:20:00.000000,1502.5,1510.0,1502.1,1508.4,5413,INFY,NaN,1498.2934776230925,1495.52593856397,57.27948053593774,1514.85,34.542234534050685,,,,,
2025-10-14T09:25:00.000000,1508.4,1511.95,1506.25,1509.6,8273,INFY,NaN,1500.5547820984739,1496.805398694518,58.85612850952482,1514.85,36.18884218745041,,,,,
2025-10-14T09:30:00.000000,1509.55,1514.85,1508.6,1510.95,6355,INFY,NaN,1502.6338256787792,1498.091271540471,60.3934017136961,1514.85,38.01303974124284,,,,,
2025-10-14T09:35:00.000000,1511.2,1512.95,1508.5,1508.5,5522,INFY,NaN,1503.8070605430235,1499.0375195822464,61.21329233045486,1514.85,39.665278793142534,,,,,
2025-10-14T09:40:00.000000,1508.5,1510.75,1507.8,1508.1,4696,INFY,NaN,1504.6656484344187,1499.861381438406,61.86401225157711,1514.85,40.89487231330207,,,,,
2025-10-14T09:45:00.000000,1508.1,1508.15,1501.55,1502.7,1840,INFY,NaN,1504.272518747535,1500.119437671278,61.36588119186911,1514.85,39.763501867698416,,,,,
2025-10-14T09:50:00.000000,1502.7,1503.35,1497.5,1497.85,3536,INFY,NaN,1502.9880149980281,1499.9131251557073,60.16235887639542,1514.85,37.6052425077569,,,,,
2025-10-14T09:55:00.000000,1497.85,1498.0,1495.1,1495.55,1559,INFY,NaN,1501.5004119984226,1499.5164774142795,58.76465787755107,1514.85,35.02730987092629,,,,,
2025-10-14T10:00:00.000000,1495.65,1498.5,1490.5,1494.35,14485,INFY,NaN,1500.070329598738,1499.046797649345,57.34394699518597,1514.85,33.370494347015764,,,,,
2025-10-14T10:05:00.000000,1494.35,1494.35,1491.55,1492.95,2569,INFY,NaN,1498.6462636789904,1498.4925433175865,55.877646130920006,1514.85,31.83202278909885,,,,,
2025-10-14T10:10:00.000000,1492.95,1494.45,1491.1,1491.6,1161,INFY,NaN,1497.2370109431922,1497.865948470533,54.37901369191445,1514.85,30.495998014967373,,,,,
2025-10-14T10:15:00.000000,1491.6,1494.45,1490.3,1491.5,2214,INFY,NaN,1496.0896087545539,1497.287225882303,53.0100245235517,1514.85,29.425222209417637,,,,,
2025-10-14T10:20:00.000000,1491.5,1493.8,1490.0,1493.1,1025,INFY,NaN,1495.4916870036432,1496.9065689839117,52.089591953473935,1514.85,28.4969049611559,,,,,
2025-10-14T10:25:00.000000,1493.15,1493.6,1491.5,1493.0,688,INFY,NaN,1494.9933496029146,1496.5514263490106,51.24140495152086,1514.85,27.634896087769995,,,,,
2025-10-14T10:30:00.000000,1493.0,1493.85,1491.35,1492.5,396,INFY,NaN,1494.4946796823317,1496.1831148627368,50.39293536479417,1514.85,26.747517089880464,,,,,
2025-10-14T10:35:00.000000,1492.5,1492.5,1490.2,1492.0,693,INFY,NaN,1493.9957437458654,1495.8028316933971,49.541473924765334,1514.85,26.221731090470772,,,,,
2025-10-14T10:40:00.000000,1492.0,1495.55,1490.8,1492.0,1169,INFY,NaN,1493.5965949966924,1495.4571197212701,48.77110405045353,1514.85,24.682075621388986,,,,,
2025-10-14T10:45:00.000000,1492.0,1494.6,1491.65,1492.7,164,INFY,NaN,1493.417275997354,1495.206472473882,48.25613688104201,1514.85,23.2523955429559,,,,,
2025-10-14T10:50:00.000000,1492.7,1494.0,1492.7,1494.0,599,INFY,NaN,1493.5338207978832,1495.0967931580747,48.12081142137028,1514.85,21.92483547012517,,,,,
2025-10-14T10:55:00.000000,1494.0,1494.5,1492.0,1493.05,699,INFY,NaN,1493.4370566383066,1494.9107210527952,47.79312316200966,1514.85,20.924554872367917,,,,,
2025-10-14T11:00:00.000000,1493.05,1493.85,1490.0,1490.7,2084,INFY,NaN,1492.8896453106452,1494.5279282298138,47.03198148247533,1514.85,20.620885121529604,,,,,
2025-10-14T11:05:00.000000,1490.7,1492.0,1490.0,1492.0,1448,INFY,NaN,1492.711716248516,1494.298116572558,46.693516426436666,1514.85,20.338906067179746,,,,,
2025-10-14T11:10:00.000000,1492.0,1492.0,1490.65,1491.5,568,INFY,NaN,1492.4693729988128,1494.043742338689,46.28511157952823,1514.85,20.077068373854875,,,,,
2025-10-14T11:15:00.000000,1491.5,1492.0,1488.2,1488.9,1882,INFY,NaN,1491.7554983990503,1493.5761293988082,45.42529490437162,1514.85,20.58961458959353,,,,,
2025-10-14T11:20:00.000000,1488.5,1489.4,1487.85,1488.2,663,INFY,NaN,1491.0443987192402,1493.087390362553,44.5267114465246,1514.85,21.16510373060888,,,,,
2025-10-14T11:25:00.000000,1488.2,1490.0,1487.0,1490.0,835,INFY,NaN,1490.8355189753922,1492.8067185114116,44.23834249628936,1514.85,21.94268253748807,,,,,
2025-10-14T11:30:00.000000,1489.15,1490.9,1488.1,1490.25,459,INFY,NaN,1490.7184151803137,1492.5742895558287,44.04824368996597,1514.85,22.177996654077173,,,,,
2025-10-14T11:35:00.000000,1490.25,1492.1,1490.25,1491.35,463,INFY,NaN,1490.8447321442509,1492.4629905052989,44.18868460575553,1514.85,21.77940581181553,,,,,
2025-10-14T11:40:00.000000,1491.35,1492.2,1490.7,1491.7,346,INFY,NaN,1491.0157857154006,1492.39362773209,44.414799835285066,1514.85,21.358042866838485,,,,,
2025-10-14T11:45:00.000000,1491.7,1492.2,1490.0,1490.7,384,INFY,NaN,1490.9526285723205,1492.2396615746272,44.37334046271399,1514.85,21.233115359811727,,,,,
2025-10-14T11:50:00.000000,1490.7,1491.35,1490.0,1490.55,286,INFY,NaN,1490.8721028578564,1492.086055976934,44.29862331011862,1514.85,21.11711124614402,,,,,
2025-10-14T11:55:00.000000,1490.55,1492.65,1490.1,1491.85,420,INFY,NaN,1491.0676822862852,1492.0645963426673,44.64233950679499,1514.85,20.264810436987947,,,,,
2025-10-14T12:00:00.000000,1491.85,1494.75,1491.55,1494.0,633,INFY,NaN,1491.654145829028,1492.2405421296976,45.54864078039545,1514.85,19.1880112720169,,,,,
2025-10-14T12:05:00.000000,1494.0,1494.0,1489.7,1490.35,924,INFY,NaN,1491.3933166632223,1492.0686746633614,45.44064105104281,1514.85,18.281005710599448,,,,,
2025-10-14T12:10:00.000000,1490.4,1490.4,1488.6,1488.9,2464,INFY,NaN,1490.894653330578,1491.7806133303286,45.04061370754391,1514.85,17.882149898877415,,,,,
2025-10-14T12:15:00.000000,1488.9,1490.85,1488.9,1490.1,858,INFY,NaN,1490.7357226644624,1491.6278303002987,45.01379643834571,1514.85,17.28306576166727,,,,,
2025-10-14T12:20:00.000000,1490.1,1491.45,1489.1,1491.0,587,INFY,NaN,1490.78857813157,1491.5707548184535,45.23225294714781,1514.85,16.42019669969137,,,,,
2025-10-14T12:25:00.000000,1491.0,1491.8,1490.2,1490.4,447,INFY,NaN,1490.710862505256,1491.4643225622303,45.285454535597225,1514.85,15.438364705811063,,,,,
2025-10-14T12:30:00.000000,1490.4,1492.6,1490.4,1492.2,385,INFY,NaN,1491.008690004205,1491.5312023293004,45.81816257814755,1514.85,14.554213514361633,,,,,
2025-10-14T12:35:00.000000,1492.2,1493.1,1491.05,1491.05,289,INFY,NaN,1491.016952003364,1491.4874566630003,46.006197624130266,1514.85,13.984096128507455,,,,,
2025-10-14T12:40:00.000000,1491.05,1491.25,1488.3,1488.5,1033,INFY,NaN,1490.5135616026912,1491.2158696936367,45.60041311334266,1514.85,13.860762404224738,,,,,
2025-10-14T12:45:00.000000,1488.5,1491.25,1488.1,1490.85,186,INFY,NaN,1490.580849282153,1491.182608812397,45.852236828098654,1514.85,13.83178435364769,,,,,
2025-10-14T12:50:00.000000,1490.85,1492.0,1490.85,1491.4,579,INFY,NaN,1490.7446794257223,1491.2023716476335,46.21488863116258,1514.85,13.381499752682513,,,,,
2025-10-14T12:55:00.000000,1491.4,1491.95,1491.3,1491.4,68,INFY,NaN,1490.8757435405778,1491.220337861485,46.543002167268035,1514.85,12.963378337500563,,,,,
2025-10-14T13:00:00.000000,1491.4,1492.7,1490.3,1490.3,543,INFY,NaN,1490.7605948324622,1491.136670783168,46.55772699790332,1514.85,13.068844335036301,,,,,
2025-10-14T13:05:00.000000,1490.3,1491.5,1488.85,1488.85,272,INFY,NaN,1490.3784758659697,1490.928791621062,46.22382685490142,1514.85,13.80555501965628,,,,,
2025-10-14T13:10:00.000000,1488.85,1490.75,1488.0,1489.8,344,INFY,NaN,1490.2627806927758,1490.8261742009654,46.20489581398254,1514.85,14.828401594139297,,,,,
2025-10-14T13:15:00.000000,1489.8,1489.85,1488.45,1488.9,65,INFY,NaN,1489.9902245542207,1490.6510674554231,45.966088487855494,1514.85,15.778187699016387,,,,,
2025-10-14T13:20:00.000000,1489.85,1491.7,1489.45,1490.7,699,INFY,NaN,1490.1321796433765,1490.6555158685665,46.27673385734594,1514.85,15.423416138262231,,,,,
2025-10-14T13:25:00.000000,1490.7,1492.0,1490.7,1492.0,104,INFY,NaN,1490.505743714701,1490.7777416986967,46.90099629614622,1514.85,14.911502022392431,,,,,
2025-10-14T13:30:00.000000,1492.0,1492.9,1491.7,1492.75,207,INFY,NaN,1490.9545949717608,1490.9570379079062,47.65553621560167,1514.85,13.900111362615954,,,,,
2025-10-14T13:35:00.000000,1492.75,1493.4,1491.8,1492.7,327,INFY,NaN,1491.3036759774086,1491.1154890071875,48.32243061788529,1514.85,13.140119915882778,,,,,
2025-10-14T13:40:00.000000,1492.7,1494.5,1492.7,1493.6,857,INFY,NaN,1491.7629407819268,1491.3413536428977,49.16486232364583,1514.85,13.030163099949565,,,,,
2025-10-14T13:45:00.000000,1493.6,1495.0,1492.2,1493.75,1167,INFY,NaN,1492.1603526255415,1491.5603214935434,49.967195066243086,1514.85,12.928060342297297,,,,,
2025-10-14T13:50:00.000000,1493.75,1494.4,1493.0,1493.0,721,INFY,NaN,1492.3282821004332,1491.6912013577667,50.417179633666926,1514.85,12.833250638763047,,,,,
2025-10-14T13:55:00.000000,1493.0,1495.8,1493.0,1494.05,1263,INFY,NaN,1492.6726256803465,1491.9056375979696,51.128537200182,1514.85,13.506270713408517,,,,,
2025-10-14T14:00:00.000000,1494.05,1495.85,1494.0,1495.0,30613,INFY,NaN,1493.1381005442772,1492.1869432708816,52.02996383280206,1514.85,14.156842482156808,,,,,
2025-10-14T14:05:00.000000,1495.6,1497.1,1495.0,1497.1,4251,INFY,NaN,1493.9304804354217,1492.6335847917105,53.34362119631001,1514.85,15.371768410168967,,,,,
2025-10-14T14:10:00.000000,1497.1,1497.1,1493.25,1495.2,493,INFY,NaN,1494.1843843483373,1492.8668952651915,53.81434570912711,1514.85,15.1618915974573,,,,,
2025-10-14T14:15:00.000000,1495.2,1497.5,1495.2,1495.9,1554,INFY,NaN,1494.5275074786698,1493.142632059265,54.41288277240214,1514.85,15.179419588080906,,,,,
2025-10-14T14:20:00.000000,1495.9,1501.3,1493.5,1501.3,1254,INFY,NaN,1495.8820059829359,1493.8842109629682,55.96243384963035,1514.85,16.753725936017105,,,,,
2025-10-14T14:25:00.000000,1501.3,1505.0,1498.15,1501.3,6890,INFY,NaN,1496.9656047863486,1494.5583736026983,57.36440863378921,1514.85,19.16999318899304,,,,,
2025-10-14T14:30:00.000000,1501.3,1502.0,1499.6,1499.8,2129,INFY,NaN,1497.532483829079,1495.0348850933622,58.102887504385734,1514.85,21.413669923899267,,,,,
2025-10-14T14:35:00.000000,1499.8,1501.2,1496.1,1496.4,1142,INFY,NaN,1497.3059870632633,1495.158986448511,57.771323609668386,1514.85,21.461062387767353,,,,,
2025-10-14T14:40:00.000000,1496.4,1497.2,1494.45,1494.45,886,INFY,NaN,1496.7347896506105,1495.0945331350101,57.00030123215515,1514.85,20.740540095665363,,,,,
2025-10-14T14:45:00.000000,1494.45,1497.85,1491.9,1493.9,669,INFY,NaN,1496.1678317204885,1494.9859392136457,56.17607183677917,1514.85,19.45970442256502,,,,,
2025-10-14T14:50:00.000000,1493.9,1494.05,1492.4,1493.7,1158,INFY,NaN,1495.6742653763908,1494.8690356487689,55.38257623875882,1514.85,18.270357011828995,,,,,
2025-10-14T14:55:00.000000,1493.7,1493.95,1491.7,1492.7,452,INFY,NaN,1495.0794123011126,1494.67185058979,54.42359274087505,1514.85,17.43644555216193,,,,,
2025-10-14T15:00:00.000000,1493.45,1493.6,1489.0,1489.2,4081,INFY,NaN,1493.90352984089,1494.1744096270818,52.83846939724735,1514.85,17.591457617952805,,,,,
2025-10-14T15:05:00.000000,1489.2,1491.2,1488.3,1490.0,616,INFY,NaN,1493.1228238727122,1493.7949178428016,51.63727945167605,1514.85,17.950370763685775,,,,,
2025-10-14T15:10:00.000000,1490.0,1490.0,1487.4,1489.1,1335,INFY,NaN,1492.3182590981696,1493.3681071298197,50.3763068663177,1514.85,18.556040152737605,,,,,
2025-10-14T15:15:00.000000,1489.1,1493.75,1488.25,1491.9,1489,INFY,NaN,1492.2346072785358,1493.2346428452906,50.010996246047476,1514.85,17.48311220779298,,,,,
2025-10-14T15:20:00.000000,1491.9,1491.9,1487.1,1488.05,2100,INFY,NaN,1491.3976858228286,1492.7633116775369,48.954874797470076,1514.85,16.87564539622667,,,,,
2025-10-14T15:25:00.000000,1488.05,1489.55,1486.2,1488.1,978,INFY,NaN,1490.7381486582628,1492.3393742523062,48.012624194657086,1514.85,16.6067423299639,,,,,
2025-10-15T09:15:00.000000,1488.0,1488.0,1480.0,1484.5,5746,INFY,NaN,1489.4905189266103,1491.626703865733,46.60034199344489,1488.7,17.920769377712585,,,,,
2025-10-15T09:20:00.000000,1484.85,1488.7,1481.5,1484.0,2825,INFY,NaN,1488.3924151412882,1490.9333671506663,45.253000574076424,1488.7,18.854305110049612,,,,,
2025-10-15T09:25:00.000000,1484.0,1488.4,1483.8,1485.9,18036,INFY,NaN,1487.8939321130306,1490.4757883187876,44.5655536940465,1488.7,19.721159718648284,,,,,
2025-10-15T09:30:00.000000,1485.9,1486.4,1480.3,1480.4,6552,INFY,NaN,1486.3951456904244,1489.5598075625342,43.201594860965066,1488.7,21.250812646885475,,,,,
2025-10-15T09:35:00.000000,1480.4,1481.25,1475.85,1477.6,7575,INFY,NaN,1484.6361165523394,1488.4725523295765,41.67672665801637,1488.7,23.375779941392405,,,,,
2025-10-15T09:40:00.000000,1477.6,1480.45,1476.7,1478.05,3331,INFY,NaN,1483.3188932418716,1487.5250475723424,40.416173788104,1488.7,25.348963857720268,,,,,
2025-10-15T09:45:00.000000,1478.05,1478.6,1475.9,1476.75,1396,INFY,NaN,1482.0051145934972,1486.5454977930385,39.138288498184465,1488.7,27.29936253113886,,,,,
2025-10-15T09:50:00.000000,1476.75,1476.75,1470.0,1472.8,12784,INFY,NaN,1480.1640916747976,1485.2959070845804,37.616102875898335,1488.7,29.825481634370686,,,,,
2025-10-15T09:55:00.000000,1472.8,1474.1,1470.4,1470.65,4098,INFY,NaN,1478.2612733398382,1483.9644609859822,36.06905474188115,1488.7,32.17116365880024,,,,,
2025-10-15T10:00:00.000000,1470.55,1472.55,1470.0,1470.25,2133,INFY,NaN,1476.6590186718706,1482.7176918054383,34.63841500315459,1488.7,34.392906483411316,,,,,
2025-10-15T10:05:00.000000,1470.25,1471.55,1467.4,1470.35,3584,INFY,NaN,1475.3972149374965,1481.593356186762,33.37466353998611,1488.7,36.725386076710514,,,,,
2025-10-15T10:10:00.000000,1470.35,1474.0,1470.3,1473.8,2396,INFY,NaN,1475.0777719499972,1480.8848692606928,33.215860918739594,1488.7,37.76496392315174,,,,,
2025-10-15T10:15:00.000000,1473.5,1474.25,1470.65,1472.1,12575,INFY,NaN,1474.4822175599977,1480.086244782448,32.87523729879132,1488.7,38.61935104916264,,,,,
2025-10-15T10:20:00.000000,1471.85,1474.05,1471.7,1473.1,2511,INFY,NaN,1474.2057740479981,1479.4511316204073,32.83292458477348,1488.7,39.412710523315624,,,,,
2025-10-15T10:25:00.000000,1473.5,1474.1,1470.55,1471.8,11459,INFY,NaN,1473.7246192383984,1478.7555742003703,32.63210529485058,1488.7,40.335867040989,,,,,
2025-10-15T10:30:00.000000,1471.8,1472.5,1471.0,1471.8,805,INFY,NaN,1473.3396953907188,1478.123249273064,32.45041165158701,1488.7,41.193083807399994,,,,,
2025-10-15T10:35:00.000000,1471.8,1473.8,1471.8,1472.0,1490,INFY,NaN,1473.071756312575,1477.56659024824,32.34739396668273,1488.7,41.295523782517606,,,,,
2025-10-15T10:40:00.000000,1472.0,1474.9,1471.8,1474.85,2110,INFY,NaN,1473.4274050500599,1477.3196274984,33.070691582588694,1488.7,40.83141920628743,,,,,
2025-10-15T10:45:00.000000,1474.0,1474.95,1470.5,1472.7,6050,INFY,NaN,1473.281924040048,1476.8996613621819,33.374621623673946,1488.7,40.704590939509394,,,,,
2025-10-15T10:50:00.000000,1472.7,1472.7,1469.0,1471.6,2535,INFY,NaN,1472.9455392320383,1476.41787396562,33.48275818651983,1488.7,40.91354089776949,,,,,
2025-10-15T10:55:00.000000,1471.6,1472.55,1470.25,1472.45,2241,INFY,NaN,1472.8464313856307,1476.0571581505635,33.82166214167971,1488.7,41.107565859011004,,,,,
2025-10-15T11:00:00.000000,1472.45,1475.05,1471.0,1473.2,12462,INFY,NaN,1472.9171451085047,1475.7974165005123,34.340702250530576,1488.7,39.98794605317669,,,,,
2025-10-15T11:05:00.000000,1473.2,1473.2,1470.05,1470.15,1939,INFY,NaN,1472.3637160868038,1475.2840150004658,34.30797929415287,1488.7,39.21083578754692,,,,,
2025-10-15T11:10:00.000000,1470.15,1471.35,1470.0,1470.0,1649,INFY,NaN,1471.890972869443,1474.8036500004234,34.255503606474704,1488.7,38.50334111978293,,,,,
2025-10-15T11:15:00.000000,1470.0,1471.0,1469.0,1469.8,880,INFY,NaN,1471.4727782955545,1474.3487727276577,34.175747078757496,1488.7,38.132240217660375,,,,,
2025-10-15T11:20:00.000000,1469.8,1470.75,1468.25,1470.0,971,INFY,NaN,1471.1782226364435,1473.953429752416,34.17141621710166,1488.7,37.99593779965369,,,,,
2025-10-15T11:25:00.000000,1470.7,1472.3,1468.95,1472.2,2013,INFY,NaN,1471.3825781091548,1473.7940270476508,34.873023742225534,1488.7,37.00644377823595,,,,,
2025-10-15T11:30:00.000000,1472.2,1472.25,1470.2,1470.2,959,INFY,NaN,1471.146062487324,1473.4672973160461,35.11543446436876,1488.7,36.08762790120519,,,,,
2025-10-15T11:35:00.000000,1470.2,1471.3,1470.15,1471.1,1267,INFY,NaN,1471.136849989859,1473.2520884691328,35.60810300667151,1488.7,35.25235955635312,,,,,
2025-10-15T11:40:00.000000,1471.1,1473.4,1470.75,1472.4,660,INFY,NaN,1471.3894799918871,1473.17462588103,36.43253696125161,1488.7,33.32067726205766,,,,,
2025-10-15T11:45:00.000000,1472.4,1472.4,1470.35,1471.15,858,INFY,NaN,1471.3415839935096,1472.9905689827544,36.90651502237147,1488.7,31.697413502568036,,,,,
2025-10-15T11:50:00.000000,1471.15,1472.4,1470.5,1471.8,1920,INFY,NaN,1471.4332671948077,1472.8823354388676,37.52989660138563,1488.7,30.190097154470532,,,,,
2025-10-15T11:55:00.000000,1471.8,1473.5,1471.8,1472.1,682,INFY,NaN,1471.5666137558462,1472.8112140353342,38.185644149652994,1488.7,28.18563618823052,,,,,
2025-10-15T12:00:00.000000,1472.1,1473.1,1471.6,1471.6,539,INFY,NaN,1471.573291004677,1472.7011036684855,38.65344998885168,1488.7,26.427604173091854,,,,,
2025-10-15T12:05:00.000000,1471.6,1473.85,1471.1,1472.6,1244,INFY,NaN,1471.7786328037416,1472.691912425896,39.402180582130455,1488.7,24.70112379013153,,,,,
2025-10-15T12:10:00.000000,1472.6,1473.5,1472.0,1472.0,6333,INFY,NaN,1471.8229062429932,1472.629011296269,39.91410819053152,1488.7,23.097963434525514,,,,,
2025-10-15T12:15:00.000000,1472.0,1473.5,1471.3,1471.85,2584,INFY,NaN,1471.8283249943945,1472.5581920875172,40.33481599249628,1488.7,21.706382086672516,,,,,
2025-10-15T12:20:00.000000,1471.85,1472.2,1470.4,1471.95,1087,INFY,NaN,1471.8526599955155,1472.502901897743,40.75309024989514,1488.7,20.921332343595736,,,,,
2025-10-15T12:25:00.000000,1471.9,1473.45,1471.35,1472.75,1004,INFY,NaN,1472.0321279964123,1472.5253653615846,41.43490456862208,1488.7,19.44639173127715,,,,,
2025-10-15T12:30:00.000000,1472.75,1473.7,1472.6,1473.0,938,INFY,NaN,1472.22570239713,1472.5685139650768,42.1461672591749,1488.7,18.225884612077497,,,,,
2025-10-15T12:35:00.000000,1473.45,1473.5,1472.55,1473.0,740,INFY,NaN,1472.380561917704,1472.6077399682517,42.789690645865555,1488.7,17.05974753988956,,,,,
2025-10-15T12:40:00.000000,1473.45,1474.45,1472.5,1474.45,1558,INFY,NaN,1472.7944495341633,1472.775218152956,43.924063688699235,1488.7,16.566187679289257,,,,,
2025-10-15T12:45:00.000000,1474.45,1474.45,1472.0,1472.0,1041,INFY,NaN,1472.6355596273306,1472.7047437754147,44.05890992819117,1488.7,15.749912627443038,,,,,
2025-10-15T12:50:00.000000,1473.0,1474.85,1473.0,1474.85,1333,INFY,NaN,1473.0784477018644,1472.8997670685587,45.09989140319024,1488.7,15.24752414452712,,,,,
2025-10-15T12:55:00.000000,1474.85,1475.95,1473.85,1475.0,1458,INFY,NaN,1473.4627581614916,1473.0906973350534,46.08419948342225,1488.7,15.436195537370818,,,,,
2025-10-15T13:00:00.000000,1475.0,1475.5,1473.2,1473.2,1340,INFY,NaN,1473.4102065291934,1473.1006339409576,46.37556078328723,1488.7,15.105304106236341,,,,,
2025-10-15T13:05:00.000000,1473.2,1475.1,1472.35,1473.4,6893,INFY,NaN,1473.4081652233547,1473.1278490372342,46.70406961369658,1488.7,14.180442517145266,,,,,
2025-10-15T13:10:00.000000,1473.4,1473.9,1472.3,1473.1,6687,INFY,NaN,1473.3465321786837,1473.1253173065766,46.90076188026652,1488.7,13.285748623123466,,,,,
2025-10-15T13:15:00.000000,1473.1,1476.1,1473.1,1475.55,792,INFY,NaN,1473.787225742947,1473.3457430059786,47.84503337878593,1488.7,13.782809292118685,,,,,
2025-10-15T13:20:00.000000,1475.4,1476.4,1475.0,1475.0,1380,INFY,NaN,1474.0297805943576,1473.4961300054351,48.50143153434783,1488.7,14.398233109294491,,,,,
2025-10-15T13:25:00.000000,1475.45,1477.95,1474.7,1476.55,15443,INFY,NaN,1474.533824475486,1473.7737545503956,49.52608372985953,1488.7,15.693877062057235,,,,,
2025-10-15T13:30:00.000000,1476.55,1477.05,1476.0,1476.0,721,INFY,NaN,1474.8270595803888,1473.9761405003596,50.245560019819294,1488.7,16.89697501819407,,,,,
2025-10-15T13:35:00.000000,1476.0,1477.1,1475.5,1477.1,1103,INFY,NaN,1475.281647664311,1474.2601277275996,51.19656937745214,1488.7,17.572975677189724,,,,,
2025-10-15T13:40:00.000000,1477.1,1477.9,1475.55,1475.55,794,INFY,NaN,1475.335318131449,1474.3773888432725,51.48206497453876,1488.7,18.59164834753629,,,,,
2025-10-15T13:45:00.000000,1475.55,1476.95,1475.55,1475.65,1282,INFY,NaN,1475.3982545051592,1474.4930807666112,51.7705395425604,1488.7,19.537558684286672,,,,,
2025-10-15T13:50:00.000000,1475.65,1477.35,1475.25,1476.0,1424,INFY,NaN,1475.5186036041273,1474.630073424192,52.14159911501461,1488.7,20.617091088347614,,,,,
2025-10-15T13:55:00.000000,1476.0,1476.15,1474.55,1475.0,1322,INFY,NaN,1475.4148828833017,1474.6637031129019,52.09295413311881,1488.7,20.924650272001657,,,,,
2025-10-15T14:00:00.000000,1475.0,1476.1,1474.95,1475.7,713,INFY,NaN,1475.4719063066414,1474.7579119208199,52.28766302985635,1488.7,21.210240942537553,,,,,
2025-10-15T14:05:00.000000,1475.7,1476.85,1475.0,1475.6,1002,INFY,NaN,1475.497525045313,1474.8344653825636,52.4230472747224,1488.7,21.91719956992814,,,,,
2025-10-15T14:10:00.000000,1475.6,1478.0,1475.4,1477.7,1001,INFY,NaN,1475.9380200362505,1475.0949685296032,53.21448264665922,1488.7,23.16289606829216,,,,,
2025-10-15T14:15:00.000000,1477.8,1478.7,1475.0,1478.45,857,INFY,NaN,1476.4404160290003,1475.3999713905484,54.13675594777267,1488.7,24.634872281535433,,,,,
2025-10-15T14:20:00.000000,1478.45,1478.55,1476.3,1476.85,531,INFY,NaN,1476.5223328232003,1475.5317921732258,54.29764406882797,1488.7,26.0017073366899,,,,,
2025-10-15T14:25:00.000000,1476.85,1477.3,1475.75,1476.3,795,INFY,NaN,1476.4778662585602,1475.601629248387,54.23074629188481,1488.7,26.632204717804722,,,,,
2025-10-15T14:30:00.000000,1476.3,1476.95,1475.0,1476.0,550,INFY,NaN,1476.3822930068482,1475.637844771261,54.053151443376585,1488.7,26.411660346027748,,,,,
2025-10-15T14:35:00.000000,1476.0,1476.15,1474.35,1475.15,1427,INFY,NaN,1476.1358344054786,1475.593495246601,53.56628191307992,1488.7,25.567498755840116,,,,,
2025-10-15T14:40:00.000000,1475.15,1475.9,1474.0,1474.8,907,INFY,NaN,1475.8686675243828,1475.5213593150918,52.994406911306996,1488.7,24.453603877888785,,,,,
2025-10-15T14:45:00.000000,1474.8,1475.35,1472.0,1472.5,669,INFY,NaN,1475.1949340195063,1475.2466902864471,51.72372889837393,1488.7,23.556161081758283,,,,,
2025-10-15T14:50:00.000000,1472.5,1474.55,1471.25,1474.55,641,INFY,NaN,1475.065947215605,1475.183354805861,51.36519771543105,1488.7,23.190545302439734,,,,,
2025-10-15T14:55:00.000000,1474.15,1476.0,1473.2,1475.8,772,INFY,NaN,1475.212757772484,1475.2394134598735,51.451669265191484,1488.7,21.71744196552859,,,,,
2025-10-15T15:00:00.000000,1475.6,1475.6,1473.3,1474.9,1046,INFY,NaN,1475.1502062179873,1475.2085576907941,51.22923718380549,1488.7,20.34956029553967,,,,,
2025-10-15T15:05:00.000000,1474.9,1475.5,1473.8,1475.0,1698,INFY,NaN,1475.1201649743898,1475.189597900722,51.062759051318935,1488.7,19.07938445912139,,,,,
2025-10-15T15:10:00.000000,1475.0,1475.5,1474.3,1474.55,5708,INFY,NaN,1475.0061319795118,1475.13145263702,50.75378622587775,1488.7,17.899935468161555,,,,,
2025-10-15T15:15:00.000000,1474.55,1475.25,1474.2,1474.5,3214,INFY,NaN,1474.9049055836094,1475.0740478518362,50.45600156689461,1488.7,16.890177108242717,,,,,
2025-10-15T15:20:00.000000,1474.5,1474.55,1473.6,1474.35,2989,INFY,NaN,1474.7939244668876,1475.0082253198511,50.12864072920388,1488.7,16.457786261236194,,,,,
2025-10-15T15:25:00.000000,1474.35,1475.0,1472.65,1475.0,99760,INFY,NaN,1474.83513957351,1475.007477563501,50.116303963015696,1488.7,16.765569490660162,,,,,
2025-10-16T09:15:00.000000,1475.0,1484.85,1460.2,1467.9,23493,INFY,NaN,1473.448111658808,1474.3613432395464,48.2089029066077,1484.85,20.510275007947467,,,,,
2025-10-16T09:20:00.000000,1468.4,1468.45,1462.35,1464.8,18922,INFY,NaN,1471.7184893270464,1473.4921302177695,46.03121910477405,1484.85,23.987501559714254,,,,,
2025-10-16T09:25:00.000000,1464.8,1467.05,1463.95,1465.8,27292,INFY,NaN,1470.534791461637,1472.7928456525178,44.43025615357319,1484.85,27.216354786354838,,,,,
2025-10-16T09:30:00.000000,1465.8,1470.8,1465.0,1468.85,8666,INFY,NaN,1470.1978331693097,1472.4344051386527,43.964218493142184,1484.85,27.95540436361258,,,,,
2025-10-16T09:35:00.000000,1468.85,1470.0,1466.6,1466.6,5532,INFY,NaN,1469.4782665354478,1471.9040046715024,43.151818402716664,1484.85,28.641664685351913,,,,,
2025-10-16T09:40:00.000000,1466.6,1466.6,1463.8,1465.6,6898,INFY,NaN,1468.7026132283581,1471.3309133377295,42.257104923445624,1484.85,29.90027179710096,,,,,
2025-10-16T09:45:00.000000,1465.6,1466.85,1464.5,1465.3,6707,INFY,NaN,1468.0220905826866,1470.782648488845,41.399193022145916,1484.85,30.930868596975102,,,,,
2025-10-16T09:50:00.000000,1465.3,1467.95,1464.25,1466.1,6839,INFY,NaN,1467.6376724661493,1470.3569531716773,40.8864903884934,1484.85,31.280142112601663,,,,,
2025-10-16T09:55:00.000000,1466.1,1468.15,1466.05,1467.7,11504,INFY,NaN,1467.6501379729195,1470.115411974252,40.92205063688461,1484.85,31.493767616687325,,,,,
2025-10-16T10:00:00.000000,1467.7,1468.25,1465.15,1467.75,11476,INFY,NaN,1467.6701103783357,1469.9003745220473,40.969612077767785,1484.85,31.93814894204436,,,,,
2025-10-16T10:05:00.000000,1467.75,1467.75,1465.9,1466.6,1311,INFY,NaN,1467.4560883026686,1469.6003404745884,40.76101689478994,1484.85,32.35078874416161,,,,,
2025-10-16T10:10:00.000000,1466.6,1466.6,1464.65,1465.6,2531,INFY,NaN,1467.0848706421348,1469.2366731587167,40.3641154344869,1484.85,33.080237605619885,,,,,
2025-10-16T10:15:00.000000,1465.6,1465.7,1463.6,1463.6,786,INFY,NaN,1466.3878965137078,1468.7242483261061,39.62771960136013,1484.85,34.027452249566856,,,,,
2025-10-16T10:20:00.000000,1463.6,1465.5,1463.6,1463.6,528,INFY,NaN,1465.8303172109663,1468.2584075691873,38.96145670472162,1484.85,34.90700870466047,,,,,
2025-10-16T10:25:00.000000,1463.6,1466.35,1463.5,1465.35,1135,INFY,NaN,1465.734253768773,1467.9940068810793,38.99374251751398,1484.85,35.115740984757025,,,,,
2025-10-16T10:30:00.000000,1465.35,1466.2,1463.3,1463.65,5988,INFY,NaN,1465.3174030150185,1467.5990971646174,38.671729514556745,1484.85,35.374064374952916,,,,,
2025-10-16T10:35:00.000000,1463.65,1465.4,1463.1,1465.0,6562,INFY,NaN,1465.2539224120148,1467.3628156041977,38.835930823447335,1484.85,35.68133507205204,,,,,
2025-10-16T10:40:00.000000,1465.0,1466.5,1463.5,1466.2,731,INFY,NaN,1465.4431379296118,1467.2571050947251,39.36137549494607,1484.85,35.13263620734388,,,,,
2025-10-16T10:45:00.000000,1466.2,1469.75,1465.75,1469.75,1616,INFY,NaN,1466.3045103436893,1467.4837319042956,40.76205295196427,1484.85,32.70220353942193,,,,,
2025-10-16T10:50:00.000000,1469.75,1470.0,1468.45,1469.5,1278,INFY,NaN,1466.9436082749514,1467.667029003905,41.962041429412295,1484.85,30.410836667492934,,,,,
2025-10-16T10:55:00.000000,1469.5,1471.25,1469.4,1471.1,1835,INFY,NaN,1467.774886619961,1467.9791172762773,43.414744756837905,1484.85,28.881855791930324,,,,,
2025-10-16T11:00:00.000000,1471.1,1471.1,1469.2,1470.7,584,INFY,NaN,1468.359909295969,1468.2264702511611,44.61051644286732,1484.85,27.350550289925962,,,,,
2025-10-16T11:05:00.000000,1470.7,1470.9,1469.4,1469.7,607,INFY,NaN,1468.627927436775,1468.3604275010555,45.39738597974743,1484.85,25.928623752350486,,,,,
2025-10-16T11:10:00.000000,1469.7,1471.25,1469.65,1470.1,486,INFY,NaN,1468.9223419494201,1468.518570455505,46.213830253178095,1484.85,24.79504817170323,,,,,
2025-10-16T11:15:00.000000,1470.1,1471.25,1469.9,1471.2,1470,INFY,NaN,1469.377873559536,1468.7623367777317,47.23533122852475,1484.85,23.74244227538792,,,,,
2025-10-16T11:20:00.000000,1471.2,1472.0,1467.5,1468.0,57592,INFY,NaN,1469.1022988476288,1468.6930334343015,47.247806483273,1484.85,22.770354902658607,,,,,
2025-10-16T11:25:00.000000,1468.0,1469.5,1467.75,1469.0,643,INFY,NaN,1469.081839078103,1468.7209394857286,47.5275363963875,1484.85,21.8677023422671,,,,,
2025-10-16T11:30:00.000000,1468.6,1470.55,1468.6,1469.45,679,INFY,NaN,1469.1554712624825,1468.7872177142988,47.90063564660248,1484.85,20.359589355095675,,,,,
2025-10-16T11:35:00.000000,1469.45,1469.9,1468.45,1469.25,785,INFY,NaN,1469.174377009986,1468.8292888311807,48.17959085800751,1484.85,19.05087580806127,,,,,
2025-10-16T11:40:00.000000,1469.25,1469.3,1466.25,1466.9,592,INFY,NaN,1468.7195016079888,1468.6538989374371,47.79553843642357,1484.85,19.022508707535803,,,,,
2025-10-16T11:45:00.000000,1466.9,1468.35,1466.9,1467.3,938,INFY,NaN,1468.4356012863911,1468.530817215852,47.5732385366077,1484.85,18.99616782847644,,,,,
2025-10-16T11:50:00.000000,1467.3,1468.95,1467.3,1468.95,545,INFY,NaN,1468.538481029113,1468.5689247416838,47.86370495579533,1484.85,18.54016388188083,,,,,
2025-10-16T11:55:00.000000,1468.95,1468.95,1466.1,1466.2,939,INFY,NaN,1468.0707848232903,1468.3535679469853,47.42642928408127,1484.85,18.733633946919195,,,,,
2025-10-16T12:00:00.000000,1466.2,1467.0,1465.0,1465.0,954,INFY,NaN,1467.4566278586321,1468.048698133623,46.76754584105149,1484.85,19.413306509730482,,,,,
2025-10-16T12:05:00.000000,1465.0,1467.2,1464.4,1467.1,522,INFY,NaN,1467.3853022869057,1467.9624528487482,46.78021501855403,1484.85,20.298760973778823,,,,,
2025-10-16T12:10:00.000000,1467.1,1467.8,1466.05,1467.75,1001,INFY,NaN,1467.4582418295245,1467.9431389534075,46.966543107131464,1484.85,20.64333916491093,,,,,
2025-10-16T12:15:00.000000,1467.75,1468.45,1467.2,1467.95,432,INFY,NaN,1467.5565934636195,1467.9437626849158,47.1904319759929,1484.85,20.46389706320801,,,,,
2025-10-16T12:20:00.000000,1468.1,1468.9,1467.15,1468.0,1083,INFY,NaN,1467.6452747708956,1467.9488751681054,47.40767481711832,1484.85,19.95979826172763,,,,,
2025-10-16T12:25:00.000000,1468.0,1469.2,1467.9,1468.9,5441,INFY,NaN,1467.8962198167164,1468.0353410619139,47.87207808800355,1484.85,19.265600275653032,,,,,
2025-10-16T12:30:00.000000,1468.9,1468.9,1467.9,1468.1,2827,INFY,NaN,1467.936975853373,1468.0412191471944,48.040362326363045,1484.85,18.62098786001233,,,,,
2025-10-16T12:35:00.000000,1468.0,1468.7,1467.2,1467.9,4389,INFY,NaN,1467.9295806826985,1468.028381042904,48.129098616200345,1484.85,18.472690209824126,,,,,
2025-10-16T12:40:00.000000,1467.9,1468.15,1467.3,1467.95,1040,INFY,NaN,1467.9336645461588,1468.021255493549,48.2269007266298,1484.85,18.33498524893508,,,,,
2025-10-16T12:45:00.000000,1467.95,1467.95,1466.5,1466.8,280,INFY,NaN,1467.706931636927,1467.9102322668627,47.93168168198071,1484.85,18.714756902390672,,,,,
2025-10-16T12:50:00.000000,1466.8,1467.7,1466.55,1467.3,173,INFY,NaN,1467.6255453095416,1467.8547566062389,47.8577232632932,1484.85,19.06740200917087,,,,,
2025-10-16T12:55:00.000000,1467.3,1468.4,1466.8,1466.8,407,INFY,NaN,1467.4604362476332,1467.7588696420353,47.61890385638918,1484.85,18.69229798667947,,,,,
2025-10-16T13:00:00.000000,1466.8,1468.4,1466.75,1466.9,410,INFY,NaN,1467.3483489981065,1467.6807905836683,47.44538868513435,1484.85,18.38142552171528,,,,,
2025-10-16T13:05:00.000000,1466.9,1466.9,1464.1,1465.8,1995,INFY,NaN,1467.0386791984852,1467.5098096215168,46.903214870194184,1484.85,19.66936202002389,,,,,
2025-10-16T13:10:00.000000,1465.8,1468.35,1465.25,1468.2,368,INFY,NaN,1467.2709433587881,1467.5725542013788,47.36596240937166,1484.85,19.580860439421524,,,,,
2025-10-16T13:15:00.000000,1468.2,1468.2,1464.75,1465.8,638,INFY,NaN,1466.9767546870305,1467.4114129103443,47.01479779828307,1484.85,19.770587110192114,,,,,
2025-10-16T13:20:00.000000,1465.8,1466.2,1463.0,1464.25,4457,INFY,NaN,1466.4314037496245,1467.1240117366767,46.28952411151462,1484.85,20.777655641900555,,,,,
2025-10-16T13:25:00.000000,1464.25,1467.0,1464.25,1466.3,3645,INFY,NaN,1466.4051229996996,1467.049101578797,46.34007599067854,1484.85,21.05690102748613,,,,,
2025-10-16T13:30:00.000000,1466.3,1466.85,1465.9,1466.0,178,INFY,NaN,1466.3240983997598,1466.9537287079972,46.30138761609216,1484.85,21.31620031410131,,,,,
2025-10-16T13:35:00.000000,1466.0,1467.25,1465.7,1467.25,554,INFY,NaN,1466.5092787198078,1466.9806624618157,46.66958967413306,1484.85,21.216279693099533,,,,,
2025-10-16T13:40:00.000000,1467.25,1467.35,1465.75,1466.85,689,INFY,NaN,1466.5774229758463,1466.968784056196,46.87718133179435,1484.85,21.036177942836638,,,,,
2025-10-16T13:45:00.000000,1466.85,1466.9,1465.55,1466.0,1069,INFY,NaN,1466.461938380677,1466.88071277836,46.80111783682938,1484.85,20.993714489139926,,,,,
2025-10-16T13:50:00.000000,1466.0,1466.05,1464.5,1465.55,2208,INFY,NaN,1466.2795507045416,1466.7597388894183,46.59482780922106,1484.85,21.569810436611167,,,,,
2025-10-16T13:55:00.000000,1465.55,1468.05,1465.55,1467.9,787,INFY,NaN,1466.6036405636332,1466.8633989903803,47.19798043247762,1484.85,20.428895541057674,,,,,
2025-10-16T14:00:00.000000,1467.9,1469.5,1466.9,1468.9,2271,INFY,NaN,1467.0629124509067,1467.0485445367094,48.03164738160566,1484.85,19.50742406141114,,,,,
2025-10-16T14:05:00.000000,1468.9,1469.2,1467.0,1468.8,12465,INFY,NaN,1467.4103299607252,1467.2077677606449,48.74931019775376,1484.85,18.65177197316793,,,,,
2025-10-16T14:10:00.000000,1468.8,1470.65,1468.75,1469.3,1931,INFY,NaN,1467.7882639685802,1467.3979706914954,49.54957657384108,1484.85,18.689429303214954,,,,,
2025-10-16T14:15:00.000000,1469.3,1469.7,1467.8,1469.15,388,INFY,NaN,1468.060611174864,1467.5572460831777,50.21161205275748,1484.85,18.02942394942364,,,,,
2025-10-16T14:20:00.000000,1469.15,1472.75,1469.15,1472.1,6108,INFY,NaN,1468.8684889398912,1467.9702237119798,51.61593963463179,1484.85,18.840341746315513,,,,,
2025-10-16T14:25:00.000000,1472.1,1473.0,1470.4,1472.25,6865,INFY,NaN,1469.544791151913,1468.359294283618,52.92167430464094,1484.85,19.68948299112123,,,,,
2025-10-16T14:30:00.000000,1472.25,1473.5,1470.9,1472.85,5097,INFY,NaN,1470.2058329215304,1468.7675402578345,54.24638167158319,1484.85,20.673097266079445,,,,,
2025-10-16T14:35:00.000000,1472.85,1473.3,1470.0,1470.0,14613,INFY,NaN,1470.1646663372244,1468.8795820525768,54.28852734128678,1484.85,20.909472477800545,,,,,
2025-10-16T14:40:00.000000,1470.0,1470.65,1468.8,1470.0,714,INFY,NaN,1470.1317330697796,1468.9814382296152,54.32665913768527,1484.85,20.309484114241435,,,,,
2025-10-16T14:45:00.000000,1470.0,1472.05,1469.5,1469.5,1315,INFY,NaN,1470.0053864558236,1469.028580208741,54.17548237346131,1484.85,20.403236451906,,,,,
2025-10-16T14:50:00.000000,1469.5,1471.7,1469.5,1471.25,501,INFY,NaN,1470.254309164659,1469.2305274624919,54.57186276132809,1484.85,20.490292194023095,,,,,
2025-10-16T14:55:00.000000,1471.25,1472.0,1470.5,1472.0,898,INFY,NaN,1470.6034473317272,1469.4822976931744,55.136173333788044,1484.85,20.712384064184047,,,,,
2025-10-16T15:00:00.000000,1471.35,1474.8,1471.1,1473.4,84361,INFY,NaN,1471.1627578653818,1469.8384524483404,56.001780965069635,1484.85,22.022600535011613,,,,,
2025-10-16T15:05:00.000000,1473.6,1475.2,1471.7,1473.1,104077,INFY,NaN,1471.5502062923053,1470.1349567712184,56.65458040986919,1484.85,23.370625452549405,,,,,
2025-10-16T15:10:00.000000,1473.1,1473.9,1471.1,1471.7,100085,INFY,NaN,1471.5801650338442,1470.2772334283804,56.66602308124783,1484.85,24.154476097183174,,,,,
2025-10-16T15:15:00.000000,1471.7,1474.45,1471.2,1473.6,98621,INFY,NaN,1471.9841320270752,1470.5793031167095,57.18638435484282,1484.85,25.088127324858323,,,,,
2025-10-16T15:20:00.000000,1473.6,1474.0,1471.55,1471.55,31435,INFY,NaN,1471.8973056216603,1470.6675482879177,56.91259726923322,1484.85,25.9550891791281,,,,,
2025-10-16T15:25:00.000000,1471.55,1472.45,1465.0,1470.85,26984,INFY,NaN,1471.6878444973281,1470.684134807198,56.436118094354384,1484.85,25.141056126394368,,,,,
2025-10-17T09:15:00.000000,1459.0,1459.0,1447.35,1454.75,58229,INFY,NaN,1468.3002755978625,1469.2355770974527,53.420508494424055,1459.0,27.575145654845468,,,,,
2025-10-17T09:20:00.000000,1455.0,1456.0,1449.2,1451.95,26207,INFY,NaN,1465.03022047829,1467.6641609976843,50.48170025125382,1459.0,29.835371645550058,,,,,
2025-10-17T09:25:00.000000,1451.85,1455.0,1450.35,1453.5,14117,INFY,NaN,1462.7241763826319,1466.3765099978948,48.195076059629244,1459.0,31.934152922632887,,,,,
2025-10-17T09:30:00.000000,1453.15,1453.4,1446.25,1449.0,25468,INFY,NaN,1459.9793411061055,1464.7968272708135,45.78254843277917,1459.0,34.266602639351824,,,,,
2025-10-17T09:35:00.000000,1449.0,1449.5,1446.3,1446.3,15522,INFY,NaN,1457.2434728848843,1463.1152975189214,43.423514992327824,1459.0,36.43244880487655,,,,,
2025-10-17T09:40:00.000000,1446.3,1451.0,1446.3,1451.0,9952,INFY,NaN,1455.9947783079074,1462.013906835383,42.28032950688866,1459.0,37.821496261844395,,,,,
2025-10-17T09:45:00.000000,1451.0,1451.0,1445.15,1445.5,21164,INFY,NaN,1453.895822646326,1460.512642577621,40.819896125500726,1459.0,39.24324944275113,,,,,
2025-10-17T09:50:00.000000,1445.5,1445.8,1443.3,1445.6,17600,INFY,NaN,1452.2366581170609,1459.1569477978371,39.51789738946681,1459.0,40.76762415362192,,,,,
2025-10-17T09:55:00.000000,1445.5,1446.0,1444.1,1444.6,7383,INFY,NaN,1450.7093264936486,1457.8335889071247,38.26472523069236,1459.0,42.09352251043034,,,,,
2025-10-17T10:00:00.000000,1444.9,1445.6,1442.65,1443.1,15231,INFY,NaN,1449.1874611949188,1456.4941717337497,37.018288494066944,1459.0,43.4916896341457,,,,,
2025-10-17T10:05:00.000000,1443.1,1446.0,1442.55,1445.8,6587,INFY,NaN,1448.509968955935,1455.5219743034088,36.46063805095653,1459.0,44.59610971395523,,,,,
2025-10-17T10:10:00.000000,1446.0,1447.3,1445.05,1447.1,11114,INFY,NaN,1448.227975164748,1454.7563402758262,36.217214049398876,1459.0,44.99149182726934,,,,,
2025-10-17T10:15:00.000000,1447.1,1447.7,1445.65,1447.1,5053,INFY,NaN,1448.0023801317984,1454.0603093416603,35.99697328608481,1459.0,45.16497557335026,,,,,
2025-10-17T10:20:00.000000,1447.1,1447.4,1445.0,1445.05,6153,INFY,NaN,1447.4119041054387,1453.2411903106004,35.578469457123305,1459.0,45.44112246675577,,,,,
2025-10-17T10:25:00.000000,1445.05,1446.45,1444.8,1444.9,10434,INFY,NaN,1446.909523284351,1452.482900282364,35.183805975146825,1459.0,45.73412993930156,,,,,
2025-10-17T10:30:00.000000,1444.9,1445.05,1443.0,1443.95,7209,INFY,NaN,1446.317618627481,1451.7071820748763,34.72187161528964,1459.0,46.32608556829884,,,,,
2025-10-17T10:35:00.000000,1443.95,1443.95,1441.0,1441.3,11469,INFY,NaN,1445.3140949019846,1450.761074613524,34.02890367297856,1459.0,47.1910602808975,,,,,
2025-10-17T10:40:00.000000,1441.1,1442.5,1440.0,1442.3,10681,INFY,NaN,1444.7112759215877,1449.9918860122946,33.659309839017595,1459.0,48.14018500200427,,,,,
2025-10-17T10:45:00.000000,1442.3,1443.75,1441.25,1443.1,4175,INFY,NaN,1444.3890207372701,1449.3653509202677,33.531758862762416,1459.0,48.31010149938826,,,,,
2025-10-17T10:50:00.000000,1443.1,1443.45,1442.0,1442.3,7200,INFY,NaN,1443.971216589816,1448.7230462911525,33.31662772642097,1459.0,48.46788110410195,,,,,
2025-10-17T10:55:00.000000,1442.6,1445.1,1442.05,1445.1,5250,INFY,NaN,1444.1969732718528,1448.3936784465022,33.834323768693764,1459.0,47.681522088163106,,,,,
2025-10-17T11:00:00.000000,1445.05,1445.5,1444.0,1445.0,12996,INFY,NaN,1444.3575786174822,1448.085162224093,34.28733140416645,1459.0,46.73384399561581,,,,,
2025-10-17T11:05:00.000000,1445.0,1445.2,1444.1,1444.8,2091,INFY,NaN,1444.4460628939858,1447.7865111128117,34.66449236049287,1459.0,45.8538571953933,,,,,
2025-10-17T11:10:00.000000,1444.8,1447.0,1444.45,1446.8,10683,INFY,NaN,1444.9168503151886,1447.6968282843743,35.52001585705041,1459.0,44.04182924008038,,,,,
2025-10-17T11:15:00.000000,1446.85,1448.9,1446.1,1447.9,8082,INFY,NaN,1445.5134802521509,1447.7152984403403,36.55834876983369,1459.0,41.45230577792639,,,,,
2025-10-17T11:20:00.000000,1447.9,1449.35,1447.5,1448.3,6664,INFY,NaN,1446.0707842017207,1447.7684531275822,37.59433185666276,1459.0,38.84622088115698,,,,,
2025-10-17T11:25:00.000000,1448.3,1449.3,1448.1,1448.9,7325,INFY,NaN,1446.6366273613767,1447.8713210250748,38.68010981284719,1459.0,36.42628490558539,,,,,
2025-10-17T11:30:00.000000,1448.9,1449.0,1447.55,1449.0,3152,INFY,NaN,1447.1093018891013,1447.9739282046135,39.688199865218614,1459.0,34.422048761041005,,,,,
2025-10-17T11:35:00.000000,1449.0,1452.0,1448.0,1448.8,11220,INFY,NaN,1447.447441511281,1448.0490256405576,40.54737848218711,1459.0,32.70987793554041,,,,,
2025-10-17T11:40:00.000000,1448.8,1448.8,1445.05,1445.1,6800,INFY,NaN,1446.977953209025,1447.7809324005068,40.473783185894646,1459.0,30.852392178365115,,,,,
2025-10-17T11:45:00.000000,1445.0,1446.5,1443.0,1445.25,13691,INFY,NaN,1446.6323625672198,1447.5508476368243,40.45276684407234,1459.0,29.821567063324952,,,,,
2025-10-17T11:50:00.000000,1445.25,1445.35,1441.1,1443.25,8250,INFY,NaN,1445.9558900537759,1447.159861488022,40.04119325917356,1459.0,29.426488237940806,,,,,
2025-10-17T11:55:00.000000,1443.25,1446.2,1442.9,1445.3,3984,INFY,NaN,1445.8247120430208,1446.990783170929,40.28654111073964,1459.0,28.674374225503957,,,,,
2025-10-17T12:00:00.000000,1445.3,1446.05,1444.6,1445.2,2340,INFY,NaN,1445.6997696344167,1446.8279847008446,40.48698414941411,1459.0,27.97598264252688,,,,,
2025-10-17T12:05:00.000000,1445.2,1445.8,1444.0,1445.25,1909,INFY,NaN,1445.6098157075335,1446.6845315462224,40.68396994689903,1459.0,27.526217862808775,,,,,
2025-10-17T12:10:00.000000,1445.25,1445.5,1444.1,1445.0,870,INFY,NaN,1445.4878525660267,1446.5313923147476,40.800954815606204,1459.0,27.10857913878482,,,,,
2025-10-17T12:15:00.000000,1445.0,1446.0,1443.6,1446.0,2549,INFY,NaN,1445.5902820528213,1446.4830839224978,41.24488341275633,1459.0,26.720771752191148,,,,,
2025-10-17T12:20:00.000000,1446.0,1446.2,1444.9,1445.7,2240,INFY,NaN,1445.612225642257,1446.411894474998,41.56270159802227,1459.0,26.238276045174867,,,,,
2025-10-17T12:25:00.000000,1445.7,1446.0,1445.0,1445.85,2625,INFY,NaN,1445.6597805138056,1446.360813159089,41.90470893844668,1459.0,25.790244317231178,,,,,
2025-10-17T12:30:00.000000,1445.85,1445.85,1443.6,1445.25,2874,INFY,NaN,1445.5778244110445,1446.2598301446264,42.03114060439016,1459.0,25.960701742145574,,,,,
2025-10-17T12:35:00.000000,1445.25,1445.5,1442.7,1443.0,8164,INFY,NaN,1445.0622595288355,1445.9634819496605,41.54170212858253,1459.0,26.459194491320243,,,,,
2025-10-17T12:40:00.000000,1443.0,1443.7,1442.0,1442.9,8082,INFY,NaN,1444.6298076230685,1445.6849835906005,41.07438602743558,1459.0,27.17414517801049,,,,,
2025-10-17T12:45:00.000000,1442.9,1443.95,1441.5,1442.25,7601,INFY,NaN,1444.1538460984548,1445.3727123550914,40.48925562457124,1459.0,28.014574023691612,,,,,
2025-10-17T12:50:00.000000,1442.25,1442.25,1440.0,1440.05,8250,INFY,NaN,1443.333076878764,1444.8888294137193,39.47751587948262,1459.0,29.28195275268953,,,,,
2025-10-17T12:55:00.000000,1440.3,1440.95,1437.0,1439.9,19044,INFY,NaN,1442.646461503011,1444.4352994670176,38.532169956224095,1459.0,31.209931896708632,,,,,
2025-10-17T13:00:00.000000,1439.9,1440.65,1438.25,1438.85,4248,INFY,NaN,1441.8871692024088,1443.927544970016,37.46980789007467,1459.0,33.00019824472637,,,,,
2025-10-17T13:05:00.000000,1438.85,1439.0,1437.0,1438.6,4383,INFY,NaN,1441.229735361927,1443.4432227000145,36.460349903827435,1459.0,34.930127081501006,,,,,
2025-10-17T13:10:00.000000,1438.6,1440.0,1437.0,1438.0,9757,INFY,NaN,1440.5837882895416,1442.9483842727404,35.43016518869593,1459.0,35.936665320110144,,,,,
2025-10-17T13:15:00.000000,1438.65,1439.05,1437.05,1437.5,4183,INFY,NaN,1439.9670306316334,1442.4530766115822,34.401943922883746,1459.0,36.8713079702472,,,,,
2025-10-17T13:20:00.000000,1437.5,1438.5,1437.0,1438.1,4606,INFY,NaN,1439.5936245053067,1442.0573423741657,33.81915337601253,1459.0,37.75364459831439,,,,,
2025-10-17T13:25:00.000000,1438.1,1440.35,1437.4,1437.6,5955,INFY,NaN,1439.1948996042454,1441.6521294310598,33.179706989188404,1459.0,37.117295166824704,,,,,
2025-10-17T13:30:00.000000,1437.8,1438.3,1436.7,1437.9,5145,INFY,NaN,1438.9359196833964,1441.311026755509,32.78305503110393,1459.0,36.79432844676354,,,,,
2025-10-17T13:35:00.000000,1437.9,1438.15,1433.8,1435.9,22359,INFY,NaN,1438.328735746717,1440.8191152322809,31.98667684692488,1459.0,37.41117852438585,,,,,
2025-10-17T13:40:00.000000,1435.9,1438.0,1435.45,1437.3,11601,INFY,NaN,1438.1229885973737,1440.49919566571,32.0336410157294,1459.0,37.983967882178,,,,,
2025-10-17T13:45:00.000000,1437.3,1438.15,1436.3,1437.4,3818,INFY,NaN,1437.978390877899,1440.2174506051908,32.128446501208174,1459.0,38.39853036425869,,,,,
2025-10-17T13:50:00.000000,1437.4,1438.0,1434.7,1435.3,5730,INFY,NaN,1437.4427127023193,1439.7704096410826,31.725412826580392,1459.0,39.24454656529632,,,,,
2025-10-17T13:55:00.000000,1435.3,1438.0,1435.3,1438.0,3447,INFY,NaN,1437.5541701618554,1439.609463310075,32.57665484451105,1459.0,40.0301330376884,,,,,
2025-10-17T14:00:00.000000,1438.0,1438.9,1437.45,1438.5,2794,INFY,NaN,1437.7433361294843,1439.508603009159,33.53957029242022,1459.0,40.01170420977297,,,,,
2025-10-17T14:05:00.000000,1438.85,1439.65,1438.0,1438.55,6365,INFY,NaN,1437.9046689035874,1439.4214572810538,34.43075522268948,1459.0,39.406928638030934,,,,,
2025-10-17T14:10:00.000000,1438.55,1439.95,1438.4,1438.8,3348,INFY,NaN,1438.08373512287,1439.3649611645944,35.342162280575714,1459.0,38.6129965090242,,,,,
2025-10-17T14:15:00.000000,1438.5,1440.45,1437.8,1439.1,14202,INFY,NaN,1438.286988098296,1439.340873785995,36.29671620251509,1459.0,38.13478844198323,,,,,
2025-10-17T14:20:00.000000,1439.1,1439.8,1437.8,1438.95,16867,INFY,NaN,1438.4195904786368,1439.3053398054499,37.10441040503849,1459.0,37.69073809401662,,,,,
2025-10-17T14:25:00.000000,1438.95,1440.25,1438.2,1438.2,8220,INFY,NaN,1438.3756723829094,1439.2048543685908,37.557198338419134,1459.0,36.881400400982095,,,,,
2025-10-17T14:30:00.000000,1438.2,1439.55,1438.1,1439.35,5217,INFY,NaN,1438.5705379063274,1439.2180494259917,38.504967727682306,1459.0,36.18237996497722,,,,,
2025-10-17T14:35:00.000000,1439.35,1441.0,1438.65,1440.1,7624,INFY,NaN,1438.8764303250618,1439.2982267509014,39.68187881116704,1459.0,34.30902259113109,,,,,
2025-10-17T14:40:00.000000,1440.1,1441.5,1439.65,1440.8,9663,INFY,NaN,1439.2611442600494,1439.4347515917286,41.029099201906014,1459.0,32.194910627924756,,,,,
2025-10-17T14:45:00.000000,1440.8,1442.9,1440.35,1441.5,12858,INFY,NaN,1439.7089154080395,1439.622501447026,42.51634228857951,1459.0,30.49910466687414,,,,,
2025-10-17T14:50:00.000000,1441.6,1442.5,1440.1,1442.3,3708,INFY,NaN,1440.2271323264315,1439.8659104063872,44.15038035502819,1459.0,28.74154757860109,,,,,
2025-10-17T14:55:00.000000,1442.0,1443.0,1441.1,1442.4,9656,INFY,NaN,1440.6617058611453,1440.0962821876249,45.66457500456599,1459.0,27.434780912196313,,,,,
2025-10-17T15:00:00.000000,1442.4,1442.85,1440.6,1442.0,11364,INFY,NaN,1440.9293646889162,1440.2693474432954,46.81390808261042,1459.0,25.830626405089212,,,,,
2025-10-17T15:05:00.000000,1442.0,1443.6,1441.35,1442.1,7273,INFY,NaN,1441.1634917511328,1440.4357704029958,47.89516583627628,1459.0,24.843861832461275,,,,,
2025-10-17T15:10:00.000000,1442.1,1442.1,1440.35,1441.0,6535,INFY,NaN,1441.1307934009062,1440.4870640027234,48.27202228978182,1459.0,23.158319496486996,,,,,
2025-10-17T15:15:00.000000,1441.0,1441.6,1440.0,1440.2,7033,INFY,NaN,1440.944634720725,1440.460967275203,48.225988175565085,1459.0,21.668044478363388,,,,,
2025-10-17T15:20:00.000000,1440.1,1441.4,1440.0,1441.0,13107,INFY,NaN,1440.9557077765799,1440.5099702501846,48.5713333547557,1459.0,20.28421767582003,,,,,
2025-10-17T15:25:00.000000,1441.0,1441.4,1440.0,1440.85,7819,INFY,NaN,1440.9345662212638,1440.5408820456223,48.807383623739945,1459.0,18.999235644886916,,,,,
2025-10-20T09:15:00.000000,1446.15,1460.85,1446.15,1459.5,42875,INFY,NaN,1444.6476529770111,1442.264438223293,52.16514630037816,1461.3,22.653068608816763,,,,,
2025-10-20T09:20:00.000000,1459.5,1460.0,1454.35,1455.55,17924,INFY,NaN,1446.8281223816089,1443.4722165666299,54.13572731077609,1461.3,26.04591350389448,,,,,
2025-10-20T09:25:00.000000,1456.3,1461.3,1455.5,1458.45,14197,INFY,NaN,1449.1524979052872,1444.8338332423907,56.165150918442514,1461.3,29.30736222450259,,,,,
2025-10-20T09:30:00.000000,1458.5,1458.85,1456.0,1456.5,9883,INFY,NaN,1450.6219983242297,1445.8943938567188,57.53717930515504,1461.3,32.33585032221013,,,,,
2025-10-20T09:35:00.000000,1456.5,1459.95,1456.45,1458.45,5518,INFY,NaN,1452.1875986593839,1447.0358125970172,58.96082135131593,1461.3,35.2462158832311,,,,,
2025-10-20T09:40:00.000000,1458.45,1463.0,1458.4,1461.05,10635,INFY,NaN,1453.960078927507,1448.309829633652,60.47269356789285,1461.3,38.19232434314239,,,,,
2025-10-20T09:45:00.000000,1461.05,1461.45,1455.0,1460.0,4681,INFY,NaN,1455.1680631420056,1449.372572394229,61.5853109475062,1461.3,39.26359208370564,,,,,
2025-10-20T09:50:00.000000,1460.0,1461.95,1458.9,1460.6,5235,INFY,NaN,1456.2544505136045,1450.3932476311174,62.64915345204982,1461.3,40.32682027968387,,,,,
2025-10-20T09:55:00.000000,1460.6,1464.55,1460.0,1462.75,8871,INFY,NaN,1457.5535604108836,1451.5165887555613,63.811018910682826,1461.3,41.651085423773374,,,,,
2025-10-20T10:00:00.000000,1462.75,1464.0,1461.25,1462.3,2938,INFY,NaN,1458.502848328707,1452.4968988686921,64.74088941800716,1461.3,42.88076020042791,,,,,
2025-10-20T10:05:00.000000,1462.8,1464.1,1462.25,1463.6,3119,INFY,NaN,1459.5222786629656,1453.5062716988111,65.7087760403478,1461.3,44.036024333106944,,,,,
2025-10-20T10:10:00.000000,1463.6,1465.5,1463.5,1465.0,9296,INFY,NaN,1460.6178229303725,1454.5511560898283,66.71621348058318,1461.3,45.297244128961765,,,,,
2025-10-20T10:15:00.000000,1465.0,1466.85,1462.25,1463.2,6124,INFY,NaN,1461.1342583442981,1455.3374146271167,67.11257405482274,1461.3,46.64000199750895,,,,,
2025-10-20T10:20:00.000000,1463.2,1464.35,1461.6,1461.6,3650,INFY,NaN,1461.2274066754385,1455.906740570106,67.04215176647037,1461.3,47.51764490072149,,,,,
2025-10-20T10:25:00.000000,1461.6,1462.1,1458.65,1458.95,3268,INFY,NaN,1460.771925340351,1456.1834005182782,66.33479235249746,1461.3,46.81809260748695,,,,,
2025-10-20T10:30:00.000000,1459.1,1459.1,1457.5,1458.3,2783,INFY,NaN,1460.2775402722807,1456.3758186529801,65.54609277187255,1461.3,45.64674273112729,,,,,
2025-10-20T10:35:00.000000,1458.3,1464.7,1457.05,1460.25,15329,INFY,NaN,1460.2720322178245,1456.7280169572546,65.14418347129342,1461.3,45.640621114793916,,,,,
2025-10-20T10:40:00.000000,1460.25,1460.9,1459.05,1459.95,1819,INFY,NaN,1460.2076257742597,1457.020924506595,64.70601875381264,1461.3,45.63493675677007,,,,,
2025-10-20T10:45:00.000000,1459.95,1460.95,1458.5,1460.0,1514,INFY,NaN,1460.1661006194076,1457.29174955145,64.31817136786223,1461.3,45.37817076819506,,,,,
2025-10-20T10:50:00.000000,1460.0,1460.6,1459.1,1459.65,1281,INFY,NaN,1460.062880495526,1457.5061359558638,63.8694663382191,1461.3,45.13974520737542,,,,,
2025-10-20T10:55:00.000000,1459.65,1459.95,1457.05,1458.45,2058,INFY,NaN,1459.740304396421,1457.591941778058,63.129409839144024,1461.3,43.95794466714185,,,,,
2025-10-20T11:00:00.000000,1458.45,1461.1,1458.1,1459.75,1824,INFY,NaN,1459.7422435171368,1457.7881288891438,62.72845905927097,1461.3,43.136458265904494,,,,,
2025-10-20T11:05:00.000000,1459.75,1460.3,1458.5,1460.1,2296,INFY,NaN,1459.8137948137094,1457.9982989901307,62.437242415995506,1461.3,42.37364946475552,,,,,
2025-10-20T11:10:00.000000,1460.1,1461.9,1459.3,1461.2,1411,INFY,NaN,1460.0910358509675,1458.2893627183007,62.39763865901107,1461.3,42.05262707306514,,,,,
2025-10-20T11:15:00.000000,1461.2,1461.75,1457.8,1458.35,3915,INFY,NaN,1459.742828680774,1458.2948751984552,61.53553060082971,1461.3,41.016158931986396,,,,,
2025-10-20T11:20:00.000000,1458.35,1459.65,1457.3,1459.35,1254,INFY,NaN,1459.6642629446192,1458.3907956349592,60.97860107921136,1461.3,39.814964329198354,,,,,
2025-10-20T11:25:00.000000,1459.35,1461.35,1459.0,1461.3,7992,INFY,NaN,1459.9914103556953,1458.6552687590538,60.877211985657965,1461.3,39.17364585855294,,,,,
2025-10-20T11:30:00.000000,1461.3,1462.0,1459.45,1461.2,15798,INFY,NaN,1460.2331282845562,1458.8866079627762,60.75558122956086,1461.3,38.750053181889314,,,,,
2025-10-20T11:35:00.000000,1461.0,1463.8,1461.0,1463.6,3831,INFY,NaN,1460.9065026276448,1459.3150981479785,61.104445488957154,1461.3,38.80504785110582,,,,,
2025-10-20T11:40:00.000000,1463.5,1466.7,1462.0,1465.45,11534,INFY,NaN,1461.8152021021158,1459.8728164981621,61.72537539542786,1461.3,39.462008320439146,,,,,
2025-10-20T11:45:00.000000,1465.45,1465.85,1462.15,1463.6,1799,INFY,NaN,1462.1721616816926,1460.2116513619656,61.717577796360274,1461.3,40.07204304196296,,,,,
2025-10-20T11:50:00.000000,1463.6,1464.05,1461.55,1463.15,2739,INFY,NaN,1462.367729345354,1460.4787739654232,61.5775915224409,1461.3,40.29431150238686,,,,,
2025-10-20T11:55:00.000000,1463.15,1464.1,1461.8,1462.2,64126,INFY,NaN,1462.3341834762832,1460.6352490594757,61.17002157035034,1461.3,40.51252699789619,,,,,
2025-10-20T12:00:00.000000,1462.2,1464.45,1461.7,1461.9,2125,INFY,NaN,1462.2473467810266,1460.750226417705,60.711898855527394,1461.3,40.80211604426985,,,,,
2025-10-20T12:05:00.000000,1461.9,1463.0,1461.0,1461.3,1889,INFY,NaN,1462.0578774248213,1460.8002058342774,60.1145232500667,1461.3,40.614196419351515,,,,,
2025-10-20T12:10:00.000000,1461.3,1461.6,1460.0,1460.5,2040,INFY,NaN,1461.746301939857,1460.7729143947977,59.33221666155325,1461.3,39.81078941926694,,,,,
2025-10-20T12:15:00.000000,1460.5,1461.1,1459.5,1459.85,1674,INFY,NaN,1461.3670415518854,1460.6890130861798,58.43059871014304,1461.3,38.75822261762977,,,,,
2025-10-20T12:20:00.000000,1459.85,1459.85,1458.0,1458.7,3182,INFY,NaN,1460.8336332415083,1460.5081937147088,57.28470999307124,1461.3,36.916006388347334,,,,,
2025-10-20T12:25:00.000000,1458.25,1458.8,1457.75,1458.25,1711,INFY,NaN,1460.3169065932066,1460.302903377008,56.12218693969129,1461.3,35.06757143095355,,,,,
2025-10-20T12:30:00.000000,1458.1,1458.6,1457.0,1458.0,3905,INFY,NaN,1459.8535252745653,1460.0935485245527,54.998500887941226,1461.3,32.93643610750889,,,,,
2025-10-20T12:35:00.000000,1458.0,1458.6,1457.4,1458.05,514,INFY,NaN,1459.4928202196522,1459.907771385957,54.0008854784086,1461.3,30.957524735738847,,,,,
2025-10-20T12:40:00.000000,1458.05,1460.5,1458.0,1459.5,930,INFY,NaN,1459.4942561757218,1459.870701259961,53.631359558750496,1461.3,30.021437252870005,,,,,
2025-10-20T12:45:00.000000,1459.5,1460.45,1459.5,1459.9,1184,INFY,NaN,1459.5754049405775,1459.8733647817826,53.435272289407756,1461.3,29.15221316163465,,,,,
2025-10-20T12:50:00.000000,1459.9,1461.3,1459.6,1460.95,5815,INFY,NaN,1459.850323952462,1459.9712407107115,53.60845366621511,1461.3,28.724306779459628,,,,,
2025-10-20T12:55:00.000000,1460.95,1461.25,1460.2,1460.2,1139,INFY,NaN,1459.9202591619696,1459.9920370097377,53.474438627567956,1461.3,28.326965138868534,,,,,
2025-10-20T13:00:00.000000,1460.2,1462.0,1460.2,1461.25,3121,INFY,NaN,1460.1862073295756,1460.1063972815798,53.70319056933739,1461.3,28.298479745249043,,,,,
2025-10-20T13:05:00.000000,1461.25,1462.0,1460.5,1460.85,4404,INFY,NaN,1460.3189658636604,1460.173997528709,53.747432300197936,1461.3,28.272029022602375,,,,,
2025-10-20T13:10:00.000000,1460.85,1461.15,1459.55,1460.15,1518,INFY,NaN,1460.2851726909284,1460.17181593519,53.5063644512164,1461.3,27.484287378426114,,,,,
2025-10-20T13:15:00.000000,1460.15,1460.65,1459.15,1459.9,511,INFY,NaN,1460.2081381527428,1460.1471053956272,53.18813082807295,1461.3,26.447230951492987,,,,,
2025-10-20T13:20:00.000000,1459.9,1462.0,1459.55,1461.3,1474,INFY,NaN,1460.4265105221941,1460.2519139960248,53.42302860774948,1461.3,26.212201288150712,,,,,
2025-10-20T13:25:00.000000,1461.3,1462.8,1460.25,1460.7,4154,INFY,NaN,1460.4812084177554,1460.2926490872953,53.379111906165,1461.3,26.37560378831626,,,,,
2025-10-20T13:30:00.000000,1460.7,1461.55,1460.0,1460.0,882,INFY,NaN,1460.3849667342042,1460.266044624814,53.05033811668642,1461.3,26.31746711785426,,,,,
2025-10-20T13:35:00.000000,1460.0,1460.55,1459.0,1459.05,1389,INFY,NaN,1460.1179733873635,1460.1554951134672,52.38541647479277,1461.3,25.459315828237287,,,,,
2025-10-20T13:40:00.000000,1459.05,1459.85,1458.05,1459.3,573,INFY,NaN,1459.9543787098908,1460.0777228304246,51.89390053083444,1461.3,23.97643591719442,,,,,
2025-10-20T13:45:00.000000,1459.3,1459.5,1458.0,1458.35,2321,INFY,NaN,1459.6335029679126,1459.9206571185678,51.08654280026542,1461.3,22.564028040483834,,,,,
2025-10-20T13:50:00.000000,1458.35,1458.4,1457.0,1457.9,2653,INFY,NaN,1459.2868023743301,1459.7369610168798,50.19271561698221,1461.3,21.341601791173414,,,,,
2025-10-20T13:55:00.000000,1457.9,1458.45,1456.9,1457.85,2082,INFY,NaN,1458.999441899464,1459.5654191062545,49.365328014076475,1461.3,20.27320008935418,,,,,
2025-10-20T14:00:00.000000,1457.85,1458.5,1457.0,1457.7,2638,INFY,NaN,1458.7395535195712,1459.3958355511404,48.55755024632028,1461.3,19.240910915559088,,,,,
2025-10-20T14:05:00.000000,1457.7,1458.55,1456.35,1457.4,1796,INFY,NaN,1458.471642815657,1459.2143959555822,47.70505201724926,1461.3,18.74625208387864,,,,,
2025-10-20T14:10:00.000000,1457.4,1458.6,1456.2,1458.6,873,INFY,NaN,1458.4973142525257,1459.158541777802,47.61603061206469,1461.3,18.39245491044938,,,,,
2025-10-20T14:15:00.000000,1458.1,1460.75,1458.0,1458.5,1663,INFY,NaN,1458.4978514020206,1459.0986743434562,47.48856827190556,1461.3,17.771126674406048,,,,,
2025-10-20T14:20:00.000000,1458.5,1459.7,1458.1,1459.4,1105,INFY,NaN,1458.6782811216165,1459.12606758496,47.84720724401233,1461.3,17.194179026651526,,,,,
2025-10-20T14:25:00.000000,1459.0,1459.5,1457.6,1458.05,1037,INFY,NaN,1458.552624897293,1459.0282432590545,47.536312171060864,1461.3,16.245262899867022,,,,,
2025-10-20T14:30:00.000000,1458.05,1459.9,1457.6,1458.9,1708,INFY,NaN,1458.6220999178345,1459.0165847809587,47.68306573473819,1461.3,15.662400968525935,,,,,
2025-10-20T14:35:00.000000,1458.9,1460.0,1458.2,1459.4,4129,INFY,NaN,1458.7776799342676,1459.0514407099624,48.052832203989354,1461.3,15.197098528021186,,,,,
2025-10-20T14:40:00.000000,1459.4,1460.9,1459.15,1460.0,4195,INFY,NaN,1459.022143947414,1459.1376733726931,48.66137753017816,1461.3,15.419109491842987,,,,,
2025-10-20T14:45:00.000000,1460.0,1461.4,1459.0,1461.4,2369,INFY,NaN,1459.4977151579312,1459.343339429721,49.77546294367783,1461.3,15.957135614051642,,,,,
2025-10-20T14:50:00.000000,1461.4,1462.9,1460.35,1461.7,3340,INFY,NaN,1459.938172126345,1459.5575812997463,50.893301715059486,1461.3,17.310992282000377,,,,,
2025-10-20T14:55:00.000000,1461.7,1463.0,1460.85,1461.95,3673,INFY,NaN,1460.340537701076,1459.7750739088603,51.99796414097245,1461.3,18.619385398165896,,,,,
2025-10-20T15:00:00.000000,1461.95,1462.0,1459.0,1459.35,2383,INFY,NaN,1460.1424301608608,1459.7364308262368,51.67727561081919,1461.3,18.09009101183995,,,,,
2025-10-20T15:05:00.000000,1459.35,1461.45,1459.3,1460.35,1483,INFY,NaN,1460.1839441286886,1459.7922098420333,51.79878755122665,1461.3,17.59860336739443,,,,,
2025-10-20T15:10:00.000000,1460.35,1461.95,1459.75,1460.1,4978,INFY,NaN,1460.167155302951,1459.8201907654848,51.7970093097199,1461.3,17.481023641262134,,,,,
2025-10-20T15:15:00.000000,1460.1,1462.55,1460.0,1460.0,3648,INFY,NaN,1460.1337242423608,1459.8365370595316,51.748786794651174,1461.3,17.759525308843855,,,,,
2025-10-20T15:20:00.000000,1460.0,1462.5,1459.7,1461.4,10457,INFY,NaN,1460.3869793938886,1459.9786700541197,52.283804188650386,1461.3,17.726788124478837,,,,,
2025-10-20T15:25:00.000000,1461.15,1463.0,1461.05,1463.0,6129,INFY,NaN,1460.9095835151109,1460.253336412836,53.30825371500347,1461.3,18.032404890007808,,,,,
2025-10-21T13:45:00.000000,1477.25,1484.6,1475.35,1475.5,45845,INFY,NaN,1463.8276668120886,1461.6393967389417,56.094528721075505,1484.6,22.35941664450411,,,,,
2025-10-21T13:50:00.000000,1475.85,1477.25,1474.45,1477.1,18003,INFY,NaN,1466.482133449671,1463.0449061263107,58.72815298939201,1484.6,25.97498553580289,,,,,
2025-10-21T13:55:00.000000,1476.4,1477.6,1475.3,1475.3,11575,INFY,NaN,1468.2457067597368,1464.1590055693734,60.50491275015501,1484.6,29.35746224222802,,,,,
2025-10-21T14:00:00.000000,1476.0,1476.55,1474.1,1475.6,14941,INFY,NaN,1469.7165654077894,1465.1990959721577,62.14143707374249,1484.6,31.929763154053692,,,,,
2025-10-21T14:05:00.000000,1475.6,1475.7,1473.15,1473.95,6488,INFY,NaN,1470.5632523262316,1465.9946327019616,63.075985485492836,1484.6,33.87327227879208,,,,,
2025-10-21T14:10:00.000000,1473.95,1474.6,1472.2,1474.0,12141,INFY,NaN,1471.2506018609852,1466.7223933654195,63.92794762759641,1484.6,35.234712214651445,,,,,
2025-10-21T14:15:00.000000,1473.95,1474.95,1473.35,1474.0,4546,INFY,NaN,1471.8004814887881,1467.3839939685631,64.69877051807107,1484.6,36.5501269145994,,,,,
2025-10-21T14:20:00.000000,1474.45,1474.65,1472.9,1473.85,4715,INFY,NaN,1472.2103851910306,1467.9718126986938,65.33931051008643,1484.6,37.544843545017784,,,,,
2025-10-21T14:25:00.000000,1473.75,1473.9,1472.0,1472.5,6813,INFY,NaN,1472.2683081528244,1468.3834660897217,65.41286507635033,1484.6,38.01061092185329,,,,,
2025-10-21T14:30:00.000000,1472.5,1472.5,1470.0,1471.65,7729,INFY,NaN,1472.1446465222596,1468.6804237179288,65.17709525544267,1484.6,37.49103600201099,,,,,
2025-10-21T14:35:00.000000,1471.65,1471.85,1470.0,1471.2,9201,INFY,NaN,1471.9557172178077,1468.9094761072079,64.80406494229821,1484.6,37.00857357644315,,,,,
2025-10-21T14:40:00.000000,1471.2,1471.85,1470.5,1471.5,8179,INFY,NaN,1471.864573774246,1469.14497827928,64.53581731399292,1484.6,36.56057275270157,,,,,
2025-10-23T09:15:00.000000,1515.0,1519.75,1506.9,1516.35,91083,INFY,NaN,1480.7616590193968,1473.4363438902544,67.0132823005628,1526.0,39.77880733168163,,,,,
2025-10-23T09:20:00.000000,1516.35,1518.85,1514.55,1517.0,31333,INFY,NaN,1488.0093272155175,1477.3966762638677,69.26523124096713,1526.0,42.76716801216311,,,,,
2025-10-23T09:25:00.000000,1517.0,1518.7,1516.25,1518.5,12025,INFY,NaN,1494.107461772414,1481.1333420580615,71.32761890547319,1526.0,45.5420743583245,,,,,
2025-10-23T09:30:00.000000,1518.8,1519.1,1516.3,1518.65,10979,INFY,NaN,1499.015969417931,1484.5439473255105,73.19618836560241,1526.0,48.12875737668112,,,,,
2025-10-23T09:35:00.000000,1518.65,1526.0,1518.65,1523.9,49876,INFY,NaN,1503.992775534345,1488.1217702959186,74.97454838247589,1526.0,50.69196317124721,,,,,
2025-10-23T09:40:00.000000,1523.9,1527.35,1523.0,1525.85,16986,INFY,NaN,1508.3642204274759,1491.551609359926,76.61383472501811,1526.0,53.10110343864848,,,,,
2025-10-23T09:45:00.000000,1525.85,1526.25,1521.0,1521.45,11694,INFY,NaN,1510.9813763419806,1494.2696448726601,77.33484128563309,1526.0,54.82484773127027,,,,,
2025-10-23T09:50:00.000000,1521.4,1524.55,1521.4,1524.4,7495,INFY,NaN,1513.6651010735845,1497.0087680660547,78.07602134145644,1526.0,56.42546743156192,,,,,
2025-10-23T09:55:00.000000,1524.0,1530.9,1523.25,1530.2,13365,INFY,NaN,1516.9720808588677,1500.0261527873224,78.903972499642,1526.0,58.115814792176614,,,,,
2025-10-23T10:00:00.000000,1530.2,1532.0,1529.25,1531.75,23174,INFY,NaN,1519.9276646870942,1502.9101388975657,79.69208466923102,1526.0,59.71795240410335,,,,,
2025-10-23T10:05:00.000000,1531.75,1535.1,1531.25,1534.6,15227,INFY,NaN,1522.8621317496754,1505.7910353614234,80.47567467286154,1526.0,61.29585666323965,,,,,
2025-10-23T10:10:00.000000,1534.6,1535.0,1531.15,1533.1,27691,INFY,NaN,1524.9097053997402,1508.2736685103848,80.91916404886352,1526.0,62.73183380442644,,,,,
2025-10-23T10:15:00.000000,1533.1,1535.0,1532.65,1533.0,12944,INFY,NaN,1526.5277643197921,1510.5215168276225,81.30200293216178,1526.0,64.06524114981416,,,,,
2025-10-23T10:20:00.000000,1533.0,1534.0,1531.0,1532.8,7920,INFY,NaN,1527.7822114558337,1512.5468334796567,81.60900400141794,1526.0,64.76854233645153,,,,,
2025-10-23T10:25:00.000000,1532.8,1534.2,1532.8,1533.1,7017,INFY,NaN,1528.845769164667,1514.4153031633243,81.89826496730683,1526.0,65.43159513340608,,,,,
2025-10-23T10:30:00.000000,1533.5,1538.45,1533.0,1537.35,11131,INFY,NaN,1530.5466153317336,1516.5002756030221,82.31551488080241,1526.0,66.24978346466665,,,,,
2025-10-23T10:35:00.000000,1537.35,1540.15,1537.35,1539.7,28703,INFY,NaN,1532.3772922653868,1518.6093414572929,82.77086368542578,1526.0,67.08373668332628,,,,,
2025-10-23T10:40:00.000000,1538.95,1543.5,1538.75,1543.0,16767,INFY,NaN,1534.5018338123095,1520.8266740520844,83.28439738451414,1526.0,67.99542650699506,,,,,
2025-10-23T10:45:00.000000,1543.1,1543.1,1536.55,1540.1,16975,INFY,NaN,1535.6214670498475,1522.578794592804,83.13999467251195,1526.0,68.09675081345317,,,,,
2025-10-23T10:50:00.000000,1539.75,1541.3,1538.25,1539.7,6924,INFY,NaN,1536.437173639878,1524.13526781164,82.92633503247622,1526.0,68.19083766944999,,,,,
2025-10-23T10:55:00.000000,1539.7,1542.0,1539.0,1541.0,9105,INFY,NaN,1537.3497389119025,1525.668425283309,82.79845975845566,1526.0,68.32399329508064,,,,,
2025-10-23T11:00:00.000000,1541.0,1543.45,1541.0,1541.55,8288,INFY,NaN,1538.189791129522,1527.1122048030081,82.71104135329614,1526.0,68.54317541257593,,,,,
2025-10-23T11:05:00.000000,1541.55,1542.95,1539.6,1542.9,8705,INFY,NaN,1539.1318329036176,1528.5474589118255,82.7024866958575,1526.0,68.20336223387862,,,,,
2025-10-23T11:10:00.000000,1542.9,1542.9,1541.0,1541.1,3811,INFY,NaN,1539.525466322894,1529.6885990107505,82.25850795866178,1526.0,67.88782142508826,,,,,
2025-10-23T11:15:00.000000,1541.1,1542.5,1540.6,1540.65,5286,INFY,NaN,1539.7503730583153,1530.6850900097731,81.74750686428452,1526.0,67.42526197653027,,,,,
2025-10-23T11:20:00.000000,1540.65,1541.7,1537.6,1538.1,9284,INFY,NaN,1539.4202984466522,1531.3591727361575,80.68206321733902,1526.0,65.78752579008246,,,,,
2025-10-23T11:25:00.000000,1538.1,1538.75,1533.8,1534.0,10896,INFY,NaN,1538.3362387573218,1531.5992479419613,78.87939705828727,1526.0,62.97588580050018,,,,,
2025-10-23T11:30:00.000000,1534.0,1536.0,1533.0,1535.0,4958,INFY,NaN,1537.6689910058574,1531.9084072199648,77.36402993199398,1526.0,60.116072380464594,,,,,
2025-10-23T11:35:00.000000,1535.05,1536.25,1534.45,1535.5,2826,INFY,NaN,1537.235192804686,1532.2349156545135,76.05224954915343,1526.0,57.51114141767461,,,,,
2025-10-23T11:40:00.000000,1535.5,1535.5,1533.15,1534.8,5179,INFY,NaN,1536.7481542437488,1532.4681051404668,74.71575390716858,1526.0,54.65979655241627,,,,,
2025-10-23T11:45:00.000000,1534.6,1538.85,1534.6,1538.2,6516,INFY,NaN,1537.038523394999,1532.9891864913334,73.92055981437224,1526.0,52.71632428683831,,,,,
2025-10-23T11:50:00.000000,1538.95,1540.75,1537.6,1540.6,7649,INFY,NaN,1537.7508187159992,1533.6810786284848,73.45749471291474,1526.0,51.264550825714814,,,,,
2025-10-23T11:55:00.000000,1540.6,1541.95,1540.05,1541.5,4046,INFY,NaN,1538.5006549727993,1534.3918896622588,73.13080485119228,1526.0,50.13024533552906,,,,,
2025-10-23T12:00:00.000000,1541.5,1542.35,1540.7,1541.35,13653,INFY,NaN,1539.0705239782394,1535.024445147508,72.79795467012153,1526.0,49.14915547099934,,,,,
2025-10-23T12:05:00.000000,1541.35,1542.0,1540.1,1541.95,3638,INFY,NaN,1539.6464191825914,1535.6540410431892,72.56478875527165,1526.0,47.99803979396097,,,,,
2025-10-23T12:10:00.000000,1541.95,1543.0,1541.0,1542.1,3282,INFY,NaN,1540.1371353460731,1536.2400373119901,72.37158985656927,1526.0,47.131771700570916,,,,,
2025-10-23T12:15:00.000000,1542.1,1542.4,1540.0,1540.1,2531,INFY,NaN,1540.1297082768585,1536.5909430109002,71.6403527589579,1526.0,45.903959939854474,,,,,
2025-10-23T12:20:00.000000,1540.1,1540.35,1537.6,1539.6,5077,INFY,NaN,1540.0237666214869,1536.8644936462729,70.84435330578334,1526.0,43.823280220042975,,,,,
2025-10-23T12:25:00.000000,1539.6,1541.0,1539.3,1539.65,2265,INFY,NaN,1539.9490132971896,1537.1177214966117,70.13235912188796,1526.0,42.06188095022151,,,,,
2025-10-23T12:30:00.000000,1539.65,1541.75,1539.6,1541.4,7238,INFY,NaN,1540.2392106377517,1537.5070195423743,69.77135236535956,1526.0,40.62517666034879,,,,,
2025-10-23T12:35:00.000000,1541.5,1542.5,1541.2,1542.15,2959,INFY,NaN,1540.6213685102014,1537.9291086748858,69.56047982882103,1526.0,39.4904995039523,,,,,
2025-10-23T12:40:00.000000,1542.15,1543.7,1540.9,1542.45,9795,INFY,NaN,1540.9870948081611,1538.3400987953507,69.41701635050038,1526.0,38.74893985073506,,,,,
2025-10-23T12:45:00.000000,1542.45,1545.7,1541.45,1542.0,11270,INFY,NaN,1541.1896758465289,1538.6728170866825,69.13072249543012,1526.0,38.53817027988638,,,,,
2025-10-23T12:50:00.000000,1542.0,1544.0,1541.1,1542.65,3653,INFY,NaN,1541.4817406772231,1539.0343791697114,68.9874958236903,1526.0,38.172969735061436,,,,,
2025-10-23T12:55:00.000000,1542.5,1543.0,1541.3,1541.75,6604,INFY,NaN,1541.5353925417785,1539.2812537906468,68.52806010545399,1526.0,37.833854943438276,,,,,
2025-10-23T13:00:00.000000,1541.75,1542.5,1541.4,1541.4,2255,INFY,NaN,1541.5083140334227,1539.4738670824063,67.98406493549342,1526.0,37.51896263693106,,,,,
2025-10-23T13:05:00.000000,1541.4,1542.7,1541.0,1542.55,2417,INFY,NaN,1541.7166512267381,1539.7535155294602,67.736804347243,1526.0,36.99464952553846,,,,,
2025-10-23T13:10:00.000000,1542.55,1542.55,1540.35,1542.45,2235,INFY,NaN,1541.8633209813904,1539.9986504813273,67.47301870449256,1526.0,36.12798892064493,,,,,
2025-10-23T13:15:00.000000,1542.45,1543.45,1542.35,1543.2,4943,INFY,NaN,1542.1306567851123,1540.289682255752,67.39920186023069,1526.0,35.63134841254503,,,,,
2025-10-23T13:20:00.000000,1543.2,1543.35,1540.6,1541.4,7611,INFY,NaN,1541.98452542809,1540.3906202325018,66.61310234042209,1526.0,34.18001586617786,,,,,
2025-10-23T13:25:00.000000,1541.4,1542.85,1541.0,1541.7,2774,INFY,NaN,1541.927620342472,1540.5096547568198,65.97937696980846,1526.0,32.832349930265494,,,,,
2025-10-23T13:30:00.000000,1541.7,1541.75,1538.6,1538.75,15026,INFY,NaN,1541.2920962739777,1540.3496861425635,64.41125484031306,1526.0,30.594322982570468,,,,,
2025-10-23T13:35:00.000000,1538.75,1540.7,1538.0,1539.5,3829,INFY,NaN,1540.9336770191821,1540.272441947785,63.21136445100562,1526.0,28.781903559001822,,,,,
2025-10-23T13:40:00.000000,1539.5,1542.25,1539.5,1541.2,4106,INFY,NaN,1540.9869416153458,1540.3567654070773,62.58472971276062,1526.0,27.06783345946991,,,,,
2025-10-23T13:45:00.000000,1541.2,1542.15,1540.7,1541.4,2788,INFY,NaN,1541.0695532922766,1540.4516049155247,62.069455201125514,1526.0,25.47619693847599,,,,,
2025-10-23T13:50:00.000000,1541.4,1542.0,1539.05,1539.95,2501,INFY,NaN,1540.8456426338214,1540.406004468659,61.11863727251084,1526.0,24.101042687435086,,,,,
2025-10-23T13:55:00.000000,1539.95,1540.65,1538.1,1538.45,8882,INFY,NaN,1540.3665141070571,1540.228185880599,59.81089895121196,1526.0,23.233777130798934,,,,,
2025-10-23T14:00:00.000000,1538.45,1538.9,1536.2,1537.8,5487,INFY,NaN,1539.8532112856458,1540.0074417096355,58.44539733274262,1526.0,23.16042624373349,,,,,
2025-10-23T14:05:00.000000,1537.8,1537.95,1536.0,1536.5,5405,INFY,NaN,1539.1825690285166,1539.688583372396,56.863298661840126,1526.0,23.164677892983985,,,,,
2025-10-23T14:10:00.000000,1536.5,1538.0,1535.45,1536.0,3008,INFY,NaN,1538.5460552228133,1539.353257611269,55.30402654580418,1526.0,23.37228665187602,,,,,
2025-10-23T14:15:00.000000,1536.0,1538.7,1536.0,1537.4,3203,INFY,NaN,1538.3168441782507,1539.1756887375175,54.39327886174351,1526.0,23.128918002707426,,,,,
2025-10-23T14:20:00.000000,1537.4,1538.4,1536.55,1537.6,1565,INFY,NaN,1538.1734753426006,1539.0324443068341,53.63846939075653,1526.0,22.90293282847944,,,,,
2025-10-23T14:25:00.000000,1537.6,1539.25,1536.85,1537.9,2220,INFY,NaN,1538.1187802740806,1538.9294948243946,53.063499462128405,1526.0,22.145937981793924,,,,,
2025-10-23T14:30:00.000000,1537.9,1538.3,1535.3,1535.75,4388,INFY,NaN,1537.6450242192645,1538.6404498403588,51.90648941905406,1526.0,22.140957398412457,,,,,
2025-10-23T14:35:00.000000,1535.75,1536.35,1533.1,1535.1,6034,INFY,NaN,1537.1360193754117,1538.3185907639624,50.68925735921562,1526.0,22.946339638212105,,,,,
2025-10-23T14:40:00.000000,1535.1,1539.45,1535.1,1538.4,3803,INFY,NaN,1537.3888155003294,1538.3259916036022,50.70670207452207,1526.0,21.970366612635758,,,,,
2025-10-23T14:45:00.000000,1538.4,1539.45,1537.65,1539.0,12754,INFY,NaN,1537.7110524002635,1538.387265094184,50.89283387075731,1526.0,21.064105946029148,,,,,
2025-10-23T14:50:00.000000,1538.8,1538.8,1534.6,1535.5,5020,INFY,NaN,1537.268841920211,1538.1247864492582,50.12765914057784,1526.0,21.331215161992837,,,,,
2025-10-23T14:55:00.000000,1535.5,1536.5,1534.45,1535.2,13005,INFY,NaN,1536.8550735361687,1537.858896772053,49.36640767895959,1526.0,21.62747929615674,,,,,
2025-10-23T15:00:00.000000,1535.2,1535.9,1529.4,1530.25,48941,INFY,NaN,1535.534058828935,1537.1671788836845,47.751233814534274,1526.0,23.209994226549714,,,,,
2025-10-23T15:05:00.000000,1530.25,1532.1,1528.6,1528.65,121976,INFY,NaN,1534.1572470631481,1536.3928898942586,46.06030262642797,1526.0,24.84096755046333,,,,,
2025-10-23T15:10:00.000000,1528.65,1529.45,1525.85,1527.35,136622,INFY,NaN,1532.7957976505186,1535.5708089947805,44.3558329969758,1526.0,26.85488343120324,,,,,
2025-10-23T15:15:00.000000,1527.35,1528.9,1525.8,1527.65,83868,INFY,NaN,1531.7666381204149,1534.8507354498004,42.91604331233128,1526.0,28.733438604315825,,,,,
2025-10-23T15:20:00.000000,1527.5,1528.0,1526.0,1526.05,26140,INFY,NaN,1530.623310496332,1534.0506685907276,41.39304717644252,1526.0,30.477811265063224,,,,,
2025-10-23T15:25:00.000000,1526.05,1527.45,1525.0,1525.0,5172,INFY,NaN,1529.4986483970656,1533.2278805370252,39.87929949642451,1526.0,32.28313226747711,,,,,
