date,open,high,low,close,volume
2025-08-08 09:15:00+05:30,24775.0,24799.9,24768.2,24782.6,3825
2025-08-08 09:16:00+05:30,24782.6,24782.6,24766.0,24767.3,3075
2025-08-08 09:17:00+05:30,24767.3,24777.4,24760.0,24777.4,2475
2025-08-08 09:18:00+05:30,24777.4,24780.1,24770.7,24780.1,1800
2025-08-08 09:19:00+05:30,24789.4,24789.4,24776.4,24780.0,825
2025-08-08 09:20:00+05:30,24780.0,24780.0,24775.9,24780.0,825
2025-08-08 09:21:00+05:30,24780.0,24780.0,24765.0,24765.0,2250
2025-08-08 09:22:00+05:30,24765.0,24769.5,24760.0,24765.0,1125
2025-08-08 09:23:00+05:30,24765.0,24768.5,24765.0,24765.0,600
2025-08-08 09:24:00+05:30,24765.0,24766.9,24757.3,24765.5,1575
2025-08-08 09:25:00+05:30,24765.5,24765.5,24758.3,24758.3,450
2025-08-08 09:26:00+05:30,24758.3,24762.0,24751.0,24751.6,2025
2025-08-08 09:27:00+05:30,24751.6,24758.7,24748.0,24750.0,2700
2025-08-08 09:28:00+05:30,24750.0,24750.0,24730.0,24731.0,5475
2025-08-08 09:29:00+05:30,24730.0,24730.0,24715.0,24720.6,3825
2025-08-08 09:30:00+05:30,24720.6,24721.6,24718.0,24719.0,2400
2025-08-08 09:31:00+05:30,24719.0,24726.5,24706.7,24726.5,8100
2025-08-08 09:32:00+05:30,24726.5,24726.5,24720.0,24720.8,675
2025-08-08 09:33:00+05:30,24720.8,24723.6,24716.2,24722.0,1125
2025-08-08 09:34:00+05:30,24722.0,24724.0,24707.9,24714.5,1275
2025-08-08 09:35:00+05:30,24714.5,24716.8,24709.0,24709.0,1200
2025-08-08 09:36:00+05:30,24708.0,24725.0,24705.2,24725.0,1200
2025-08-08 09:37:00+05:30,24725.0,24728.5,24721.0,24728.5,1425
2025-08-08 09:38:00+05:30,24728.5,24742.5,24725.0,24725.0,2400
2025-08-08 09:39:00+05:30,24725.0,24725.0,24715.6,24720.0,975
2025-08-08 09:40:00+05:30,24720.0,24720.0,24711.0,24715.0,675
2025-08-08 09:41:00+05:30,24715.0,24715.0,24710.0,24710.3,1575
2025-08-08 09:42:00+05:30,24710.3,24710.7,24705.0,24705.8,900
2025-08-08 09:43:00+05:30,24705.8,24705.8,24701.0,24705.0,1350
2025-08-08 09:44:00+05:30,24705.0,24708.1,24702.2,24702.2,750
2025-08-08 09:45:00+05:30,24702.2,24702.3,24697.0,24700.0,4875
2025-08-08 09:46:00+05:30,24700.0,24712.7,24700.0,24710.7,2325
2025-08-08 09:47:00+05:30,24710.7,24710.7,24696.0,24696.0,1050
2025-08-08 09:48:00+05:30,24696.0,24696.0,24695.0,24695.0,1200
2025-08-08 09:49:00+05:30,24695.0,24696.0,24692.0,24692.0,900
2025-08-08 09:50:00+05:30,24692.0,24696.0,24690.0,24690.0,2250
2025-08-08 09:51:00+05:30,24690.0,24694.4,24689.3,24690.0,1200
2025-08-08 09:52:00+05:30,24690.0,24699.4,24685.0,24696.8,900
2025-08-08 09:53:00+05:30,24696.8,24698.9,24689.8,24689.8,675
2025-08-08 09:54:00+05:30,24689.8,24692.2,24685.0,24692.2,1125
2025-08-08 09:55:00+05:30,24692.2,24704.8,24692.2,24703.9,1575
2025-08-08 09:56:00+05:30,24703.9,24703.9,24686.0,24686.0,750
2025-08-08 09:57:00+05:30,24686.0,24695.0,24686.0,24695.0,525
2025-08-08 09:58:00+05:30,24695.0,24696.0,24688.0,24696.0,525
2025-08-08 09:59:00+05:30,24696.0,24696.0,24685.0,24685.0,450
2025-08-08 10:00:00+05:30,24685.0,24688.9,24677.7,24677.7,3975
2025-08-08 10:01:00+05:30,24676.7,24677.6,24671.0,24675.9,1800
2025-08-08 10:02:00+05:30,24675.9,24675.9,24665.3,24670.4,1800
2025-08-08 10:03:00+05:30,24670.4,24672.1,24665.0,24665.0,825
2025-08-08 10:04:00+05:30,24665.0,24669.9,24661.1,24661.1,2325
2025-08-08 10:05:00+05:30,24661.1,24665.3,24661.1,24665.0,1125
2025-08-08 10:06:00+05:30,24665.0,24665.0,24657.0,24660.0,1650
2025-08-08 10:07:00+05:30,24660.0,24660.0,24650.1,24659.1,3525
2025-08-08 10:08:00+05:30,24659.1,24666.0,24655.6,24663.0,1725
2025-08-08 10:09:00+05:30,24663.0,24668.5,24663.0,24667.1,900
2025-08-08 10:10:00+05:30,24667.1,24669.0,24663.5,24667.0,450
2025-08-08 10:11:00+05:30,24667.0,24673.2,24667.0,24673.0,975
2025-08-08 10:12:00+05:30,24673.0,24673.0,24660.0,24663.7,2700
2025-08-08 10:13:00+05:30,24663.7,24670.0,24663.7,24667.0,825
2025-08-08 10:14:00+05:30,24667.0,24669.2,24665.0,24665.0,525
2025-08-08 10:15:00+05:30,24665.0,24665.0,24662.0,24663.4,600
2025-08-08 10:16:00+05:30,24663.4,24665.6,24657.0,24665.6,750
2025-08-08 10:17:00+05:30,24665.6,24667.4,24662.9,24667.4,450
2025-08-08 10:18:00+05:30,24667.4,24680.0,24667.4,24676.1,1275
2025-08-08 10:19:00+05:30,24676.6,24676.6,24671.8,24671.8,600
2025-08-08 10:20:00+05:30,24671.8,24673.5,24665.0,24665.0,1050
2025-08-08 10:21:00+05:30,24665.0,24665.0,24661.0,24661.0,2775
2025-08-08 10:22:00+05:30,24661.0,24665.8,24661.0,24664.5,525
2025-08-08 10:23:00+05:30,24664.5,24679.2,24664.0,24679.2,600
2025-08-08 10:24:00+05:30,24679.2,24680.0,24678.0,24678.0,1350
2025-08-08 10:25:00+05:30,24678.0,24682.0,24676.9,24682.0,1200
2025-08-08 10:26:00+05:30,24682.0,24695.0,24680.0,24687.0,1575
2025-08-08 10:27:00+05:30,24687.0,24694.4,24682.0,24682.0,2850
2025-08-08 10:28:00+05:30,24682.0,24685.0,24678.0,24678.0,1875
2025-08-08 10:29:00+05:30,24678.0,24681.0,24675.0,24681.0,900
2025-08-08 10:30:00+05:30,24681.0,24681.6,24671.0,24671.0,375
2025-08-08 10:31:00+05:30,24671.0,24671.0,24660.0,24660.0,4350
2025-08-08 10:32:00+05:30,24660.0,24660.0,24642.6,24650.0,5175
2025-08-08 10:33:00+05:30,24650.0,24666.0,24650.0,24661.0,1050
2025-08-08 10:34:00+05:30,24661.0,24662.0,24659.6,24659.6,225
2025-08-08 10:35:00+05:30,24659.6,24659.6,24656.5,24656.5,75
2025-08-08 10:36:00+05:30,24656.5,24656.5,24652.0,24652.0,3000
2025-08-08 10:37:00+05:30,24652.0,24658.4,24652.0,24652.0,450
2025-08-08 10:38:00+05:30,24652.0,24652.0,24651.0,24651.0,300
2025-08-08 10:39:00+05:30,24651.0,24657.6,24651.0,24655.3,375
2025-08-08 10:40:00+05:30,24655.3,24655.3,24651.0,24651.0,975
2025-08-08 10:41:00+05:30,24651.0,24660.0,24651.0,24656.1,600
2025-08-08 10:42:00+05:30,24656.1,24666.9,24656.1,24664.4,2250
2025-08-08 10:43:00+05:30,24664.4,24665.3,24652.0,24652.0,675
2025-08-08 10:44:00+05:30,24652.0,24657.2,24652.0,24657.2,75
2025-08-08 10:45:00+05:30,24657.2,24657.2,24652.0,24652.0,600
2025-08-08 10:46:00+05:30,24652.0,24654.1,24649.6,24649.6,1050
2025-08-08 10:47:00+05:30,24649.6,24649.6,24642.0,24643.0,1275
2025-08-08 10:48:00+05:30,24643.0,24643.0,24633.0,24634.6,2025
2025-08-08 10:49:00+05:30,24634.6,24637.9,24634.6,24634.6,600
2025-08-08 10:50:00+05:30,24634.6,24638.0,24632.0,24632.0,450
2025-08-08 10:51:00+05:30,24632.0,24636.0,24631.0,24634.6,525
2025-08-08 10:52:00+05:30,24634.6,24637.0,24625.3,24637.0,4275
2025-08-08 10:53:00+05:30,24637.0,24647.8,24637.0,24643.4,2475
2025-08-08 10:54:00+05:30,24643.4,24650.7,24643.1,24650.0,375
2025-08-08 10:55:00+05:30,24650.0,24653.8,24650.0,24653.8,900
2025-08-08 10:56:00+05:30,24653.8,24653.8,24647.7,24648.5,450
2025-08-08 10:57:00+05:30,24648.5,24648.5,24640.0,24642.9,1725
2025-08-08 10:58:00+05:30,24642.9,24645.9,24635.0,24635.0,825
2025-08-08 10:59:00+05:30,24635.0,24635.0,24625.0,24634.6,4500
2025-08-08 11:00:00+05:30,24634.6,24643.3,24632.0,24643.3,450
2025-08-08 11:01:00+05:30,24643.3,24643.3,24641.7,24641.9,225
2025-08-08 11:02:00+05:30,24641.9,24641.9,24635.0,24635.0,75
2025-08-08 11:03:00+05:30,24635.0,24635.3,24635.0,24635.3,75
2025-08-08 11:04:00+05:30,24635.3,24647.2,24635.3,24635.3,675
2025-08-08 11:05:00+05:30,24635.3,24640.6,24635.3,24638.7,300
2025-08-08 11:06:00+05:30,24638.7,24639.9,24635.3,24639.9,150
2025-08-08 11:07:00+05:30,24639.9,24642.0,24639.9,24642.0,525
2025-08-08 11:08:00+05:30,24642.0,24642.0,24642.0,24642.0,0
2025-08-08 11:09:00+05:30,24642.0,24649.1,24642.0,24648.2,975
2025-08-08 11:10:00+05:30,24648.2,24648.2,24640.3,24640.3,225
2025-08-08 11:11:00+05:30,24640.3,24650.0,24640.3,24648.8,375
2025-08-08 11:12:00+05:30,24648.8,24652.5,24648.8,24652.5,750
2025-08-08 11:13:00+05:30,24652.5,24660.0,24650.0,24660.0,1275
2025-08-08 11:14:00+05:30,24660.0,24662.7,24657.5,24657.5,1125
2025-08-08 11:15:00+05:30,24657.5,24657.5,24655.1,24655.1,300
2025-08-08 11:16:00+05:30,24655.1,24657.8,24655.0,24655.0,225
2025-08-08 11:17:00+05:30,24655.0,24661.8,24655.0,24661.8,600
2025-08-08 11:18:00+05:30,24661.8,24665.0,24660.6,24665.0,450
2025-08-08 11:19:00+05:30,24665.0,24665.0,24665.0,24665.0,375
2025-08-08 11:20:00+05:30,24665.0,24665.0,24664.0,24664.0,375
2025-08-08 11:21:00+05:30,24664.0,24665.0,24664.0,24665.0,150
2025-08-08 11:22:00+05:30,24665.0,24665.0,24659.8,24659.8,300
2025-08-08 11:23:00+05:30,24659.8,24659.8,24642.0,24647.4,525
2025-08-08 11:24:00+05:30,24647.4,24649.0,24644.8,24644.8,225
2025-08-08 11:25:00+05:30,24644.8,24644.8,24643.1,24643.1,75
2025-08-08 11:26:00+05:30,24643.1,24653.6,24643.1,24653.6,225
2025-08-08 11:27:00+05:30,24653.6,24654.3,24650.0,24650.0,300
2025-08-08 11:28:00+05:30,24650.0,24651.9,24649.6,24649.9,225
2025-08-08 11:29:00+05:30,24649.9,24651.0,24649.9,24651.0,75
2025-08-08 11:30:00+05:30,24651.0,24651.0,24645.0,24645.0,525
2025-08-08 11:31:00+05:30,24645.0,24651.0,24645.0,24651.0,225
2025-08-08 11:32:00+05:30,24651.0,24651.4,24651.0,24651.4,75
2025-08-08 11:33:00+05:30,24651.4,24651.4,24651.4,24651.4,0
2025-08-08 11:34:00+05:30,24651.4,24654.0,24651.4,24654.0,75
2025-08-08 11:35:00+05:30,24654.0,24655.0,24654.0,24655.0,75
2025-08-08 11:36:00+05:30,24655.0,24663.9,24655.0,24663.6,525
2025-08-08 11:37:00+05:30,24663.9,24663.9,24660.0,24660.0,300
2025-08-08 11:38:00+05:30,24660.0,24660.0,24648.6,24648.6,375
2025-08-08 11:39:00+05:30,24648.6,24649.0,24642.0,24642.0,75
2025-08-08 11:40:00+05:30,24642.0,24643.1,24642.0,24643.1,300
2025-08-08 11:41:00+05:30,24643.1,24646.7,24640.0,24646.7,525
2025-08-08 11:42:00+05:30,24646.7,24646.7,24638.3,24638.3,675
2025-08-08 11:43:00+05:30,24638.3,24649.5,24638.3,24644.8,450
2025-08-08 11:44:00+05:30,24644.8,24650.0,24644.8,24650.0,525
2025-08-08 11:45:00+05:30,24650.0,24656.4,24650.0,24655.7,675
2025-08-08 11:46:00+05:30,24655.7,24662.4,24655.7,24661.7,750
2025-08-08 11:47:00+05:30,24661.7,24661.7,24651.0,24651.0,375
2025-08-08 11:48:00+05:30,24651.0,24654.2,24651.0,24654.2,75
2025-08-08 11:49:00+05:30,24654.2,24654.2,24654.2,24654.2,0
2025-08-08 11:50:00+05:30,24654.2,24659.0,24646.7,24659.0,375
2025-08-08 11:51:00+05:30,24659.0,24664.0,24659.0,24664.0,300
2025-08-08 11:52:00+05:30,24664.0,24664.0,24655.3,24663.8,375
2025-08-08 11:53:00+05:30,24663.8,24663.8,24663.8,24663.8,0
2025-08-08 11:54:00+05:30,24663.8,24663.8,24660.6,24660.6,375
2025-08-08 11:55:00+05:30,24660.6,24664.4,24660.6,24663.9,375
2025-08-08 11:56:00+05:30,24663.9,24663.9,24660.6,24661.9,375
2025-08-08 11:57:00+05:30,24661.9,24661.9,24654.0,24654.0,600
2025-08-08 11:58:00+05:30,24654.0,24654.0,24640.0,24645.5,2400
2025-08-08 11:59:00+05:30,24645.5,24650.8,24644.8,24650.8,450
2025-08-08 12:00:00+05:30,24650.8,24650.8,24646.6,24646.6,75
2025-08-08 12:01:00+05:30,24646.6,24646.6,24644.8,24644.8,375
2025-08-08 12:02:00+05:30,24644.8,24644.8,24625.0,24625.0,2850
2025-08-08 12:03:00+05:30,24625.0,24625.0,24616.2,24622.3,4200
2025-08-08 12:04:00+05:30,24622.3,24622.3,24613.1,24619.1,300
2025-08-08 12:05:00+05:30,24619.1,24620.9,24619.1,24620.3,675
2025-08-08 12:06:00+05:30,24620.3,24633.2,24615.4,24633.2,900
2025-08-08 12:07:00+05:30,24633.2,24633.7,24623.0,24623.0,600
2025-08-08 12:08:00+05:30,24623.0,24624.8,24623.0,24624.8,75
2025-08-08 12:09:00+05:30,24624.8,24627.8,24624.8,24627.8,75
2025-08-08 12:10:00+05:30,24627.8,24630.6,24627.8,24630.6,225
2025-08-08 12:11:00+05:30,24630.6,24636.6,24630.6,24636.6,750
2025-08-08 12:12:00+05:30,24636.6,24636.7,24635.2,24635.2,375
2025-08-08 12:13:00+05:30,24635.2,24636.2,24635.2,24636.2,75
2025-08-08 12:14:00+05:30,24636.2,24638.5,24636.2,24636.8,300
2025-08-08 12:15:00+05:30,24636.8,24639.9,24636.8,24638.0,450
2025-08-08 12:16:00+05:30,24638.0,24638.0,24638.0,24638.0,0
2025-08-08 12:17:00+05:30,24638.0,24638.0,24630.0,24636.0,450
2025-08-08 12:18:00+05:30,24636.0,24636.0,24636.0,24636.0,0
2025-08-08 12:19:00+05:30,24636.0,24640.0,24631.8,24640.0,375
2025-08-08 12:20:00+05:30,24640.0,24640.0,24630.0,24630.0,300
2025-08-08 12:21:00+05:30,24630.0,24633.5,24630.0,24633.5,375
2025-08-08 12:22:00+05:30,24633.5,24635.3,24633.4,24634.5,525
2025-08-08 12:23:00+05:30,24634.5,24634.5,24630.0,24634.1,150
2025-08-08 12:24:00+05:30,24634.1,24637.7,24634.1,24637.7,375
2025-08-08 12:25:00+05:30,24642.2,24642.2,24634.1,24634.1,300
2025-08-08 12:26:00+05:30,24636.8,24637.9,24636.8,24637.9,225
2025-08-08 12:27:00+05:30,24637.9,24646.0,24637.9,24646.0,1275
2025-08-08 12:28:00+05:30,24646.0,24646.0,24646.0,24646.0,0
2025-08-08 12:29:00+05:30,24646.0,24648.4,24640.0,24643.4,525
2025-08-08 12:30:00+05:30,24643.4,24648.4,24643.4,24648.4,525
2025-08-08 12:31:00+05:30,24648.4,24658.0,24648.4,24658.0,225
2025-08-08 12:32:00+05:30,24658.0,24658.0,24645.8,24645.8,675
2025-08-08 12:33:00+05:30,24645.8,24645.8,24645.0,24645.0,75
2025-08-08 12:34:00+05:30,24645.0,24647.6,24645.0,24647.6,150
2025-08-08 12:35:00+05:30,24647.6,24650.0,24647.6,24649.9,150
2025-08-08 12:36:00+05:30,24649.9,24651.4,24649.9,24650.2,1275
2025-08-08 12:37:00+05:30,24650.2,24650.2,24645.0,24645.0,75
2025-08-08 12:38:00+05:30,24645.0,24645.0,24635.9,24635.9,225
2025-08-08 12:39:00+05:30,24635.9,24635.9,24635.9,24635.9,0
2025-08-08 12:40:00+05:30,24635.9,24635.9,24635.9,24635.9,0
2025-08-08 12:41:00+05:30,24635.9,24635.9,24635.9,24635.9,0
2025-08-08 12:42:00+05:30,24635.9,24640.4,24635.9,24639.3,375
2025-08-08 12:43:00+05:30,24639.3,24639.3,24639.3,24639.3,0
2025-08-08 12:44:00+05:30,24639.3,24649.0,24639.3,24649.0,525
2025-08-08 12:45:00+05:30,24649.0,24651.7,24649.0,24651.7,375
2025-08-08 12:46:00+05:30,24651.7,24655.9,24651.7,24655.9,150
2025-08-08 12:47:00+05:30,24655.9,24658.5,24655.0,24656.2,1275
2025-08-08 12:48:00+05:30,24656.2,24660.0,24656.2,24660.0,300
2025-08-08 12:49:00+05:30,24660.0,24660.0,24658.0,24660.0,600
2025-08-08 12:50:00+05:30,24660.0,24684.9,24660.0,24684.9,2925
2025-08-08 12:51:00+05:30,24684.9,24684.9,24677.0,24677.0,450
2025-08-08 12:52:00+05:30,24677.0,24677.0,24665.1,24674.0,450
2025-08-08 12:53:00+05:30,24674.0,24674.0,24665.6,24665.6,375
2025-08-08 12:54:00+05:30,24665.6,24684.0,24665.6,24684.0,525
2025-08-08 12:55:00+05:30,24685.0,24699.0,24685.0,24694.0,4425
2025-08-08 12:56:00+05:30,24694.0,24699.0,24691.4,24691.4,525
2025-08-08 12:57:00+05:30,24691.4,24691.4,24682.2,24685.0,450
2025-08-08 12:58:00+05:30,24685.0,24685.0,24680.0,24680.0,150
2025-08-08 12:59:00+05:30,24680.0,24680.0,24672.0,24672.0,150
2025-08-08 13:00:00+05:30,24672.0,24679.1,24672.0,24678.9,1275
2025-08-08 13:01:00+05:30,24678.9,24678.9,24660.3,24660.3,600
2025-08-08 13:02:00+05:30,24660.3,24660.3,24657.0,24657.0,525
2025-08-08 13:03:00+05:30,24657.0,24657.0,24649.1,24649.1,825
2025-08-08 13:04:00+05:30,24649.1,24652.0,24649.1,24652.0,75
2025-08-08 13:05:00+05:30,24652.0,24652.0,24652.0,24652.0,0
2025-08-08 13:06:00+05:30,24652.0,24656.9,24652.0,24656.9,0
2025-08-08 13:07:00+05:30,24656.9,24661.6,24645.0,24648.6,675
2025-08-08 13:08:00+05:30,24648.6,24648.6,24636.0,24640.8,300
2025-08-08 13:09:00+05:30,24640.8,24646.3,24640.8,24646.3,75
2025-08-08 13:10:00+05:30,24646.3,24646.3,24636.0,24636.0,525
2025-08-08 13:11:00+05:30,24636.0,24637.2,24636.0,24637.2,75
2025-08-08 13:12:00+05:30,24637.2,24648.8,24637.2,24648.8,150
2025-08-08 13:13:00+05:30,24648.8,24648.8,24640.4,24643.0,225
2025-08-08 13:14:00+05:30,24643.0,24645.9,24643.0,24645.9,150
2025-08-08 13:15:00+05:30,24645.9,24648.8,24642.0,24648.8,225
2025-08-08 13:16:00+05:30,24648.8,24661.9,24648.8,24661.9,150
2025-08-08 13:17:00+05:30,24661.9,24661.9,24649.1,24650.0,225
2025-08-08 13:18:00+05:30,24650.0,24654.9,24650.0,24650.0,150
2025-08-08 13:19:00+05:30,24650.0,24655.6,24650.0,24653.4,600
2025-08-08 13:20:00+05:30,24653.4,24653.4,24653.4,24653.4,75
2025-08-08 13:21:00+05:30,24653.4,24657.5,24653.4,24657.5,150
2025-08-08 13:22:00+05:30,24657.5,24657.8,24650.0,24650.0,1050
2025-08-08 13:23:00+05:30,24650.0,24650.0,24650.0,24650.0,600
2025-08-08 13:24:00+05:30,24650.0,24650.0,24650.0,24650.0,0
2025-08-08 13:25:00+05:30,24650.0,24650.0,24646.4,24646.4,75
2025-08-08 13:26:00+05:30,24646.4,24646.4,24636.0,24641.5,300
2025-08-08 13:27:00+05:30,24641.5,24641.5,24635.0,24639.0,300
2025-08-08 13:28:00+05:30,24639.0,24639.0,24625.0,24630.0,1050
2025-08-08 13:29:00+05:30,24630.0,24634.6,24630.0,24634.0,225
2025-08-08 13:30:00+05:30,24634.0,24634.0,24623.8,24631.0,1050
2025-08-08 13:31:00+05:30,24631.0,24651.2,24631.0,24651.2,1200
2025-08-08 13:32:00+05:30,24651.2,24659.0,24651.2,24659.0,1950
2025-08-08 13:33:00+05:30,24659.0,24659.0,24655.0,24655.0,150
2025-08-08 13:34:00+05:30,24655.0,24655.0,24655.0,24655.0,150
2025-08-08 13:35:00+05:30,24655.0,24660.0,24655.0,24660.0,300
2025-08-08 13:36:00+05:30,24660.0,24661.0,24660.0,24661.0,750
2025-08-08 13:37:00+05:30,24661.0,24661.0,24660.8,24661.0,150
2025-08-08 13:38:00+05:30,24661.0,24661.0,24655.0,24659.4,150
2025-08-08 13:39:00+05:30,24659.4,24673.1,24659.4,24673.1,525
2025-08-08 13:40:00+05:30,24673.1,24673.1,24656.8,24656.8,825
2025-08-08 13:41:00+05:30,24656.8,24666.0,24656.8,24666.0,150
2025-08-08 13:42:00+05:30,24666.0,24666.0,24666.0,24666.0,150
2025-08-08 13:43:00+05:30,24666.0,24673.4,24666.0,24673.4,150
2025-08-08 13:44:00+05:30,24673.4,24673.4,24661.9,24661.9,225
2025-08-08 13:45:00+05:30,24661.9,24661.9,24661.9,24661.9,0
2025-08-08 13:46:00+05:30,24661.9,24661.9,24650.9,24650.9,150
2025-08-08 13:47:00+05:30,24650.9,24652.0,24650.0,24650.0,225
2025-08-08 13:48:00+05:30,24650.0,24650.0,24632.4,24639.6,750
2025-08-08 13:49:00+05:30,24639.6,24644.0,24638.4,24638.4,225
2025-08-08 13:50:00+05:30,24638.4,24638.4,24635.9,24637.4,150
2025-08-08 13:51:00+05:30,24637.4,24637.4,24637.4,24637.4,0
2025-08-08 13:52:00+05:30,24637.4,24642.0,24637.4,24642.0,75
2025-08-08 13:53:00+05:30,24642.0,24642.0,24637.0,24637.0,75
2025-08-08 13:54:00+05:30,24637.0,24643.4,24637.0,24643.4,150
2025-08-08 13:55:00+05:30,24643.4,24643.4,24637.4,24637.4,75
2025-08-08 13:56:00+05:30,24637.4,24641.6,24637.0,24641.6,300
2025-08-08 13:57:00+05:30,24641.6,24641.6,24634.0,24634.0,150
2025-08-08 13:58:00+05:30,24634.0,24634.0,24633.0,24633.0,150
2025-08-08 13:59:00+05:30,24633.0,24634.0,24633.0,24634.0,75
2025-08-08 14:00:00+05:30,24634.0,24645.0,24634.0,24645.0,525
2025-08-08 14:01:00+05:30,24645.0,24647.3,24645.0,24647.3,225
2025-08-08 14:02:00+05:30,24647.3,24650.8,24645.0,24650.5,450
2025-08-08 14:03:00+05:30,24650.5,24650.5,24635.0,24635.0,150
2025-08-08 14:04:00+05:30,24635.0,24640.0,24635.0,24640.0,75
2025-08-08 14:05:00+05:30,24640.0,24640.0,24640.0,24640.0,0
2025-08-08 14:06:00+05:30,24640.0,24647.7,24640.0,24642.0,150
2025-08-08 14:07:00+05:30,24642.0,24642.0,24642.0,24642.0,0
2025-08-08 14:08:00+05:30,24642.0,24642.0,24634.7,24637.8,900
2025-08-08 14:09:00+05:30,24637.8,24638.5,24637.8,24638.5,750
2025-08-08 14:10:00+05:30,24638.5,24641.0,24638.5,24641.0,675
2025-08-08 14:11:00+05:30,24641.0,24642.0,24635.0,24635.0,675
2025-08-08 14:12:00+05:30,24635.0,24635.0,24611.0,24615.2,5475
2025-08-08 14:13:00+05:30,24615.2,24620.8,24605.0,24620.8,1725
2025-08-08 14:14:00+05:30,24620.8,24623.4,24612.9,24620.0,675
2025-08-08 14:15:00+05:30,24620.0,24623.8,24620.0,24622.0,450
2025-08-08 14:16:00+05:30,24622.0,24630.0,24619.4,24630.0,1575
2025-08-08 14:17:00+05:30,24630.0,24638.0,24630.0,24638.0,525
2025-08-08 14:18:00+05:30,24638.0,24640.6,24637.3,24637.3,900
2025-08-08 14:19:00+05:30,24637.3,24638.4,24637.3,24638.4,75
2025-08-08 14:20:00+05:30,24638.4,24638.4,24638.4,24638.4,0
2025-08-08 14:21:00+05:30,24638.4,24639.2,24638.4,24639.2,75
2025-08-08 14:22:00+05:30,24639.2,24639.2,24639.2,24639.2,0
2025-08-08 14:23:00+05:30,24639.2,24639.2,24634.6,24634.6,75
2025-08-08 14:24:00+05:30,24634.6,24634.6,24630.0,24633.2,375
2025-08-08 14:25:00+05:30,24633.2,24633.2,24624.6,24624.6,450
2025-08-08 14:26:00+05:30,24624.6,24625.6,24622.4,24625.6,150
2025-08-08 14:27:00+05:30,24625.6,24625.6,24615.0,24615.0,375
2025-08-08 14:28:00+05:30,24615.0,24615.0,24612.0,24612.0,300
2025-08-08 14:29:00+05:30,24612.0,24614.2,24602.4,24610.0,2100
2025-08-08 14:30:00+05:30,24610.0,24615.2,24606.2,24615.2,1275
2025-08-08 14:31:00+05:30,24615.2,24618.6,24607.1,24607.1,525
2025-08-08 14:32:00+05:30,24607.1,24615.0,24600.0,24603.2,3450
2025-08-08 14:33:00+05:30,24603.2,24619.4,24600.2,24619.4,2475
2025-08-08 14:34:00+05:30,24619.4,24620.0,24617.6,24618.0,450
2025-08-08 14:35:00+05:30,24618.0,24625.0,24618.0,24625.0,900
2025-08-08 14:36:00+05:30,24625.0,24626.0,24625.0,24625.8,225
2025-08-08 14:37:00+05:30,24625.8,24625.8,24618.0,24618.0,525
2025-08-08 14:38:00+05:30,24618.0,24625.0,24618.0,24623.0,900
2025-08-08 14:39:00+05:30,24623.0,24624.1,24621.6,24621.6,225
2025-08-08 14:40:00+05:30,24621.6,24625.0,24619.0,24625.0,225
2025-08-08 14:41:00+05:30,24625.0,24630.0,24624.0,24630.0,1275
2025-08-08 14:42:00+05:30,24630.0,24635.8,24629.9,24630.6,1350
2025-08-08 14:43:00+05:30,24630.6,24635.7,24630.6,24635.7,525
2025-08-08 14:44:00+05:30,24635.7,24635.7,24630.0,24630.0,1875
2025-08-08 14:45:00+05:30,24630.0,24630.0,24625.5,24625.5,150
2025-08-08 14:46:00+05:30,24625.5,24629.1,24625.5,24626.0,750
2025-08-08 14:47:00+05:30,24626.0,24626.0,24624.0,24624.0,300
2025-08-08 14:48:00+05:30,24624.0,24624.0,24622.6,24622.6,150
2025-08-08 14:49:00+05:30,24622.6,24628.1,24622.6,24628.1,375
2025-08-08 14:50:00+05:30,24628.1,24628.1,24626.3,24626.3,75
2025-08-08 14:51:00+05:30,24626.3,24626.3,24624.6,24625.0,300
2025-08-08 14:52:00+05:30,24625.0,24626.2,24625.0,24626.2,750
2025-08-08 14:53:00+05:30,24626.2,24626.2,24622.0,24623.2,300
2025-08-08 14:54:00+05:30,24623.2,24623.2,24623.2,24623.2,0
2025-08-08 14:55:00+05:30,24623.2,24625.1,24620.2,24620.2,750
2025-08-08 14:56:00+05:30,24620.2,24621.0,24618.0,24620.2,750
2025-08-08 14:57:00+05:30,24620.2,24620.2,24615.9,24617.9,225
2025-08-08 14:58:00+05:30,24617.9,24617.9,24616.0,24616.0,150
2025-08-08 14:59:00+05:30,24616.0,24621.9,24616.0,24621.9,600
2025-08-08 15:00:00+05:30,24621.9,24622.0,24612.0,24614.2,825
2025-08-08 15:01:00+05:30,24614.2,24614.8,24606.1,24611.0,825
2025-08-08 15:02:00+05:30,24611.0,24611.0,24606.0,24607.1,1500
2025-08-08 15:03:00+05:30,24607.1,24608.0,24601.0,24601.5,1200
2025-08-08 15:04:00+05:30,24601.5,24611.7,24601.5,24611.0,1950
2025-08-08 15:05:00+05:30,24611.0,24615.8,24611.0,24614.6,750
2025-08-08 15:06:00+05:30,24614.6,24617.8,24613.2,24617.6,600
2025-08-08 15:07:00+05:30,24617.6,24617.6,24612.1,24612.1,450
2025-08-08 15:08:00+05:30,24612.1,24612.1,24601.2,24605.4,1200
2025-08-08 15:09:00+05:30,24605.4,24605.4,24595.0,24595.0,4800
2025-08-08 15:10:00+05:30,24595.0,24597.4,24591.0,24593.3,1125
2025-08-08 15:11:00+05:30,24590.2,24590.4,24585.0,24587.0,1950
2025-08-08 15:12:00+05:30,24587.0,24587.0,24557.3,24561.9,9675
2025-08-08 15:13:00+05:30,24561.9,24561.9,24551.1,24556.0,3675
2025-08-08 15:14:00+05:30,24556.0,24567.9,24555.0,24557.2,1875
2025-08-08 15:15:00+05:30,24557.2,24583.0,24557.2,24583.0,3150
2025-08-08 15:16:00+05:30,24583.0,24583.0,24568.4,24569.4,1575
2025-08-08 15:17:00+05:30,24573.9,24578.4,24566.9,24578.4,3975
2025-08-08 15:18:00+05:30,24578.4,24578.4,24569.1,24572.0,825
2025-08-08 15:19:00+05:30,24572.0,24572.0,24568.0,24570.0,1950
2025-08-08 15:20:00+05:30,24566.9,24570.0,24565.0,24565.8,1200
2025-08-08 15:21:00+05:30,24565.8,24570.0,24565.0,24570.0,2550
2025-08-08 15:22:00+05:30,24570.0,24572.8,24564.2,24565.0,3150
2025-08-08 15:23:00+05:30,24565.0,24570.9,24564.0,24564.7,2925
2025-08-08 15:24:00+05:30,24564.7,24567.3,24561.8,24564.7,2025
2025-08-08 15:25:00+05:30,24563.0,24574.0,24563.0,24570.0,2025
2025-08-08 15:26:00+05:30,24570.0,24572.4,24566.0,24566.0,1575
2025-08-08 15:27:00+05:30,24566.0,24571.8,24565.0,24568.5,3000
2025-08-08 15:28:00+05:30,24565.0,24570.0,24565.0,24570.0,1875
2025-08-08 15:29:00+05:30,24566.0,24571.9,24565.0,24567.0,3750
2025-08-11 09:15:00+05:30,24571.1,24576.6,24544.8,24554.7,8400
2025-08-11 09:16:00+05:30,24554.7,24585.0,24554.7,24578.9,1875
2025-08-11 09:17:00+05:30,24578.9,24578.9,24565.0,24576.9,2475
2025-08-11 09:18:00+05:30,24576.9,24599.0,24576.9,24599.0,5100
2025-08-11 09:19:00+05:30,24599.0,24599.0,24594.0,24595.0,975
2025-08-11 09:20:00+05:30,24595.0,24609.7,24595.0,24602.7,2850
2025-08-11 09:21:00+05:30,24602.7,24610.0,24600.0,24600.1,1650
2025-08-11 09:22:00+05:30,24600.1,24610.0,24600.1,24608.0,975
2025-08-11 09:23:00+05:30,24608.0,24619.0,24608.0,24613.0,3000
2025-08-11 09:24:00+05:30,24613.0,24614.5,24600.1,24602.4,1200
2025-08-11 09:25:00+05:30,24602.4,24620.0,24602.4,24620.0,2250
2025-08-11 09:26:00+05:30,24620.0,24624.8,24615.5,24621.8,1125
2025-08-11 09:27:00+05:30,24621.8,24621.8,24615.3,24616.6,1050
2025-08-11 09:28:00+05:30,24616.6,24619.1,24615.6,24619.1,1275
2025-08-11 09:29:00+05:30,24619.1,24619.1,24596.4,24600.0,3225
2025-08-11 09:30:00+05:30,24600.0,24605.2,24584.5,24587.2,1350
2025-08-11 09:31:00+05:30,24587.2,24590.0,24560.0,24564.2,2775
2025-08-11 09:32:00+05:30,24564.2,24585.0,24564.2,24585.0,2925
2025-08-11 09:33:00+05:30,24585.0,24594.3,24580.0,24594.3,2925
2025-08-11 09:34:00+05:30,24594.3,24629.0,24590.0,24629.0,3300
2025-08-11 09:35:00+05:30,24629.0,24629.0,24613.0,24619.1,1125
2025-08-11 09:36:00+05:30,24619.1,24622.4,24608.8,24619.9,1350
2025-08-11 09:37:00+05:30,24619.9,24619.9,24598.4,24598.4,825
2025-08-11 09:38:00+05:30,24598.4,24599.5,24582.5,24590.0,1650
2025-08-11 09:39:00+05:30,24590.0,24594.6,24580.0,24582.6,1800
2025-08-11 09:40:00+05:30,24582.6,24584.9,24576.7,24577.7,750
2025-08-11 09:41:00+05:30,24577.7,24592.4,24577.7,24583.6,2400
2025-08-11 09:42:00+05:30,24583.6,24584.5,24575.0,24581.0,1425
2025-08-11 09:43:00+05:30,24581.0,24590.5,24577.4,24588.2,525
2025-08-11 09:44:00+05:30,24588.2,24588.2,24581.9,24581.9,375
2025-08-11 09:45:00+05:30,24581.9,24581.9,24580.0,24580.0,225
2025-08-11 09:46:00+05:30,24580.0,24588.2,24575.0,24575.0,675
2025-08-11 09:47:00+05:30,24575.0,24579.1,24570.9,24570.9,1125
2025-08-11 09:48:00+05:30,24570.9,24575.4,24570.9,24575.4,825
2025-08-11 09:49:00+05:30,24575.4,24578.7,24560.9,24563.9,1725
2025-08-11 09:50:00+05:30,24563.9,24574.9,24563.9,24570.3,1050
2025-08-11 09:51:00+05:30,24570.3,24576.5,24570.3,24576.5,525
2025-08-11 09:52:00+05:30,24576.5,24577.4,24569.0,24577.4,825
2025-08-11 09:53:00+05:30,24577.4,24592.9,24577.1,24592.9,675
2025-08-11 09:54:00+05:30,24592.9,24604.1,24592.9,24604.1,900
2025-08-11 09:55:00+05:30,24604.1,24609.3,24600.1,24609.2,1350
2025-08-11 09:56:00+05:30,24609.2,24609.2,24601.0,24603.8,600
2025-08-11 09:57:00+05:30,24603.8,24609.1,24603.8,24606.0,375
2025-08-11 09:58:00+05:30,24606.0,24610.8,24601.9,24601.9,1425
2025-08-11 09:59:00+05:30,24601.9,24607.9,24601.9,24607.9,150
2025-08-11 10:00:00+05:30,24607.9,24615.4,24602.7,24615.4,975
2025-08-11 10:01:00+05:30,24612.7,24620.0,24611.7,24619.4,975
2025-08-11 10:02:00+05:30,24619.4,24619.4,24611.0,24611.0,375
2025-08-11 10:03:00+05:30,24611.0,24618.8,24611.0,24613.0,525
2025-08-11 10:04:00+05:30,24613.0,24616.7,24613.0,24616.2,450
2025-08-11 10:05:00+05:30,24616.2,24616.2,24616.0,24616.0,75
2025-08-11 10:06:00+05:30,24616.0,24620.0,24613.3,24617.2,525
2025-08-11 10:07:00+05:30,24617.2,24617.2,24609.0,24612.0,225
2025-08-11 10:08:00+05:30,24612.0,24612.0,24606.6,24606.6,300
2025-08-11 10:09:00+05:30,24606.6,24610.0,24600.4,24605.5,1575
2025-08-11 10:10:00+05:30,24605.5,24610.0,24602.1,24610.0,375
2025-08-11 10:11:00+05:30,24610.0,24614.9,24597.4,24607.8,450
2025-08-11 10:12:00+05:30,24607.8,24607.8,24604.3,24604.3,150
2025-08-11 10:13:00+05:30,24604.3,24607.0,24604.3,24607.0,150
2025-08-11 10:14:00+05:30,24607.0,24615.0,24606.6,24615.0,225
2025-08-11 10:15:00+05:30,24615.0,24640.0,24615.0,24620.0,8775
2025-08-11 10:16:00+05:30,24620.0,24620.0,24611.0,24612.0,750
2025-08-11 10:17:00+05:30,24612.0,24625.2,24612.0,24625.1,600
2025-08-11 10:18:00+05:30,24625.1,24632.0,24625.1,24630.0,750
2025-08-11 10:19:00+05:30,24630.0,24635.0,24626.4,24631.5,375
2025-08-11 10:20:00+05:30,24631.5,24631.5,24625.0,24625.1,450
2025-08-11 10:21:00+05:30,24625.1,24625.1,24614.8,24617.0,300
2025-08-11 10:22:00+05:30,24617.0,24623.7,24617.0,24620.0,150
2025-08-11 10:23:00+05:30,24620.0,24629.0,24620.0,24628.7,375
2025-08-11 10:24:00+05:30,24628.7,24639.0,24628.7,24639.0,3600
2025-08-11 10:25:00+05:30,24639.0,24643.0,24638.2,24640.0,675
2025-08-11 10:26:00+05:30,24640.0,24645.0,24640.0,24644.5,1125
2025-08-11 10:27:00+05:30,24644.5,24648.1,24641.4,24642.1,1500
2025-08-11 10:28:00+05:30,24642.1,24645.6,24636.6,24645.6,450
2025-08-11 10:29:00+05:30,24645.6,24645.6,24643.1,24645.0,300
2025-08-11 10:30:00+05:30,24645.0,24649.0,24645.0,24649.0,975
2025-08-11 10:31:00+05:30,24649.0,24650.0,24647.3,24650.0,4950
2025-08-11 10:32:00+05:30,24647.9,24650.0,24647.9,24647.9,750
2025-08-11 10:33:00+05:30,24647.9,24650.0,24638.4,24646.3,2850
2025-08-11 10:34:00+05:30,24646.3,24649.0,24642.3,24646.4,450
2025-08-11 10:35:00+05:30,24646.4,24650.0,24645.2,24650.0,375
2025-08-11 10:36:00+05:30,24650.0,24655.0,24647.7,24651.0,750
2025-08-11 10:37:00+05:30,24651.0,24652.1,24648.0,24651.0,900
2025-08-11 10:38:00+05:30,24651.0,24656.0,24649.2,24650.0,2700
2025-08-11 10:39:00+05:30,24650.0,24657.9,24650.0,24657.9,375
2025-08-11 10:40:00+05:30,24657.9,24659.8,24651.7,24651.9,1275
2025-08-11 10:41:00+05:30,24651.9,24658.0,24651.9,24652.5,150
2025-08-11 10:42:00+05:30,24652.5,24652.5,24652.5,24652.5,0
2025-08-11 10:43:00+05:30,24652.5,24652.5,24642.1,24645.0,900
2025-08-11 10:44:00+05:30,24645.0,24645.5,24644.0,24645.0,525
2025-08-11 10:45:00+05:30,24645.0,24653.6,24645.0,24653.6,525
2025-08-11 10:46:00+05:30,24653.6,24653.6,24653.6,24653.6,0
2025-08-11 10:47:00+05:30,24653.6,24653.6,24645.0,24645.0,225
2025-08-11 10:48:00+05:30,24645.0,24645.0,24640.6,24643.5,300
2025-08-11 10:49:00+05:30,24643.5,24646.8,24639.6,24639.6,375
2025-08-11 10:50:00+05:30,24639.6,24650.0,24639.6,24650.0,375
2025-08-11 10:51:00+05:30,24650.0,24656.3,24650.0,24656.3,900
2025-08-11 10:52:00+05:30,24656.3,24660.0,24656.3,24656.3,375
2025-08-11 10:53:00+05:30,24656.3,24661.0,24656.3,24661.0,1200
2025-08-11 10:54:00+05:30,24661.0,24667.0,24659.6,24661.9,450
2025-08-11 10:55:00+05:30,24661.9,24661.9,24652.5,24652.5,150
2025-08-11 10:56:00+05:30,24652.5,24658.8,24652.1,24655.0,300
2025-08-11 10:57:00+05:30,24655.0,24655.0,24649.8,24650.6,225
2025-08-11 10:58:00+05:30,24650.6,24657.9,24650.6,24651.6,825
2025-08-11 10:59:00+05:30,24651.6,24658.3,24645.5,24658.3,1425
2025-08-11 11:00:00+05:30,24658.3,24658.7,24651.1,24657.6,900
2025-08-11 11:01:00+05:30,24657.6,24662.0,24650.3,24650.3,600
2025-08-11 11:02:00+05:30,24650.3,24656.7,24650.3,24656.7,825
2025-08-11 11:03:00+05:30,24656.7,24657.7,24652.0,24656.6,375
2025-08-11 11:04:00+05:30,24656.6,24656.6,24650.0,24650.0,300
2025-08-11 11:05:00+05:30,24650.0,24650.3,24646.0,24646.0,750
2025-08-11 11:06:00+05:30,24646.0,24654.7,24645.0,24648.0,1950
2025-08-11 11:07:00+05:30,24648.0,24650.0,24647.5,24650.0,1800
2025-08-11 11:08:00+05:30,24650.0,24657.7,24646.4,24657.7,1425
2025-08-11 11:09:00+05:30,24657.7,24660.0,24655.0,24658.2,1275
2025-08-11 11:10:00+05:30,24658.2,24658.2,24645.9,24645.9,525
2025-08-11 11:11:00+05:30,24645.9,24647.1,24645.9,24647.1,225
2025-08-11 11:12:00+05:30,24647.1,24647.1,24626.8,24634.2,1800
2025-08-11 11:13:00+05:30,24634.2,24634.2,24627.0,24633.8,450
2025-08-11 11:14:00+05:30,24633.8,24642.1,24633.8,24641.1,525
2025-08-11 11:15:00+05:30,24644.3,24644.3,24631.0,24637.2,600
2025-08-11 11:16:00+05:30,24637.2,24639.0,24637.2,24639.0,225
2025-08-11 11:17:00+05:30,24639.0,24650.0,24639.0,24650.0,525
2025-08-11 11:18:00+05:30,24650.0,24659.9,24648.0,24659.9,750
2025-08-11 11:19:00+05:30,24659.9,24659.9,24659.6,24659.6,150
2025-08-11 11:20:00+05:30,24659.6,24659.8,24653.9,24659.5,300
2025-08-11 11:21:00+05:30,24659.5,24665.1,24659.5,24665.1,450
2025-08-11 11:22:00+05:30,24665.1,24671.0,24665.1,24671.0,750
2025-08-11 11:23:00+05:30,24671.0,24671.0,24664.0,24664.3,900
2025-08-11 11:24:00+05:30,24664.3,24675.1,24664.3,24673.3,1200
2025-08-11 11:25:00+05:30,24673.3,24673.3,24672.0,24672.9,300
2025-08-11 11:26:00+05:30,24672.9,24672.9,24672.9,24672.9,825
2025-08-11 11:27:00+05:30,24672.9,24672.9,24660.0,24661.4,300
2025-08-11 11:28:00+05:30,24661.4,24662.5,24661.4,24662.5,225
2025-08-11 11:29:00+05:30,24662.5,24662.5,24660.3,24662.5,300
2025-08-11 11:30:00+05:30,24662.5,24665.0,24662.0,24665.0,375
2025-08-11 11:31:00+05:30,24665.0,24666.3,24662.5,24666.3,300
2025-08-11 11:32:00+05:30,24666.3,24666.3,24660.1,24660.2,600
2025-08-11 11:33:00+05:30,24660.2,24660.2,24659.0,24659.0,150
2025-08-11 11:34:00+05:30,24659.0,24659.0,24650.0,24650.0,525
2025-08-11 11:35:00+05:30,24650.0,24650.0,24638.8,24640.0,1725
2025-08-11 11:36:00+05:30,24640.0,24641.0,24640.0,24640.4,1950
2025-08-11 11:37:00+05:30,24640.4,24644.9,24640.4,24644.9,150
2025-08-11 11:38:00+05:30,24644.9,24644.9,24632.9,24632.9,600
2025-08-11 11:39:00+05:30,24632.9,24638.7,24632.9,24638.7,75
2025-08-11 11:40:00+05:30,24638.7,24638.7,24630.0,24630.5,1350
2025-08-11 11:41:00+05:30,24630.5,24635.6,24630.5,24633.0,150
2025-08-11 11:42:00+05:30,24633.0,24633.0,24626.0,24628.2,525
2025-08-11 11:43:00+05:30,24628.2,24629.0,24625.6,24628.9,675
2025-08-11 11:44:00+05:30,24628.9,24628.9,24622.0,24623.0,975
2025-08-11 11:45:00+05:30,24623.0,24623.0,24616.0,24617.0,1500
2025-08-11 11:46:00+05:30,24617.0,24621.0,24617.0,24621.0,150
2025-08-11 11:47:00+05:30,24621.0,24625.0,24621.0,24625.0,75
2025-08-11 11:48:00+05:30,24625.0,24625.0,24624.5,24624.5,150
2025-08-11 11:49:00+05:30,24624.5,24624.5,24618.4,24618.4,450
2025-08-11 11:50:00+05:30,24618.4,24618.4,24618.2,24618.2,150
2025-08-11 11:51:00+05:30,24618.2,24627.1,24618.2,24621.7,1350
2025-08-11 11:52:00+05:30,24621.7,24621.7,24616.0,24616.0,225
2025-08-11 11:53:00+05:30,24616.0,24616.0,24616.0,24616.0,150
2025-08-11 11:54:00+05:30,24616.0,24620.0,24615.0,24620.0,675
2025-08-11 11:55:00+05:30,24620.0,24624.3,24620.0,24624.3,225
2025-08-11 11:56:00+05:30,24624.3,24624.3,24624.3,24624.3,75
2025-08-11 11:57:00+05:30,24624.3,24626.2,24624.3,24626.2,75
2025-08-11 11:58:00+05:30,24626.2,24628.6,24626.2,24626.5,225
2025-08-11 11:59:00+05:30,24626.5,24639.1,24626.5,24638.9,1350
2025-08-11 12:00:00+05:30,24638.9,24638.9,24626.5,24628.0,300
2025-08-11 12:01:00+05:30,24628.0,24639.1,24628.0,24639.1,150
2025-08-11 12:02:00+05:30,24639.1,24640.0,24639.1,24639.1,375
2025-08-11 12:03:00+05:30,24639.1,24639.1,24624.0,24624.0,375
2025-08-11 12:04:00+05:30,24624.0,24627.0,24624.0,24624.3,375
2025-08-11 12:05:00+05:30,24624.3,24624.3,24624.3,24624.3,0
2025-08-11 12:06:00+05:30,24624.3,24631.2,24624.3,24631.2,150
2025-08-11 12:07:00+05:30,24631.2,24644.3,24631.2,24639.6,675
2025-08-11 12:08:00+05:30,24639.6,24644.9,24635.7,24635.7,375
2025-08-11 12:09:00+05:30,24635.7,24635.7,24632.6,24632.6,150
2025-08-11 12:10:00+05:30,24632.6,24643.1,24632.6,24643.1,225
2025-08-11 12:11:00+05:30,24643.1,24643.1,24632.5,24632.5,225
2025-08-11 12:12:00+05:30,24632.5,24632.5,24632.5,24632.5,0
2025-08-11 12:13:00+05:30,24632.5,24640.0,24632.5,24637.8,1275
2025-08-11 12:14:00+05:30,24637.8,24644.5,24637.8,24644.5,75
2025-08-11 12:15:00+05:30,24644.5,24650.0,24644.5,24650.0,675
2025-08-11 12:16:00+05:30,24650.0,24651.5,24650.0,24651.5,300
2025-08-11 12:17:00+05:30,24651.5,24653.5,24651.5,24651.5,225
2025-08-11 12:18:00+05:30,24651.5,24651.5,24641.9,24641.9,300
2025-08-11 12:19:00+05:30,24641.9,24643.0,24641.9,24643.0,75
2025-08-11 12:20:00+05:30,24643.0,24643.0,24643.0,24643.0,0
2025-08-11 12:21:00+05:30,24643.0,24643.0,24640.4,24642.0,150
2025-08-11 12:22:00+05:30,24642.0,24642.0,24642.0,24642.0,0
2025-08-11 12:23:00+05:30,24642.0,24642.0,24636.9,24642.0,300
2025-08-11 12:24:00+05:30,24642.0,24652.3,24642.0,24652.3,450
2025-08-11 12:25:00+05:30,24652.3,24652.3,24644.5,24648.7,300
2025-08-11 12:26:00+05:30,24648.7,24652.0,24648.7,24650.4,375
2025-08-11 12:27:00+05:30,24650.4,24654.9,24650.4,24654.9,75
2025-08-11 12:28:00+05:30,24654.9,24654.9,24654.9,24654.9,0
2025-08-11 12:29:00+05:30,24654.9,24654.9,24649.6,24650.8,225
2025-08-11 12:30:00+05:30,24650.8,24650.8,24649.9,24649.9,525
2025-08-11 12:31:00+05:30,24649.9,24649.9,24636.0,24636.0,300
2025-08-11 12:32:00+05:30,24636.0,24646.0,24636.0,24641.6,225
2025-08-11 12:33:00+05:30,24641.6,24641.6,24641.0,24641.6,150
2025-08-11 12:34:00+05:30,24641.6,24642.0,24638.0,24642.0,150
2025-08-11 12:35:00+05:30,24642.0,24642.0,24640.9,24640.9,225
2025-08-11 12:36:00+05:30,24640.9,24650.0,24640.9,24650.0,525
2025-08-11 12:37:00+05:30,24650.0,24651.3,24645.0,24645.0,450
2025-08-11 12:38:00+05:30,24645.0,24645.0,24645.0,24645.0,0
2025-08-11 12:39:00+05:30,24645.0,24660.0,24645.0,24660.0,525
2025-08-11 12:40:00+05:30,24660.0,24660.0,24656.7,24659.7,300
2025-08-11 12:41:00+05:30,24659.7,24659.7,24659.7,24659.7,0
2025-08-11 12:42:00+05:30,24659.7,24660.0,24657.4,24660.0,150
2025-08-11 12:43:00+05:30,24660.0,24660.9,24660.0,24660.9,75
2025-08-11 12:44:00+05:30,24660.9,24660.9,24660.0,24660.0,75
2025-08-11 12:45:00+05:30,24660.0,24666.3,24657.8,24666.3,1950
2025-08-11 12:46:00+05:30,24666.3,24666.4,24663.0,24665.0,375
2025-08-11 12:47:00+05:30,24665.0,24667.7,24664.4,24664.4,300
2025-08-11 12:48:00+05:30,24664.4,24664.4,24662.0,24662.0,150
2025-08-11 12:49:00+05:30,24662.0,24664.0,24662.0,24664.0,150
2025-08-11 12:50:00+05:30,24664.0,24665.0,24661.0,24665.0,300
2025-08-11 12:51:00+05:30,24665.0,24665.0,24665.0,24665.0,0
2025-08-11 12:52:00+05:30,24665.0,24665.0,24663.3,24663.3,375
2025-08-11 12:53:00+05:30,24663.3,24679.0,24663.3,24679.0,1575
2025-08-11 12:54:00+05:30,24679.0,24679.0,24675.2,24679.0,2250
2025-08-11 12:55:00+05:30,24679.0,24679.4,24676.0,24679.4,2175
2025-08-11 12:56:00+05:30,24679.4,24679.4,24670.0,24670.0,975
2025-08-11 12:57:00+05:30,24670.0,24670.0,24670.0,24670.0,0
2025-08-11 12:58:00+05:30,24670.0,24679.4,24670.0,24679.4,300
2025-08-11 12:59:00+05:30,24679.4,24679.4,24674.6,24679.4,750
2025-08-11 13:00:00+05:30,24679.4,24691.0,24679.4,24691.0,4950
2025-08-11 13:01:00+05:30,24691.0,24710.0,24689.5,24702.0,9525
2025-08-11 13:02:00+05:30,24702.0,24705.2,24700.0,24700.0,1425
2025-08-11 13:03:00+05:30,24700.0,24703.1,24692.5,24693.7,1200
2025-08-11 13:04:00+05:30,24693.7,24695.7,24692.0,24692.0,1200
2025-08-11 13:05:00+05:30,24692.0,24698.5,24691.1,24695.0,1050
2025-08-11 13:06:00+05:30,24695.0,24695.0,24681.1,24682.5,750
2025-08-11 13:07:00+05:30,24682.5,24685.0,24682.5,24683.0,375
2025-08-11 13:08:00+05:30,24683.0,24684.0,24681.0,24681.0,375
2025-08-11 13:09:00+05:30,24681.0,24684.0,24681.0,24684.0,75
2025-08-11 13:10:00+05:30,24684.0,24684.0,24684.0,24684.0,0
2025-08-11 13:11:00+05:30,24684.0,24684.0,24672.3,24672.3,525
2025-08-11 13:12:00+05:30,24672.3,24673.0,24665.0,24670.0,750
2025-08-11 13:13:00+05:30,24670.0,24672.0,24666.7,24672.0,900
2025-08-11 13:14:00+05:30,24672.0,24681.6,24672.0,24681.6,1050
2025-08-11 13:15:00+05:30,24681.6,24689.9,24681.6,24689.9,525
2025-08-11 13:16:00+05:30,24689.9,24689.9,24687.7,24687.7,300
2025-08-11 13:17:00+05:30,24687.7,24687.7,24674.4,24674.4,675
2025-08-11 13:18:00+05:30,24674.4,24674.4,24674.4,24674.4,0
2025-08-11 13:19:00+05:30,24674.4,24677.0,24674.4,24677.0,150
2025-08-11 13:20:00+05:30,24677.0,24677.0,24677.0,24677.0,0
2025-08-11 13:21:00+05:30,24677.0,24677.0,24677.0,24677.0,0
2025-08-11 13:22:00+05:30,24677.0,24682.8,24677.0,24680.0,600
2025-08-11 13:23:00+05:30,24680.0,24680.0,24671.9,24671.9,750
2025-08-11 13:24:00+05:30,24671.9,24679.0,24671.9,24675.8,225
2025-08-11 13:25:00+05:30,24676.0,24676.0,24675.0,24675.2,450
2025-08-11 13:26:00+05:30,24675.2,24690.0,24675.2,24689.9,900
2025-08-11 13:27:00+05:30,24689.9,24691.2,24683.0,24691.2,225
2025-08-11 13:28:00+05:30,24691.2,24695.0,24689.6,24690.0,525
2025-08-11 13:29:00+05:30,24690.0,24690.0,24690.0,24690.0,0
2025-08-11 13:30:00+05:30,24690.0,24690.0,24689.6,24690.0,750
2025-08-11 13:31:00+05:30,24690.0,24690.9,24687.4,24687.4,450
2025-08-11 13:32:00+05:30,24687.4,24690.9,24687.4,24690.9,225
2025-08-11 13:33:00+05:30,24690.9,24697.4,24690.9,24697.4,225
2025-08-11 13:34:00+05:30,24697.4,24697.4,24696.1,24697.0,225
2025-08-11 13:35:00+05:30,24697.0,24699.0,24694.5,24694.5,225
2025-08-11 13:36:00+05:30,24694.5,24697.9,24693.5,24693.5,450
2025-08-11 13:37:00+05:30,24693.5,24696.0,24691.0,24693.1,1050
2025-08-11 13:38:00+05:30,24693.1,24698.0,24693.1,24698.0,75
2025-08-11 13:39:00+05:30,24698.0,24705.0,24698.0,24704.8,2400
2025-08-11 13:40:00+05:30,24704.8,24708.0,24704.8,24704.8,300
2025-08-11 13:41:00+05:30,24704.8,24709.4,24704.8,24709.0,1875
2025-08-11 13:42:00+05:30,24709.0,24710.0,24708.0,24708.0,600
2025-08-11 13:43:00+05:30,24708.0,24710.0,24705.5,24705.5,600
2025-08-11 13:44:00+05:30,24705.5,24705.5,24701.0,24701.8,450
2025-08-11 13:45:00+05:30,24701.8,24710.0,24701.8,24705.0,1575
2025-08-11 13:46:00+05:30,24705.0,24705.0,24705.0,24705.0,75
2025-08-11 13:47:00+05:30,24705.0,24705.0,24704.9,24704.9,225
2025-08-11 13:48:00+05:30,24705.0,24710.0,24705.0,24710.0,1575
2025-08-11 13:49:00+05:30,24710.0,24717.0,24710.0,24715.4,1800
2025-08-11 13:50:00+05:30,24715.4,24718.0,24708.6,24708.6,1200
2025-08-11 13:51:00+05:30,24708.6,24708.6,24701.4,24706.1,2025
2025-08-11 13:52:00+05:30,24706.1,24706.1,24700.0,24700.0,975
2025-08-11 13:53:00+05:30,24700.0,24703.3,24696.6,24696.6,225
2025-08-11 13:54:00+05:30,24696.6,24703.9,24696.6,24703.9,75
2025-08-11 13:55:00+05:30,24703.9,24703.9,24696.1,24698.3,150
2025-08-11 13:56:00+05:30,24698.3,24698.3,24698.1,24698.1,75
2025-08-11 13:57:00+05:30,24698.1,24710.0,24698.1,24710.0,600
2025-08-11 13:58:00+05:30,24710.0,24712.0,24710.0,24710.0,150
2025-08-11 13:59:00+05:30,24710.0,24710.0,24710.0,24710.0,0
2025-08-11 14:00:00+05:30,24710.0,24716.0,24710.0,24716.0,375
2025-08-11 14:01:00+05:30,24716.0,24720.8,24716.0,24720.8,1575
2025-08-11 14:02:00+05:30,24720.8,24724.0,24720.1,24724.0,1725
2025-08-11 14:03:00+05:30,24724.0,24724.0,24718.3,24723.1,750
2025-08-11 14:04:00+05:30,24723.1,24723.1,24720.0,24720.6,300
2025-08-11 14:05:00+05:30,24720.6,24731.0,24720.6,24731.0,2175
2025-08-11 14:06:00+05:30,24731.0,24732.0,24725.0,24727.3,675
2025-08-11 14:07:00+05:30,24727.3,24730.0,24727.3,24730.0,375
2025-08-11 14:08:00+05:30,24730.0,24730.0,24727.3,24730.0,300
2025-08-11 14:09:00+05:30,24730.0,24730.0,24725.3,24730.0,150
2025-08-11 14:10:00+05:30,24730.0,24730.0,24725.5,24725.5,75
2025-08-11 14:11:00+05:30,24725.5,24729.0,24725.5,24726.0,225
2025-08-11 14:12:00+05:30,24726.0,24726.0,24715.9,24718.0,1500
2025-08-11 14:13:00+05:30,24718.0,24720.0,24718.0,24720.0,75
2025-08-11 14:14:00+05:30,24720.0,24720.0,24716.0,24720.0,3300
2025-08-11 14:15:00+05:30,24720.0,24725.0,24720.0,24725.0,825
2025-08-11 14:16:00+05:30,24725.0,24730.0,24725.0,24729.6,1050
2025-08-11 14:17:00+05:30,24729.6,24729.6,24725.6,24725.6,75
2025-08-11 14:18:00+05:30,24725.6,24726.0,24724.0,24724.0,675
2025-08-11 14:19:00+05:30,24724.0,24725.0,24723.0,24723.0,300
2025-08-11 14:20:00+05:30,24723.0,24725.0,24723.0,24723.0,450
2025-08-11 14:21:00+05:30,24723.0,24723.0,24720.4,24720.4,75
2025-08-11 14:22:00+05:30,24720.4,24720.4,24716.4,24720.4,525
2025-08-11 14:23:00+05:30,24720.4,24720.4,24717.2,24720.4,975
2025-08-11 14:24:00+05:30,24720.4,24723.0,24720.4,24723.0,150
2025-08-11 14:25:00+05:30,24723.0,24723.0,24718.9,24718.9,300
2025-08-11 14:26:00+05:30,24718.9,24723.0,24718.9,24721.8,225
2025-08-11 14:27:00+05:30,24721.8,24721.8,24719.0,24720.0,375
2025-08-11 14:28:00+05:30,24720.0,24721.6,24720.0,24721.6,150
2025-08-11 14:29:00+05:30,24721.6,24725.0,24721.6,24725.0,1950
2025-08-11 14:30:00+05:30,24725.0,24744.9,24725.0,24744.9,5850
2025-08-11 14:31:00+05:30,24744.9,24759.0,24744.9,24756.6,4575
2025-08-11 14:32:00+05:30,24756.6,24759.0,24754.2,24757.0,2700
2025-08-11 14:33:00+05:30,24757.0,24760.0,24752.9,24760.0,2475
2025-08-11 14:34:00+05:30,24760.0,24760.0,24752.1,24752.1,1650
2025-08-11 14:35:00+05:30,24752.1,24760.0,24747.5,24750.0,1425
2025-08-11 14:36:00+05:30,24750.0,24757.0,24750.0,24755.0,450
2025-08-11 14:37:00+05:30,24755.0,24755.0,24751.5,24754.0,1650
2025-08-11 14:38:00+05:30,24754.0,24760.0,24754.0,24760.0,1725
2025-08-11 14:39:00+05:30,24760.0,24760.5,24754.8,24760.5,1125
2025-08-11 14:40:00+05:30,24760.5,24760.5,24754.2,24759.7,750
2025-08-11 14:41:00+05:30,24759.7,24759.7,24754.0,24754.0,1050
2025-08-11 14:42:00+05:30,24754.0,24754.0,24743.0,24746.0,900
2025-08-11 14:43:00+05:30,24746.0,24746.0,24739.8,24740.4,975
2025-08-11 14:44:00+05:30,24740.4,24747.0,24739.2,24747.0,600
2025-08-11 14:45:00+05:30,24747.0,24753.0,24745.7,24753.0,750
2025-08-11 14:46:00+05:30,24753.0,24756.6,24752.6,24756.6,825
2025-08-11 14:47:00+05:30,24756.6,24766.4,24756.6,24758.7,1725
2025-08-11 14:48:00+05:30,24758.7,24762.9,24758.7,24762.8,750
2025-08-11 14:49:00+05:30,24762.8,24766.2,24760.0,24766.2,450
2025-08-11 14:50:00+05:30,24766.2,24766.2,24760.0,24760.0,825
2025-08-11 14:51:00+05:30,24760.0,24760.0,24756.0,24756.0,1500
2025-08-11 14:52:00+05:30,24756.0,24760.0,24755.6,24760.0,375
2025-08-11 14:53:00+05:30,24760.0,24760.0,24755.0,24755.0,375
2025-08-11 14:54:00+05:30,24755.0,24762.9,24755.0,24760.8,1050
2025-08-11 14:55:00+05:30,24760.8,24760.8,24759.2,24759.2,75
2025-08-11 14:56:00+05:30,24759.2,24759.2,24754.0,24755.3,225
2025-08-11 14:57:00+05:30,24755.3,24761.7,24755.3,24758.4,900
2025-08-11 14:58:00+05:30,24758.4,24762.0,24757.6,24757.6,750
2025-08-11 14:59:00+05:30,24757.6,24762.9,24755.2,24762.9,600
2025-08-11 15:00:00+05:30,24762.9,24774.5,24762.9,24767.4,2625
2025-08-11 15:01:00+05:30,24767.4,24770.2,24764.4,24764.4,1575
2025-08-11 15:02:00+05:30,24764.4,24769.1,24761.4,24762.9,2100
2025-08-11 15:03:00+05:30,24762.9,24763.8,24755.7,24758.7,675
2025-08-11 15:04:00+05:30,24758.7,24767.0,24758.7,24760.5,1500
2025-08-11 15:05:00+05:30,24760.5,24767.2,24760.0,24764.3,2550
2025-08-11 15:06:00+05:30,24764.3,24773.0,24762.6,24773.0,3525
2025-08-11 15:07:00+05:30,24773.0,24773.0,24766.2,24773.0,2175
2025-08-11 15:08:00+05:30,24773.0,24773.0,24769.0,24769.0,675
2025-08-11 15:09:00+05:30,24769.0,24772.4,24764.5,24764.5,675
2025-08-11 15:10:00+05:30,24764.5,24770.8,24761.5,24761.5,450
2025-08-11 15:11:00+05:30,24761.5,24762.3,24761.5,24762.3,150
2025-08-11 15:12:00+05:30,24762.3,24767.8,24759.3,24759.3,600
2025-08-11 15:13:00+05:30,24759.3,24762.0,24758.0,24758.0,975
2025-08-11 15:14:00+05:30,24758.0,24758.1,24752.2,24757.0,900
2025-08-11 15:15:00+05:30,24757.0,24757.0,24750.0,24753.0,1050
2025-08-11 15:16:00+05:30,24753.0,24753.0,24740.0,24740.6,1125
2025-08-11 15:17:00+05:30,24740.6,24751.7,24740.6,24751.7,375
2025-08-11 15:18:00+05:30,24751.7,24751.7,24737.7,24746.1,1425
2025-08-11 15:19:00+05:30,24746.1,24746.1,24737.2,24737.2,2775
2025-08-11 15:20:00+05:30,24737.2,24746.0,24735.1,24746.0,750
2025-08-11 15:21:00+05:30,24746.0,24751.0,24741.8,24751.0,825
2025-08-11 15:22:00+05:30,24751.0,24752.0,24744.9,24752.0,525
2025-08-11 15:23:00+05:30,24752.0,24755.0,24744.2,24745.3,3525
2025-08-11 15:24:00+05:30,24745.3,24751.5,24744.0,24744.0,600
2025-08-11 15:25:00+05:30,24744.0,24746.4,24740.2,24743.7,600
2025-08-11 15:26:00+05:30,24743.7,24745.0,24739.0,24739.0,750
2025-08-11 15:27:00+05:30,24739.0,24744.9,24737.9,24740.0,675
2025-08-11 15:28:00+05:30,24740.0,24741.0,24735.5,24740.0,1125
2025-08-11 15:29:00+05:30,24740.0,24742.0,24733.6,24741.9,1875
2025-08-12 09:15:00+05:30,24764.9,24764.9,24739.9,24739.9,1800
2025-08-12 09:16:00+05:30,24739.4,24752.9,24725.9,24752.9,2775
2025-08-12 09:17:00+05:30,24752.9,24757.5,24748.6,24756.7,2025
2025-08-12 09:18:00+05:30,24756.7,24765.5,24751.9,24765.5,2400
2025-08-12 09:19:00+05:30,24765.5,24767.3,24760.0,24764.4,3900
2025-08-12 09:20:00+05:30,24764.4,24764.4,24755.0,24760.0,2475
2025-08-12 09:21:00+05:30,24760.0,24775.0,24760.0,24775.0,525
2025-08-12 09:22:00+05:30,24775.0,24780.7,24773.9,24774.3,2700
2025-08-12 09:23:00+05:30,24774.3,24788.5,24774.3,24788.0,1650
2025-08-12 09:24:00+05:30,24788.0,24800.0,24785.0,24799.0,1950
2025-08-12 09:25:00+05:30,24799.0,24820.1,24798.0,24811.8,3600
2025-08-12 09:26:00+05:30,24811.8,24815.3,24808.6,24808.6,2100
2025-08-12 09:27:00+05:30,24808.6,24810.0,24801.1,24809.3,1050
2025-08-12 09:28:00+05:30,24809.3,24809.3,24800.0,24808.0,1050
2025-08-12 09:29:00+05:30,24808.0,24808.7,24800.0,24808.0,1800
2025-08-12 09:30:00+05:30,24807.6,24813.0,24800.2,24800.2,4050
2025-08-12 09:31:00+05:30,24800.2,24824.0,24800.2,24824.0,1575
2025-08-12 09:32:00+05:30,24824.0,24829.0,24820.0,24820.0,3300
2025-08-12 09:33:00+05:30,24820.0,24825.0,24820.0,24820.0,975
2025-08-12 09:34:00+05:30,24820.0,24825.9,24820.0,24820.0,1200
2025-08-12 09:35:00+05:30,24820.0,24820.0,24809.0,24809.0,1275
2025-08-12 09:36:00+05:30,24809.0,24817.5,24807.0,24810.2,1575
2025-08-12 09:37:00+05:30,24810.2,24815.8,24810.0,24815.8,450
2025-08-12 09:38:00+05:30,24815.8,24815.8,24815.0,24815.1,375
2025-08-12 09:39:00+05:30,24815.1,24815.1,24812.0,24812.0,75
2025-08-12 09:40:00+05:30,24812.0,24812.0,24812.0,24812.0,375
2025-08-12 09:41:00+05:30,24812.0,24815.5,24809.0,24809.0,525
2025-08-12 09:42:00+05:30,24809.0,24821.0,24809.0,24819.0,825
2025-08-12 09:43:00+05:30,24819.0,24829.0,24819.0,24829.0,675
2025-08-12 09:44:00+05:30,24829.0,24831.1,24825.0,24825.1,1950
2025-08-12 09:45:00+05:30,24825.1,24840.0,24825.1,24840.0,2175
2025-08-12 09:46:00+05:30,24840.0,24843.5,24831.9,24832.4,1800
2025-08-12 09:47:00+05:30,24832.4,24838.2,24828.0,24830.7,1650
2025-08-12 09:48:00+05:30,24830.7,24832.1,24830.7,24832.1,225
2025-08-12 09:49:00+05:30,24832.1,24838.0,24832.1,24836.5,1050
2025-08-12 09:50:00+05:30,24836.5,24840.0,24836.0,24840.0,750
2025-08-12 09:51:00+05:30,24840.0,24841.9,24833.0,24833.7,750
2025-08-12 09:52:00+05:30,24833.7,24839.9,24833.0,24833.0,900
2025-08-12 09:53:00+05:30,24833.0,24845.0,24833.0,24844.8,1950
2025-08-12 09:54:00+05:30,24844.8,24850.0,24842.4,24846.8,2625
2025-08-12 09:55:00+05:30,24850.0,24855.1,24850.0,24855.1,4425
2025-08-12 09:56:00+05:30,24855.1,24859.4,24852.0,24852.0,2100
2025-08-12 09:57:00+05:30,24852.0,24860.0,24852.0,24853.8,2775
2025-08-12 09:58:00+05:30,24853.8,24869.0,24853.8,24865.6,6000
2025-08-12 09:59:00+05:30,24865.6,24874.0,24865.6,24874.0,3300
2025-08-12 10:00:00+05:30,24874.0,24878.8,24871.0,24878.2,4350
2025-08-12 10:01:00+05:30,24878.2,24889.0,24871.0,24889.0,5325
2025-08-12 10:02:00+05:30,24889.0,24900.0,24889.0,24890.6,4725
2025-08-12 10:03:00+05:30,24890.6,24892.8,24889.4,24889.4,975
2025-08-12 10:04:00+05:30,24887.9,24893.2,24887.7,24887.7,825
2025-08-12 10:05:00+05:30,24887.7,24890.1,24887.5,24888.6,825
2025-08-12 10:06:00+05:30,24888.6,24891.0,24882.3,24882.9,2325
2025-08-12 10:07:00+05:30,24882.9,24886.3,24882.9,24886.1,2850
2025-08-12 10:08:00+05:30,24886.1,24890.0,24886.1,24890.0,1275
2025-08-12 10:09:00+05:30,24890.0,24894.0,24885.2,24886.6,2625
2025-08-12 10:10:00+05:30,24886.6,24889.4,24883.0,24885.8,2100
2025-08-12 10:11:00+05:30,24885.8,24885.8,24868.3,24875.8,1800
2025-08-12 10:12:00+05:30,24875.8,24877.8,24868.7,24868.7,1050
2025-08-12 10:13:00+05:30,24868.7,24872.6,24864.5,24864.8,600
2025-08-12 10:14:00+05:30,24864.8,24864.8,24855.0,24860.0,825
2025-08-12 10:15:00+05:30,24860.0,24865.0,24852.1,24865.0,4125
2025-08-12 10:16:00+05:30,24865.0,24878.1,24865.0,24871.3,1275
2025-08-12 10:17:00+05:30,24871.3,24871.3,24859.1,24859.1,1275
2025-08-12 10:18:00+05:30,24859.1,24864.9,24858.3,24864.9,525
2025-08-12 10:19:00+05:30,24864.9,24864.9,24846.0,24853.9,825
2025-08-12 10:20:00+05:30,24853.9,24861.3,24850.0,24850.0,2475
2025-08-12 10:21:00+05:30,24850.0,24860.9,24850.0,24859.2,750
2025-08-12 10:22:00+05:30,24859.2,24859.3,24854.3,24854.3,375
2025-08-12 10:23:00+05:30,24854.3,24860.9,24851.2,24860.9,2400
2025-08-12 10:24:00+05:30,24860.9,24861.0,24855.9,24861.0,600
2025-08-12 10:25:00+05:30,24861.0,24861.0,24853.0,24857.7,600
2025-08-12 10:26:00+05:30,24857.7,24857.7,24839.8,24846.3,1350
2025-08-12 10:27:00+05:30,24846.3,24850.0,24830.6,24830.6,1275
2025-08-12 10:28:00+05:30,24830.6,24831.0,24812.1,24820.0,1950
2025-08-12 10:29:00+05:30,24820.0,24820.0,24813.3,24819.0,975
2025-08-12 10:30:00+05:30,24819.0,24819.0,24795.4,24806.3,9900
2025-08-12 10:31:00+05:30,24806.3,24807.0,24780.8,24781.4,3375
2025-08-12 10:32:00+05:30,24781.4,24799.3,24760.0,24799.3,3600
2025-08-12 10:33:00+05:30,24799.3,24801.8,24778.3,24783.0,5025
2025-08-12 10:34:00+05:30,24783.0,24786.1,24779.6,24779.6,1275
2025-08-12 10:35:00+05:30,24779.6,24800.0,24779.6,24800.0,1725
2025-08-12 10:36:00+05:30,24800.0,24810.0,24800.0,24805.3,1500
2025-08-12 10:37:00+05:30,24805.3,24809.0,24805.3,24808.5,600
2025-08-12 10:38:00+05:30,24808.5,24808.5,24786.1,24787.9,1125
2025-08-12 10:39:00+05:30,24787.9,24794.9,24787.9,24787.9,675
2025-08-12 10:40:00+05:30,24787.9,24793.5,24787.9,24793.5,4200
2025-08-12 10:41:00+05:30,24793.5,24803.4,24793.5,24800.0,525
2025-08-12 10:42:00+05:30,24800.0,24809.5,24798.7,24798.7,525
2025-08-12 10:43:00+05:30,24798.7,24798.7,24788.8,24788.8,1650
2025-08-12 10:44:00+05:30,24788.8,24792.0,24775.0,24775.1,2250
2025-08-12 10:45:00+05:30,24775.1,24775.1,24765.4,24765.6,2475
2025-08-12 10:46:00+05:30,24765.6,24777.6,24765.6,24777.6,2100
2025-08-12 10:47:00+05:30,24777.6,24792.4,24775.6,24790.0,1950
2025-08-12 10:48:00+05:30,24790.0,24796.5,24786.2,24793.5,975
2025-08-12 10:49:00+05:30,24793.5,24793.5,24778.8,24782.7,2550
2025-08-12 10:50:00+05:30,24782.7,24785.2,24777.2,24785.2,1050
2025-08-12 10:51:00+05:30,24785.2,24791.7,24785.2,24790.1,750
2025-08-12 10:52:00+05:30,24790.1,24790.1,24779.2,24781.9,1275
2025-08-12 10:53:00+05:30,24781.9,24784.6,24771.8,24783.1,2250
2025-08-12 10:54:00+05:30,24783.1,24783.1,24775.7,24775.7,225
2025-08-12 10:55:00+05:30,24775.7,24789.1,24775.7,24783.6,375
2025-08-12 10:56:00+05:30,24783.6,24783.6,24783.2,24783.2,75
2025-08-12 10:57:00+05:30,24783.2,24784.8,24783.2,24783.2,150
2025-08-12 10:58:00+05:30,24783.2,24783.2,24783.2,24783.2,75
2025-08-12 10:59:00+05:30,24783.2,24783.2,24772.2,24772.2,300
2025-08-12 11:00:00+05:30,24772.2,24777.2,24772.0,24776.0,300
2025-08-12 11:01:00+05:30,24776.0,24776.0,24770.0,24770.0,75
2025-08-12 11:02:00+05:30,24770.0,24770.0,24763.0,24763.0,1575
2025-08-12 11:03:00+05:30,24763.0,24763.0,24750.0,24752.0,2325
2025-08-12 11:04:00+05:30,24752.0,24759.2,24750.0,24750.1,900
2025-08-12 11:05:00+05:30,24750.1,24754.3,24750.1,24754.0,525
2025-08-12 11:06:00+05:30,24754.0,24755.0,24752.0,24752.0,450
2025-08-12 11:07:00+05:30,24752.0,24752.0,24741.4,24742.2,2700
2025-08-12 11:08:00+05:30,24742.2,24744.7,24724.1,24732.7,3600
2025-08-12 11:09:00+05:30,24732.7,24733.3,24732.0,24733.3,1050
2025-08-12 11:10:00+05:30,24733.3,24745.0,24731.9,24745.0,900
2025-08-12 11:11:00+05:30,24745.0,24745.0,24739.0,24743.6,750
2025-08-12 11:12:00+05:30,24743.6,24747.6,24743.2,24743.2,600
2025-08-12 11:13:00+05:30,24743.2,24746.7,24739.1,24744.5,975
2025-08-12 11:14:00+05:30,24744.5,24745.0,24743.0,24744.9,1350
2025-08-12 11:15:00+05:30,24744.9,24748.6,24740.0,24748.4,1950
2025-08-12 11:16:00+05:30,24748.4,24758.5,24748.2,24758.5,1500
2025-08-12 11:17:00+05:30,24758.5,24777.8,24758.5,24777.8,1800
2025-08-12 11:18:00+05:30,24777.8,24788.4,24770.1,24787.6,1350
2025-08-12 11:19:00+05:30,24787.6,24793.6,24778.6,24778.6,1650
2025-08-12 11:20:00+05:30,24778.6,24780.0,24770.2,24775.2,675
2025-08-12 11:21:00+05:30,24775.2,24784.8,24769.4,24784.8,975
2025-08-12 11:22:00+05:30,24784.8,24784.8,24770.2,24770.2,675
2025-08-12 11:23:00+05:30,24770.2,24781.9,24770.1,24770.1,975
2025-08-12 11:24:00+05:30,24770.1,24770.5,24769.7,24769.7,375
2025-08-12 11:25:00+05:30,24769.7,24769.7,24761.6,24761.6,600
2025-08-12 11:26:00+05:30,24761.6,24761.6,24750.2,24751.5,900
2025-08-12 11:27:00+05:30,24751.5,24751.5,24750.0,24750.1,225
2025-08-12 11:28:00+05:30,24750.1,24757.5,24750.1,24751.0,375
2025-08-12 11:29:00+05:30,24751.0,24754.0,24746.9,24746.9,450
2025-08-12 11:30:00+05:30,24746.9,24767.8,24746.9,24767.2,375
2025-08-12 11:31:00+05:30,24767.2,24767.2,24759.3,24763.7,225
2025-08-12 11:32:00+05:30,24763.7,24763.7,24759.5,24759.5,75
2025-08-12 11:33:00+05:30,24759.5,24759.5,24751.4,24755.0,150
2025-08-12 11:34:00+05:30,24755.0,24755.0,24755.0,24755.0,150
2025-08-12 11:35:00+05:30,24755.0,24755.0,24754.2,24754.2,300
2025-08-12 11:36:00+05:30,24754.2,24765.0,24754.2,24765.0,150
2025-08-12 11:37:00+05:30,24765.0,24765.0,24760.0,24760.0,75
2025-08-12 11:38:00+05:30,24760.0,24766.9,24760.0,24764.9,150
2025-08-12 11:39:00+05:30,24764.9,24764.9,24764.9,24764.9,0
2025-08-12 11:40:00+05:30,24764.9,24764.9,24759.0,24759.0,75
2025-08-12 11:41:00+05:30,24759.0,24767.6,24755.1,24755.1,750
2025-08-12 11:42:00+05:30,24755.1,24755.1,24755.1,24755.1,450
2025-08-12 11:43:00+05:30,24755.1,24755.1,24755.0,24755.0,75
2025-08-12 11:44:00+05:30,24755.0,24762.7,24753.1,24759.9,300
2025-08-12 11:45:00+05:30,24759.9,24759.9,24755.0,24758.0,150
2025-08-12 11:46:00+05:30,24758.0,24763.7,24758.0,24763.7,75
2025-08-12 11:47:00+05:30,24763.7,24763.7,24750.0,24750.0,2775
2025-08-12 11:48:00+05:30,24750.0,24750.0,24741.0,24741.0,675
2025-08-12 11:49:00+05:30,24741.0,24743.3,24740.0,24743.3,450
2025-08-12 11:50:00+05:30,24743.3,24743.3,24735.0,24736.9,1050
2025-08-12 11:51:00+05:30,24736.9,24745.3,24735.4,24745.3,375
2025-08-12 11:52:00+05:30,24745.3,24745.3,24743.9,24744.3,150
2025-08-12 11:53:00+05:30,24744.3,24749.0,24741.3,24749.0,2025
2025-08-12 11:54:00+05:30,24749.0,24752.7,24749.0,24752.7,300
2025-08-12 11:55:00+05:30,24752.7,24759.4,24752.7,24756.8,150
2025-08-12 11:56:00+05:30,24756.8,24757.0,24755.2,24755.2,150
2025-08-12 11:57:00+05:30,24755.2,24764.9,24755.2,24764.9,300
2025-08-12 11:58:00+05:30,24764.9,24765.4,24762.1,24762.1,300
2025-08-12 11:59:00+05:30,24762.1,24772.0,24762.1,24772.0,450
2025-08-12 12:00:00+05:30,24772.0,24773.0,24760.1,24760.1,300
2025-08-12 12:01:00+05:30,24760.1,24762.0,24760.0,24760.0,225
2025-08-12 12:02:00+05:30,24760.0,24760.0,24756.1,24756.1,75
2025-08-12 12:03:00+05:30,24756.1,24758.3,24756.1,24758.3,75
2025-08-12 12:04:00+05:30,24758.3,24758.3,24754.0,24754.0,75
2025-08-12 12:05:00+05:30,24754.0,24754.0,24754.0,24754.0,0
2025-08-12 12:06:00+05:30,24754.0,24757.0,24754.0,24757.0,300
2025-08-12 12:07:00+05:30,24757.0,24759.8,24757.0,24759.8,75
2025-08-12 12:08:00+05:30,24759.8,24759.8,24759.8,24759.8,0
2025-08-12 12:09:00+05:30,24759.8,24772.6,24759.8,24771.2,375
2025-08-12 12:10:00+05:30,24771.2,24771.2,24768.9,24770.4,225
2025-08-12 12:11:00+05:30,24770.4,24770.4,24761.1,24761.1,75
2025-08-12 12:12:00+05:30,24761.1,24765.8,24761.1,24765.8,300
2025-08-12 12:13:00+05:30,24765.8,24765.8,24761.1,24762.7,1275
2025-08-12 12:14:00+05:30,24762.7,24770.0,24762.7,24768.4,150
2025-08-12 12:15:00+05:30,24768.4,24768.4,24768.4,24768.4,75
2025-08-12 12:16:00+05:30,24768.4,24768.4,24768.4,24768.4,75
2025-08-12 12:17:00+05:30,24768.4,24780.9,24768.4,24780.9,1050
2025-08-12 12:18:00+05:30,24780.9,24782.0,24774.0,24774.0,1425
2025-08-12 12:19:00+05:30,24774.0,24798.0,24774.0,24798.0,2850
2025-08-12 12:20:00+05:30,24798.0,24807.9,24789.3,24802.5,1500
2025-08-12 12:21:00+05:30,24802.5,24806.8,24798.1,24802.0,825
2025-08-12 12:22:00+05:30,24802.0,24809.5,24795.4,24809.5,2025
2025-08-12 12:23:00+05:30,24809.5,24818.0,24809.5,24811.2,1050
2025-08-12 12:24:00+05:30,24811.2,24820.6,24809.5,24820.6,1425
2025-08-12 12:25:00+05:30,24820.6,24821.0,24811.1,24821.0,675
2025-08-12 12:26:00+05:30,24821.0,24825.7,24820.0,24820.0,900
2025-08-12 12:27:00+05:30,24820.0,24824.5,24815.4,24815.4,375
2025-08-12 12:28:00+05:30,24815.4,24815.4,24800.0,24800.0,600
2025-08-12 12:29:00+05:30,24800.0,24800.0,24796.0,24800.0,900
2025-08-12 12:30:00+05:30,24800.0,24817.7,24800.0,24815.8,2400
2025-08-12 12:31:00+05:30,24815.8,24820.8,24812.8,24820.8,150
2025-08-12 12:32:00+05:30,24820.8,24825.0,24816.0,24825.0,1725
2025-08-12 12:33:00+05:30,24825.0,24825.0,24819.0,24819.0,225
2025-08-12 12:34:00+05:30,24819.0,24825.6,24813.7,24813.7,300
2025-08-12 12:35:00+05:30,24813.7,24823.6,24813.7,24823.0,525
2025-08-12 12:36:00+05:30,24823.0,24831.6,24823.0,24831.6,1350
2025-08-12 12:37:00+05:30,24831.6,24831.6,24825.0,24828.3,525
2025-08-12 12:38:00+05:30,24828.3,24838.0,24828.3,24834.0,1200
2025-08-12 12:39:00+05:30,24834.0,24837.2,24831.5,24831.5,150
2025-08-12 12:40:00+05:30,24831.5,24836.3,24830.0,24830.0,150
2025-08-12 12:41:00+05:30,24830.0,24830.3,24830.0,24830.3,75
2025-08-12 12:42:00+05:30,24830.3,24833.0,24828.6,24833.0,1950
2025-08-12 12:43:00+05:30,24833.0,24833.8,24827.1,24827.2,975
2025-08-12 12:44:00+05:30,24827.2,24827.5,24823.6,24823.6,975
2025-08-12 12:45:00+05:30,24823.6,24833.5,24821.0,24821.0,600
2025-08-12 12:46:00+05:30,24821.0,24825.0,24820.2,24824.0,675
2025-08-12 12:47:00+05:30,24824.0,24824.0,24816.1,24816.1,225
2025-08-12 12:48:00+05:30,24816.1,24816.1,24804.0,24804.0,225
2025-08-12 12:49:00+05:30,24804.0,24814.0,24804.0,24814.0,375
2025-08-12 12:50:00+05:30,24814.0,24816.0,24809.0,24816.0,450
2025-08-12 12:51:00+05:30,24816.0,24816.0,24800.2,24800.2,225
2025-08-12 12:52:00+05:30,24800.2,24805.4,24793.2,24805.4,1125
2025-08-12 12:53:00+05:30,24805.4,24805.4,24801.5,24801.5,225
2025-08-12 12:54:00+05:30,24801.5,24805.0,24800.5,24800.5,225
2025-08-12 12:55:00+05:30,24800.5,24807.8,24800.5,24807.8,150
2025-08-12 12:56:00+05:30,24807.8,24807.8,24791.0,24791.0,600
2025-08-12 12:57:00+05:30,24791.0,24791.1,24790.0,24791.1,450
2025-08-12 12:58:00+05:30,24791.1,24801.8,24791.1,24799.7,225
2025-08-12 12:59:00+05:30,24799.7,24799.9,24793.6,24799.9,225
2025-08-12 13:00:00+05:30,24799.9,24799.9,24783.9,24789.7,450
2025-08-12 13:01:00+05:30,24789.7,24795.9,24789.3,24789.3,150
2025-08-12 13:02:00+05:30,24789.3,24800.0,24789.3,24800.0,150
2025-08-12 13:03:00+05:30,24800.0,24815.9,24800.0,24808.0,825
2025-08-12 13:04:00+05:30,24808.0,24808.0,24801.1,24801.1,150
2025-08-12 13:05:00+05:30,24801.1,24810.0,24801.1,24810.0,75
2025-08-12 13:06:00+05:30,24810.0,24810.0,24801.0,24801.0,750
2025-08-12 13:07:00+05:30,24801.0,24801.0,24790.1,24790.4,1575
2025-08-12 13:08:00+05:30,24790.4,24800.0,24790.4,24800.0,150
2025-08-12 13:09:00+05:30,24800.0,24800.0,24799.2,24799.2,150
2025-08-12 13:10:00+05:30,24799.2,24799.2,24799.2,24799.2,0
2025-08-12 13:11:00+05:30,24799.2,24799.2,24799.0,24799.0,300
2025-08-12 13:12:00+05:30,24799.0,24799.0,24791.4,24791.4,225
2025-08-12 13:13:00+05:30,24791.4,24791.4,24791.4,24791.4,0
2025-08-12 13:14:00+05:30,24791.4,24798.9,24791.4,24798.9,825
2025-08-12 13:15:00+05:30,24798.9,24798.9,24775.0,24775.0,750
2025-08-12 13:16:00+05:30,24775.0,24775.0,24765.0,24765.9,1350
2025-08-12 13:17:00+05:30,24765.9,24772.4,24765.9,24767.0,450
2025-08-12 13:18:00+05:30,24767.0,24771.1,24764.5,24771.1,375
2025-08-12 13:19:00+05:30,24771.1,24773.8,24766.9,24769.6,450
2025-08-12 13:20:00+05:30,24769.6,24769.6,24769.6,24769.6,75
2025-08-12 13:21:00+05:30,24769.6,24769.6,24769.6,24769.6,0
2025-08-12 13:22:00+05:30,24769.6,24778.3,24769.6,24778.3,150
2025-08-12 13:23:00+05:30,24778.3,24778.3,24778.3,24778.3,75
2025-08-12 13:24:00+05:30,24778.3,24778.3,24766.1,24766.1,150
2025-08-12 13:25:00+05:30,24766.1,24766.1,24766.1,24766.1,0
2025-08-12 13:26:00+05:30,24766.1,24766.1,24765.0,24765.0,1425
2025-08-12 13:27:00+05:30,24765.0,24771.3,24754.0,24771.3,2850
2025-08-12 13:28:00+05:30,24771.3,24771.3,24771.2,24771.2,75
2025-08-12 13:29:00+05:30,24771.2,24771.3,24766.7,24771.3,450
2025-08-12 13:30:00+05:30,24771.3,24776.6,24769.0,24776.6,1950
2025-08-12 13:31:00+05:30,24776.6,24776.6,24763.5,24763.5,750
2025-08-12 13:32:00+05:30,24763.5,24767.0,24763.5,24763.5,300
2025-08-12 13:33:00+05:30,24763.5,24763.5,24757.6,24757.6,225
2025-08-12 13:34:00+05:30,24757.6,24757.8,24757.6,24757.8,75
2025-08-12 13:35:00+05:30,24757.8,24764.3,24757.7,24764.3,225
2025-08-12 13:36:00+05:30,24764.3,24764.3,24764.3,24764.3,0
2025-08-12 13:37:00+05:30,24764.3,24764.3,24760.0,24760.0,300
2025-08-12 13:38:00+05:30,24760.0,24761.8,24760.0,24761.8,75
2025-08-12 13:39:00+05:30,24761.8,24770.1,24761.8,24770.1,75
2025-08-12 13:40:00+05:30,24770.1,24770.1,24770.1,24770.1,300
2025-08-12 13:41:00+05:30,24770.1,24770.1,24763.8,24763.8,75
2025-08-12 13:42:00+05:30,24763.8,24763.8,24760.0,24763.4,1050
2025-08-12 13:43:00+05:30,24763.4,24769.2,24763.4,24767.9,150
2025-08-12 13:44:00+05:30,24767.9,24767.9,24765.0,24765.0,75
2025-08-12 13:45:00+05:30,24765.0,24765.0,24761.0,24761.0,150
2025-08-12 13:46:00+05:30,24761.0,24773.4,24761.0,24769.7,825
2025-08-12 13:47:00+05:30,24769.7,24775.0,24769.7,24775.0,75
2025-08-12 13:48:00+05:30,24775.0,24777.4,24763.7,24763.7,525
2025-08-12 13:49:00+05:30,24763.7,24765.0,24763.7,24765.0,75
2025-08-12 13:50:00+05:30,24765.0,24765.0,24765.0,24765.0,0
2025-08-12 13:51:00+05:30,24765.0,24765.0,24765.0,24765.0,0
2025-08-12 13:52:00+05:30,24765.0,24778.3,24765.0,24778.3,150
2025-08-12 13:53:00+05:30,24778.3,24778.3,24778.3,24778.3,0
2025-08-12 13:54:00+05:30,24778.3,24778.3,24778.3,24778.3,0
2025-08-12 13:55:00+05:30,24778.3,24778.3,24778.3,24778.3,0
2025-08-12 13:56:00+05:30,24778.3,24778.3,24776.0,24776.0,75
2025-08-12 13:57:00+05:30,24776.0,24778.3,24776.0,24778.3,225
2025-08-12 13:58:00+05:30,24778.3,24801.0,24778.3,24801.0,375
2025-08-12 13:59:00+05:30,24801.4,24802.9,24799.3,24799.3,525
2025-08-12 14:00:00+05:30,24799.3,24803.0,24786.8,24786.8,675
2025-08-12 14:01:00+05:30,24786.8,24786.8,24775.0,24775.0,225
2025-08-12 14:02:00+05:30,24775.0,24775.2,24769.9,24775.2,300
2025-08-12 14:03:00+05:30,24775.2,24775.2,24766.0,24772.8,1275
2025-08-12 14:04:00+05:30,24772.8,24772.8,24763.2,24763.2,150
2025-08-12 14:05:00+05:30,24763.2,24764.8,24763.2,24764.8,150
2025-08-12 14:06:00+05:30,24764.8,24764.8,24758.0,24759.6,600
2025-08-12 14:07:00+05:30,24759.6,24762.0,24758.8,24762.0,300
2025-08-12 14:08:00+05:30,24762.0,24762.0,24759.1,24759.1,300
2025-08-12 14:09:00+05:30,24759.1,24760.0,24759.0,24759.0,450
2025-08-12 14:10:00+05:30,24759.0,24759.0,24748.0,24750.0,3525
2025-08-12 14:11:00+05:30,24750.0,24752.0,24750.0,24750.0,225
2025-08-12 14:12:00+05:30,24750.0,24750.0,24735.0,24735.0,1800
2025-08-12 14:13:00+05:30,24735.0,24737.7,24732.0,24732.4,525
2025-08-12 14:14:00+05:30,24732.4,24740.0,24732.4,24740.0,1050
2025-08-12 14:15:00+05:30,24740.0,24740.0,24725.0,24725.0,4050
2025-08-12 14:16:00+05:30,24725.0,24730.0,24720.0,24730.0,1650
2025-08-12 14:17:00+05:30,24730.0,24730.0,24728.7,24728.7,975
2025-08-12 14:18:00+05:30,24728.7,24728.7,24721.6,24722.0,300
2025-08-12 14:19:00+05:30,24722.0,24735.8,24722.0,24734.7,675
2025-08-12 14:20:00+05:30,24734.7,24734.7,24728.0,24730.0,225
2025-08-12 14:21:00+05:30,24730.0,24732.9,24729.3,24729.3,525
2025-08-12 14:22:00+05:30,24729.3,24742.9,24729.3,24742.9,450
2025-08-12 14:23:00+05:30,24742.9,24747.2,24742.0,24742.1,1500
2025-08-12 14:24:00+05:30,24742.1,24742.1,24742.1,24742.1,75
2025-08-12 14:25:00+05:30,24742.1,24747.4,24742.0,24747.4,225
2025-08-12 14:26:00+05:30,24747.4,24750.0,24745.7,24745.7,525
2025-08-12 14:27:00+05:30,24745.7,24745.7,24738.1,24738.1,75
2025-08-12 14:28:00+05:30,24738.1,24738.1,24738.1,24738.1,0
2025-08-12 14:29:00+05:30,24738.1,24738.1,24737.1,24737.1,300
2025-08-12 14:30:00+05:30,24737.1,24737.1,24734.0,24734.0,375
2025-08-12 14:31:00+05:30,24734.0,24734.0,24729.0,24729.0,600
2025-08-12 14:32:00+05:30,24729.0,24729.0,24725.0,24725.0,525
2025-08-12 14:33:00+05:30,24725.0,24725.0,24721.0,24723.0,825
2025-08-12 14:34:00+05:30,24723.0,24724.0,24720.0,24720.0,2100
2025-08-12 14:35:00+05:30,24720.0,24723.3,24715.0,24715.0,1500
2025-08-12 14:36:00+05:30,24715.0,24722.5,24715.0,24719.3,450
2025-08-12 14:37:00+05:30,24719.3,24729.0,24719.3,24729.0,525
2025-08-12 14:38:00+05:30,24729.0,24729.0,24729.0,24729.0,225
2025-08-12 14:39:00+05:30,24729.0,24729.0,24726.5,24726.5,825
2025-08-12 14:40:00+05:30,24726.5,24728.0,24723.6,24724.3,300
2025-08-12 14:41:00+05:30,24724.3,24724.3,24710.0,24715.0,2550
2025-08-12 14:42:00+05:30,24715.0,24718.1,24715.0,24717.3,975
2025-08-12 14:43:00+05:30,24717.3,24717.3,24710.0,24713.0,675
2025-08-12 14:44:00+05:30,24713.0,24718.4,24713.0,24714.5,750
2025-08-12 14:45:00+05:30,24714.5,24714.5,24708.0,24708.0,525
2025-08-12 14:46:00+05:30,24708.0,24715.0,24706.7,24711.9,1275
2025-08-12 14:47:00+05:30,24711.9,24716.1,24709.0,24714.4,600
2025-08-12 14:48:00+05:30,24714.4,24718.6,24714.4,24718.6,150
2025-08-12 14:49:00+05:30,24718.6,24718.6,24695.0,24695.0,6975
2025-08-12 14:50:00+05:30,24695.0,24700.0,24690.0,24700.0,2925
2025-08-12 14:51:00+05:30,24700.4,24704.5,24697.1,24697.1,525
2025-08-12 14:52:00+05:30,24697.1,24704.3,24697.1,24700.0,600
2025-08-12 14:53:00+05:30,24700.0,24709.1,24700.0,24708.0,1350
2025-08-12 14:54:00+05:30,24708.0,24708.0,24698.0,24701.4,1725
2025-08-12 14:55:00+05:30,24701.4,24701.4,24700.5,24700.5,450
2025-08-12 14:56:00+05:30,24700.5,24710.0,24700.5,24710.0,1350
2025-08-12 14:57:00+05:30,24710.0,24725.0,24710.0,24723.0,825
2025-08-12 14:58:00+05:30,24723.0,24723.0,24698.1,24701.3,750
2025-08-12 14:59:00+05:30,24701.3,24711.5,24700.2,24700.2,600
2025-08-12 15:00:00+05:30,24700.2,24705.4,24700.0,24700.0,750
2025-08-12 15:01:00+05:30,24700.0,24702.0,24700.0,24700.0,1050
2025-08-12 15:02:00+05:30,24700.0,24700.5,24685.2,24685.2,1950
2025-08-12 15:03:00+05:30,24685.2,24692.4,24681.0,24681.0,2100
2025-08-12 15:04:00+05:30,24681.0,24689.9,24681.0,24686.5,825
2025-08-12 15:05:00+05:30,24684.9,24686.9,24681.0,24683.8,975
2025-08-12 15:06:00+05:30,24683.8,24690.0,24683.8,24690.0,750
2025-08-12 15:07:00+05:30,24690.0,24690.8,24685.0,24689.9,3675
2025-08-12 15:08:00+05:30,24689.9,24690.0,24687.7,24690.0,2175
2025-08-12 15:09:00+05:30,24690.0,24692.0,24690.0,24692.0,1350
2025-08-12 15:10:00+05:30,24692.0,24695.0,24692.0,24694.6,675
2025-08-12 15:11:00+05:30,24694.6,24694.6,24688.2,24694.6,1575
2025-08-12 15:12:00+05:30,24694.6,24698.0,24694.6,24698.0,75
2025-08-12 15:13:00+05:30,24698.0,24698.0,24690.0,24693.1,1050
2025-08-12 15:14:00+05:30,24693.1,24695.0,24691.0,24691.0,225
2025-08-12 15:15:00+05:30,24691.0,24701.0,24691.0,24701.0,1125
2025-08-12 15:16:00+05:30,24701.0,24703.8,24697.0,24697.0,1875
2025-08-12 15:17:00+05:30,24697.0,24699.2,24694.0,24694.0,975
2025-08-12 15:18:00+05:30,24694.0,24695.1,24688.1,24693.0,1050
2025-08-12 15:19:00+05:30,24693.0,24695.4,24689.0,24695.4,225
2025-08-12 15:20:00+05:30,24695.4,24698.8,24695.4,24698.0,1725
2025-08-12 15:21:00+05:30,24698.0,24698.0,24690.1,24695.9,975
2025-08-12 15:22:00+05:30,24695.9,24699.4,24692.0,24699.4,450
2025-08-12 15:23:00+05:30,24699.4,24699.4,24689.1,24689.4,1500
2025-08-12 15:24:00+05:30,24689.4,24696.0,24689.4,24696.0,450
2025-08-12 15:25:00+05:30,24696.0,24697.3,24694.0,24694.0,1200
2025-08-12 15:26:00+05:30,24694.0,24694.0,24688.0,24688.0,1275
2025-08-12 15:27:00+05:30,24688.0,24688.0,24682.0,24688.0,1950
2025-08-12 15:28:00+05:30,24688.0,24688.0,24685.0,24685.0,675
2025-08-12 15:29:00+05:30,24686.0,24689.1,24685.0,24685.0,2025
2025-08-13 09:15:00+05:30,24764.0,24780.2,24757.1,24780.0,6150
2025-08-13 09:16:00+05:30,24780.0,24790.0,24775.1,24790.0,7425
2025-08-13 09:17:00+05:30,24790.0,24794.0,24786.5,24789.0,2700
2025-08-13 09:18:00+05:30,24789.6,24795.0,24774.1,24775.1,3600
2025-08-13 09:19:00+05:30,24775.1,24775.1,24756.2,24765.0,2325
2025-08-13 09:20:00+05:30,24765.0,24772.0,24760.0,24761.1,1425
2025-08-13 09:21:00+05:30,24761.1,24769.3,24757.6,24762.0,1275
2025-08-13 09:22:00+05:30,24762.0,24765.9,24753.4,24753.4,1200
2025-08-13 09:23:00+05:30,24753.4,24762.0,24750.0,24750.0,2175
2025-08-13 09:24:00+05:30,24750.0,24761.9,24750.0,24761.9,1125
2025-08-13 09:25:00+05:30,24761.9,24780.0,24761.9,24766.5,2325
2025-08-13 09:26:00+05:30,24766.5,24767.0,24755.2,24758.0,825
2025-08-13 09:27:00+05:30,24758.0,24760.1,24755.0,24759.2,975
2025-08-13 09:28:00+05:30,24759.2,24759.2,24751.4,24753.0,1725
2025-08-13 09:29:00+05:30,24753.0,24760.8,24753.0,24760.0,1725
2025-08-13 09:30:00+05:30,24760.0,24769.6,24760.0,24766.6,1275
2025-08-13 09:31:00+05:30,24766.6,24774.3,24762.1,24774.3,600
2025-08-13 09:32:00+05:30,24774.3,24774.9,24757.3,24757.3,600
2025-08-13 09:33:00+05:30,24757.3,24764.2,24743.0,24764.2,1425
2025-08-13 09:34:00+05:30,24764.2,24767.0,24763.3,24763.3,225
2025-08-13 09:35:00+05:30,24763.3,24767.6,24763.3,24767.2,825
2025-08-13 09:36:00+05:30,24767.2,24780.0,24764.0,24780.0,1200
2025-08-13 09:37:00+05:30,24780.0,24782.0,24775.0,24781.9,1500
2025-08-13 09:38:00+05:30,24781.9,24782.0,24776.5,24777.5,750
2025-08-13 09:39:00+05:30,24777.5,24784.9,24777.5,24784.9,1500
2025-08-13 09:40:00+05:30,24784.9,24790.4,24784.6,24790.4,8625
2025-08-13 09:41:00+05:30,24790.4,24799.0,24790.4,24796.6,3300
2025-08-13 09:42:00+05:30,24796.6,24796.6,24793.8,24796.0,675
2025-08-13 09:43:00+05:30,24796.0,24798.9,24795.9,24798.9,1350
2025-08-13 09:44:00+05:30,24798.9,24798.9,24782.8,24782.8,600
2025-08-13 09:45:00+05:30,24782.8,24798.0,24782.8,24797.0,1050
2025-08-13 09:46:00+05:30,24797.0,24800.0,24794.8,24795.6,5025
2025-08-13 09:47:00+05:30,24795.6,24801.0,24792.0,24801.0,1500
2025-08-13 09:48:00+05:30,24801.0,24813.0,24794.5,24812.0,3300
2025-08-13 09:49:00+05:30,24812.0,24813.0,24808.9,24808.9,825
2025-08-13 09:50:00+05:30,24808.9,24813.0,24801.9,24813.0,1875
2025-08-13 09:51:00+05:30,24813.0,24813.0,24795.0,24803.4,825
2025-08-13 09:52:00+05:30,24803.4,24813.0,24803.4,24804.9,1200
2025-08-13 09:53:00+05:30,24804.9,24805.0,24798.2,24805.0,825
2025-08-13 09:54:00+05:30,24805.0,24805.0,24802.6,24803.2,450
2025-08-13 09:55:00+05:30,24803.2,24804.0,24802.0,24804.0,225
2025-08-13 09:56:00+05:30,24804.0,24810.0,24804.0,24810.0,375
2025-08-13 09:57:00+05:30,24810.0,24817.9,24808.2,24814.9,3375
2025-08-13 09:58:00+05:30,24814.9,24825.0,24814.9,24823.6,6150
2025-08-13 09:59:00+05:30,24823.6,24823.6,24807.8,24812.9,1950
2025-08-13 10:00:00+05:30,24812.9,24825.9,24812.9,24820.0,6900
2025-08-13 10:01:00+05:30,24820.0,24820.0,24812.9,24812.9,150
2025-08-13 10:02:00+05:30,24812.9,24815.3,24811.8,24812.7,675
2025-08-13 10:03:00+05:30,24812.7,24818.9,24807.8,24818.9,1500
2025-08-13 10:04:00+05:30,24818.9,24826.0,24814.7,24822.5,975
2025-08-13 10:05:00+05:30,24822.5,24822.5,24820.0,24820.0,750
2025-08-13 10:06:00+05:30,24820.0,24820.0,24813.0,24813.0,900
2025-08-13 10:07:00+05:30,24813.0,24814.2,24813.0,24814.2,225
2025-08-13 10:08:00+05:30,24814.2,24814.2,24808.0,24808.0,750
2025-08-13 10:09:00+05:30,24808.0,24814.8,24804.5,24814.8,675
2025-08-13 10:10:00+05:30,24814.8,24814.8,24811.5,24813.8,375
2025-08-13 10:11:00+05:30,24813.8,24813.8,24803.9,24805.4,375
2025-08-13 10:12:00+05:30,24805.4,24811.2,24805.4,24811.2,375
2025-08-13 10:13:00+05:30,24811.2,24811.2,24797.1,24797.8,1950
2025-08-13 10:14:00+05:30,24797.8,24799.0,24797.0,24799.0,450
2025-08-13 10:15:00+05:30,24799.0,24804.9,24798.5,24804.9,225
2025-08-13 10:16:00+05:30,24804.9,24807.0,24800.0,24807.0,900
2025-08-13 10:17:00+05:30,24807.0,24818.8,24807.0,24815.0,450
2025-08-13 10:18:00+05:30,24815.0,24815.0,24807.4,24807.4,225
2025-08-13 10:19:00+05:30,24807.4,24807.4,24790.0,24796.2,900
2025-08-13 10:20:00+05:30,24796.2,24799.7,24790.8,24791.8,450
2025-08-13 10:21:00+05:30,24791.8,24792.3,24788.2,24790.0,450
2025-08-13 10:22:00+05:30,24790.0,24804.9,24790.0,24799.4,900
2025-08-13 10:23:00+05:30,24799.4,24803.9,24799.4,24803.9,225
2025-08-13 10:24:00+05:30,24803.9,24803.9,24798.6,24798.6,150
2025-08-13 10:25:00+05:30,24798.6,24798.6,24798.6,24798.6,75
2025-08-13 10:26:00+05:30,24798.6,24798.6,24798.6,24798.6,0
2025-08-13 10:27:00+05:30,24798.6,24801.2,24795.0,24801.2,150
2025-08-13 10:28:00+05:30,24801.2,24815.3,24801.2,24815.3,450
2025-08-13 10:29:00+05:30,24815.3,24816.9,24810.7,24810.8,600
2025-08-13 10:30:00+05:30,24810.8,24811.7,24810.8,24811.3,300
2025-08-13 10:31:00+05:30,24811.3,24816.3,24810.0,24810.0,1725
2025-08-13 10:32:00+05:30,24810.0,24810.0,24800.7,24805.0,150
2025-08-13 10:33:00+05:30,24805.0,24805.0,24803.1,24803.1,150
2025-08-13 10:34:00+05:30,24803.1,24804.5,24800.0,24800.0,225
2025-08-13 10:35:00+05:30,24800.0,24804.9,24800.0,24803.2,150
2025-08-13 10:36:00+05:30,24803.2,24803.2,24796.8,24802.1,525
2025-08-13 10:37:00+05:30,24802.1,24807.0,24801.0,24801.0,450
2025-08-13 10:38:00+05:30,24801.0,24801.0,24798.9,24798.9,150
2025-08-13 10:39:00+05:30,24798.9,24798.9,24798.9,24798.9,0
2025-08-13 10:40:00+05:30,24798.9,24798.9,24793.6,24795.6,150
2025-08-13 10:41:00+05:30,24795.6,24797.6,24790.5,24790.5,375
2025-08-13 10:42:00+05:30,24790.5,24796.3,24790.0,24796.3,375
2025-08-13 10:43:00+05:30,24796.3,24796.3,24787.0,24787.0,150
2025-08-13 10:44:00+05:30,24787.0,24792.1,24787.0,24792.1,150
2025-08-13 10:45:00+05:30,24792.1,24792.1,24776.6,24778.7,1875
2025-08-13 10:46:00+05:30,24778.7,24779.2,24777.0,24778.2,450
2025-08-13 10:47:00+05:30,24778.2,24778.2,24773.4,24775.0,675
2025-08-13 10:48:00+05:30,24775.0,24786.3,24775.0,24786.3,300
2025-08-13 10:49:00+05:30,24786.3,24786.3,24777.0,24777.0,75
2025-08-13 10:50:00+05:30,24777.0,24793.4,24777.0,24793.3,150
2025-08-13 10:51:00+05:30,24793.3,24793.3,24789.6,24789.6,150
2025-08-13 10:52:00+05:30,24789.6,24800.0,24789.6,24800.0,750
2025-08-13 10:53:00+05:30,24800.0,24804.5,24800.0,24804.5,675
2025-08-13 10:54:00+05:30,24804.5,24804.5,24800.0,24800.0,300
2025-08-13 10:55:00+05:30,24800.0,24804.6,24800.0,24804.6,225
2025-08-13 10:56:00+05:30,24804.6,24805.5,24796.5,24797.6,600
2025-08-13 10:57:00+05:30,24797.6,24797.6,24796.3,24796.3,150
2025-08-13 10:58:00+05:30,24796.3,24801.3,24796.3,24801.3,150
2025-08-13 10:59:00+05:30,24801.3,24810.0,24801.3,24810.0,150
2025-08-13 11:00:00+05:30,24810.0,24812.5,24810.0,24812.4,675
2025-08-13 11:01:00+05:30,24812.4,24813.2,24810.0,24813.2,600
2025-08-13 11:02:00+05:30,24813.2,24818.0,24813.2,24818.0,450
2025-08-13 11:03:00+05:30,24818.0,24818.0,24810.1,24810.1,600
2025-08-13 11:04:00+05:30,24810.1,24811.4,24806.5,24806.5,300
2025-08-13 11:05:00+05:30,24806.5,24813.2,24806.5,24807.6,150
2025-08-13 11:06:00+05:30,24807.6,24810.0,24807.6,24810.0,150
2025-08-13 11:07:00+05:30,24810.0,24810.0,24805.4,24805.4,150
2025-08-13 11:08:00+05:30,24805.4,24808.1,24805.4,24808.1,75
2025-08-13 11:09:00+05:30,24808.1,24810.0,24801.2,24810.0,450
2025-08-13 11:10:00+05:30,24810.0,24810.0,24807.5,24807.5,75
2025-08-13 11:11:00+05:30,24807.5,24807.5,24800.0,24800.0,225
2025-08-13 11:12:00+05:30,24800.0,24800.0,24793.4,24796.6,675
2025-08-13 11:13:00+05:30,24796.6,24810.0,24796.6,24810.0,375
2025-08-13 11:14:00+05:30,24810.0,24810.0,24810.0,24810.0,75
2025-08-13 11:15:00+05:30,24810.0,24810.0,24809.9,24810.0,375
2025-08-13 11:16:00+05:30,24810.0,24813.0,24810.0,24810.1,750
2025-08-13 11:17:00+05:30,24810.1,24810.1,24809.7,24809.7,75
2025-08-13 11:18:00+05:30,24809.7,24813.9,24809.7,24812.0,300
2025-08-13 11:19:00+05:30,24812.0,24814.8,24807.1,24814.8,600
2025-08-13 11:20:00+05:30,24814.8,24814.8,24810.0,24810.1,150
2025-08-13 11:21:00+05:30,24810.1,24810.1,24810.1,24810.1,0
2025-08-13 11:22:00+05:30,24810.1,24810.1,24805.0,24805.0,75
2025-08-13 11:23:00+05:30,24805.0,24805.0,24795.3,24801.7,1350
2025-08-13 11:24:00+05:30,24801.7,24802.3,24799.0,24802.3,225
2025-08-13 11:25:00+05:30,24802.3,24813.1,24799.7,24799.7,6075
2025-08-13 11:26:00+05:30,24799.7,24801.2,24799.7,24801.2,150
2025-08-13 11:27:00+05:30,24801.2,24801.2,24798.1,24798.1,450
2025-08-13 11:28:00+05:30,24798.1,24799.9,24795.8,24799.8,375
2025-08-13 11:29:00+05:30,24799.8,24803.0,24799.8,24803.0,150
2025-08-13 11:30:00+05:30,24803.0,24803.0,24796.3,24796.3,450
2025-08-13 11:31:00+05:30,24796.3,24799.4,24795.7,24799.4,450
2025-08-13 11:32:00+05:30,24799.4,24806.0,24798.0,24799.6,975
2025-08-13 11:33:00+05:30,24799.6,24802.5,24796.5,24796.5,825
2025-08-13 11:34:00+05:30,24796.5,24796.5,24793.6,24795.2,450
2025-08-13 11:35:00+05:30,24795.2,24798.5,24795.2,24796.0,150
2025-08-13 11:36:00+05:30,24796.0,24805.0,24796.0,24805.0,375
2025-08-13 11:37:00+05:30,24805.0,24805.0,24805.0,24805.0,300
2025-08-13 11:38:00+05:30,24805.0,24805.0,24800.0,24800.0,150
2025-08-13 11:39:00+05:30,24800.0,24800.0,24790.0,24790.0,300
2025-08-13 11:40:00+05:30,24790.0,24790.0,24788.1,24788.1,225
2025-08-13 11:41:00+05:30,24788.1,24788.1,24786.4,24788.1,1575
2025-08-13 11:42:00+05:30,24788.1,24788.1,24785.4,24785.4,150
2025-08-13 11:43:00+05:30,24785.4,24785.4,24781.0,24781.0,150
2025-08-13 11:44:00+05:30,24781.0,24781.0,24781.0,24781.0,0
2025-08-13 11:45:00+05:30,24781.0,24785.3,24781.0,24785.3,150
2025-08-13 11:46:00+05:30,24785.3,24785.3,24783.5,24783.9,975
2025-08-13 11:47:00+05:30,24783.9,24790.0,24783.9,24790.0,375
2025-08-13 11:48:00+05:30,24790.0,24790.0,24790.0,24790.0,150
2025-08-13 11:49:00+05:30,24790.0,24790.0,24790.0,24790.0,0
2025-08-13 11:50:00+05:30,24790.0,24790.0,24790.0,24790.0,0
2025-08-13 11:51:00+05:30,24790.0,24790.0,24785.0,24785.0,75
2025-08-13 11:52:00+05:30,24787.7,24787.8,24787.7,24787.8,150
2025-08-13 11:53:00+05:30,24787.8,24790.0,24787.8,24790.0,150
2025-08-13 11:54:00+05:30,24790.0,24790.0,24790.0,24790.0,0
2025-08-13 11:55:00+05:30,24790.0,24791.0,24790.0,24791.0,75
2025-08-13 11:56:00+05:30,24791.0,24791.0,24788.1,24788.1,150
2025-08-13 11:57:00+05:30,24788.1,24788.1,24781.0,24781.0,2400
2025-08-13 11:58:00+05:30,24781.0,24781.0,24774.0,24774.0,1275
2025-08-13 11:59:00+05:30,24774.0,24774.0,24768.0,24771.6,3675
2025-08-13 12:00:00+05:30,24771.6,24773.9,24768.8,24771.0,2700
2025-08-13 12:01:00+05:30,24771.0,24771.0,24763.0,24768.9,600
2025-08-13 12:02:00+05:30,24768.9,24768.9,24764.0,24767.0,975
2025-08-13 12:03:00+05:30,24767.0,24775.6,24767.0,24771.3,525
2025-08-13 12:04:00+05:30,24771.3,24771.3,24767.6,24768.2,600
2025-08-13 12:05:00+05:30,24768.2,24778.0,24768.2,24778.0,300
2025-08-13 12:06:00+05:30,24778.0,24781.0,24776.3,24781.0,300
2025-08-13 12:07:00+05:30,24781.0,24781.0,24778.0,24780.6,1125
2025-08-13 12:08:00+05:30,24780.6,24787.3,24780.6,24787.3,1350
2025-08-13 12:09:00+05:30,24787.3,24787.3,24782.4,24782.4,75
2025-08-13 12:10:00+05:30,24782.4,24784.7,24776.0,24779.1,8475
2025-08-13 12:11:00+05:30,24779.1,24786.8,24779.1,24782.3,4800
2025-08-13 12:12:00+05:30,24782.3,24792.0,24782.3,24787.9,9750
2025-08-13 12:13:00+05:30,24787.9,24787.9,24787.0,24787.0,600
2025-08-13 12:14:00+05:30,24787.0,24789.2,24787.0,24789.2,75
2025-08-13 12:15:00+05:30,24789.2,24795.0,24789.2,24793.6,1425
2025-08-13 12:16:00+05:30,24793.6,24797.0,24792.8,24792.8,675
2025-08-13 12:17:00+05:30,24792.8,24792.8,24787.7,24787.7,225
2025-08-13 12:18:00+05:30,24787.7,24789.5,24787.7,24789.5,150
2025-08-13 12:19:00+05:30,24789.5,24793.6,24789.5,24793.6,75
2025-08-13 12:20:00+05:30,24793.6,24797.9,24790.0,24797.9,375
2025-08-13 12:21:00+05:30,24797.9,24809.9,24797.9,24809.9,2025
2025-08-13 12:22:00+05:30,24809.9,24818.0,24805.1,24808.0,2700
2025-08-13 12:23:00+05:30,24808.0,24809.9,24804.5,24809.9,825
2025-08-13 12:24:00+05:30,24809.9,24809.9,24803.7,24803.7,150
2025-08-13 12:25:00+05:30,24803.7,24809.8,24803.7,24807.8,525
2025-08-13 12:26:00+05:30,24807.8,24807.8,24800.0,24800.0,150
2025-08-13 12:27:00+05:30,24800.0,24803.3,24796.4,24803.3,225
2025-08-13 12:28:00+05:30,24803.3,24806.9,24803.3,24806.9,525
2025-08-13 12:29:00+05:30,24806.9,24811.3,24806.9,24808.1,375
2025-08-13 12:30:00+05:30,24808.1,24813.7,24808.1,24809.4,375
2025-08-13 12:31:00+05:30,24812.0,24815.9,24810.8,24815.9,675
2025-08-13 12:32:00+05:30,24815.9,24825.0,24815.9,24820.8,2925
2025-08-13 12:33:00+05:30,24820.8,24825.0,24819.8,24825.0,2175
2025-08-13 12:34:00+05:30,24826.0,24838.6,24826.0,24830.2,3975
2025-08-13 12:35:00+05:30,24830.2,24830.2,24825.0,24825.0,450
2025-08-13 12:36:00+05:30,24825.0,24825.0,24822.3,24822.3,1650
2025-08-13 12:37:00+05:30,24822.3,24825.0,24822.3,24825.0,450
2025-08-13 12:38:00+05:30,24825.0,24825.0,24822.5,24822.6,150
2025-08-13 12:39:00+05:30,24822.6,24825.6,24821.9,24825.6,1050
2025-08-13 12:40:00+05:30,24825.6,24837.0,24825.6,24837.0,1125
2025-08-13 12:41:00+05:30,24835.6,24841.8,24835.6,24840.9,4275
2025-08-13 12:42:00+05:30,24840.9,24842.0,24840.0,24842.0,2550
2025-08-13 12:43:00+05:30,24842.0,24842.5,24839.4,24839.4,3000
2025-08-13 12:44:00+05:30,24839.4,24848.0,24839.4,24846.1,2400
2025-08-13 12:45:00+05:30,24846.1,24847.9,24842.3,24847.9,825
2025-08-13 12:46:00+05:30,24847.9,24850.0,24847.9,24848.0,1950
2025-08-13 12:47:00+05:30,24848.0,24848.0,24844.9,24847.7,450
2025-08-13 12:48:00+05:30,24847.7,24849.9,24846.0,24849.9,1125
2025-08-13 12:49:00+05:30,24849.9,24850.0,24848.0,24849.0,1050
2025-08-13 12:50:00+05:30,24849.0,24849.9,24846.0,24846.0,825
2025-08-13 12:51:00+05:30,24846.0,24850.0,24846.0,24850.0,1725
2025-08-13 12:52:00+05:30,24850.0,24850.3,24849.8,24849.8,600
2025-08-13 12:53:00+05:30,24849.8,24849.8,24841.0,24843.6,600
2025-08-13 12:54:00+05:30,24843.6,24848.2,24843.0,24843.0,1125
2025-08-13 12:55:00+05:30,24843.0,24843.3,24837.5,24837.5,1425
2025-08-13 12:56:00+05:30,24837.5,24840.0,24836.6,24840.0,675
2025-08-13 12:57:00+05:30,24840.0,24849.8,24840.0,24849.8,975
2025-08-13 12:58:00+05:30,24849.8,24849.8,24849.1,24849.1,75
2025-08-13 12:59:00+05:30,24849.1,24849.1,24846.8,24847.3,225
2025-08-13 13:00:00+05:30,24847.3,24854.0,24847.2,24850.0,2100
2025-08-13 13:01:00+05:30,24850.0,24851.7,24850.0,24850.8,675
2025-08-13 13:02:00+05:30,24850.8,24850.8,24850.0,24850.0,750
2025-08-13 13:03:00+05:30,24850.0,24850.0,24847.0,24848.0,825
2025-08-13 13:04:00+05:30,24848.0,24848.0,24842.0,24842.0,525
2025-08-13 13:05:00+05:30,24842.0,24855.0,24840.4,24855.0,2475
2025-08-13 13:06:00+05:30,24855.0,24856.1,24850.3,24856.1,1350
2025-08-13 13:07:00+05:30,24856.1,24856.1,24851.8,24851.8,3225
2025-08-13 13:08:00+05:30,24851.8,24853.1,24851.8,24853.0,975
2025-08-13 13:09:00+05:30,24853.0,24853.8,24845.9,24846.1,1050
2025-08-13 13:10:00+05:30,24846.1,24853.9,24846.1,24851.0,900
2025-08-13 13:11:00+05:30,24851.0,24851.0,24841.4,24845.2,600
2025-08-13 13:12:00+05:30,24845.2,24845.2,24831.1,24835.0,975
2025-08-13 13:13:00+05:30,24835.0,24835.0,24834.0,24835.0,150
2025-08-13 13:14:00+05:30,24835.0,24838.9,24835.0,24838.9,0
2025-08-13 13:15:00+05:30,24838.9,24842.4,24837.6,24837.6,150
2025-08-13 13:16:00+05:30,24837.6,24848.5,24837.6,24846.6,900
2025-08-13 13:17:00+05:30,24846.6,24848.7,24843.5,24843.5,150
2025-08-13 13:18:00+05:30,24843.5,24846.2,24842.1,24844.3,675
2025-08-13 13:19:00+05:30,24844.3,24844.3,24831.9,24834.6,675
2025-08-13 13:20:00+05:30,24834.6,24834.6,24823.1,24825.1,1650
2025-08-13 13:21:00+05:30,24825.1,24825.1,24820.0,24820.0,750
2025-08-13 13:22:00+05:30,24820.0,24823.4,24820.0,24823.4,75
2025-08-13 13:23:00+05:30,24823.4,24833.4,24823.4,24833.1,300
2025-08-13 13:24:00+05:30,24833.1,24833.1,24831.1,24833.0,150
2025-08-13 13:25:00+05:30,24833.0,24836.2,24833.0,24836.2,300
2025-08-13 13:26:00+05:30,24836.2,24839.0,24836.0,24836.0,150
2025-08-13 13:27:00+05:30,24836.0,24836.0,24832.9,24834.9,150
2025-08-13 13:28:00+05:30,24834.9,24835.0,24828.3,24829.2,825
2025-08-13 13:29:00+05:30,24829.2,24835.0,24829.2,24835.0,900
2025-08-13 13:30:00+05:30,24835.0,24839.0,24835.0,24839.0,900
2025-08-13 13:31:00+05:30,24839.0,24847.8,24839.0,24845.0,675
2025-08-13 13:32:00+05:30,24845.0,24845.0,24823.4,24830.0,1200
2025-08-13 13:33:00+05:30,24830.0,24839.9,24830.0,24839.9,300
2025-08-13 13:34:00+05:30,24839.9,24839.9,24837.4,24839.9,150
2025-08-13 13:35:00+05:30,24839.9,24839.9,24839.9,24839.9,75
2025-08-13 13:36:00+05:30,24839.9,24847.9,24839.9,24845.6,1050
2025-08-13 13:37:00+05:30,24845.6,24849.9,24845.6,24846.0,525
2025-08-13 13:38:00+05:30,24846.0,24850.0,24846.0,24847.6,1050
2025-08-13 13:39:00+05:30,24847.6,24847.6,24847.6,24847.6,450
2025-08-13 13:40:00+05:30,24847.6,24847.6,24847.0,24847.0,225
2025-08-13 13:41:00+05:30,24847.0,24851.0,24847.0,24851.0,300
2025-08-13 13:42:00+05:30,24851.0,24851.0,24835.8,24842.0,825
2025-08-13 13:43:00+05:30,24842.0,24845.5,24842.0,24845.5,75
2025-08-13 13:44:00+05:30,24845.5,24847.9,24845.5,24846.8,375
2025-08-13 13:45:00+05:30,24846.8,24849.0,24846.7,24849.0,375
2025-08-13 13:46:00+05:30,24849.0,24851.0,24848.1,24849.3,525
2025-08-13 13:47:00+05:30,24849.3,24853.9,24849.3,24850.5,525
2025-08-13 13:48:00+05:30,24850.5,24862.0,24850.5,24862.0,1575
2025-08-13 13:49:00+05:30,24862.0,24864.2,24860.1,24864.2,1575
2025-08-13 13:50:00+05:30,24864.2,24869.0,24861.2,24862.5,1575
2025-08-13 13:51:00+05:30,24862.5,24870.4,24862.5,24870.0,2325
2025-08-13 13:52:00+05:30,24870.0,24873.7,24868.2,24873.7,1950
2025-08-13 13:53:00+05:30,24873.7,24873.8,24870.5,24871.3,375
2025-08-13 13:54:00+05:30,24871.3,24871.3,24867.4,24867.4,600
2025-08-13 13:55:00+05:30,24867.4,24867.4,24867.4,24867.4,150
2025-08-13 13:56:00+05:30,24867.4,24867.4,24865.0,24865.6,675
2025-08-13 13:57:00+05:30,24865.6,24868.9,24865.0,24868.9,150
2025-08-13 13:58:00+05:30,24868.9,24871.7,24867.0,24867.0,975
2025-08-13 13:59:00+05:30,24867.0,24867.5,24865.6,24867.5,600
2025-08-13 14:00:00+05:30,24867.5,24870.5,24867.5,24870.5,450
2025-08-13 14:01:00+05:30,24870.5,24871.0,24868.0,24868.8,600
2025-08-13 14:02:00+05:30,24868.8,24868.8,24865.2,24868.6,825
2025-08-13 14:03:00+05:30,24868.6,24868.6,24865.0,24865.0,375
2025-08-13 14:04:00+05:30,24865.0,24878.1,24865.0,24875.3,2475
2025-08-13 14:05:00+05:30,24875.3,24876.2,24871.6,24876.2,900
2025-08-13 14:06:00+05:30,24868.6,24873.3,24868.6,24871.0,675
2025-08-13 14:07:00+05:30,24871.0,24871.0,24870.7,24870.7,150
2025-08-13 14:08:00+05:30,24870.7,24870.7,24868.4,24868.4,300
2025-08-13 14:09:00+05:30,24868.4,24868.4,24868.4,24868.4,75
2025-08-13 14:10:00+05:30,24868.4,24870.0,24868.4,24868.4,300
2025-08-13 14:11:00+05:30,24868.4,24870.0,24868.4,24870.0,75
2025-08-13 14:12:00+05:30,24870.0,24871.0,24864.6,24864.6,2250
2025-08-13 14:13:00+05:30,24864.6,24864.6,24860.1,24860.1,75
2025-08-13 14:14:00+05:30,24860.1,24873.4,24860.1,24867.3,2625
2025-08-13 14:15:00+05:30,24867.3,24874.0,24867.3,24869.3,225
2025-08-13 14:16:00+05:30,24869.3,24870.3,24867.7,24870.3,750
2025-08-13 14:17:00+05:30,24870.3,24871.0,24870.3,24871.0,75
2025-08-13 14:18:00+05:30,24871.0,24871.0,24860.4,24864.2,300
2025-08-13 14:19:00+05:30,24864.2,24864.9,24863.6,24864.9,150
2025-08-13 14:20:00+05:30,24864.9,24865.0,24860.4,24860.4,600
2025-08-13 14:21:00+05:30,24860.4,24860.4,24856.0,24858.6,975
2025-08-13 14:22:00+05:30,24858.6,24858.6,24853.0,24853.0,225
2025-08-13 14:23:00+05:30,24853.0,24854.9,24850.0,24853.0,600
2025-08-13 14:24:00+05:30,24853.0,24853.0,24850.2,24852.0,900
2025-08-13 14:25:00+05:30,24852.0,24856.0,24852.0,24856.0,300
2025-08-13 14:26:00+05:30,24856.0,24859.3,24856.0,24859.3,150
2025-08-13 14:27:00+05:30,24859.3,24860.0,24855.0,24855.0,450
2025-08-13 14:28:00+05:30,24855.0,24855.1,24853.0,24853.0,150
2025-08-13 14:29:00+05:30,24853.0,24855.2,24850.0,24855.0,750
2025-08-13 14:30:00+05:30,24855.0,24860.0,24855.0,24860.0,225
2025-08-13 14:31:00+05:30,24860.0,24864.1,24855.6,24864.1,900
2025-08-13 14:32:00+05:30,24864.1,24866.7,24864.1,24866.3,375
2025-08-13 14:33:00+05:30,24866.3,24867.0,24860.0,24861.1,525
2025-08-13 14:34:00+05:30,24861.1,24866.9,24861.1,24862.0,525
2025-08-13 14:35:00+05:30,24862.0,24862.0,24861.0,24861.0,75
2025-08-13 14:36:00+05:30,24861.0,24861.0,24856.4,24856.4,150
2025-08-13 14:37:00+05:30,24856.4,24856.4,24856.4,24856.4,75
2025-08-13 14:38:00+05:30,24856.4,24864.4,24856.4,24864.4,675
2025-08-13 14:39:00+05:30,24864.4,24864.4,24861.9,24861.9,75
2025-08-13 14:40:00+05:30,24861.9,24861.9,24861.9,24861.9,0
2025-08-13 14:41:00+05:30,24861.9,24862.0,24861.6,24861.6,150
2025-08-13 14:42:00+05:30,24861.6,24862.0,24860.0,24861.9,450
2025-08-13 14:43:00+05:30,24861.9,24861.9,24861.9,24861.9,75
2025-08-13 14:44:00+05:30,24861.9,24864.4,24861.9,24864.4,225
2025-08-13 14:45:00+05:30,24864.4,24867.0,24864.4,24867.0,525
2025-08-13 14:46:00+05:30,24867.0,24871.0,24867.0,24871.0,450
2025-08-13 14:47:00+05:30,24871.0,24874.9,24870.0,24870.0,675
2025-08-13 14:48:00+05:30,24870.0,24870.0,24865.5,24865.5,75
2025-08-13 14:49:00+05:30,24865.5,24865.5,24865.0,24865.5,225
2025-08-13 14:50:00+05:30,24865.5,24865.9,24864.5,24864.5,975
2025-08-13 14:51:00+05:30,24864.5,24870.0,24864.5,24867.4,375
2025-08-13 14:52:00+05:30,24867.4,24867.4,24860.0,24860.0,525
2025-08-13 14:53:00+05:30,24860.0,24871.3,24860.0,24871.3,450
2025-08-13 14:54:00+05:30,24871.3,24871.3,24865.7,24865.7,300
2025-08-13 14:55:00+05:30,24865.7,24871.0,24865.7,24869.7,225
2025-08-13 14:56:00+05:30,24869.7,24871.0,24866.5,24871.0,900
2025-08-13 14:57:00+05:30,24871.0,24874.8,24869.0,24873.8,750
2025-08-13 14:58:00+05:30,24873.8,24873.8,24868.2,24870.0,300
2025-08-13 14:59:00+05:30,24870.0,24870.0,24866.0,24866.0,375
2025-08-13 15:00:00+05:30,24866.0,24866.0,24857.8,24860.5,1950
2025-08-13 15:01:00+05:30,24860.5,24860.5,24850.1,24850.1,300
2025-08-13 15:02:00+05:30,24850.1,24856.7,24850.1,24856.5,450
2025-08-13 15:03:00+05:30,24856.5,24856.7,24854.6,24855.0,375
2025-08-13 15:04:00+05:30,24855.0,24855.0,24850.0,24850.0,2025
2025-08-13 15:05:00+05:30,24850.0,24850.0,24839.4,24839.4,3525
2025-08-13 15:06:00+05:30,24839.4,24849.9,24839.4,24847.6,1800
2025-08-13 15:07:00+05:30,24847.6,24850.0,24841.0,24841.0,1125
2025-08-13 15:08:00+05:30,24841.0,24842.8,24839.5,24841.4,2475
2025-08-13 15:09:00+05:30,24841.0,24847.6,24841.0,24847.6,675
2025-08-13 15:10:00+05:30,24847.6,24847.6,24842.0,24845.0,450
2025-08-13 15:11:00+05:30,24845.0,24849.0,24845.0,24848.0,225
2025-08-13 15:12:00+05:30,24848.0,24848.0,24842.6,24842.6,1350
2025-08-13 15:13:00+05:30,24842.6,24842.6,24838.8,24838.8,375
2025-08-13 15:14:00+05:30,24838.8,24843.9,24838.8,24843.9,750
2025-08-13 15:15:00+05:30,24843.9,24849.4,24841.0,24848.7,1500
2025-08-13 15:16:00+05:30,24848.7,24848.7,24845.0,24845.0,375
2025-08-13 15:17:00+05:30,24845.0,24845.0,24841.5,24842.3,525
2025-08-13 15:18:00+05:30,24842.3,24846.6,24842.3,24844.9,525
2025-08-13 15:19:00+05:30,24844.9,24847.2,24844.9,24847.2,375
2025-08-13 15:20:00+05:30,24847.2,24847.2,24844.0,24844.3,600
2025-08-13 15:21:00+05:30,24844.3,24848.9,24844.3,24845.9,1500
2025-08-13 15:22:00+05:30,24845.9,24848.2,24845.9,24845.9,975
2025-08-13 15:23:00+05:30,24845.9,24848.0,24845.9,24848.0,1050
2025-08-13 15:24:00+05:30,24848.0,24849.7,24848.0,24849.7,1200
2025-08-13 15:25:00+05:30,24849.7,24855.5,24849.0,24855.5,7050
2025-08-13 15:26:00+05:30,24855.5,24855.5,24849.0,24851.1,900
2025-08-13 15:27:00+05:30,24851.1,24851.1,24849.9,24850.0,900
2025-08-13 15:28:00+05:30,24850.0,24851.0,24850.0,24850.0,675
2025-08-13 15:29:00+05:30,24850.0,24860.0,24850.0,24859.9,4275
2025-08-14 09:15:00+05:30,24851.1,24858.0,24830.3,24854.4,5700
2025-08-14 09:16:00+05:30,24850.3,24861.0,24839.5,24854.1,3150
2025-08-14 09:17:00+05:30,24854.1,24859.8,24852.0,24857.6,2325
2025-08-14 09:18:00+05:30,24857.6,24857.6,24852.7,24855.0,825
2025-08-14 09:19:00+05:30,24855.0,24856.2,24843.3,24843.3,1200
2025-08-14 09:20:00+05:30,24843.3,24843.3,24826.0,24830.0,975
2025-08-14 09:21:00+05:30,24830.0,24830.0,24822.5,24826.5,750
2025-08-14 09:22:00+05:30,24826.5,24840.0,24826.5,24840.0,675
2025-08-14 09:23:00+05:30,24840.0,24850.2,24837.0,24837.0,975
2025-08-14 09:24:00+05:30,24837.0,24844.0,24837.0,24844.0,300
2025-08-14 09:25:00+05:30,24844.0,24845.4,24835.5,24842.1,1125
2025-08-14 09:26:00+05:30,24842.1,24842.1,24832.3,24837.4,825
2025-08-14 09:27:00+05:30,24837.4,24838.5,24829.6,24829.6,300
2025-08-14 09:28:00+05:30,24829.6,24840.0,24829.6,24839.1,300
2025-08-14 09:29:00+05:30,24839.1,24841.7,24833.1,24839.3,825
2025-08-14 09:30:00+05:30,24839.3,24847.0,24837.3,24847.0,525
2025-08-14 09:31:00+05:30,24847.0,24847.3,24838.0,24838.0,375
2025-08-14 09:32:00+05:30,24838.0,24840.0,24832.0,24832.0,525
2025-08-14 09:33:00+05:30,24832.0,24832.0,24827.1,24831.8,750
2025-08-14 09:34:00+05:30,24831.8,24831.8,24827.0,24827.0,375
2025-08-14 09:35:00+05:30,24827.0,24827.0,24824.0,24825.0,675
2025-08-14 09:36:00+05:30,24825.0,24830.3,24825.0,24829.4,525
2025-08-14 09:37:00+05:30,24829.4,24832.4,24825.4,24832.4,300
2025-08-14 09:38:00+05:30,24832.4,24832.4,24827.4,24827.4,75
2025-08-14 09:39:00+05:30,24827.4,24850.0,24827.4,24850.0,1875
2025-08-14 09:40:00+05:30,24850.0,24852.8,24844.0,24844.0,750
2025-08-14 09:41:00+05:30,24844.0,24848.0,24844.0,24845.0,150
2025-08-14 09:42:00+05:30,24845.0,24860.9,24845.0,24860.9,975
2025-08-14 09:43:00+05:30,24860.9,24870.5,24860.9,24867.5,1575
2025-08-14 09:44:00+05:30,24867.5,24870.0,24865.8,24865.8,675
2025-08-14 09:45:00+05:30,24865.8,24874.5,24863.3,24874.5,1350
2025-08-14 09:46:00+05:30,24870.6,24879.9,24870.6,24874.5,1275
2025-08-14 09:47:00+05:30,24874.5,24877.2,24871.6,24875.6,675
2025-08-14 09:48:00+05:30,24875.6,24878.9,24874.9,24874.9,2850
2025-08-14 09:49:00+05:30,24874.9,24874.9,24865.0,24867.2,1050
2025-08-14 09:50:00+05:30,24869.9,24869.9,24865.0,24865.0,600
2025-08-14 09:51:00+05:30,24865.0,24865.0,24855.0,24862.4,225
2025-08-14 09:52:00+05:30,24862.4,24865.0,24858.8,24865.0,1050
2025-08-14 09:53:00+05:30,24865.0,24868.0,24861.2,24863.9,600
2025-08-14 09:54:00+05:30,24863.9,24863.9,24860.0,24860.0,75
2025-08-14 09:55:00+05:30,24860.0,24862.8,24860.0,24862.0,300
2025-08-14 09:56:00+05:30,24862.0,24862.0,24862.0,24862.0,150
2025-08-14 09:57:00+05:30,24862.0,24862.0,24857.6,24857.6,75
2025-08-14 09:58:00+05:30,24857.6,24857.6,24851.4,24851.4,225
2025-08-14 09:59:00+05:30,24851.4,24851.4,24840.0,24841.0,1200
2025-08-14 10:00:00+05:30,24841.0,24844.8,24835.0,24843.8,675
2025-08-14 10:01:00+05:30,24843.8,24843.8,24830.4,24833.7,675
2025-08-14 10:02:00+05:30,24833.7,24846.2,24830.6,24846.2,1950
2025-08-14 10:03:00+05:30,24846.2,24846.2,24837.9,24837.9,150
2025-08-14 10:04:00+05:30,24835.5,24835.5,24830.0,24830.1,1125
2025-08-14 10:05:00+05:30,24830.1,24830.1,24827.0,24827.0,750
2025-08-14 10:06:00+05:30,24827.0,24833.0,24827.0,24832.0,1050
2025-08-14 10:07:00+05:30,24832.0,24838.6,24831.3,24838.6,300
2025-08-14 10:08:00+05:30,24838.6,24838.6,24835.0,24835.0,225
2025-08-14 10:09:00+05:30,24835.0,24835.6,24835.0,24835.2,150
2025-08-14 10:10:00+05:30,24835.2,24835.2,24833.9,24835.2,150
2025-08-14 10:11:00+05:30,24835.2,24835.2,24832.0,24833.2,300
2025-08-14 10:12:00+05:30,24833.2,24833.2,24825.0,24833.1,600
2025-08-14 10:13:00+05:30,24833.1,24833.1,24833.1,24833.1,150
2025-08-14 10:14:00+05:30,24833.1,24835.9,24832.3,24832.3,975
2025-08-14 10:15:00+05:30,24832.3,24836.0,24828.0,24828.0,825
2025-08-14 10:16:00+05:30,24828.0,24828.0,24828.0,24828.0,0
2025-08-14 10:17:00+05:30,24828.0,24832.0,24828.0,24832.0,675
2025-08-14 10:18:00+05:30,24832.0,24843.6,24832.0,24840.5,975
2025-08-14 10:19:00+05:30,24840.5,24840.5,24840.5,24840.5,300
2025-08-14 10:20:00+05:30,24840.5,24840.5,24835.1,24835.1,375
2025-08-14 10:21:00+05:30,24835.1,24846.3,24835.1,24845.5,525
2025-08-14 10:22:00+05:30,24845.5,24849.5,24845.0,24849.5,150
2025-08-14 10:23:00+05:30,24849.5,24857.0,24849.5,24852.8,525
2025-08-14 10:24:00+05:30,24852.8,24853.8,24846.2,24853.8,375
2025-08-14 10:25:00+05:30,24853.8,24854.8,24848.7,24854.8,300
2025-08-14 10:26:00+05:30,24854.8,24865.5,24854.8,24865.5,600
2025-08-14 10:27:00+05:30,24865.5,24865.5,24863.9,24865.5,300
2025-08-14 10:28:00+05:30,24865.5,24866.5,24860.0,24860.0,225
2025-08-14 10:29:00+05:30,24860.0,24862.0,24860.0,24862.0,75
2025-08-14 10:30:00+05:30,24862.0,24864.2,24855.0,24857.6,2550
2025-08-14 10:31:00+05:30,24857.6,24860.0,24856.9,24860.0,300
2025-08-14 10:32:00+05:30,24860.0,24866.0,24860.0,24860.2,600
2025-08-14 10:33:00+05:30,24860.2,24864.0,24860.2,24864.0,75
2025-08-14 10:34:00+05:30,24864.0,24867.2,24864.0,24867.2,300
2025-08-14 10:35:00+05:30,24867.2,24867.2,24864.0,24864.0,75
2025-08-14 10:36:00+05:30,24864.0,24864.0,24852.2,24852.9,375
2025-08-14 10:37:00+05:30,24852.9,24852.9,24852.9,24852.9,0
2025-08-14 10:38:00+05:30,24852.9,24852.9,24850.0,24850.0,150
2025-08-14 10:39:00+05:30,24850.0,24850.0,24850.0,24850.0,0
2025-08-14 10:40:00+05:30,24850.0,24852.5,24850.0,24851.0,450
2025-08-14 10:41:00+05:30,24851.0,24852.0,24846.2,24846.2,375
2025-08-14 10:42:00+05:30,24846.2,24854.2,24846.2,24853.5,300
2025-08-14 10:43:00+05:30,24853.5,24857.3,24850.1,24857.3,300
2025-08-14 10:44:00+05:30,24857.3,24857.3,24857.0,24857.0,75
2025-08-14 10:45:00+05:30,24857.0,24857.0,24855.0,24855.0,75
2025-08-14 10:46:00+05:30,24855.0,24855.0,24855.0,24855.0,0
2025-08-14 10:47:00+05:30,24855.0,24855.0,24855.0,24855.0,0
2025-08-14 10:48:00+05:30,24855.0,24855.0,24854.3,24854.3,75
2025-08-14 10:49:00+05:30,24854.3,24854.3,24851.5,24853.7,300
2025-08-14 10:50:00+05:30,24853.7,24853.7,24851.2,24851.2,225
2025-08-14 10:51:00+05:30,24851.2,24851.2,24846.1,24847.2,450
2025-08-14 10:52:00+05:30,24847.2,24848.0,24846.2,24848.0,150
2025-08-14 10:53:00+05:30,24848.0,24848.0,24848.0,24848.0,0
2025-08-14 10:54:00+05:30,24848.0,24848.0,24846.0,24846.0,150
2025-08-14 10:55:00+05:30,24846.0,24846.0,24840.0,24840.0,225
2025-08-14 10:56:00+05:30,24840.0,24840.0,24836.0,24836.0,75
2025-08-14 10:57:00+05:30,24836.0,24847.4,24836.0,24847.0,225
2025-08-14 10:58:00+05:30,24847.0,24847.4,24847.0,24847.4,75
2025-08-14 10:59:00+05:30,24847.4,24849.9,24847.4,24849.9,75
2025-08-14 11:00:00+05:30,24849.9,24849.9,24849.9,24849.9,0
2025-08-14 11:01:00+05:30,24849.9,24859.7,24849.9,24859.7,450
2025-08-14 11:02:00+05:30,24859.7,24859.7,24852.1,24859.7,600
2025-08-14 11:03:00+05:30,24859.7,24859.7,24854.0,24857.6,225
2025-08-14 11:04:00+05:30,24857.6,24859.7,24856.7,24859.7,225
2025-08-14 11:05:00+05:30,24859.7,24859.7,24858.8,24858.8,225
2025-08-14 11:06:00+05:30,24858.8,24858.8,24850.0,24850.0,375
2025-08-14 11:07:00+05:30,24850.0,24854.2,24850.0,24854.2,75
2025-08-14 11:08:00+05:30,24854.2,24854.2,24851.0,24851.0,75
2025-08-14 11:09:00+05:30,24851.0,24851.0,24851.0,24851.0,0
2025-08-14 11:10:00+05:30,24851.0,24852.0,24851.0,24852.0,75
2025-08-14 11:11:00+05:30,24852.0,24852.0,24845.8,24845.8,225
2025-08-14 11:12:00+05:30,24845.8,24849.0,24845.0,24849.0,225
2025-08-14 11:13:00+05:30,24849.0,24849.0,24849.0,24849.0,0
2025-08-14 11:14:00+05:30,24849.0,24849.0,24849.0,24849.0,675
2025-08-14 11:15:00+05:30,24849.0,24849.0,24845.0,24845.0,75
2025-08-14 11:16:00+05:30,24845.0,24850.9,24845.0,24845.0,150
2025-08-14 11:17:00+05:30,24845.0,24845.0,24845.0,24845.0,75
2025-08-14 11:18:00+05:30,24845.0,24849.6,24843.2,24845.9,225
2025-08-14 11:19:00+05:30,24845.9,24849.8,24844.0,24849.8,375
2025-08-14 11:20:00+05:30,24849.8,24849.8,24843.6,24845.0,150
2025-08-14 11:21:00+05:30,24845.0,24850.0,24845.0,24848.7,150
2025-08-14 11:22:00+05:30,24848.7,24848.7,24848.7,24848.7,0
2025-08-14 11:23:00+05:30,24848.7,24848.7,24840.2,24847.2,300
2025-08-14 11:24:00+05:30,24847.2,24847.2,24847.2,24847.2,0
2025-08-14 11:25:00+05:30,24847.2,24847.2,24832.1,24832.1,225
2025-08-14 11:26:00+05:30,24832.1,24832.1,24828.2,24828.2,450
2025-08-14 11:27:00+05:30,24828.2,24836.0,24828.2,24836.0,0
2025-08-14 11:28:00+05:30,24836.0,24842.8,24833.5,24833.5,375
2025-08-14 11:29:00+05:30,24833.5,24837.1,24833.5,24837.1,75
2025-08-14 11:30:00+05:30,24837.1,24837.1,24837.1,24837.1,0
2025-08-14 11:31:00+05:30,24837.1,24837.1,24830.5,24830.5,225
2025-08-14 11:32:00+05:30,24830.5,24835.4,24830.5,24835.4,675
2025-08-14 11:33:00+05:30,24835.4,24835.4,24835.4,24835.4,0
2025-08-14 11:34:00+05:30,24835.4,24835.4,24835.4,24835.4,75
2025-08-14 11:35:00+05:30,24835.4,24835.5,24835.4,24835.5,75
2025-08-14 11:36:00+05:30,24835.5,24836.0,24835.5,24835.5,300
2025-08-14 11:37:00+05:30,24835.5,24835.5,24833.7,24833.7,225
2025-08-14 11:38:00+05:30,24833.7,24833.7,24833.7,24833.7,150
2025-08-14 11:39:00+05:30,24833.7,24844.5,24833.7,24840.0,150
2025-08-14 11:40:00+05:30,24840.0,24840.0,24840.0,24840.0,0
2025-08-14 11:41:00+05:30,24840.0,24840.0,24826.0,24826.0,675
2025-08-14 11:42:00+05:30,24825.0,24827.0,24813.0,24816.3,5775
2025-08-14 11:43:00+05:30,24816.3,24816.3,24805.4,24810.8,1875
2025-08-14 11:44:00+05:30,24810.8,24824.8,24810.8,24823.3,900
2025-08-14 11:45:00+05:30,24823.3,24823.3,24820.4,24820.4,1650
2025-08-14 11:46:00+05:30,24820.4,24820.4,24813.1,24817.1,150
2025-08-14 11:47:00+05:30,24817.1,24819.9,24815.5,24818.7,375
2025-08-14 11:48:00+05:30,24818.7,24818.7,24811.8,24811.8,300
2025-08-14 11:49:00+05:30,24811.8,24811.8,24805.2,24805.2,825
2025-08-14 11:50:00+05:30,24805.2,24815.0,24805.2,24808.8,9525
2025-08-14 11:51:00+05:30,24808.8,24817.8,24808.8,24817.8,225
2025-08-14 11:52:00+05:30,24817.8,24817.8,24815.0,24815.0,450
2025-08-14 11:53:00+05:30,24815.0,24820.0,24815.0,24820.0,225
2025-08-14 11:54:00+05:30,24820.0,24823.0,24820.0,24823.0,150
2025-08-14 11:55:00+05:30,24823.0,24832.9,24823.0,24831.9,1500
2025-08-14 11:56:00+05:30,24831.9,24831.9,24830.2,24830.2,1125
2025-08-14 11:57:00+05:30,24830.2,24830.2,24825.5,24825.5,75
2025-08-14 11:58:00+05:30,24825.5,24829.1,24825.5,24829.1,75
2025-08-14 11:59:00+05:30,24829.1,24829.1,24825.0,24825.0,300
2025-08-14 12:00:00+05:30,24825.0,24830.0,24825.0,24830.0,75
2025-08-14 12:01:00+05:30,24830.0,24835.0,24830.0,24833.4,150
2025-08-14 12:02:00+05:30,24833.4,24833.4,24833.4,24833.4,0
2025-08-14 12:03:00+05:30,24833.4,24833.4,24827.7,24827.7,75
2025-08-14 12:04:00+05:30,24827.7,24827.7,24824.0,24824.0,75
2025-08-14 12:05:00+05:30,24824.0,24824.0,24823.8,24823.8,75
2025-08-14 12:06:00+05:30,24823.8,24831.0,24823.8,24831.0,75
2025-08-14 12:07:00+05:30,24831.0,24831.0,24831.0,24831.0,75
2025-08-14 12:08:00+05:30,24831.0,24834.2,24831.0,24834.2,75
2025-08-14 12:09:00+05:30,24834.2,24834.2,24833.9,24833.9,75
2025-08-14 12:10:00+05:30,24833.9,24833.9,24833.9,24833.9,0
2025-08-14 12:11:00+05:30,24833.9,24833.9,24833.9,24833.9,0
2025-08-14 12:12:00+05:30,24833.9,24833.9,24830.0,24831.0,825
2025-08-14 12:13:00+05:30,24831.0,24831.0,24828.0,24828.0,75
2025-08-14 12:14:00+05:30,24828.0,24828.0,24818.8,24818.8,375
2025-08-14 12:15:00+05:30,24820.9,24820.9,24820.0,24820.0,225
2025-08-14 12:16:00+05:30,24820.0,24825.4,24820.0,24825.4,225
2025-08-14 12:17:00+05:30,24825.4,24825.4,24825.4,24825.4,0
2025-08-14 12:18:00+05:30,24825.4,24825.4,24820.0,24820.0,375
2025-08-14 12:19:00+05:30,24820.0,24830.0,24820.0,24830.0,150
2025-08-14 12:20:00+05:30,24830.0,24830.0,24825.0,24825.0,75
2025-08-14 12:21:00+05:30,24825.0,24830.5,24825.0,24830.5,150
2025-08-14 12:22:00+05:30,24830.5,24830.5,24830.5,24830.5,0
2025-08-14 12:23:00+05:30,24830.5,24830.5,24826.1,24828.0,300
2025-08-14 12:24:00+05:30,24828.0,24833.0,24828.0,24833.0,75
2025-08-14 12:25:00+05:30,24833.0,24834.9,24833.0,24834.9,150
2025-08-14 12:26:00+05:30,24834.9,24836.0,24834.9,24836.0,150
2025-08-14 12:27:00+05:30,24836.0,24845.0,24836.0,24839.1,300
2025-08-14 12:28:00+05:30,24839.1,24841.3,24839.1,24841.3,600
2025-08-14 12:29:00+05:30,24841.3,24841.3,24830.0,24830.1,1275
2025-08-14 12:30:00+05:30,24830.1,24838.9,24830.1,24838.9,225
2025-08-14 12:31:00+05:30,24838.9,24840.1,24838.9,24840.1,150
2025-08-14 12:32:00+05:30,24840.1,24842.0,24840.1,24842.0,75
2025-08-14 12:33:00+05:30,24842.0,24844.3,24842.0,24842.0,225
2025-08-14 12:34:00+05:30,24842.0,24842.0,24842.0,24842.0,150
2025-08-14 12:35:00+05:30,24842.0,24844.1,24842.0,24843.5,225
2025-08-14 12:36:00+05:30,24843.5,24843.6,24843.5,24843.6,150
2025-08-14 12:37:00+05:30,24843.6,24843.6,24833.3,24833.6,150
2025-08-14 12:38:00+05:30,24833.6,24833.6,24833.6,24833.6,0
2025-08-14 12:39:00+05:30,24833.6,24840.0,24833.6,24840.0,150
2025-08-14 12:40:00+05:30,24840.0,24840.0,24838.2,24838.2,75
2025-08-14 12:41:00+05:30,24838.2,24843.6,24838.2,24843.6,75
2025-08-14 12:42:00+05:30,24843.6,24843.6,24835.0,24835.0,75
2025-08-14 12:43:00+05:30,24835.0,24835.0,24833.0,24833.0,75
2025-08-14 12:44:00+05:30,24833.0,24833.0,24833.0,24833.0,0
2025-08-14 12:45:00+05:30,24833.0,24833.0,24833.0,24833.0,0
2025-08-14 12:46:00+05:30,24833.0,24833.0,24827.4,24827.4,300
2025-08-14 12:47:00+05:30,24827.4,24827.4,24827.4,24827.4,0
2025-08-14 12:48:00+05:30,24827.4,24827.4,24827.0,24827.0,75
2025-08-14 12:49:00+05:30,24827.0,24827.0,24827.0,24827.0,0
2025-08-14 12:50:00+05:30,24827.0,24843.6,24827.0,24843.6,300
2025-08-14 12:51:00+05:30,24843.6,24843.6,24843.6,24843.6,0
2025-08-14 12:52:00+05:30,24843.6,24844.4,24837.3,24837.3,375
2025-08-14 12:53:00+05:30,24837.3,24845.0,24837.3,24845.0,450
2025-08-14 12:54:00+05:30,24845.0,24845.0,24842.1,24843.1,375
2025-08-14 12:55:00+05:30,24843.1,24849.0,24843.1,24849.0,750
2025-08-14 12:56:00+05:30,24849.0,24857.5,24849.0,24850.0,675
2025-08-14 12:57:00+05:30,24850.0,24850.0,24850.0,24850.0,75
2025-08-14 12:58:00+05:30,24850.0,24853.0,24850.0,24852.0,225
2025-08-14 12:59:00+05:30,24852.0,24860.0,24852.0,24859.0,375
2025-08-14 13:00:00+05:30,24859.0,24860.0,24859.0,24860.0,75
2025-08-14 13:01:00+05:30,24860.0,24860.0,24856.0,24857.1,150
2025-08-14 13:02:00+05:30,24857.1,24857.1,24855.4,24855.4,75
2025-08-14 13:03:00+05:30,24855.4,24855.4,24850.9,24850.9,375
2025-08-14 13:04:00+05:30,24850.9,24852.0,24850.9,24852.0,450
2025-08-14 13:05:00+05:30,24852.0,24855.0,24851.8,24855.0,225
2025-08-14 13:06:00+05:30,24855.0,24860.0,24855.0,24860.0,225
2025-08-14 13:07:00+05:30,24860.0,24860.0,24852.3,24852.3,75
2025-08-14 13:08:00+05:30,24852.3,24852.3,24852.3,24852.3,0
2025-08-14 13:09:00+05:30,24852.3,24852.3,24852.3,24852.3,0
2025-08-14 13:10:00+05:30,24852.3,24852.3,24852.3,24852.3,75
2025-08-14 13:11:00+05:30,24852.3,24857.2,24852.3,24857.2,300
2025-08-14 13:12:00+05:30,24857.2,24857.2,24857.2,24857.2,0
2025-08-14 13:13:00+05:30,24857.2,24857.2,24847.7,24854.5,975
2025-08-14 13:14:00+05:30,24854.5,24854.5,24847.1,24847.1,75
2025-08-14 13:15:00+05:30,24847.1,24847.1,24847.1,24847.1,0
2025-08-14 13:16:00+05:30,24847.1,24856.5,24847.1,24856.5,150
2025-08-14 13:17:00+05:30,24856.5,24856.5,24852.0,24852.0,150
2025-08-14 13:18:00+05:30,24852.0,24853.0,24852.0,24853.0,75
2025-08-14 13:19:00+05:30,24853.0,24853.0,24853.0,24853.0,0
2025-08-14 13:20:00+05:30,24853.0,24853.0,24853.0,24853.0,0
2025-08-14 13:21:00+05:30,24853.0,24853.0,24843.8,24843.8,375
2025-08-14 13:22:00+05:30,24843.8,24843.8,24837.0,24840.1,375
2025-08-14 13:23:00+05:30,24840.1,24840.1,24835.0,24839.8,525
2025-08-14 13:24:00+05:30,24839.8,24839.8,24839.8,24839.8,0
2025-08-14 13:25:00+05:30,24839.8,24839.8,24836.2,24836.2,450
2025-08-14 13:26:00+05:30,24836.2,24840.0,24836.0,24837.0,675
2025-08-14 13:27:00+05:30,24837.0,24837.0,24835.0,24835.0,150
2025-08-14 13:28:00+05:30,24835.0,24836.0,24835.0,24836.0,75
2025-08-14 13:29:00+05:30,24836.0,24836.0,24830.0,24830.0,300
2025-08-14 13:30:00+05:30,24830.0,24830.0,24829.3,24829.3,300
2025-08-14 13:31:00+05:30,24829.3,24830.0,24829.3,24830.0,150
2025-08-14 13:32:00+05:30,24830.0,24834.0,24829.9,24834.0,150
2025-08-14 13:33:00+05:30,24834.0,24834.0,24825.0,24826.8,225
2025-08-14 13:34:00+05:30,24826.8,24832.2,24826.8,24832.2,150
2025-08-14 13:35:00+05:30,24832.2,24832.2,24832.2,24832.2,0
2025-08-14 13:36:00+05:30,24832.2,24832.2,24832.2,24832.2,0
2025-08-14 13:37:00+05:30,24832.2,24838.2,24832.2,24838.2,225
2025-08-14 13:38:00+05:30,24838.2,24838.2,24838.2,24838.2,0
2025-08-14 13:39:00+05:30,24838.2,24840.0,24838.2,24838.9,75
2025-08-14 13:40:00+05:30,24838.9,24844.0,24838.9,24844.0,600
2025-08-14 13:41:00+05:30,24844.0,24844.0,24844.0,24844.0,0
2025-08-14 13:42:00+05:30,24844.0,24844.0,24840.0,24840.0,75
2025-08-14 13:43:00+05:30,24840.0,24840.0,24840.0,24840.0,0
2025-08-14 13:44:00+05:30,24840.0,24840.0,24840.0,24840.0,0
2025-08-14 13:45:00+05:30,24840.0,24844.0,24840.0,24844.0,75
2025-08-14 13:46:00+05:30,24844.0,24847.1,24840.1,24840.1,150
2025-08-14 13:47:00+05:30,24840.1,24845.6,24840.1,24844.8,225
2025-08-14 13:48:00+05:30,24844.8,24844.8,24840.0,24842.0,300
2025-08-14 13:49:00+05:30,24842.0,24843.0,24840.0,24840.0,750
2025-08-14 13:50:00+05:30,24840.0,24849.9,24840.0,24849.9,900
2025-08-14 13:51:00+05:30,24849.9,24849.9,24849.9,24849.9,0
2025-08-14 13:52:00+05:30,24849.9,24849.9,24840.0,24848.9,225
2025-08-14 13:53:00+05:30,24848.9,24850.0,24848.9,24850.0,75
2025-08-14 13:54:00+05:30,24850.0,24850.0,24846.4,24846.4,150
2025-08-14 13:55:00+05:30,24846.4,24846.4,24846.4,24846.4,0
2025-08-14 13:56:00+05:30,24846.4,24846.4,24844.0,24844.0,75
2025-08-14 13:57:00+05:30,24844.0,24844.0,24843.0,24843.0,75
2025-08-14 13:58:00+05:30,24843.0,24843.0,24838.2,24838.2,75
2025-08-14 13:59:00+05:30,24838.2,24838.2,24838.2,24838.2,0
2025-08-14 14:00:00+05:30,24838.2,24843.8,24837.5,24843.8,225
2025-08-14 14:01:00+05:30,24843.8,24843.9,24840.0,24840.0,225
2025-08-14 14:02:00+05:30,24840.0,24842.4,24840.0,24842.4,300
2025-08-14 14:03:00+05:30,24842.4,24842.4,24830.5,24831.9,600
2025-08-14 14:04:00+05:30,24831.9,24835.0,24831.0,24831.0,225
2025-08-14 14:05:00+05:30,24831.0,24831.0,24823.6,24823.6,300
2025-08-14 14:06:00+05:30,24823.6,24823.6,24823.6,24823.6,0
2025-08-14 14:07:00+05:30,24823.6,24828.0,24823.6,24826.2,300
2025-08-14 14:08:00+05:30,24826.2,24833.0,24826.2,24833.0,225
2025-08-14 14:09:00+05:30,24833.0,24833.0,24833.0,24833.0,0
2025-08-14 14:10:00+05:30,24833.0,24838.0,24833.0,24838.0,75
2025-08-14 14:11:00+05:30,24839.0,24841.9,24839.0,24841.5,600
2025-08-14 14:12:00+05:30,24841.5,24841.5,24831.7,24831.7,75
2025-08-14 14:13:00+05:30,24831.7,24831.7,24831.7,24831.7,0
2025-08-14 14:14:00+05:30,24831.7,24832.8,24831.7,24832.8,0
2025-08-14 14:15:00+05:30,24832.8,24833.8,24828.5,24833.8,300
2025-08-14 14:16:00+05:30,24833.8,24833.8,24828.3,24829.0,150
2025-08-14 14:17:00+05:30,24829.0,24829.0,24815.0,24815.0,750
2025-08-14 14:18:00+05:30,24815.0,24815.0,24809.9,24815.0,1200
2025-08-14 14:19:00+05:30,24815.0,24821.2,24815.0,24821.2,75
2025-08-14 14:20:00+05:30,24821.2,24821.2,24816.6,24816.6,225
2025-08-14 14:21:00+05:30,24816.6,24821.2,24815.2,24815.2,225
2025-08-14 14:22:00+05:30,24815.2,24820.5,24815.2,24820.5,225
2025-08-14 14:23:00+05:30,24820.5,24820.5,24812.3,24812.3,525
2025-08-14 14:24:00+05:30,24812.3,24818.5,24812.0,24812.0,225
2025-08-14 14:25:00+05:30,24812.0,24812.0,24810.1,24812.0,300
2025-08-14 14:26:00+05:30,24812.0,24812.0,24810.7,24810.7,375
2025-08-14 14:27:00+05:30,24810.7,24815.4,24810.7,24811.1,150
2025-08-14 14:28:00+05:30,24811.1,24819.9,24811.1,24819.9,75
2025-08-14 14:29:00+05:30,24819.9,24819.9,24818.0,24818.0,75
2025-08-14 14:30:00+05:30,24818.0,24818.0,24808.7,24808.7,4350
2025-08-14 14:31:00+05:30,24808.7,24808.7,24800.0,24807.4,4425
2025-08-14 14:32:00+05:30,24807.4,24815.4,24807.0,24814.0,1500
2025-08-14 14:33:00+05:30,24814.0,24824.2,24813.0,24824.2,1050
2025-08-14 14:34:00+05:30,24824.2,24824.2,24816.0,24816.0,600
2025-08-14 14:35:00+05:30,24816.0,24827.0,24816.0,24827.0,225
2025-08-14 14:36:00+05:30,24827.0,24832.8,24827.0,24832.8,300
2025-08-14 14:37:00+05:30,24832.8,24834.7,24830.0,24832.0,1425
2025-08-14 14:38:00+05:30,24832.0,24832.0,24827.0,24827.0,525
2025-08-14 14:39:00+05:30,24827.0,24830.7,24825.8,24830.7,150
2025-08-14 14:40:00+05:30,24830.7,24830.7,24820.7,24830.0,300
2025-08-14 14:41:00+05:30,24830.0,24830.0,24825.0,24825.8,150
2025-08-14 14:42:00+05:30,24825.8,24830.0,24825.8,24830.0,150
2025-08-14 14:43:00+05:30,24830.0,24830.0,24823.7,24823.7,150
2025-08-14 14:44:00+05:30,24823.7,24829.2,24823.7,24829.2,75
2025-08-14 14:45:00+05:30,24829.2,24829.2,24825.2,24825.2,150
2025-08-14 14:46:00+05:30,24825.2,24839.0,24825.2,24839.0,900
2025-08-14 14:47:00+05:30,24839.0,24839.0,24835.0,24835.0,450
2025-08-14 14:48:00+05:30,24835.0,24835.0,24831.4,24831.4,225
2025-08-14 14:49:00+05:30,24831.4,24831.4,24831.2,24831.2,150
2025-08-14 14:50:00+05:30,24831.2,24835.0,24831.0,24835.0,525
2025-08-14 14:51:00+05:30,24835.0,24839.9,24834.0,24834.0,600
2025-08-14 14:52:00+05:30,24834.0,24835.9,24834.0,24835.9,225
2025-08-14 14:53:00+05:30,24835.9,24841.0,24835.6,24841.0,150
2025-08-14 14:54:00+05:30,24841.0,24841.0,24833.8,24834.7,900
2025-08-14 14:55:00+05:30,24834.7,24841.0,24834.7,24841.0,600
2025-08-14 14:56:00+05:30,24841.0,24841.0,24832.3,24832.3,375
2025-08-14 14:57:00+05:30,24832.3,24833.5,24832.3,24833.5,225
2025-08-14 14:58:00+05:30,24833.5,24837.9,24833.5,24837.9,150
2025-08-14 14:59:00+05:30,24837.9,24839.9,24837.9,24839.1,675
2025-08-14 15:00:00+05:30,24839.1,24839.1,24837.4,24837.4,225
2025-08-14 15:01:00+05:30,24837.4,24837.4,24825.0,24825.0,600
2025-08-14 15:02:00+05:30,24825.0,24830.0,24822.9,24830.0,675
2025-08-14 15:03:00+05:30,24830.0,24832.4,24821.0,24821.0,1200
2025-08-14 15:04:00+05:30,24821.0,24830.2,24821.0,24830.2,525
2025-08-14 15:05:00+05:30,24830.2,24832.2,24823.0,24827.4,600
2025-08-14 15:06:00+05:30,24827.4,24830.0,24827.4,24830.0,375
2025-08-14 15:07:00+05:30,24830.0,24830.0,24827.6,24829.8,750
2025-08-14 15:08:00+05:30,24829.8,24829.8,24822.5,24822.5,225
2025-08-14 15:09:00+05:30,24822.5,24829.9,24822.5,24829.9,150
2025-08-14 15:10:00+05:30,24829.9,24829.9,24829.9,24829.9,150
2025-08-14 15:11:00+05:30,24829.9,24829.9,24829.9,24829.9,375
2025-08-14 15:12:00+05:30,24829.9,24829.9,24827.1,24827.1,525
2025-08-14 15:13:00+05:30,24824.3,24824.3,24824.3,24824.3,450
2025-08-14 15:14:00+05:30,24824.3,24827.3,24824.3,24827.3,375
2025-08-14 15:15:00+05:30,24827.3,24827.3,24821.3,24823.4,525
2025-08-14 15:16:00+05:30,24823.4,24823.4,24820.0,24821.0,375
2025-08-14 15:17:00+05:30,24821.0,24821.0,24817.0,24819.0,600
2025-08-14 15:18:00+05:30,24819.0,24826.6,24819.0,24826.5,1500
2025-08-14 15:19:00+05:30,24826.5,24829.8,24822.0,24829.6,1200
2025-08-14 15:20:00+05:30,24829.6,24829.6,24825.0,24825.0,450
2025-08-14 15:21:00+05:30,24825.0,24826.0,24823.0,24823.2,675
2025-08-14 15:22:00+05:30,24823.2,24824.2,24819.8,24819.8,3600
2025-08-14 15:23:00+05:30,24819.8,24821.8,24819.0,24821.8,600
2025-08-14 15:24:00+05:30,24821.8,24821.8,24818.4,24819.0,750
2025-08-14 15:25:00+05:30,24819.0,24820.0,24819.0,24819.0,675
2025-08-14 15:26:00+05:30,24819.0,24821.3,24818.0,24821.3,825
2025-08-14 15:27:00+05:30,24818.0,24821.2,24817.6,24820.0,1725
2025-08-14 15:28:00+05:30,24820.0,24821.0,24816.0,24816.0,2775
2025-08-14 15:29:00+05:30,24816.0,24822.6,24814.0,24819.4,4500
2025-08-18 09:15:00+05:30,25051.0,25122.9,25045.0,25105.0,49500
2025-08-18 09:16:00+05:30,25106.8,25125.0,25106.8,25115.9,19425
2025-08-18 09:17:00+05:30,25115.9,25123.0,25113.3,25115.8,10800
2025-08-18 09:18:00+05:30,25115.8,25138.9,25115.8,25135.8,15225
2025-08-18 09:19:00+05:30,25135.8,25141.0,25130.8,25132.8,7800
2025-08-18 09:20:00+05:30,25132.8,25149.7,25132.8,25145.0,17775
2025-08-18 09:21:00+05:30,25145.0,25148.9,25136.3,25136.9,7200
2025-08-18 09:22:00+05:30,25136.9,25143.9,25133.2,25135.6,6900
2025-08-18 09:23:00+05:30,25135.6,25140.0,25133.0,25137.0,5775
2025-08-18 09:24:00+05:30,25137.0,25140.0,25134.1,25138.3,12000
2025-08-18 09:25:00+05:30,25138.3,25142.0,25130.7,25140.0,7200
2025-08-18 09:26:00+05:30,25142.1,25145.0,25130.0,25134.4,4500
2025-08-18 09:27:00+05:30,25134.4,25154.2,25134.4,25150.0,13350
2025-08-18 09:28:00+05:30,25150.0,25155.0,25150.0,25154.0,3975
2025-08-18 09:29:00+05:30,25154.0,25162.0,25154.0,25160.0,21825
2025-08-18 09:30:00+05:30,25160.0,25173.0,25160.0,25170.2,7500
2025-08-18 09:31:00+05:30,25170.2,25179.4,25170.2,25179.4,6825
2025-08-18 09:32:00+05:30,25179.4,25180.0,25170.0,25175.6,9900
2025-08-18 09:33:00+05:30,25175.6,25180.0,25174.9,25178.9,5325
2025-08-18 09:34:00+05:30,25179.5,25179.8,25175.8,25178.0,1875
2025-08-18 09:35:00+05:30,25177.0,25179.0,25174.9,25179.0,3900
2025-08-18 09:36:00+05:30,25179.0,25182.0,25175.5,25178.3,4050
2025-08-18 09:37:00+05:30,25178.3,25184.3,25176.9,25179.1,3750
2025-08-18 09:38:00+05:30,25179.1,25180.0,25171.1,25171.1,2700
2025-08-18 09:39:00+05:30,25171.1,25183.3,25170.6,25182.8,5625
2025-08-18 09:40:00+05:30,25182.8,25183.0,25174.0,25175.6,2775
2025-08-18 09:41:00+05:30,25175.6,25188.0,25175.5,25186.3,6000
2025-08-18 09:42:00+05:30,25186.3,25189.8,25176.2,25187.0,8250
2025-08-18 09:43:00+05:30,25187.0,25189.0,25180.3,25187.7,2250
2025-08-18 09:44:00+05:30,25187.7,25196.0,25185.0,25196.0,8700
2025-08-18 09:45:00+05:30,25196.0,25198.2,25190.0,25198.2,3450
2025-08-18 09:46:00+05:30,25198.2,25205.7,25195.5,25198.0,28950
2025-08-18 09:47:00+05:30,25198.0,25205.6,25198.0,25205.0,7125
2025-08-18 09:48:00+05:30,25205.0,25206.2,25200.0,25200.0,1425
2025-08-18 09:49:00+05:30,25200.0,25209.0,25197.3,25208.4,2625
2025-08-18 09:50:00+05:30,25208.4,25215.7,25205.0,25208.4,7650
2025-08-18 09:51:00+05:30,25208.4,25213.6,25200.9,25200.9,9900
2025-08-18 09:52:00+05:30,25200.9,25208.4,25194.0,25194.0,3900
2025-08-18 09:53:00+05:30,25194.0,25198.7,25186.0,25191.0,11700
2025-08-18 09:54:00+05:30,25191.0,25191.6,25179.6,25181.8,7050
2025-08-18 09:55:00+05:30,25181.8,25187.9,25180.0,25182.5,2100
2025-08-18 09:56:00+05:30,25182.5,25189.3,25182.5,25185.9,4875
2025-08-18 09:57:00+05:30,25185.9,25191.9,25185.0,25185.7,4050
2025-08-18 09:58:00+05:30,25185.7,25190.0,25185.0,25190.0,1650
2025-08-18 09:59:00+05:30,25190.0,25197.9,25186.5,25187.8,12900
2025-08-18 10:00:00+05:30,25187.8,25200.0,25187.8,25199.9,2625
2025-08-18 10:01:00+05:30,25199.9,25199.9,25192.4,25192.4,1575
2025-08-18 10:02:00+05:30,25192.4,25198.1,25192.4,25195.6,1500
2025-08-18 10:03:00+05:30,25195.6,25195.6,25189.8,25192.0,900
2025-08-18 10:04:00+05:30,25192.0,25196.5,25185.0,25185.1,1275
2025-08-18 10:05:00+05:30,25185.1,25194.9,25185.0,25192.8,1875
2025-08-18 10:06:00+05:30,25192.8,25192.8,25184.0,25185.0,2550
2025-08-18 10:07:00+05:30,25185.0,25188.1,25180.0,25181.9,1575
2025-08-18 10:08:00+05:30,25181.9,25181.9,25175.0,25181.0,2025
2025-08-18 10:09:00+05:30,25181.0,25188.8,25179.1,25185.1,1500
2025-08-18 10:10:00+05:30,25185.1,25185.1,25175.8,25178.0,1800
2025-08-18 10:11:00+05:30,25178.0,25180.0,25175.8,25180.0,975
2025-08-18 10:12:00+05:30,25180.0,25183.0,25175.0,25179.9,975
2025-08-18 10:13:00+05:30,25179.9,25183.1,25174.1,25183.1,2100
2025-08-18 10:14:00+05:30,25183.1,25188.8,25179.8,25183.5,2400
2025-08-18 10:15:00+05:30,25183.5,25185.0,25178.6,25180.9,1275
2025-08-18 10:16:00+05:30,25180.9,25182.2,25170.5,25170.5,1500
2025-08-18 10:17:00+05:30,25170.5,25182.0,25170.0,25182.0,2175
2025-08-18 10:18:00+05:30,25182.0,25183.8,25179.8,25180.0,1950
2025-08-18 10:19:00+05:30,25180.0,25189.9,25180.0,25183.4,750
2025-08-18 10:20:00+05:30,25183.4,25194.4,25183.4,25194.4,975
2025-08-18 10:21:00+05:30,25194.4,25195.0,25180.0,25187.8,1200
2025-08-18 10:22:00+05:30,25187.8,25187.8,25178.5,25178.6,900
2025-08-18 10:23:00+05:30,25178.6,25179.6,25172.6,25179.6,675
2025-08-18 10:24:00+05:30,25179.6,25183.6,25175.1,25181.5,1650
2025-08-18 10:25:00+05:30,25181.5,25181.5,25174.2,25176.6,600
2025-08-18 10:26:00+05:30,25176.6,25176.6,25171.0,25171.0,900
2025-08-18 10:27:00+05:30,25171.0,25172.9,25168.0,25171.0,1275
2025-08-18 10:28:00+05:30,25171.0,25171.0,25165.0,25170.0,1425
2025-08-18 10:29:00+05:30,25170.0,25170.0,25164.7,25165.2,1050
2025-08-18 10:30:00+05:30,25165.2,25180.0,25165.2,25180.0,1425
2025-08-18 10:31:00+05:30,25180.0,25180.0,25175.2,25179.9,525
2025-08-18 10:32:00+05:30,25179.9,25179.9,25171.1,25178.0,900
2025-08-18 10:33:00+05:30,25178.0,25178.0,25166.0,25168.6,600
2025-08-18 10:34:00+05:30,25168.6,25168.6,25162.7,25164.2,1875
2025-08-18 10:35:00+05:30,25164.2,25170.0,25164.2,25168.3,2175
2025-08-18 10:36:00+05:30,25168.3,25178.5,25168.3,25176.0,3375
2025-08-18 10:37:00+05:30,25176.0,25178.2,25176.0,25177.8,600
2025-08-18 10:38:00+05:30,25177.8,25177.8,25168.4,25170.0,525
2025-08-18 10:39:00+05:30,25170.0,25179.9,25170.0,25179.9,3450
2025-08-18 10:40:00+05:30,25179.9,25185.0,25175.0,25185.0,1875
2025-08-18 10:41:00+05:30,25185.0,25191.2,25185.0,25185.0,2625
2025-08-18 10:42:00+05:30,25185.0,25190.5,25181.6,25188.7,1500
2025-08-18 10:43:00+05:30,25188.7,25188.7,25175.0,25177.2,1125
2025-08-18 10:44:00+05:30,25177.2,25177.2,25173.0,25173.0,150
2025-08-18 10:45:00+05:30,25173.0,25173.0,25173.0,25173.0,0
2025-08-18 10:46:00+05:30,25173.0,25176.4,25173.0,25175.0,375
2025-08-18 10:47:00+05:30,25175.0,25175.3,25170.0,25175.1,8925
2025-08-18 10:48:00+05:30,25168.3,25174.5,25168.3,25174.0,4275
2025-08-18 10:49:00+05:30,25174.0,25174.0,25169.3,25169.9,375
2025-08-18 10:50:00+05:30,25169.9,25169.9,25162.2,25162.2,1425
2025-08-18 10:51:00+05:30,25162.2,25162.2,25160.0,25160.0,1350
2025-08-18 10:52:00+05:30,25160.0,25160.0,25155.3,25158.5,675
2025-08-18 10:53:00+05:30,25158.5,25160.0,25155.3,25155.9,4125
2025-08-18 10:54:00+05:30,25158.1,25160.0,25155.0,25155.0,3750
2025-08-18 10:55:00+05:30,25155.0,25157.8,25152.0,25155.0,2925
2025-08-18 10:56:00+05:30,25155.0,25161.5,25153.7,25157.0,1950
2025-08-18 10:57:00+05:30,25157.0,25157.7,25153.9,25154.0,825
2025-08-18 10:58:00+05:30,25154.0,25157.9,25153.0,25157.9,750
2025-08-18 10:59:00+05:30,25157.9,25166.2,25156.5,25156.5,2625
2025-08-18 11:00:00+05:30,25156.5,25160.9,25156.5,25160.9,3225
2025-08-18 11:01:00+05:30,25160.9,25166.8,25156.6,25157.1,3525
2025-08-18 11:02:00+05:30,25157.1,25160.0,25154.6,25155.0,3750
2025-08-18 11:03:00+05:30,25155.0,25155.0,25148.0,25148.0,2325
2025-08-18 11:04:00+05:30,25148.0,25155.0,25145.5,25145.9,3900
2025-08-18 11:05:00+05:30,25145.9,25148.4,25143.3,25144.0,975
2025-08-18 11:06:00+05:30,25144.0,25148.6,25142.3,25142.9,450
2025-08-18 11:07:00+05:30,25142.0,25157.3,25142.0,25155.7,1350
2025-08-18 11:08:00+05:30,25155.7,25156.4,25148.9,25152.5,750
2025-08-18 11:09:00+05:30,25152.5,25156.5,25152.5,25155.7,675
2025-08-18 11:10:00+05:30,25155.7,25164.4,25153.2,25160.8,1650
2025-08-18 11:11:00+05:30,25160.8,25160.8,25155.7,25159.5,825
2025-08-18 11:12:00+05:30,25159.5,25160.4,25156.0,25156.0,750
2025-08-18 11:13:00+05:30,25156.0,25158.7,25154.6,25158.7,1275
2025-08-18 11:14:00+05:30,25158.7,25160.0,25156.8,25158.4,1650
2025-08-18 11:15:00+05:30,25158.4,25169.5,25158.4,25162.0,1500
2025-08-18 11:16:00+05:30,25162.0,25168.0,25162.0,25166.2,450
2025-08-18 11:17:00+05:30,25166.2,25166.8,25161.0,25166.8,375
2025-08-18 11:18:00+05:30,25166.8,25166.8,25159.0,25159.0,750
2025-08-18 11:19:00+05:30,25159.0,25159.0,25151.0,25157.7,975
2025-08-18 11:20:00+05:30,25157.7,25157.7,25152.4,25156.0,600
2025-08-18 11:21:00+05:30,25156.0,25160.0,25155.0,25155.0,375
2025-08-18 11:22:00+05:30,25155.0,25160.1,25155.0,25160.1,150
2025-08-18 11:23:00+05:30,25160.1,25166.3,25160.1,25163.0,375
2025-08-18 11:24:00+05:30,25163.0,25163.0,25160.0,25160.0,225
2025-08-18 11:25:00+05:30,25160.0,25166.7,25160.0,25163.8,600
2025-08-18 11:26:00+05:30,25163.8,25163.8,25161.0,25161.0,375
2025-08-18 11:27:00+05:30,25161.0,25165.6,25160.8,25161.0,675
2025-08-18 11:28:00+05:30,25161.0,25164.2,25160.0,25160.0,675
2025-08-18 11:29:00+05:30,25160.0,25162.0,25160.0,25162.0,150
2025-08-18 11:30:00+05:30,25162.0,25165.8,25161.0,25161.0,375
2025-08-18 11:31:00+05:30,25161.0,25161.0,25155.0,25155.0,450
2025-08-18 11:32:00+05:30,25155.0,25155.0,25149.9,25149.9,1575
2025-08-18 11:33:00+05:30,25149.9,25150.3,25145.0,25148.9,1050
2025-08-18 11:34:00+05:30,25148.9,25149.8,25145.0,25145.0,900
2025-08-18 11:35:00+05:30,25145.0,25147.8,25142.9,25142.9,675
2025-08-18 11:36:00+05:30,25142.9,25144.8,25141.0,25142.6,750
2025-08-18 11:37:00+05:30,25142.6,25144.9,25140.0,25144.9,975
2025-08-18 11:38:00+05:30,25144.9,25144.9,25141.1,25141.1,900
2025-08-18 11:39:00+05:30,25141.6,25145.0,25141.6,25143.1,375
2025-08-18 11:40:00+05:30,25143.1,25146.6,25142.0,25146.6,525
2025-08-18 11:41:00+05:30,25146.6,25151.3,25145.7,25151.3,600
2025-08-18 11:42:00+05:30,25151.3,25158.7,25151.3,25155.6,1275
2025-08-18 11:43:00+05:30,25155.6,25155.6,25150.0,25154.4,975
2025-08-18 11:44:00+05:30,25154.4,25154.4,25145.0,25145.0,600
2025-08-18 11:45:00+05:30,25145.0,25149.4,25145.0,25148.5,675
2025-08-18 11:46:00+05:30,25148.5,25151.0,25148.5,25151.0,150
2025-08-18 11:47:00+05:30,25151.0,25153.2,25149.7,25150.0,525
2025-08-18 11:48:00+05:30,25150.0,25150.0,25148.9,25148.9,150
2025-08-18 11:49:00+05:30,25148.9,25150.0,25143.0,25145.2,1275
2025-08-18 11:50:00+05:30,25145.2,25146.4,25145.0,25145.2,375
2025-08-18 11:51:00+05:30,25145.2,25151.8,25145.2,25147.0,225
2025-08-18 11:52:00+05:30,25147.0,25147.0,25145.0,25145.0,450
2025-08-18 11:53:00+05:30,25145.0,25145.4,25140.0,25142.3,1425
2025-08-18 11:54:00+05:30,25142.3,25142.3,25135.5,25138.4,1800
2025-08-18 11:55:00+05:30,25138.4,25139.4,25135.0,25137.3,825
2025-08-18 11:56:00+05:30,25137.3,25140.0,25133.0,25140.0,2475
2025-08-18 11:57:00+05:30,25140.0,25140.0,25134.2,25136.5,450
2025-08-18 11:58:00+05:30,25136.5,25136.5,25130.0,25130.0,750
2025-08-18 11:59:00+05:30,25130.0,25130.1,25122.5,25125.0,3525
2025-08-18 12:00:00+05:30,25125.2,25126.2,25120.0,25122.6,3825
2025-08-18 12:01:00+05:30,25122.6,25129.7,25122.5,25129.6,1275
2025-08-18 12:02:00+05:30,25129.6,25129.6,25119.1,25121.1,2775
2025-08-18 12:03:00+05:30,25121.1,25124.9,25120.9,25124.9,3675
2025-08-18 12:04:00+05:30,25124.9,25125.0,25121.0,25122.2,4050
2025-08-18 12:05:00+05:30,25125.0,25126.6,25122.0,25126.3,1125
2025-08-18 12:06:00+05:30,25126.3,25126.5,25116.6,25117.0,5025
2025-08-18 12:07:00+05:30,25117.0,25117.5,25113.3,25114.6,1350
2025-08-18 12:08:00+05:30,25114.6,25114.6,25089.3,25097.5,12150
2025-08-18 12:09:00+05:30,25097.5,25099.5,25089.4,25090.0,7275
2025-08-18 12:10:00+05:30,25090.0,25094.8,25090.0,25091.5,3000
2025-08-18 12:11:00+05:30,25091.5,25092.1,25090.0,25090.0,1575
2025-08-18 12:12:00+05:30,25090.0,25095.0,25085.4,25095.0,3150
2025-08-18 12:13:00+05:30,25095.0,25095.4,25082.0,25082.1,4050
2025-08-18 12:14:00+05:30,25082.1,25082.1,25070.0,25070.0,10125
2025-08-18 12:15:00+05:30,25070.0,25075.7,25060.0,25073.1,5175
2025-08-18 12:16:00+05:30,25073.1,25079.2,25062.4,25079.2,2475
2025-08-18 12:17:00+05:30,25079.2,25089.7,25069.0,25089.7,3225
2025-08-18 12:18:00+05:30,25089.7,25091.8,25084.5,25091.3,1950
2025-08-18 12:19:00+05:30,25091.3,25098.4,25090.0,25096.0,6375
2025-08-18 12:20:00+05:30,25096.0,25098.4,25095.0,25095.2,2400
2025-08-18 12:21:00+05:30,25095.2,25107.2,25095.1,25107.1,3525
2025-08-18 12:22:00+05:30,25107.1,25107.1,25095.1,25095.1,1575
2025-08-18 12:23:00+05:30,25095.1,25100.0,25095.0,25100.0,825
2025-08-18 12:24:00+05:30,25099.3,25104.8,25099.3,25102.8,1050
2025-08-18 12:25:00+05:30,25102.8,25104.0,25100.0,25104.0,1425
2025-08-18 12:26:00+05:30,25104.0,25104.0,25101.0,25102.8,1050
2025-08-18 12:27:00+05:30,25102.8,25109.5,25102.8,25107.0,2775
2025-08-18 12:28:00+05:30,25107.0,25107.0,25100.2,25102.8,1800
2025-08-18 12:29:00+05:30,25102.8,25102.8,25100.0,25102.8,600
2025-08-18 12:30:00+05:30,25102.8,25102.8,25094.0,25094.0,450
2025-08-18 12:31:00+05:30,25094.0,25094.0,25090.0,25091.0,750
2025-08-18 12:32:00+05:30,25091.0,25091.0,25090.0,25090.0,750
2025-08-18 12:33:00+05:30,25090.0,25091.0,25090.0,25091.0,7500
2025-08-18 12:34:00+05:30,25091.0,25097.4,25090.4,25094.2,3975
2025-08-18 12:35:00+05:30,25094.2,25096.5,25091.3,25091.3,1800
2025-08-18 12:36:00+05:30,25091.3,25091.3,25077.0,25082.2,5175
2025-08-18 12:37:00+05:30,25082.2,25082.2,25075.0,25077.2,375
2025-08-18 12:38:00+05:30,25077.2,25082.4,25077.0,25078.6,300
2025-08-18 12:39:00+05:30,25078.6,25080.6,25075.0,25077.6,1200
2025-08-18 12:40:00+05:30,25077.6,25087.8,25077.6,25087.8,525
2025-08-18 12:41:00+05:30,25087.8,25090.6,25087.8,25089.7,2475
2025-08-18 12:42:00+05:30,25089.7,25094.7,25088.1,25094.7,525
2025-08-18 12:43:00+05:30,25094.7,25107.8,25094.7,25107.0,1500
2025-08-18 12:44:00+05:30,25107.0,25113.4,25104.9,25104.9,1875
2025-08-18 12:45:00+05:30,25104.9,25110.5,25103.6,25109.5,600
2025-08-18 12:46:00+05:30,25109.5,25110.0,25102.3,25110.0,1050
2025-08-18 12:47:00+05:30,25110.0,25118.0,25109.7,25117.5,4650
2025-08-18 12:48:00+05:30,25117.5,25117.5,25112.6,25112.6,900
2025-08-18 12:49:00+05:30,25112.6,25114.9,25110.0,25110.0,750
2025-08-18 12:50:00+05:30,25110.0,25110.5,25103.2,25110.5,900
2025-08-18 12:51:00+05:30,25110.5,25117.4,25110.3,25117.0,675
2025-08-18 12:52:00+05:30,25117.0,25119.0,25112.8,25116.8,750
2025-08-18 12:53:00+05:30,25116.8,25117.4,25113.0,25117.4,2625
2025-08-18 12:54:00+05:30,25117.4,25122.6,25115.5,25122.6,4050
2025-08-18 12:55:00+05:30,25122.6,25123.2,25116.0,25116.0,1725
2025-08-18 12:56:00+05:30,25116.0,25123.7,25116.0,25120.0,825
2025-08-18 12:57:00+05:30,25120.0,25131.0,25120.0,25131.0,2775
2025-08-18 12:58:00+05:30,25131.0,25135.0,25127.1,25127.1,1350
2025-08-18 12:59:00+05:30,25127.1,25131.0,25124.8,25128.8,900
2025-08-18 13:00:00+05:30,25128.8,25128.8,25120.0,25124.0,975
2025-08-18 13:01:00+05:30,25124.0,25130.0,25118.4,25129.2,1725
2025-08-18 13:02:00+05:30,25129.2,25131.8,25124.3,25130.0,900
2025-08-18 13:03:00+05:30,25130.0,25133.3,25125.2,25130.0,2475
2025-08-18 13:04:00+05:30,25130.0,25130.0,25125.0,25125.0,750
2025-08-18 13:05:00+05:30,25125.0,25132.0,25125.0,25130.0,1350
2025-08-18 13:06:00+05:30,25130.0,25135.7,25121.4,25125.9,1650
2025-08-18 13:07:00+05:30,25125.9,25137.0,25125.9,25137.0,225
2025-08-18 13:08:00+05:30,25137.0,25139.1,25131.6,25138.9,975
2025-08-18 13:09:00+05:30,25138.9,25138.9,25133.7,25136.5,375
2025-08-18 13:10:00+05:30,25136.5,25142.0,25134.3,25134.6,1500
2025-08-18 13:11:00+05:30,25134.6,25145.0,25134.6,25145.0,1350
2025-08-18 13:12:00+05:30,25145.0,25145.8,25139.1,25139.1,2025
2025-08-18 13:13:00+05:30,25139.1,25139.9,25135.0,25136.1,825
2025-08-18 13:14:00+05:30,25136.1,25144.2,25136.1,25136.5,375
2025-08-18 13:15:00+05:30,25136.5,25138.5,25133.0,25136.0,825
2025-08-18 13:16:00+05:30,25136.0,25138.5,25130.5,25130.5,750
2025-08-18 13:17:00+05:30,25130.5,25138.9,25125.8,25125.8,750
2025-08-18 13:18:00+05:30,25125.8,25129.9,25125.7,25129.9,300
2025-08-18 13:19:00+05:30,25129.9,25135.0,25129.5,25133.0,375
2025-08-18 13:20:00+05:30,25133.0,25141.6,25132.2,25141.6,900
2025-08-18 13:21:00+05:30,25141.6,25145.0,25132.0,25138.8,825
2025-08-18 13:22:00+05:30,25138.8,25138.8,25123.2,25123.2,600
2025-08-18 13:23:00+05:30,25123.2,25133.9,25120.9,25127.8,450
2025-08-18 13:24:00+05:30,25127.8,25127.8,25120.1,25122.2,300
2025-08-18 13:25:00+05:30,25122.2,25125.0,25115.2,25124.8,8100
2025-08-18 13:26:00+05:30,25124.8,25134.0,25118.7,25134.0,675
2025-08-18 13:27:00+05:30,25134.0,25134.0,25128.8,25132.6,300
2025-08-18 13:28:00+05:30,25132.6,25132.6,25119.9,25119.9,75
2025-08-18 13:29:00+05:30,25119.9,25125.0,25119.9,25125.0,300
2025-08-18 13:30:00+05:30,25125.0,25127.9,25120.6,25127.9,525
2025-08-18 13:31:00+05:30,25127.9,25128.5,25122.0,25122.0,525
2025-08-18 13:32:00+05:30,25122.0,25122.0,25115.6,25116.3,150
2025-08-18 13:33:00+05:30,25116.3,25116.7,25112.3,25116.5,600
2025-08-18 13:34:00+05:30,25116.5,25124.1,25113.7,25124.1,450
2025-08-18 13:35:00+05:30,25124.1,25124.1,25119.4,25121.9,300
2025-08-18 13:36:00+05:30,25121.9,25127.4,25121.7,25127.4,2025
2025-08-18 13:37:00+05:30,25127.4,25129.8,25125.1,25126.4,12150
2025-08-18 13:38:00+05:30,25126.4,25129.7,25121.0,25129.7,8100
2025-08-18 13:39:00+05:30,25129.7,25131.2,25125.7,25125.7,2175
2025-08-18 13:40:00+05:30,25125.7,25130.8,25125.1,25130.8,150
2025-08-18 13:41:00+05:30,25130.8,25130.8,25123.9,25123.9,225
2025-08-18 13:42:00+05:30,25123.9,25135.0,25123.9,25134.8,750
2025-08-18 13:43:00+05:30,25134.8,25134.8,25127.3,25127.3,225
2025-08-18 13:44:00+05:30,25127.3,25131.4,25126.4,25131.4,450
2025-08-18 13:45:00+05:30,25131.4,25132.5,25123.8,25123.8,5250
2025-08-18 13:46:00+05:30,25123.8,25124.1,25122.1,25122.1,300
2025-08-18 13:47:00+05:30,25122.1,25122.1,25117.6,25120.2,525
2025-08-18 13:48:00+05:30,25120.2,25125.2,25119.0,25125.2,450
2025-08-18 13:49:00+05:30,25125.2,25129.4,25120.1,25129.4,1800
2025-08-18 13:50:00+05:30,25129.4,25129.4,25120.7,25120.9,300
2025-08-18 13:51:00+05:30,25120.9,25127.6,25120.9,25121.7,600
2025-08-18 13:52:00+05:30,25121.7,25126.4,25117.5,25126.4,600
2025-08-18 13:53:00+05:30,25126.4,25126.4,25118.0,25120.3,525
2025-08-18 13:54:00+05:30,25120.3,25122.0,25120.3,25122.0,225
2025-08-18 13:55:00+05:30,25122.0,25125.0,25121.2,25122.0,225
2025-08-18 13:56:00+05:30,25122.0,25125.3,25122.0,25122.0,375
2025-08-18 13:57:00+05:30,25122.0,25122.0,25114.5,25114.5,375
2025-08-18 13:58:00+05:30,25114.5,25118.0,25112.0,25118.0,300
2025-08-18 13:59:00+05:30,25118.0,25120.0,25117.9,25120.0,375
2025-08-18 14:00:00+05:30,25120.0,25120.0,25103.7,25103.7,675
2025-08-18 14:01:00+05:30,25103.4,25119.5,25103.4,25111.1,3000
2025-08-18 14:02:00+05:30,25111.1,25115.2,25110.0,25110.8,825
2025-08-18 14:03:00+05:30,25110.8,25116.8,25110.8,25116.8,375
2025-08-18 14:04:00+05:30,25116.8,25122.9,25116.8,25122.9,525
2025-08-18 14:05:00+05:30,25122.9,25129.9,25122.9,25129.9,1050
2025-08-18 14:06:00+05:30,25129.9,25130.0,25121.1,25125.0,450
2025-08-18 14:07:00+05:30,25125.0,25130.0,25125.0,25130.0,375
2025-08-18 14:08:00+05:30,25130.0,25130.7,25130.0,25130.7,225
2025-08-18 14:09:00+05:30,25130.7,25134.9,25130.7,25134.9,300
2025-08-18 14:10:00+05:30,25134.9,25137.3,25134.0,25137.3,750
2025-08-18 14:11:00+05:30,25137.3,25137.3,25131.2,25131.2,150
2025-08-18 14:12:00+05:30,25131.2,25132.9,25131.0,25132.9,225
2025-08-18 14:13:00+05:30,25132.9,25132.9,25130.0,25130.0,225
2025-08-18 14:14:00+05:30,25130.0,25135.8,25130.0,25135.8,525
2025-08-18 14:15:00+05:30,25135.8,25137.6,25132.3,25137.6,825
2025-08-18 14:16:00+05:30,25137.6,25137.6,25132.7,25136.8,750
2025-08-18 14:17:00+05:30,25136.8,25139.9,25134.1,25136.8,225
2025-08-18 14:18:00+05:30,25136.8,25136.8,25131.9,25134.2,675
2025-08-18 14:19:00+05:30,25134.2,25134.2,25128.6,25131.0,225
2025-08-18 14:20:00+05:30,25131.0,25133.9,25128.9,25133.9,375
2025-08-18 14:21:00+05:30,25133.9,25133.9,25128.3,25129.1,1200
2025-08-18 14:22:00+05:30,25129.1,25129.1,25127.6,25127.6,75
2025-08-18 14:23:00+05:30,25127.6,25132.8,25127.4,25132.0,525
2025-08-18 14:24:00+05:30,25132.0,25132.0,25128.7,25128.8,300
2025-08-18 14:25:00+05:30,25128.8,25133.9,25128.8,25129.2,450
2025-08-18 14:26:00+05:30,25129.2,25134.1,25129.2,25134.1,825
2025-08-18 14:27:00+05:30,25134.1,25138.9,25134.1,25134.8,1125
2025-08-18 14:28:00+05:30,25134.8,25138.8,25134.8,25138.0,375
2025-08-18 14:29:00+05:30,25138.0,25138.0,25132.0,25133.1,1575
2025-08-18 14:30:00+05:30,25133.1,25135.3,25127.1,25134.9,600
2025-08-18 14:31:00+05:30,25134.9,25140.0,25134.9,25138.0,3150
2025-08-18 14:32:00+05:30,25138.0,25138.0,25127.0,25127.0,525
2025-08-18 14:33:00+05:30,25127.0,25127.0,25121.7,25121.7,450
2025-08-18 14:34:00+05:30,25121.7,25121.7,25116.2,25119.2,675
2025-08-18 14:35:00+05:30,25119.2,25124.8,25116.6,25121.7,900
2025-08-18 14:36:00+05:30,25121.7,25123.9,25115.0,25115.0,1800
2025-08-18 14:37:00+05:30,25115.0,25120.1,25115.0,25120.1,975
2025-08-18 14:38:00+05:30,25120.1,25120.1,25114.7,25119.7,525
2025-08-18 14:39:00+05:30,25119.7,25127.5,25119.7,25127.5,1050
2025-08-18 14:40:00+05:30,25127.5,25130.6,25125.6,25130.5,750
2025-08-18 14:41:00+05:30,25130.5,25131.6,25128.0,25128.6,825
2025-08-18 14:42:00+05:30,25128.6,25130.0,25124.3,25125.2,375
2025-08-18 14:43:00+05:30,25125.2,25125.2,25123.4,25123.7,300
2025-08-18 14:44:00+05:30,25123.7,25123.7,25117.6,25117.6,450
2025-08-18 14:45:00+05:30,25117.6,25120.5,25117.6,25118.3,675
2025-08-18 14:46:00+05:30,25118.3,25119.0,25110.9,25119.0,2250
2025-08-18 14:47:00+05:30,25119.0,25120.0,25116.4,25118.0,375
2025-08-18 14:48:00+05:30,25118.0,25118.6,25111.7,25118.6,1125
2025-08-18 14:49:00+05:30,25118.6,25120.6,25117.6,25120.0,750
2025-08-18 14:50:00+05:30,25120.0,25126.9,25120.0,25126.9,225
2025-08-18 14:51:00+05:30,25126.9,25126.9,25122.0,25122.0,150
2025-08-18 14:52:00+05:30,25122.0,25122.0,25120.2,25120.2,150
2025-08-18 14:53:00+05:30,25120.2,25120.2,25117.0,25117.0,375
2025-08-18 14:54:00+05:30,25117.0,25121.8,25117.0,25121.8,375
2025-08-18 14:55:00+05:30,25121.8,25121.8,25120.0,25121.4,375
2025-08-18 14:56:00+05:30,25121.4,25124.3,25118.7,25121.4,825
2025-08-18 14:57:00+05:30,25121.4,25122.8,25121.4,25122.0,675
2025-08-18 14:58:00+05:30,25122.0,25122.0,25116.2,25116.8,975
2025-08-18 14:59:00+05:30,25116.8,25122.4,25116.8,25119.9,675
2025-08-18 15:00:00+05:30,25119.9,25119.9,25110.0,25111.2,2775
2025-08-18 15:01:00+05:30,25111.2,25111.2,25102.2,25102.2,2400
2025-08-18 15:02:00+05:30,25102.2,25107.4,25102.0,25102.0,3375
2025-08-18 15:03:00+05:30,25100.0,25101.8,25097.2,25100.0,3075
2025-08-18 15:04:00+05:30,25100.0,25101.3,25097.0,25101.3,1950
2025-08-18 15:05:00+05:30,25101.3,25103.8,25095.0,25098.5,2400
2025-08-18 15:06:00+05:30,25098.5,25101.1,25097.3,25100.0,1200
2025-08-18 15:07:00+05:30,25100.0,25103.1,25100.0,25100.0,1575
2025-08-18 15:08:00+05:30,25101.6,25101.6,25095.5,25095.5,2325
2025-08-18 15:09:00+05:30,25095.5,25098.9,25095.0,25095.0,1725
2025-08-18 15:10:00+05:30,25095.0,25101.0,25095.0,25101.0,2325
2025-08-18 15:11:00+05:30,25101.0,25110.9,25099.0,25099.0,2175
2025-08-18 15:12:00+05:30,25099.0,25099.1,25095.0,25095.0,2250
2025-08-18 15:13:00+05:30,25095.0,25095.0,25092.4,25094.0,2100
2025-08-18 15:14:00+05:30,25094.0,25097.6,25093.8,25095.0,1725
2025-08-18 15:15:00+05:30,25095.0,25105.2,25094.0,25105.2,3075
2025-08-18 15:16:00+05:30,25105.2,25106.7,25104.0,25104.0,2100
2025-08-18 15:17:00+05:30,25104.0,25106.2,25101.9,25106.2,3525
2025-08-18 15:18:00+05:30,25106.2,25110.0,25105.0,25106.5,3975
2025-08-18 15:19:00+05:30,25106.5,25108.9,25105.0,25106.6,2400
2025-08-18 15:20:00+05:30,25106.6,25109.0,25103.3,25105.0,8325
2025-08-18 15:21:00+05:30,25105.0,25109.0,25105.0,25106.3,6600
2025-08-18 15:22:00+05:30,25106.3,25106.3,25105.0,25105.2,3000
2025-08-18 15:23:00+05:30,25105.2,25106.0,25105.0,25105.9,2850
2025-08-18 15:24:00+05:30,25105.0,25106.9,25104.0,25105.2,6450
2025-08-18 15:25:00+05:30,25105.9,25106.8,25105.0,25105.0,7350
2025-08-18 15:26:00+05:30,25105.0,25106.8,25105.0,25105.0,4725
2025-08-18 15:27:00+05:30,25105.0,25105.9,25104.2,25104.9,4725
2025-08-18 15:28:00+05:30,25104.9,25108.9,25104.2,25108.9,3375
2025-08-18 15:29:00+05:30,25108.9,25116.3,25106.9,25115.6,5850
2025-08-19 09:15:00+05:30,25100.1,25107.8,25070.6,25087.5,4200
2025-08-19 09:16:00+05:30,25087.5,25100.0,25083.1,25100.0,3750
2025-08-19 09:17:00+05:30,25100.0,25108.9,25090.6,25098.6,9225
2025-08-19 09:18:00+05:30,25098.6,25104.5,25098.6,25101.0,825
2025-08-19 09:19:00+05:30,25101.0,25101.2,25095.0,25098.8,1950
2025-08-19 09:20:00+05:30,25098.8,25098.8,25082.1,25083.1,1650
2025-08-19 09:21:00+05:30,25083.1,25104.9,25083.1,25104.9,1800
2025-08-19 09:22:00+05:30,25104.9,25110.0,25102.4,25105.9,1875
2025-08-19 09:23:00+05:30,25105.9,25110.0,25105.9,25107.0,525
2025-08-19 09:24:00+05:30,25107.0,25113.9,25107.0,25107.0,1425
2025-08-19 09:25:00+05:30,25107.0,25122.3,25107.0,25117.0,3450
2025-08-19 09:26:00+05:30,25117.0,25117.0,25106.9,25107.2,3300
2025-08-19 09:27:00+05:30,25107.2,25112.4,25107.2,25110.0,750
2025-08-19 09:28:00+05:30,25110.0,25112.8,25100.1,25100.1,1425
2025-08-19 09:29:00+05:30,25100.1,25104.8,25100.0,25104.0,675
2025-08-19 09:30:00+05:30,25104.0,25104.0,25100.0,25100.2,525
2025-08-19 09:31:00+05:30,25100.2,25100.3,25090.3,25093.6,525
2025-08-19 09:32:00+05:30,25093.6,25105.0,25093.6,25099.9,975
2025-08-19 09:33:00+05:30,25099.9,25099.9,25088.8,25092.1,1050
2025-08-19 09:34:00+05:30,25092.1,25101.3,25090.0,25091.4,1275
2025-08-19 09:35:00+05:30,25091.4,25095.0,25086.4,25092.3,1125
2025-08-19 09:36:00+05:30,25092.3,25092.3,25077.7,25082.0,2775
2025-08-19 09:37:00+05:30,25082.0,25087.4,25078.0,25078.0,1050
2025-08-19 09:38:00+05:30,25078.0,25087.3,25075.9,25080.3,1200
2025-08-19 09:39:00+05:30,25080.3,25087.3,25080.0,25080.0,5025
2025-08-19 09:40:00+05:30,25080.0,25089.9,25080.0,25085.6,1500
2025-08-19 09:41:00+05:30,25085.6,25089.9,25083.7,25089.9,450
2025-08-19 09:42:00+05:30,25089.9,25090.0,25080.0,25080.0,1275
2025-08-19 09:43:00+05:30,25080.0,25082.3,25071.0,25071.0,2700
2025-08-19 09:44:00+05:30,25071.0,25071.0,25067.4,25067.4,5550
2025-08-19 09:45:00+05:30,25067.4,25070.0,25064.0,25068.0,3150
2025-08-19 09:46:00+05:30,25068.0,25080.1,25066.6,25078.4,3225
2025-08-19 09:47:00+05:30,25078.4,25081.0,25073.2,25073.2,600
2025-08-19 09:48:00+05:30,25073.2,25080.0,25073.2,25079.9,900
2025-08-19 09:49:00+05:30,25079.9,25083.9,25079.9,25083.9,825
2025-08-19 09:50:00+05:30,25083.9,25098.3,25083.9,25095.0,1725
2025-08-19 09:51:00+05:30,25095.0,25099.9,25095.0,25095.6,1125
2025-08-19 09:52:00+05:30,25095.6,25103.0,25095.6,25103.0,1650
2025-08-19 09:53:00+05:30,25103.0,25105.0,25102.5,25104.6,1800
2025-08-19 09:54:00+05:30,25104.6,25104.6,25098.0,25100.1,675
2025-08-19 09:55:00+05:30,25100.1,25100.1,25090.0,25090.9,300
2025-08-19 09:56:00+05:30,25090.9,25097.0,25090.9,25093.1,450
2025-08-19 09:57:00+05:30,25093.1,25096.0,25091.1,25091.1,600
2025-08-19 09:58:00+05:30,25091.1,25095.0,25088.0,25095.0,2100
2025-08-19 09:59:00+05:30,25093.7,25099.9,25093.7,25098.9,975
2025-08-19 10:00:00+05:30,25098.9,25100.1,25094.8,25100.1,1650
2025-08-19 10:01:00+05:30,25100.1,25100.1,25093.7,25098.7,150
2025-08-19 10:02:00+05:30,25098.7,25099.9,25092.5,25099.9,525
2025-08-19 10:03:00+05:30,25099.9,25099.9,25095.0,25095.0,150
2025-08-19 10:04:00+05:30,25095.0,25095.0,25085.0,25092.1,525
2025-08-19 10:05:00+05:30,25092.1,25092.9,25092.1,25092.9,150
2025-08-19 10:06:00+05:30,25092.9,25093.1,25091.5,25091.5,225
2025-08-19 10:07:00+05:30,25091.5,25091.8,25086.2,25087.8,375
2025-08-19 10:08:00+05:30,25087.8,25090.6,25086.1,25089.0,525
2025-08-19 10:09:00+05:30,25089.0,25092.0,25089.0,25092.0,300
2025-08-19 10:10:00+05:30,25092.0,25097.0,25092.0,25097.0,1425
2025-08-19 10:11:00+05:30,25097.0,25101.0,25097.0,25099.5,750
2025-08-19 10:12:00+05:30,25099.5,25104.9,25099.5,25104.0,5850
2025-08-19 10:13:00+05:30,25104.0,25115.0,25104.0,25115.0,2025
2025-08-19 10:14:00+05:30,25115.0,25116.1,25113.1,25113.1,900
2025-08-19 10:15:00+05:30,25113.1,25116.6,25109.2,25109.2,1800
2025-08-19 10:16:00+05:30,25109.2,25109.9,25103.0,25107.2,375
2025-08-19 10:17:00+05:30,25107.2,25111.7,25107.2,25111.6,1125
2025-08-19 10:18:00+05:30,25111.6,25114.9,25111.6,25114.9,1275
2025-08-19 10:19:00+05:30,25114.9,25117.7,25114.9,25115.7,900
2025-08-19 10:20:00+05:30,25115.7,25119.6,25113.1,25119.6,750
2025-08-19 10:21:00+05:30,25119.6,25119.6,25115.0,25118.6,825
2025-08-19 10:22:00+05:30,25118.6,25119.6,25115.0,25115.0,825
2025-08-19 10:23:00+05:30,25115.0,25119.3,25111.5,25111.5,525
2025-08-19 10:24:00+05:30,25111.5,25116.7,25111.5,25116.7,1050
2025-08-19 10:25:00+05:30,25116.7,25118.9,25112.0,25112.8,450
2025-08-19 10:26:00+05:30,25112.8,25117.3,25112.0,25115.0,600
2025-08-19 10:27:00+05:30,25115.0,25115.0,25110.0,25110.8,375
2025-08-19 10:28:00+05:30,25110.8,25111.7,25110.0,25111.7,600
2025-08-19 10:29:00+05:30,25111.7,25112.0,25107.8,25107.8,600
2025-08-19 10:30:00+05:30,25107.8,25107.8,25105.0,25105.0,75
2025-08-19 10:31:00+05:30,25105.0,25112.4,25105.0,25112.4,375
2025-08-19 10:32:00+05:30,25112.4,25114.9,25112.4,25114.9,225
2025-08-19 10:33:00+05:30,25114.9,25115.8,25114.9,25115.3,300
2025-08-19 10:34:00+05:30,25115.3,25117.0,25115.3,25117.0,225
2025-08-19 10:35:00+05:30,25117.0,25118.1,25108.2,25113.5,525
2025-08-19 10:36:00+05:30,25113.5,25113.5,25103.0,25103.0,300
2025-08-19 10:37:00+05:30,25103.0,25103.0,25100.0,25100.0,675
2025-08-19 10:38:00+05:30,25100.0,25101.9,25100.0,25101.9,750
2025-08-19 10:39:00+05:30,25101.9,25109.5,25101.9,25109.5,3225
2025-08-19 10:40:00+05:30,25109.5,25109.5,25105.0,25106.4,150
2025-08-19 10:41:00+05:30,25106.4,25106.4,25104.4,25104.4,375
2025-08-19 10:42:00+05:30,25104.4,25107.0,25104.4,25107.0,150
2025-08-19 10:43:00+05:30,25107.0,25107.5,25107.0,25107.5,450
2025-08-19 10:44:00+05:30,25107.5,25117.9,25107.5,25117.9,600
2025-08-19 10:45:00+05:30,25117.9,25118.0,25117.9,25118.0,675
2025-08-19 10:46:00+05:30,25118.0,25123.4,25118.0,25122.7,1800
2025-08-19 10:47:00+05:30,25122.7,25122.7,25110.5,25110.5,2325
2025-08-19 10:48:00+05:30,25110.5,25115.7,25110.5,25115.7,375
2025-08-19 10:49:00+05:30,25115.7,25121.0,25112.0,25121.0,750
2025-08-19 10:50:00+05:30,25121.0,25122.5,25121.0,25121.0,675
2025-08-19 10:51:00+05:30,25121.0,25121.0,25117.0,25119.0,450
2025-08-19 10:52:00+05:30,25119.0,25119.0,25115.0,25115.0,1950
2025-08-19 10:53:00+05:30,25115.0,25118.0,25112.0,25112.0,675
2025-08-19 10:54:00+05:30,25112.0,25112.2,25112.0,25112.1,450
2025-08-19 10:55:00+05:30,25112.1,25112.1,25110.0,25110.0,150
2025-08-19 10:56:00+05:30,25110.0,25115.9,25110.0,25111.4,525
2025-08-19 10:57:00+05:30,25111.4,25120.2,25111.4,25113.1,225
2025-08-19 10:58:00+05:30,25113.1,25120.8,25113.1,25120.8,75
2025-08-19 10:59:00+05:30,25120.8,25120.8,25120.8,25120.8,75
2025-08-19 11:00:00+05:30,25120.8,25120.8,25119.0,25119.0,225
2025-08-19 11:01:00+05:30,25119.0,25124.0,25119.0,25124.0,1275
2025-08-19 11:02:00+05:30,25124.0,25125.0,25123.1,25124.7,750
2025-08-19 11:03:00+05:30,25124.7,25124.7,25124.0,25124.0,450
2025-08-19 11:04:00+05:30,25124.0,25124.0,25120.0,25120.0,375
2025-08-19 11:05:00+05:30,25120.0,25120.0,25120.0,25120.0,0
2025-08-19 11:06:00+05:30,25120.0,25128.9,25120.0,25128.9,825
2025-08-19 11:07:00+05:30,25128.9,25129.0,25124.1,25124.2,1725
2025-08-19 11:08:00+05:30,25124.2,25124.2,25121.6,25124.2,11400
2025-08-19 11:09:00+05:30,25124.2,25130.0,25124.2,25125.0,3975
2025-08-19 11:10:00+05:30,25125.0,25133.5,25125.0,25129.2,1125
2025-08-19 11:11:00+05:30,25129.2,25129.9,25129.2,25129.9,150
2025-08-19 11:12:00+05:30,25129.9,25130.0,25125.5,25130.0,1200
2025-08-19 11:13:00+05:30,25130.0,25132.9,25130.0,25131.0,450
2025-08-19 11:14:00+05:30,25131.0,25133.6,25127.0,25133.6,450
2025-08-19 11:15:00+05:30,25133.6,25133.6,25125.0,25125.2,375
2025-08-19 11:16:00+05:30,25125.2,25126.8,25125.0,25125.0,2175
2025-08-19 11:17:00+05:30,25125.0,25126.5,25121.3,25121.3,150
2025-08-19 11:18:00+05:30,25121.3,25126.0,25121.3,25126.0,300
2025-08-19 11:19:00+05:30,25126.5,25127.0,25126.5,25127.0,225
2025-08-19 11:20:00+05:30,25127.0,25131.9,25127.0,25129.6,825
2025-08-19 11:21:00+05:30,25129.6,25133.4,25128.5,25128.5,375
2025-08-19 11:22:00+05:30,25128.5,25130.9,25128.5,25130.9,225
2025-08-19 11:23:00+05:30,25130.9,25132.4,25129.0,25130.1,525
2025-08-19 11:24:00+05:30,25130.1,25130.1,25129.0,25129.0,225
2025-08-19 11:25:00+05:30,25129.0,25129.4,25128.5,25129.4,450
2025-08-19 11:26:00+05:30,25129.0,25129.0,25120.1,25122.6,2175
2025-08-19 11:27:00+05:30,25122.6,25122.6,25120.0,25120.0,300
2025-08-19 11:28:00+05:30,25120.0,25127.5,25120.0,25120.7,2700
2025-08-19 11:29:00+05:30,25120.7,25129.0,25120.7,25129.0,150
2025-08-19 11:30:00+05:30,25129.0,25134.9,25129.0,25134.9,1050
2025-08-19 11:31:00+05:30,25134.9,25135.5,25131.0,25135.5,1425
2025-08-19 11:32:00+05:30,25135.5,25136.3,25132.0,25132.0,1050
2025-08-19 11:33:00+05:30,25132.0,25133.0,25131.0,25133.0,300
2025-08-19 11:34:00+05:30,25133.0,25133.9,25128.8,25133.9,450
2025-08-19 11:35:00+05:30,25133.9,25133.9,25129.0,25129.0,300
2025-08-19 11:36:00+05:30,25129.0,25134.0,25129.0,25133.0,225
2025-08-19 11:37:00+05:30,25133.0,25138.0,25130.3,25138.0,1050
2025-08-19 11:38:00+05:30,25138.0,25138.0,25134.5,25137.9,600
2025-08-19 11:39:00+05:30,25137.9,25145.4,25137.9,25143.2,3675
2025-08-19 11:40:00+05:30,25143.2,25143.2,25139.0,25140.4,450
2025-08-19 11:41:00+05:30,25140.4,25140.4,25139.0,25140.4,225
2025-08-19 11:42:00+05:30,25140.4,25148.8,25139.0,25148.8,1650
2025-08-19 11:43:00+05:30,25148.8,25148.8,25142.1,25146.8,300
2025-08-19 11:44:00+05:30,25146.8,25146.9,25138.1,25138.1,675
2025-08-19 11:45:00+05:30,25138.1,25145.4,25138.1,25145.4,75
2025-08-19 11:46:00+05:30,25145.4,25148.0,25145.0,25147.9,1200
2025-08-19 11:47:00+05:30,25147.9,25147.9,25142.6,25142.6,900
2025-08-19 11:48:00+05:30,25142.6,25150.0,25142.6,25150.0,1125
2025-08-19 11:49:00+05:30,25150.0,25150.0,25145.1,25145.2,1350
2025-08-19 11:50:00+05:30,25145.2,25150.0,25145.2,25145.2,450
2025-08-19 11:51:00+05:30,25145.2,25150.0,25144.0,25145.6,975
2025-08-19 11:52:00+05:30,25145.6,25148.3,25145.6,25148.3,375
2025-08-19 11:53:00+05:30,25148.3,25149.9,25145.6,25149.0,1725
2025-08-19 11:54:00+05:30,25149.0,25149.0,25145.6,25148.0,525
2025-08-19 11:55:00+05:30,25148.0,25149.0,25146.4,25148.0,975
2025-08-19 11:56:00+05:30,25148.0,25152.8,25148.0,25152.8,3075
2025-08-19 11:57:00+05:30,25152.8,25153.0,25150.5,25153.0,225
2025-08-19 11:58:00+05:30,25153.0,25153.0,25150.0,25152.8,1125
2025-08-19 11:59:00+05:30,25152.8,25152.8,25146.3,25150.9,825
2025-08-19 12:00:00+05:30,25150.9,25150.9,25150.6,25150.6,75
2025-08-19 12:01:00+05:30,25150.6,25155.0,25142.7,25155.0,5925
2025-08-19 12:02:00+05:30,25155.0,25157.1,25154.0,25154.0,1575
2025-08-19 12:03:00+05:30,25154.0,25157.9,25154.0,25157.9,300
2025-08-19 12:04:00+05:30,25157.9,25157.9,25154.0,25157.9,1200
2025-08-19 12:05:00+05:30,25157.9,25157.9,25155.0,25157.0,450
2025-08-19 12:06:00+05:30,25157.0,25162.3,25157.0,25161.0,4800
2025-08-19 12:07:00+05:30,25161.0,25161.6,25158.4,25158.4,3450
2025-08-19 12:08:00+05:30,25158.4,25158.8,25151.3,25156.7,750
2025-08-19 12:09:00+05:30,25156.7,25161.8,25154.2,25161.8,825
2025-08-19 12:10:00+05:30,25161.8,25162.0,25155.0,25155.0,1125
2025-08-19 12:11:00+05:30,25155.0,25161.0,25152.4,25161.0,3525
2025-08-19 12:12:00+05:30,25161.0,25163.9,25157.7,25163.2,675
2025-08-19 12:13:00+05:30,25163.2,25167.8,25162.1,25165.0,2550
2025-08-19 12:14:00+05:30,25165.0,25171.2,25165.0,25171.2,1500
2025-08-19 12:15:00+05:30,25171.2,25172.0,25164.2,25164.2,1875
2025-08-19 12:16:00+05:30,25164.2,25172.0,25163.0,25169.8,3375
2025-08-19 12:17:00+05:30,25169.8,25174.8,25166.3,25167.9,4800
2025-08-19 12:18:00+05:30,25167.9,25184.9,25167.4,25184.9,7200
2025-08-19 12:19:00+05:30,25184.9,25185.0,25177.2,25184.0,4875
2025-08-19 12:20:00+05:30,25184.0,25188.2,25184.0,25188.2,2700
2025-08-19 12:21:00+05:30,25188.8,25194.9,25187.1,25191.4,8925
2025-08-19 12:22:00+05:30,25191.4,25198.2,25185.0,25185.0,5325
2025-08-19 12:23:00+05:30,25185.0,25185.6,25174.9,25177.0,3375
2025-08-19 12:24:00+05:30,25177.0,25180.0,25177.0,25180.0,1950
2025-08-19 12:25:00+05:30,25180.0,25183.9,25178.9,25179.0,1650
2025-08-19 12:26:00+05:30,25179.0,25186.4,25179.0,25186.4,1275
2025-08-19 12:27:00+05:30,25186.4,25188.0,25185.0,25188.0,1800
2025-08-19 12:28:00+05:30,25188.0,25188.7,25186.0,25186.0,2025
2025-08-19 12:29:00+05:30,25186.0,25186.0,25180.2,25183.9,375
2025-08-19 12:30:00+05:30,25183.9,25189.0,25182.2,25187.0,1650
2025-08-19 12:31:00+05:30,25187.0,25194.9,25187.0,25194.9,1725
2025-08-19 12:32:00+05:30,25195.1,25196.2,25191.7,25191.7,1650
2025-08-19 12:33:00+05:30,25191.7,25192.0,25188.9,25191.7,1650
2025-08-19 12:34:00+05:30,25191.7,25194.0,25190.9,25194.0,1425
2025-08-19 12:35:00+05:30,25194.0,25197.0,25194.0,25197.0,900
2025-08-19 12:36:00+05:30,25197.0,25198.8,25191.1,25198.8,1050
2025-08-19 12:37:00+05:30,25198.8,25199.0,25194.0,25197.8,1275
2025-08-19 12:38:00+05:30,25197.8,25198.0,25192.7,25193.0,1725
2025-08-19 12:39:00+05:30,25193.0,25197.8,25185.4,25186.7,1725
2025-08-19 12:40:00+05:30,25186.7,25195.1,25186.7,25189.9,1500
2025-08-19 12:41:00+05:30,25189.9,25191.9,25178.5,25178.5,1950
2025-08-19 12:42:00+05:30,25178.5,25181.9,25171.1,25179.0,2175
2025-08-19 12:43:00+05:30,25179.0,25182.0,25176.5,25180.0,2025
2025-08-19 12:44:00+05:30,25177.0,25180.0,25174.5,25174.5,1050
2025-08-19 12:45:00+05:30,25174.5,25182.7,25174.5,25181.1,1800
2025-08-19 12:46:00+05:30,25181.1,25181.1,25170.0,25170.9,1275
2025-08-19 12:47:00+05:30,25170.9,25173.6,25170.2,25171.7,825
2025-08-19 12:48:00+05:30,25171.7,25173.0,25169.0,25170.0,900
2025-08-19 12:49:00+05:30,25170.0,25171.9,25168.2,25171.0,675
2025-08-19 12:50:00+05:30,25171.0,25173.9,25168.3,25173.0,1275
2025-08-19 12:51:00+05:30,25173.0,25177.9,25173.0,25177.9,1050
2025-08-19 12:52:00+05:30,25177.9,25178.0,25174.0,25174.0,1125
2025-08-19 12:53:00+05:30,25174.0,25174.0,25173.9,25173.9,75
2025-08-19 12:54:00+05:30,25173.9,25183.0,25173.9,25178.1,1800
2025-08-19 12:55:00+05:30,25178.1,25191.9,25178.1,25191.9,1275
2025-08-19 12:56:00+05:30,25191.9,25191.9,25186.0,25189.9,1050
2025-08-19 12:57:00+05:30,25189.9,25193.7,25186.0,25186.0,3825
2025-08-19 12:58:00+05:30,25186.0,25186.1,25185.0,25185.0,675
2025-08-19 12:59:00+05:30,25185.0,25185.0,25183.3,25183.3,300
2025-08-19 13:00:00+05:30,25183.3,25183.3,25176.1,25176.1,525
2025-08-19 13:01:00+05:30,25176.1,25180.8,25175.0,25178.0,1125
2025-08-19 13:02:00+05:30,25178.0,25178.0,25172.4,25174.0,450
2025-08-19 13:03:00+05:30,25174.0,25178.0,25174.0,25175.1,525
2025-08-19 13:04:00+05:30,25175.1,25176.7,25171.0,25176.7,450
2025-08-19 13:05:00+05:30,25176.7,25180.2,25176.7,25180.2,750
2025-08-19 13:06:00+05:30,25180.2,25180.8,25178.0,25178.0,750
2025-08-19 13:07:00+05:30,25178.0,25179.8,25178.0,25178.0,375
2025-08-19 13:08:00+05:30,25178.0,25178.8,25172.8,25178.8,225
2025-08-19 13:09:00+05:30,25178.8,25178.8,25171.3,25171.3,375
2025-08-19 13:10:00+05:30,25171.3,25176.2,25168.0,25168.0,675
2025-08-19 13:11:00+05:30,25168.0,25170.3,25168.0,25168.6,150
2025-08-19 13:12:00+05:30,25168.6,25170.5,25168.6,25170.5,225
2025-08-19 13:13:00+05:30,25170.5,25175.0,25170.2,25174.0,300
2025-08-19 13:14:00+05:30,25174.0,25175.0,25168.9,25175.0,825
2025-08-19 13:15:00+05:30,25175.0,25180.8,25175.0,25180.8,1125
2025-08-19 13:16:00+05:30,25180.8,25182.4,25180.0,25180.0,675
2025-08-19 13:17:00+05:30,25180.0,25180.0,25174.2,25175.0,525
2025-08-19 13:18:00+05:30,25175.0,25175.0,25174.3,25174.3,450
2025-08-19 13:19:00+05:30,25174.3,25180.0,25174.3,25180.0,375
2025-08-19 13:20:00+05:30,25180.0,25180.0,25174.4,25179.0,300
2025-08-19 13:21:00+05:30,25179.0,25179.0,25179.0,25179.0,0
2025-08-19 13:22:00+05:30,25179.0,25180.6,25179.0,25180.6,150
2025-08-19 13:23:00+05:30,25180.6,25180.6,25178.4,25178.4,75
2025-08-19 13:24:00+05:30,25178.4,25178.4,25178.0,25178.0,75
2025-08-19 13:25:00+05:30,25178.0,25178.0,25177.5,25177.5,150
2025-08-19 13:26:00+05:30,25177.5,25177.5,25175.0,25175.0,75
2025-08-19 13:27:00+05:30,25175.0,25175.0,25172.0,25175.0,375
2025-08-19 13:28:00+05:30,25175.0,25175.1,25171.4,25175.0,1650
2025-08-19 13:29:00+05:30,25175.0,25175.0,25167.7,25169.4,1125
2025-08-19 13:30:00+05:30,25169.4,25176.9,25169.4,25176.3,375
2025-08-19 13:31:00+05:30,25176.3,25176.3,25171.6,25171.6,150
2025-08-19 13:32:00+05:30,25171.6,25171.6,25165.0,25165.0,750
2025-08-19 13:33:00+05:30,25165.0,25165.6,25164.0,25165.0,1050
2025-08-19 13:34:00+05:30,25165.0,25165.0,25162.0,25162.0,450
2025-08-19 13:35:00+05:30,25162.0,25164.0,25160.0,25164.0,825
2025-08-19 13:36:00+05:30,25164.0,25168.1,25164.0,25168.1,150
2025-08-19 13:37:00+05:30,25168.1,25168.9,25164.0,25164.0,150
2025-08-19 13:38:00+05:30,25164.0,25171.8,25164.0,25164.3,2175
2025-08-19 13:39:00+05:30,25164.3,25164.3,25160.1,25160.1,1425
2025-08-19 13:40:00+05:30,25160.1,25162.6,25153.5,25154.1,1950
2025-08-19 13:41:00+05:30,25154.1,25155.0,25153.5,25155.0,600
2025-08-19 13:42:00+05:30,25155.0,25163.3,25155.0,25163.3,375
2025-08-19 13:43:00+05:30,25163.3,25168.0,25159.9,25168.0,600
2025-08-19 13:44:00+05:30,25168.0,25169.9,25160.6,25164.6,1875
2025-08-19 13:45:00+05:30,25165.0,25170.6,25163.6,25163.6,300
2025-08-19 13:46:00+05:30,25163.6,25167.1,25162.0,25166.2,225
2025-08-19 13:47:00+05:30,25166.2,25166.2,25156.4,25158.0,450
2025-08-19 13:48:00+05:30,25158.0,25160.0,25158.0,25159.9,900
2025-08-19 13:49:00+05:30,25159.9,25165.1,25159.2,25165.1,900
2025-08-19 13:50:00+05:30,25165.1,25165.1,25160.0,25160.8,225
2025-08-19 13:51:00+05:30,25160.8,25160.8,25160.8,25160.8,150
2025-08-19 13:52:00+05:30,25160.8,25160.8,25151.0,25151.0,1425
2025-08-19 13:53:00+05:30,25151.0,25155.0,25148.0,25155.0,2550
2025-08-19 13:54:00+05:30,25155.0,25155.0,25155.0,25155.0,75
2025-08-19 13:55:00+05:30,25155.0,25158.4,25152.0,25152.0,300
2025-08-19 13:56:00+05:30,25152.0,25158.1,25150.0,25150.0,675
2025-08-19 13:57:00+05:30,25150.0,25151.3,25145.0,25151.3,375
2025-08-19 13:58:00+05:30,25151.3,25152.1,25150.0,25152.1,825
2025-08-19 13:59:00+05:30,25152.1,25152.1,25151.7,25151.7,150
2025-08-19 14:00:00+05:30,25151.7,25153.0,25148.4,25148.4,525
2025-08-19 14:01:00+05:30,25148.4,25154.4,25148.0,25154.4,375
2025-08-19 14:02:00+05:30,25154.4,25154.9,25154.4,25154.9,75
2025-08-19 14:03:00+05:30,25154.9,25154.9,25151.7,25151.7,225
2025-08-19 14:04:00+05:30,25151.7,25151.7,25145.0,25145.0,2325
2025-08-19 14:05:00+05:30,25145.0,25145.0,25140.0,25140.0,375
2025-08-19 14:06:00+05:30,25140.0,25142.5,25135.0,25135.0,1575
2025-08-19 14:07:00+05:30,25135.0,25139.1,25129.0,25137.2,2175
2025-08-19 14:08:00+05:30,25137.2,25137.2,25135.0,25135.6,1425
2025-08-19 14:09:00+05:30,25135.6,25141.5,25135.6,25141.5,1050
2025-08-19 14:10:00+05:30,25141.5,25141.5,25138.0,25138.0,1125
2025-08-19 14:11:00+05:30,25138.0,25144.7,25135.7,25144.7,825
2025-08-19 14:12:00+05:30,25144.7,25147.2,25140.0,25140.0,750
2025-08-19 14:13:00+05:30,25140.0,25140.1,25137.0,25140.1,450
2025-08-19 14:14:00+05:30,25140.1,25140.1,25140.1,25140.1,0
2025-08-19 14:15:00+05:30,25140.1,25140.7,25138.0,25138.0,300
2025-08-19 14:16:00+05:30,25138.0,25139.9,25132.1,25139.9,2175
2025-08-19 14:17:00+05:30,25139.9,25140.0,25137.1,25140.0,975
2025-08-19 14:18:00+05:30,25140.0,25148.0,25140.0,25148.0,600
2025-08-19 14:19:00+05:30,25148.0,25148.0,25148.0,25148.0,75
2025-08-19 14:20:00+05:30,25148.0,25149.9,25148.0,25149.8,375
2025-08-19 14:21:00+05:30,25149.8,25150.4,25144.8,25150.1,1050
2025-08-19 14:22:00+05:30,25150.1,25154.9,25150.1,25154.0,525
2025-08-19 14:23:00+05:30,25154.0,25160.0,25154.0,25160.0,525
2025-08-19 14:24:00+05:30,25160.0,25163.2,25158.0,25163.2,450
2025-08-19 14:25:00+05:30,25163.2,25165.0,25158.8,25164.0,525
2025-08-19 14:26:00+05:30,25164.0,25170.5,25163.9,25170.5,750
2025-08-19 14:27:00+05:30,25170.5,25175.0,25170.0,25172.4,2925
2025-08-19 14:28:00+05:30,25172.4,25172.4,25170.0,25170.0,150
2025-08-19 14:29:00+05:30,25170.0,25174.0,25170.0,25170.0,375
2025-08-19 14:30:00+05:30,25170.0,25171.0,25167.5,25170.0,600
2025-08-19 14:31:00+05:30,25170.0,25171.0,25169.0,25171.0,750
2025-08-19 14:32:00+05:30,25171.0,25171.0,25170.0,25170.0,225
2025-08-19 14:33:00+05:30,25170.0,25170.0,25165.1,25169.0,450
2025-08-19 14:34:00+05:30,25169.0,25174.9,25169.0,25172.7,1125
2025-08-19 14:35:00+05:30,25172.7,25184.9,25172.7,25184.9,1650
2025-08-19 14:36:00+05:30,25184.9,25184.9,25182.2,25182.2,600
2025-08-19 14:37:00+05:30,25182.2,25185.0,25182.0,25182.0,1125
2025-08-19 14:38:00+05:30,25182.0,25184.9,25182.0,25182.8,675
2025-08-19 14:39:00+05:30,25182.8,25182.8,25180.9,25182.0,675
2025-08-19 14:40:00+05:30,25182.0,25185.0,25181.0,25185.0,375
2025-08-19 14:41:00+05:30,25185.0,25185.0,25182.7,25182.7,75
2025-08-19 14:42:00+05:30,25182.7,25185.0,25182.7,25185.0,675
2025-08-19 14:43:00+05:30,25185.0,25185.0,25176.0,25176.0,1425
2025-08-19 14:44:00+05:30,25176.0,25176.3,25169.0,25169.0,825
2025-08-19 14:45:00+05:30,25162.4,25164.1,25160.7,25160.7,825
2025-08-19 14:46:00+05:30,25160.7,25165.3,25160.2,25165.3,825
2025-08-19 14:47:00+05:30,25165.3,25171.0,25165.3,25171.0,225
2025-08-19 14:48:00+05:30,25171.0,25174.0,25170.0,25170.0,225
2025-08-19 14:49:00+05:30,25170.0,25173.1,25164.0,25166.6,375
2025-08-19 14:50:00+05:30,25166.6,25171.3,25166.6,25171.3,75
2025-08-19 14:51:00+05:30,25171.3,25172.0,25171.3,25172.0,375
2025-08-19 14:52:00+05:30,25172.0,25172.7,25165.0,25165.0,525
2025-08-19 14:53:00+05:30,25165.0,25172.2,25161.0,25168.7,675
2025-08-19 14:54:00+05:30,25168.7,25171.7,25168.7,25171.5,375
2025-08-19 14:55:00+05:30,25171.5,25171.5,25170.0,25170.0,225
2025-08-19 14:56:00+05:30,25170.0,25170.0,25170.0,25170.0,225
2025-08-19 14:57:00+05:30,25170.0,25172.0,25170.0,25170.9,225
2025-08-19 14:58:00+05:30,25170.9,25172.8,25170.0,25170.0,450
2025-08-19 14:59:00+05:30,25170.0,25174.8,25170.0,25172.6,1050
2025-08-19 15:00:00+05:30,25172.6,25172.6,25170.0,25171.4,300
2025-08-19 15:01:00+05:30,25171.4,25175.0,25170.0,25174.0,1275
2025-08-19 15:02:00+05:30,25174.0,25175.1,25174.0,25175.1,75
2025-08-19 15:03:00+05:30,25175.1,25175.1,25171.0,25171.0,675
2025-08-19 15:04:00+05:30,25171.0,25171.0,25167.8,25167.8,675
2025-08-19 15:05:00+05:30,25167.8,25173.8,25167.8,25172.6,750
2025-08-19 15:06:00+05:30,25172.6,25173.7,25170.0,25173.7,900
2025-08-19 15:07:00+05:30,25173.7,25173.7,25167.1,25171.3,1725
2025-08-19 15:08:00+05:30,25171.3,25178.3,25167.1,25177.3,5625
2025-08-19 15:09:00+05:30,25177.3,25177.5,25170.1,25176.3,1125
2025-08-19 15:10:00+05:30,25176.3,25176.3,25167.0,25167.0,750
2025-08-19 15:11:00+05:30,25167.0,25172.0,25167.0,25170.0,1575
2025-08-19 15:12:00+05:30,25170.0,25172.0,25168.0,25168.0,525
2025-08-19 15:13:00+05:30,25168.0,25170.0,25168.0,25168.0,150
2025-08-19 15:14:00+05:30,25168.0,25172.0,25165.1,25165.1,975
2025-08-19 15:15:00+05:30,25165.1,25174.9,25165.1,25174.9,750
2025-08-19 15:16:00+05:30,25174.9,25174.9,25167.8,25167.8,375
2025-08-19 15:17:00+05:30,25167.8,25172.8,25167.8,25172.8,1500
2025-08-19 15:18:00+05:30,25172.8,25175.0,25172.8,25172.8,1050
2025-08-19 15:19:00+05:30,25172.8,25174.0,25171.9,25172.8,600
2025-08-19 15:20:00+05:30,25172.8,25174.0,25172.0,25172.0,225
2025-08-19 15:21:00+05:30,25172.0,25178.3,25171.6,25177.7,1050
2025-08-19 15:22:00+05:30,25177.7,25177.7,25170.5,25177.0,1200
2025-08-19 15:23:00+05:30,25177.0,25181.2,25170.1,25181.2,2550
2025-08-19 15:24:00+05:30,25181.2,25181.2,25175.6,25181.0,750
2025-08-19 15:25:00+05:30,25181.0,25182.4,25180.0,25180.0,1500
2025-08-19 15:26:00+05:30,25180.0,25182.0,25175.1,25180.0,1125
2025-08-19 15:27:00+05:30,25180.0,25182.0,25180.0,25182.0,1950
2025-08-19 15:28:00+05:30,25181.0,25182.0,25175.0,25181.0,1725
2025-08-19 15:29:00+05:30,25181.0,25181.0,25175.0,25175.0,2400
2025-08-20 09:15:00+05:30,25145.0,25149.3,25107.3,25125.0,5100
2025-08-20 09:16:00+05:30,25125.0,25131.9,25123.5,25126.8,2850
2025-08-20 09:17:00+05:30,25126.8,25127.0,25123.0,25126.9,2175
2025-08-20 09:18:00+05:30,25126.9,25126.9,25120.0,25123.1,3750
2025-08-20 09:19:00+05:30,25123.1,25124.0,25120.0,25120.0,3825
2025-08-20 09:20:00+05:30,25120.0,25120.0,25110.0,25112.5,3525
2025-08-20 09:21:00+05:30,25112.5,25122.4,25112.4,25118.7,2625
2025-08-20 09:22:00+05:30,25118.7,25126.3,25112.0,25114.9,4500
2025-08-20 09:23:00+05:30,25114.9,25120.2,25112.0,25120.2,2475
2025-08-20 09:24:00+05:30,25114.9,25117.6,25114.0,25114.0,1575
2025-08-20 09:25:00+05:30,25114.0,25117.6,25110.0,25115.2,3750
2025-08-20 09:26:00+05:30,25115.2,25117.6,25113.0,25115.0,3075
2025-08-20 09:27:00+05:30,25115.0,25115.0,25113.0,25115.0,675
2025-08-20 09:28:00+05:30,25115.0,25115.0,25108.4,25108.4,4650
2025-08-20 09:29:00+05:30,25108.4,25110.1,25105.1,25107.0,2175
2025-08-20 09:30:00+05:30,25107.0,25111.6,25103.6,25110.9,2475
2025-08-20 09:31:00+05:30,25110.9,25111.6,25101.0,25104.3,3825
2025-08-20 09:32:00+05:30,25104.3,25109.1,25100.3,25109.1,2175
2025-08-20 09:33:00+05:30,25109.1,25117.6,25104.2,25116.3,975
2025-08-20 09:34:00+05:30,25116.3,25124.6,25113.0,25124.6,2400
2025-08-20 09:35:00+05:30,25124.6,25129.2,25115.4,25120.7,6075
2025-08-20 09:36:00+05:30,25120.7,25124.0,25118.3,25121.4,2175
2025-08-20 09:37:00+05:30,25121.4,25125.0,25120.1,25121.0,1950
2025-08-20 09:38:00+05:30,25121.0,25123.7,25116.5,25120.4,1275
2025-08-20 09:39:00+05:30,25120.4,25120.4,25109.0,25111.4,3750
2025-08-20 09:40:00+05:30,25111.4,25121.5,25111.0,25121.5,2475
2025-08-20 09:41:00+05:30,25121.5,25121.7,25116.0,25120.5,1725
2025-08-20 09:42:00+05:30,25120.5,25120.5,25115.0,25117.0,2250
2025-08-20 09:43:00+05:30,25117.0,25125.0,25117.0,25124.9,2400
2025-08-20 09:44:00+05:30,25124.9,25134.9,25124.9,25132.5,1950
2025-08-20 09:45:00+05:30,25132.5,25142.7,25132.5,25139.1,2400
2025-08-20 09:46:00+05:30,25139.1,25141.1,25136.0,25138.2,1575
2025-08-20 09:47:00+05:30,25138.2,25145.0,25138.2,25142.0,675
2025-08-20 09:48:00+05:30,25142.0,25144.0,25137.3,25142.5,3750
2025-08-20 09:49:00+05:30,25142.5,25148.0,25141.7,25146.8,1275
2025-08-20 09:50:00+05:30,25146.8,25152.0,25146.0,25150.0,4425
2025-08-20 09:51:00+05:30,25150.0,25151.3,25140.0,25141.9,2250
2025-08-20 09:52:00+05:30,25141.9,25141.9,25132.6,25133.0,2175
2025-08-20 09:53:00+05:30,25133.0,25134.9,25131.0,25134.1,2700
2025-08-20 09:54:00+05:30,25134.1,25139.5,25134.1,25139.5,1350
2025-08-20 09:55:00+05:30,25139.5,25139.5,25127.8,25127.8,1125
2025-08-20 09:56:00+05:30,25127.8,25127.8,25117.1,25124.1,3450
2025-08-20 09:57:00+05:30,25124.1,25130.0,25124.1,25127.0,750
2025-08-20 09:58:00+05:30,25127.0,25140.0,25127.0,25139.0,4125
2025-08-20 09:59:00+05:30,25139.0,25148.0,25137.8,25147.5,5475
2025-08-20 10:00:00+05:30,25147.5,25150.1,25140.1,25140.1,3075
2025-08-20 10:01:00+05:30,25140.1,25148.6,25140.1,25143.4,1650
2025-08-20 10:02:00+05:30,25143.4,25148.9,25143.0,25148.9,4575
2025-08-20 10:03:00+05:30,25148.9,25154.8,25145.8,25154.8,1950
2025-08-20 10:04:00+05:30,25154.8,25155.2,25152.0,25154.3,3150
2025-08-20 10:05:00+05:30,25154.3,25154.3,25148.4,25149.2,4050
2025-08-20 10:06:00+05:30,25149.2,25152.0,25145.0,25149.9,1125
2025-08-20 10:07:00+05:30,25149.9,25154.6,25149.9,25152.0,1275
2025-08-20 10:08:00+05:30,25152.0,25154.3,25151.0,25151.0,375
2025-08-20 10:09:00+05:30,25151.0,25152.0,25149.2,25149.2,750
2025-08-20 10:10:00+05:30,25149.2,25149.2,25144.6,25145.3,1275
2025-08-20 10:11:00+05:30,25145.3,25149.6,25145.3,25147.8,1425
2025-08-20 10:12:00+05:30,25147.8,25147.8,25145.0,25145.0,600
2025-08-20 10:13:00+05:30,25145.0,25148.0,25140.0,25148.0,1650
2025-08-20 10:14:00+05:30,25148.0,25158.0,25148.0,25158.0,900
2025-08-20 10:15:00+05:30,25158.0,25164.0,25158.0,25162.7,3075
2025-08-20 10:16:00+05:30,25162.7,25164.0,25157.4,25160.3,1050
2025-08-20 10:17:00+05:30,25160.3,25164.0,25160.3,25164.0,6600
2025-08-20 10:18:00+05:30,25164.0,25165.0,25163.0,25165.0,1275
2025-08-20 10:19:00+05:30,25165.0,25165.3,25162.0,25163.7,2400
2025-08-20 10:20:00+05:30,25163.7,25167.7,25163.1,25163.7,4575
2025-08-20 10:21:00+05:30,25163.7,25163.9,25156.6,25156.6,1425
2025-08-20 10:22:00+05:30,25156.6,25158.4,25150.9,25153.2,1425
2025-08-20 10:23:00+05:30,25153.2,25160.4,25153.2,25160.4,825
2025-08-20 10:24:00+05:30,25160.4,25164.8,25156.4,25156.4,1350
2025-08-20 10:25:00+05:30,25156.4,25165.0,25156.4,25161.6,1050
2025-08-20 10:26:00+05:30,25161.6,25161.6,25156.8,25157.6,2025
2025-08-20 10:27:00+05:30,25157.6,25158.7,25157.6,25157.8,150
2025-08-20 10:28:00+05:30,25157.8,25162.4,25157.8,25162.0,750
2025-08-20 10:29:00+05:30,25162.0,25165.0,25162.0,25165.0,1050
2025-08-20 10:30:00+05:30,25165.0,25165.6,25161.3,25165.0,1725
2025-08-20 10:31:00+05:30,25165.0,25165.0,25157.0,25157.0,1050
2025-08-20 10:32:00+05:30,25157.0,25165.0,25157.0,25161.1,675
2025-08-20 10:33:00+05:30,25161.1,25162.0,25156.8,25161.6,600
2025-08-20 10:34:00+05:30,25161.6,25165.9,25161.6,25165.2,2625
2025-08-20 10:35:00+05:30,25165.2,25170.0,25165.2,25170.0,2175
2025-08-20 10:36:00+05:30,25170.0,25175.0,25170.0,25175.0,2775
2025-08-20 10:37:00+05:30,25175.0,25178.3,25171.1,25176.5,3450
2025-08-20 10:38:00+05:30,25176.5,25179.0,25175.0,25179.0,1425
2025-08-20 10:39:00+05:30,25179.0,25180.0,25175.0,25175.0,3300
2025-08-20 10:40:00+05:30,25175.0,25177.9,25167.5,25177.0,1950
2025-08-20 10:41:00+05:30,25177.0,25178.2,25174.5,25175.8,900
2025-08-20 10:42:00+05:30,25175.8,25182.0,25174.7,25182.0,2400
2025-08-20 10:43:00+05:30,25182.0,25188.5,25179.5,25185.0,7050
2025-08-20 10:44:00+05:30,25185.0,25185.0,25177.9,25179.5,1500
2025-08-20 10:45:00+05:30,25179.5,25179.5,25172.2,25172.7,6900
2025-08-20 10:46:00+05:30,25172.7,25173.7,25172.4,25173.6,600
2025-08-20 10:47:00+05:30,25173.6,25173.9,25172.7,25173.7,975
2025-08-20 10:48:00+05:30,25173.7,25178.7,25173.7,25178.7,450
2025-08-20 10:49:00+05:30,25178.7,25182.0,25177.8,25182.0,600
2025-08-20 10:50:00+05:30,25182.0,25184.0,25177.0,25177.0,1425
2025-08-20 10:51:00+05:30,25177.0,25178.7,25175.0,25175.0,10125
2025-08-20 10:52:00+05:30,25175.0,25177.6,25170.7,25170.7,1350
2025-08-20 10:53:00+05:30,25170.7,25170.7,25165.6,25170.0,1725
2025-08-20 10:54:00+05:30,25170.0,25170.3,25167.2,25170.0,1125
2025-08-20 10:55:00+05:30,25170.0,25175.0,25160.9,25161.8,2775
2025-08-20 10:56:00+05:30,25161.8,25167.7,25161.8,25165.8,7050
2025-08-20 10:57:00+05:30,25165.8,25167.6,25160.6,25160.6,2325
2025-08-20 10:58:00+05:30,25160.6,25160.6,25157.2,25157.7,1050
2025-08-20 10:59:00+05:30,25157.7,25162.0,25153.0,25154.5,8025
2025-08-20 11:00:00+05:30,25154.5,25158.3,25152.4,25153.2,1200
2025-08-20 11:01:00+05:30,25153.2,25161.5,25150.0,25156.5,6450
2025-08-20 11:02:00+05:30,25156.5,25164.4,25155.9,25160.6,4350
2025-08-20 11:03:00+05:30,25160.6,25165.0,25160.5,25163.0,825
2025-08-20 11:04:00+05:30,25163.0,25164.4,25161.1,25163.8,600
2025-08-20 11:05:00+05:30,25163.8,25167.7,25163.8,25167.7,375
2025-08-20 11:06:00+05:30,25167.7,25175.2,25167.7,25175.2,150
2025-08-20 11:07:00+05:30,25175.2,25180.0,25175.0,25175.7,675
2025-08-20 11:08:00+05:30,25175.7,25184.3,25175.7,25184.3,1275
2025-08-20 11:09:00+05:30,25184.3,25184.3,25177.3,25177.3,525
2025-08-20 11:10:00+05:30,25177.3,25180.5,25175.5,25177.2,600
2025-08-20 11:11:00+05:30,25177.2,25180.0,25175.9,25180.0,675
2025-08-20 11:12:00+05:30,25180.0,25193.0,25179.6,25193.0,10650
2025-08-20 11:13:00+05:30,25193.0,25200.0,25193.0,25200.0,5325
2025-08-20 11:14:00+05:30,25200.0,25200.0,25195.0,25199.9,1725
2025-08-20 11:15:00+05:30,25199.9,25200.0,25192.4,25199.0,7650
2025-08-20 11:16:00+05:30,25199.0,25199.8,25191.2,25194.0,1725
2025-08-20 11:17:00+05:30,25194.0,25194.4,25192.6,25192.7,1125
2025-08-20 11:18:00+05:30,25192.7,25198.2,25192.1,25196.5,2325
2025-08-20 11:19:00+05:30,25196.5,25196.5,25190.0,25190.0,1200
2025-08-20 11:20:00+05:30,25190.0,25190.0,25185.5,25190.0,1425
2025-08-20 11:21:00+05:30,25190.0,25195.0,25190.0,25194.0,975
2025-08-20 11:22:00+05:30,25194.0,25195.0,25193.0,25195.0,300
2025-08-20 11:23:00+05:30,25195.0,25195.0,25185.5,25191.7,1125
2025-08-20 11:24:00+05:30,25191.7,25191.7,25183.4,25184.7,750
2025-08-20 11:25:00+05:30,25184.7,25190.0,25184.7,25184.7,750
2025-08-20 11:26:00+05:30,25184.7,25190.1,25184.3,25184.9,1425
2025-08-20 11:27:00+05:30,25184.9,25189.1,25184.9,25186.8,3075
2025-08-20 11:28:00+05:30,25186.8,25190.0,25184.8,25188.8,675
2025-08-20 11:29:00+05:30,25188.8,25194.9,25188.8,25194.9,975
2025-08-20 11:30:00+05:30,25194.9,25195.0,25192.6,25195.0,525
2025-08-20 11:31:00+05:30,25195.0,25196.8,25190.1,25190.1,2700
2025-08-20 11:32:00+05:30,25190.1,25190.5,25190.1,25190.5,750
2025-08-20 11:33:00+05:30,25190.5,25200.0,25190.5,25200.0,3525
2025-08-20 11:34:00+05:30,25200.0,25200.0,25195.5,25197.0,300
2025-08-20 11:35:00+05:30,25197.0,25197.0,25192.4,25192.4,525
2025-08-20 11:36:00+05:30,25192.4,25196.9,25192.4,25196.9,300
2025-08-20 11:37:00+05:30,25196.9,25196.9,25190.0,25190.0,600
2025-08-20 11:38:00+05:30,25190.0,25190.1,25190.0,25190.1,300
2025-08-20 11:39:00+05:30,25190.0,25190.0,25187.5,25188.0,375
2025-08-20 11:40:00+05:30,25188.0,25189.0,25187.0,25187.0,525
2025-08-20 11:41:00+05:30,25187.0,25193.9,25186.2,25193.9,900
2025-08-20 11:42:00+05:30,25193.9,25193.9,25184.4,25191.5,300
2025-08-20 11:43:00+05:30,25191.5,25191.5,25186.9,25188.4,450
2025-08-20 11:44:00+05:30,25188.4,25194.9,25188.0,25188.0,375
2025-08-20 11:45:00+05:30,25188.0,25194.9,25188.0,25189.8,900
2025-08-20 11:46:00+05:30,25189.8,25195.0,25189.8,25195.0,525
2025-08-20 11:47:00+05:30,25195.0,25195.0,25190.0,25190.3,375
2025-08-20 11:48:00+05:30,25190.3,25190.6,25186.5,25186.5,825
2025-08-20 11:49:00+05:30,25190.6,25194.7,25186.0,25190.6,1275
2025-08-20 11:50:00+05:30,25190.6,25194.9,25190.0,25194.0,375
2025-08-20 11:51:00+05:30,25194.0,25194.0,25188.9,25192.0,375
2025-08-20 11:52:00+05:30,25192.0,25192.0,25189.0,25190.5,450
2025-08-20 11:53:00+05:30,25190.5,25190.5,25188.3,25188.3,675
2025-08-20 11:54:00+05:30,25188.3,25190.0,25187.5,25187.5,675
2025-08-20 11:55:00+05:30,25187.5,25190.0,25185.0,25190.0,600
2025-08-20 11:56:00+05:30,25190.0,25194.0,25190.0,25194.0,600
2025-08-20 11:57:00+05:30,25194.0,25198.9,25193.3,25198.9,975
2025-08-20 11:58:00+05:30,25198.9,25210.0,25198.0,25210.0,2325
2025-08-20 11:59:00+05:30,25210.0,25210.0,25203.5,25209.7,1200
2025-08-20 12:00:00+05:30,25209.7,25211.0,25204.1,25211.0,1200
2025-08-20 12:01:00+05:30,25211.0,25214.0,25203.8,25203.8,2775
2025-08-20 12:02:00+05:30,25203.8,25209.0,25200.1,25200.1,1050
2025-08-20 12:03:00+05:30,25200.1,25208.0,25200.1,25203.9,375
2025-08-20 12:04:00+05:30,25203.9,25205.0,25203.9,25204.1,450
2025-08-20 12:05:00+05:30,25204.1,25207.0,25201.5,25201.5,375
2025-08-20 12:06:00+05:30,25201.5,25205.0,25201.5,25205.0,300
2025-08-20 12:07:00+05:30,25205.0,25206.0,25202.9,25202.9,1200
2025-08-20 12:08:00+05:30,25202.9,25203.0,25202.9,25203.0,150
2025-08-20 12:09:00+05:30,25203.0,25207.0,25203.0,25207.0,375
2025-08-20 12:10:00+05:30,25207.0,25209.0,25203.5,25205.4,900
2025-08-20 12:11:00+05:30,25205.4,25214.0,25205.4,25210.0,900
2025-08-20 12:12:00+05:30,25210.0,25215.0,25210.0,25215.0,2100
2025-08-20 12:13:00+05:30,25215.0,25219.3,25215.0,25218.0,1125
2025-08-20 12:14:00+05:30,25218.0,25219.0,25211.0,25211.0,1425
2025-08-20 12:15:00+05:30,25211.0,25218.9,25211.0,25213.0,525
2025-08-20 12:16:00+05:30,25213.0,25218.0,25213.0,25217.0,225
2025-08-20 12:17:00+05:30,25217.0,25217.0,25206.6,25208.9,1575
2025-08-20 12:18:00+05:30,25208.9,25210.0,25208.7,25210.0,675
2025-08-20 12:19:00+05:30,25210.0,25213.0,25206.6,25207.4,2175
2025-08-20 12:20:00+05:30,25207.4,25213.0,25207.4,25211.0,2400
2025-08-20 12:21:00+05:30,25211.0,25213.0,25211.0,25213.0,525
2025-08-20 12:22:00+05:30,25213.0,25213.0,25211.0,25211.0,600
2025-08-20 12:23:00+05:30,25211.0,25212.0,25208.4,25208.4,375
2025-08-20 12:24:00+05:30,25208.4,25210.1,25207.5,25209.8,375
2025-08-20 12:25:00+05:30,25209.8,25218.9,25209.8,25215.0,1275
2025-08-20 12:26:00+05:30,25215.0,25217.9,25206.1,25206.1,1275
2025-08-20 12:27:00+05:30,25206.1,25206.1,25205.0,25205.0,150
2025-08-20 12:28:00+05:30,25205.0,25209.0,25205.0,25209.0,750
2025-08-20 12:29:00+05:30,25209.0,25215.0,25208.6,25210.0,600
2025-08-20 12:30:00+05:30,25210.0,25215.0,25208.8,25209.6,450
2025-08-20 12:31:00+05:30,25209.6,25215.4,25209.6,25212.0,900
2025-08-20 12:32:00+05:30,25212.0,25214.0,25206.5,25213.6,675
2025-08-20 12:33:00+05:30,25213.6,25216.0,25210.5,25210.5,1275
2025-08-20 12:34:00+05:30,25210.5,25213.9,25208.0,25210.0,2775
2025-08-20 12:35:00+05:30,25210.0,25216.0,25210.0,25215.5,525
2025-08-20 12:36:00+05:30,25215.5,25219.0,25213.2,25216.0,825
2025-08-20 12:37:00+05:30,25216.0,25220.0,25216.0,25216.0,675
2025-08-20 12:38:00+05:30,25216.0,25219.0,25216.0,25219.0,1350
2025-08-20 12:39:00+05:30,25219.0,25220.0,25213.0,25220.0,3675
2025-08-20 12:40:00+05:30,25220.0,25220.9,25216.1,25220.9,1125
2025-08-20 12:41:00+05:30,25220.9,25220.9,25215.0,25218.0,1200
2025-08-20 12:42:00+05:30,25218.0,25218.0,25213.0,25218.0,675
2025-08-20 12:43:00+05:30,25218.0,25218.0,25211.0,25211.0,450
2025-08-20 12:44:00+05:30,25211.0,25217.7,25211.0,25211.7,1575
2025-08-20 12:45:00+05:30,25211.7,25217.8,25211.7,25217.8,375
2025-08-20 12:46:00+05:30,25217.8,25217.8,25211.1,25216.0,975
2025-08-20 12:47:00+05:30,25216.0,25216.0,25210.0,25212.0,450
2025-08-20 12:48:00+05:30,25212.0,25217.8,25212.0,25216.3,1050
2025-08-20 12:49:00+05:30,25217.9,25222.2,25217.9,25222.2,975
2025-08-20 12:50:00+05:30,25222.2,25222.8,25219.6,25221.0,1275
2025-08-20 12:51:00+05:30,25221.0,25225.0,25219.5,25225.0,1275
2025-08-20 12:52:00+05:30,25225.0,25225.0,25220.0,25222.9,1425
2025-08-20 12:53:00+05:30,25222.9,25224.9,25219.5,25221.8,975
2025-08-20 12:54:00+05:30,25221.8,25224.9,25221.5,25223.0,450
2025-08-20 12:55:00+05:30,25223.0,25224.8,25221.0,25223.2,1425
2025-08-20 12:56:00+05:30,25223.2,25225.0,25221.9,25221.9,2625
2025-08-20 12:57:00+05:30,25221.9,25223.0,25220.1,25223.0,600
2025-08-20 12:58:00+05:30,25223.0,25223.0,25220.3,25223.0,1800
2025-08-20 12:59:00+05:30,25223.0,25229.1,25223.0,25229.1,2175
2025-08-20 13:00:00+05:30,25229.3,25229.8,25224.2,25227.3,1200
2025-08-20 13:01:00+05:30,25227.3,25227.5,25223.0,25225.0,525
2025-08-20 13:02:00+05:30,25225.0,25229.8,25224.0,25229.8,1275
2025-08-20 13:03:00+05:30,25229.8,25229.8,25225.0,25225.1,600
2025-08-20 13:04:00+05:30,25225.1,25227.0,25225.0,25225.2,375
2025-08-20 13:05:00+05:30,25225.2,25225.2,25224.6,25224.6,375
2025-08-20 13:06:00+05:30,25224.6,25232.9,25224.6,25232.9,4575
2025-08-20 13:07:00+05:30,25232.9,25232.9,25225.0,25225.0,1200
2025-08-20 13:08:00+05:30,25225.0,25225.0,25216.0,25218.0,3000
2025-08-20 13:09:00+05:30,25218.0,25218.0,25214.1,25214.1,1425
2025-08-20 13:10:00+05:30,25214.1,25215.2,25211.4,25214.7,2025
2025-08-20 13:11:00+05:30,25214.7,25217.8,25214.1,25215.0,750
2025-08-20 13:12:00+05:30,25214.7,25215.0,25210.4,25210.8,825
2025-08-20 13:13:00+05:30,25210.8,25220.0,25210.8,25219.9,1125
2025-08-20 13:14:00+05:30,25219.9,25219.9,25216.0,25216.2,825
2025-08-20 13:15:00+05:30,25216.2,25219.6,25213.9,25213.9,1125
2025-08-20 13:16:00+05:30,25213.9,25220.0,25213.9,25220.0,2325
2025-08-20 13:17:00+05:30,25220.0,25227.7,25219.4,25225.4,2550
2025-08-20 13:18:00+05:30,25225.4,25227.8,25223.0,25227.3,1200
2025-08-20 13:19:00+05:30,25227.3,25227.3,25220.8,25225.0,3450
2025-08-20 13:20:00+05:30,25225.0,25225.0,25217.8,25222.6,1275
2025-08-20 13:21:00+05:30,25222.6,25222.6,25215.2,25221.4,900
2025-08-20 13:22:00+05:30,25221.4,25221.4,25206.8,25208.2,3600
2025-08-20 13:23:00+05:30,25208.2,25210.8,25202.6,25202.6,5625
2025-08-20 13:24:00+05:30,25202.6,25205.9,25199.0,25205.8,4725
2025-08-20 13:25:00+05:30,25205.8,25207.8,25200.0,25200.0,2325
2025-08-20 13:26:00+05:30,25200.0,25200.0,25195.4,25195.7,8775
2025-08-20 13:27:00+05:30,25195.7,25198.8,25193.6,25198.8,3225
2025-08-20 13:28:00+05:30,25198.6,25202.5,25196.8,25202.5,1200
2025-08-20 13:29:00+05:30,25202.5,25202.5,25197.4,25197.4,450
2025-08-20 13:30:00+05:30,25197.4,25203.0,25197.2,25202.8,2325
2025-08-20 13:31:00+05:30,25202.8,25212.8,25202.8,25204.1,3150
2025-08-20 13:32:00+05:30,25204.1,25212.0,25204.1,25210.0,1500
2025-08-20 13:33:00+05:30,25210.0,25215.8,25206.5,25206.5,525
2025-08-20 13:34:00+05:30,25206.5,25211.8,25206.0,25211.0,975
2025-08-20 13:35:00+05:30,25211.0,25217.8,25211.0,25217.8,600
2025-08-20 13:36:00+05:30,25217.8,25219.9,25215.0,25215.0,2400
2025-08-20 13:37:00+05:30,25215.0,25218.0,25212.0,25212.0,975
2025-08-20 13:38:00+05:30,25212.0,25215.0,25212.0,25215.0,675
2025-08-20 13:39:00+05:30,25215.0,25215.0,25213.7,25215.0,900
2025-08-20 13:40:00+05:30,25215.0,25218.1,25215.0,25218.0,1275
2025-08-20 13:41:00+05:30,25218.0,25218.7,25217.0,25217.4,600
2025-08-20 13:42:00+05:30,25217.4,25220.0,25217.4,25220.0,375
2025-08-20 13:43:00+05:30,25220.0,25220.0,25213.0,25215.6,900
2025-08-20 13:44:00+05:30,25215.6,25215.6,25208.4,25209.8,975
2025-08-20 13:45:00+05:30,25209.8,25211.8,25208.2,25210.6,600
2025-08-20 13:46:00+05:30,25210.6,25215.6,25210.6,25212.9,525
2025-08-20 13:47:00+05:30,25212.9,25215.0,25210.0,25215.0,825
2025-08-20 13:48:00+05:30,25215.0,25216.1,25212.1,25216.1,900
2025-08-20 13:49:00+05:30,25216.1,25221.0,25216.1,25221.0,1125
2025-08-20 13:50:00+05:30,25221.0,25221.8,25219.2,25220.3,525
2025-08-20 13:51:00+05:30,25220.3,25226.9,25220.3,25225.0,1725
2025-08-20 13:52:00+05:30,25225.0,25226.7,25221.8,25225.8,675
2025-08-20 13:53:00+05:30,25225.8,25228.9,25220.1,25228.9,2400
2025-08-20 13:54:00+05:30,25228.9,25228.9,25219.3,25226.2,3375
2025-08-20 13:55:00+05:30,25226.2,25226.2,25221.4,25221.4,600
2025-08-20 13:56:00+05:30,25221.4,25221.4,25213.2,25215.6,675
2025-08-20 13:57:00+05:30,25215.6,25219.2,25214.5,25215.0,1575
2025-08-20 13:58:00+05:30,25215.0,25222.6,25215.0,25221.9,1200
2025-08-20 13:59:00+05:30,25221.9,25226.8,25221.9,25226.8,900
2025-08-20 14:00:00+05:30,25226.8,25226.8,25222.4,25226.0,525
2025-08-20 14:01:00+05:30,25226.0,25228.8,25222.8,25228.8,1275
2025-08-20 14:02:00+05:30,25228.8,25232.0,25225.7,25232.0,3225
2025-08-20 14:03:00+05:30,25232.0,25235.0,25232.0,25232.9,2250
2025-08-20 14:04:00+05:30,25232.9,25236.8,25232.0,25233.0,1725
2025-08-20 14:05:00+05:30,25234.6,25237.7,25231.2,25237.7,1725
2025-08-20 14:06:00+05:30,25237.7,25240.0,25232.1,25240.0,4125
2025-08-20 14:07:00+05:30,25240.0,25241.0,25239.0,25241.0,3600
2025-08-20 14:08:00+05:30,25241.0,25243.6,25238.8,25241.0,4725
2025-08-20 14:09:00+05:30,25241.0,25244.7,25234.1,25238.6,3900
2025-08-20 14:10:00+05:30,25238.6,25241.7,25235.0,25240.0,3300
2025-08-20 14:11:00+05:30,25240.0,25245.0,25237.2,25240.0,2100
2025-08-20 14:12:00+05:30,25240.0,25243.6,25234.1,25235.2,3900
2025-08-20 14:13:00+05:30,25235.2,25239.9,25233.2,25238.2,3825
2025-08-20 14:14:00+05:30,25238.2,25238.2,25230.0,25230.2,2400
2025-08-20 14:15:00+05:30,25230.2,25234.0,25228.6,25230.1,1425
2025-08-20 14:16:00+05:30,25230.1,25231.9,25228.5,25228.6,2100
2025-08-20 14:17:00+05:30,25228.6,25230.0,25228.3,25229.1,975
2025-08-20 14:18:00+05:30,25229.1,25232.1,25228.7,25232.1,1725
2025-08-20 14:19:00+05:30,25232.1,25237.6,25232.1,25236.0,1125
2025-08-20 14:20:00+05:30,25236.0,25240.0,25235.5,25235.5,750
2025-08-20 14:21:00+05:30,25235.5,25240.0,25228.0,25229.9,1800
2025-08-20 14:22:00+05:30,25229.9,25235.0,25229.9,25232.1,1125
2025-08-20 14:23:00+05:30,25232.1,25234.6,25230.0,25233.5,1800
2025-08-20 14:24:00+05:30,25233.5,25236.1,25227.8,25229.2,1800
2025-08-20 14:25:00+05:30,25229.2,25231.2,25222.8,25223.0,825
2025-08-20 14:26:00+05:30,25223.0,25230.6,25223.0,25229.3,2100
2025-08-20 14:27:00+05:30,25229.1,25234.9,25229.1,25234.9,2025
2025-08-20 14:28:00+05:30,25234.9,25236.9,25231.1,25235.0,4125
2025-08-20 14:29:00+05:30,25235.0,25235.0,25226.7,25226.9,975
2025-08-20 14:30:00+05:30,25226.9,25227.9,25225.0,25225.0,1650
2025-08-20 14:31:00+05:30,25225.0,25225.0,25217.0,25222.8,3675
2025-08-20 14:32:00+05:30,25222.8,25227.9,25222.7,25225.0,3300
2025-08-20 14:33:00+05:30,25225.0,25229.9,25224.6,25228.0,1200
2025-08-20 14:34:00+05:30,25228.0,25233.1,25228.0,25229.2,1200
2025-08-20 14:35:00+05:30,25229.2,25234.0,25229.2,25234.0,525
2025-08-20 14:36:00+05:30,25234.0,25234.9,25231.8,25232.5,1125
2025-08-20 14:37:00+05:30,25232.5,25234.0,25229.9,25231.7,2475
2025-08-20 14:38:00+05:30,25231.7,25238.0,25231.7,25235.9,2325
2025-08-20 14:39:00+05:30,25235.9,25236.8,25233.2,25235.8,2850
2025-08-20 14:40:00+05:30,25233.2,25240.0,25233.2,25240.0,2325
2025-08-20 14:41:00+05:30,25240.0,25240.0,25235.0,25239.0,2925
2025-08-20 14:42:00+05:30,25239.0,25241.0,25234.3,25234.3,2925
2025-08-20 14:43:00+05:30,25234.3,25239.0,25234.3,25237.0,3150
2025-08-20 14:44:00+05:30,25237.0,25242.0,25235.0,25242.0,2625
2025-08-20 14:45:00+05:30,25242.0,25242.8,25234.6,25242.0,3150
2025-08-20 14:46:00+05:30,25242.0,25242.0,25233.4,25233.4,2325
2025-08-20 14:47:00+05:30,25233.4,25239.0,25231.2,25235.0,4425
2025-08-20 14:48:00+05:30,25235.0,25240.0,25235.0,25235.0,3825
2025-08-20 14:49:00+05:30,25235.0,25240.0,25234.6,25240.0,900
2025-08-20 14:50:00+05:30,25240.0,25240.0,25235.0,25240.0,3600
2025-08-20 14:51:00+05:30,25240.0,25240.0,25235.2,25235.2,1050
2025-08-20 14:52:00+05:30,25239.0,25244.7,25235.5,25244.7,7725
2025-08-20 14:53:00+05:30,25244.7,25244.7,25238.3,25242.1,1725
2025-08-20 14:54:00+05:30,25242.1,25243.3,25234.0,25234.0,2625
2025-08-20 14:55:00+05:30,25234.0,25240.0,25232.3,25235.0,2475
2025-08-20 14:56:00+05:30,25235.0,25240.0,25233.9,25234.5,3000
2025-08-20 14:57:00+05:30,25234.5,25243.1,25234.5,25239.9,3375
2025-08-20 14:58:00+05:30,25239.9,25239.9,25232.2,25232.2,3825
2025-08-20 14:59:00+05:30,25232.2,25242.0,25232.2,25237.9,3450
2025-08-20 15:00:00+05:30,25237.9,25237.9,25235.7,25237.6,1050
2025-08-20 15:01:00+05:30,25237.6,25237.6,25231.1,25231.1,2475
2025-08-20 15:02:00+05:30,25231.1,25232.0,25230.0,25230.0,2400
2025-08-20 15:03:00+05:30,25230.0,25232.0,25230.0,25232.0,825
2025-08-20 15:04:00+05:30,25232.0,25237.8,25230.0,25230.0,3000
2025-08-20 15:05:00+05:30,25230.0,25235.0,25230.0,25234.0,600
2025-08-20 15:06:00+05:30,25234.0,25234.0,25231.0,25234.0,900
2025-08-20 15:07:00+05:30,25234.0,25235.0,25233.4,25235.0,750
2025-08-20 15:08:00+05:30,25236.0,25239.9,25235.0,25239.9,1800
2025-08-20 15:09:00+05:30,25239.9,25240.0,25235.0,25235.0,975
2025-08-20 15:10:00+05:30,25235.0,25238.0,25235.0,25235.0,2025
2025-08-20 15:11:00+05:30,25235.0,25235.0,25233.0,25234.8,375
2025-08-20 15:12:00+05:30,25234.8,25234.8,25227.0,25229.7,1425
2025-08-20 15:13:00+05:30,25229.7,25230.0,25225.0,25225.0,1650
2025-08-20 15:14:00+05:30,25225.0,25233.7,25225.0,25225.1,1500
2025-08-20 15:15:00+05:30,25225.1,25226.8,25222.0,25226.5,1425
2025-08-20 15:16:00+05:30,25226.5,25227.5,25218.0,25225.0,4200
2025-08-20 15:17:00+05:30,25225.0,25225.0,25220.0,25221.0,1650
2025-08-20 15:18:00+05:30,25220.0,25227.5,25220.0,25226.7,6675
2025-08-20 15:19:00+05:30,25226.7,25227.1,25220.2,25225.6,2400
2025-08-20 15:20:00+05:30,25225.6,25226.2,25222.0,25225.2,2775
2025-08-20 15:21:00+05:30,25225.2,25226.0,25221.0,25225.8,4200
2025-08-20 15:22:00+05:30,25225.8,25227.2,25222.0,25222.0,2550
2025-08-20 15:23:00+05:30,25226.1,25226.1,25220.2,25220.6,2325
2025-08-20 15:24:00+05:30,25220.6,25226.1,25220.3,25225.0,1875
2025-08-20 15:25:00+05:30,25225.0,25226.9,25221.0,25226.9,1275
2025-08-20 15:26:00+05:30,25226.9,25226.9,25221.0,25225.9,2775
2025-08-20 15:27:00+05:30,25221.0,25226.2,25220.2,25221.0,2775
2025-08-20 15:28:00+05:30,25221.0,25225.5,25221.0,25225.0,2325
2025-08-20 15:29:00+05:30,25225.0,25226.8,25222.0,25222.1,5175
2025-08-21 09:15:00+05:30,25258.9,25280.0,25255.5,25255.5,10950
2025-08-21 09:16:00+05:30,25255.5,25263.0,25252.3,25260.0,4725
2025-08-21 09:17:00+05:30,25260.0,25260.0,25250.0,25255.0,3900
2025-08-21 09:18:00+05:30,25255.0,25259.0,25252.0,25257.9,3000
2025-08-21 09:19:00+05:30,25257.9,25258.0,25250.0,25250.5,3600
2025-08-21 09:20:00+05:30,25253.7,25254.0,25246.5,25246.5,10350
2025-08-21 09:21:00+05:30,25246.5,25255.0,25246.5,25251.6,4050
2025-08-21 09:22:00+05:30,25251.6,25258.0,25250.0,25252.7,3675
2025-08-21 09:23:00+05:30,25252.7,25253.2,25240.0,25240.0,3225
2025-08-21 09:24:00+05:30,25240.0,25240.0,25232.7,25236.0,3975
2025-08-21 09:25:00+05:30,25236.0,25240.0,25232.0,25240.0,1875
2025-08-21 09:26:00+05:30,25240.0,25250.0,25238.7,25250.0,3750
2025-08-21 09:27:00+05:30,25250.0,25250.0,25240.0,25240.0,2475
2025-08-21 09:28:00+05:30,25240.0,25245.8,25237.2,25245.8,2550
2025-08-21 09:29:00+05:30,25245.8,25245.8,25236.0,25240.0,1650
2025-08-21 09:30:00+05:30,25240.0,25248.8,25240.0,25247.6,2100
2025-08-21 09:31:00+05:30,25247.6,25250.0,25242.6,25250.0,2250
2025-08-21 09:32:00+05:30,25250.0,25251.0,25247.0,25249.1,1500
2025-08-21 09:33:00+05:30,25252.0,25260.0,25249.2,25259.9,2625
2025-08-21 09:34:00+05:30,25259.9,25259.9,25245.0,25245.0,2175
2025-08-21 09:35:00+05:30,25245.0,25250.0,25244.4,25247.2,1875
2025-08-21 09:36:00+05:30,25247.2,25249.6,25240.0,25247.3,2475
2025-08-21 09:37:00+05:30,25247.3,25247.3,25241.2,25244.4,750
2025-08-21 09:38:00+05:30,25244.4,25244.4,25235.0,25235.0,2550
2025-08-21 09:39:00+05:30,25235.0,25235.0,25227.0,25227.9,4575
2025-08-21 09:40:00+05:30,25227.9,25234.5,25226.6,25226.6,2025
2025-08-21 09:41:00+05:30,25226.6,25230.0,25226.0,25226.0,1425
2025-08-21 09:42:00+05:30,25226.0,25233.4,25225.9,25227.9,2925
2025-08-21 09:43:00+05:30,25227.9,25235.2,25227.9,25233.0,2250
2025-08-21 09:44:00+05:30,25233.0,25233.0,25229.6,25230.1,1500
2025-08-21 09:45:00+05:30,25230.1,25233.0,25230.0,25230.0,1200
2025-08-21 09:46:00+05:30,25235.0,25240.5,25233.2,25237.7,3450
2025-08-21 09:47:00+05:30,25237.7,25247.2,25237.7,25240.6,1950
2025-08-21 09:48:00+05:30,25240.6,25257.1,25240.6,25257.1,4575
2025-08-21 09:49:00+05:30,25257.1,25259.9,25251.9,25259.9,1575
2025-08-21 09:50:00+05:30,25259.9,25259.9,25252.0,25253.3,2400
2025-08-21 09:51:00+05:30,25253.3,25260.0,25253.3,25258.0,4725
2025-08-21 09:52:00+05:30,25258.0,25260.0,25255.0,25259.9,1575
2025-08-21 09:53:00+05:30,25259.9,25260.0,25256.1,25259.8,1050
2025-08-21 09:54:00+05:30,25259.8,25265.0,25259.8,25260.0,4800
2025-08-21 09:55:00+05:30,25260.0,25267.5,25260.0,25267.5,750
2025-08-21 09:56:00+05:30,25267.5,25267.5,25260.0,25265.0,900
2025-08-21 09:57:00+05:30,25265.0,25265.0,25260.0,25265.0,825
2025-08-21 09:58:00+05:30,25263.0,25272.0,25263.0,25272.0,5850
2025-08-21 09:59:00+05:30,25272.0,25280.6,25272.0,25275.9,12675
2025-08-21 10:00:00+05:30,25275.9,25275.9,25271.5,25274.0,4275
2025-08-21 10:01:00+05:30,25274.0,25280.0,25274.0,25275.1,4350
2025-08-21 10:02:00+05:30,25275.1,25283.9,25274.9,25275.9,3975
2025-08-21 10:03:00+05:30,25279.2,25289.0,25279.2,25289.0,4950
2025-08-21 10:04:00+05:30,25289.0,25298.8,25289.0,25298.8,8250
2025-08-21 10:05:00+05:30,25298.8,25308.3,25296.6,25297.2,20025
2025-08-21 10:06:00+05:30,25297.2,25305.4,25291.9,25299.2,9600
2025-08-21 10:07:00+05:30,25299.2,25299.2,25290.7,25293.0,2325
2025-08-21 10:08:00+05:30,25293.0,25293.4,25286.2,25286.6,3000
2025-08-21 10:09:00+05:30,25286.6,25293.9,25286.6,25288.4,2475
2025-08-21 10:10:00+05:30,25288.4,25294.0,25288.0,25290.0,750
2025-08-21 10:11:00+05:30,25290.0,25295.0,25290.0,25293.9,600
2025-08-21 10:12:00+05:30,25293.9,25294.5,25290.0,25293.8,825
2025-08-21 10:13:00+05:30,25293.8,25293.8,25284.6,25287.0,1125
2025-08-21 10:14:00+05:30,25287.0,25289.1,25283.6,25289.1,900
2025-08-21 10:15:00+05:30,25289.1,25295.0,25287.0,25295.0,4275
2025-08-21 10:16:00+05:30,25295.0,25298.2,25285.5,25285.5,1050
2025-08-21 10:17:00+05:30,25285.5,25291.9,25285.0,25290.8,1725
2025-08-21 10:18:00+05:30,25290.8,25298.2,25290.8,25298.2,600
2025-08-21 10:19:00+05:30,25298.2,25300.0,25294.7,25294.7,1800
2025-08-21 10:20:00+05:30,25294.7,25301.6,25294.7,25297.3,1575
2025-08-21 10:21:00+05:30,25297.3,25300.0,25291.4,25291.4,825
2025-08-21 10:22:00+05:30,25291.4,25295.0,25290.0,25295.0,1050
2025-08-21 10:23:00+05:30,25295.0,25300.0,25295.0,25300.0,750
2025-08-21 10:24:00+05:30,25300.0,25300.0,25293.7,25293.7,3675
2025-08-21 10:25:00+05:30,25293.7,25299.5,25293.7,25294.5,4425
2025-08-21 10:26:00+05:30,25294.5,25300.0,25294.5,25300.0,3075
2025-08-21 10:27:00+05:30,25300.0,25306.0,25298.7,25306.0,3975
2025-08-21 10:28:00+05:30,25306.0,25307.7,25303.6,25303.7,2400
2025-08-21 10:29:00+05:30,25303.7,25303.7,25300.0,25300.0,975
2025-08-21 10:30:00+05:30,25300.0,25309.0,25300.0,25306.7,3225
2025-08-21 10:31:00+05:30,25306.7,25309.0,25300.3,25305.0,4425
2025-08-21 10:32:00+05:30,25305.0,25310.0,25304.7,25307.0,3825
2025-08-21 10:33:00+05:30,25307.0,25310.0,25304.9,25310.0,2100
2025-08-21 10:34:00+05:30,25310.0,25310.0,25305.3,25308.0,1875
2025-08-21 10:35:00+05:30,25308.0,25310.0,25306.0,25308.0,1875
2025-08-21 10:36:00+05:30,25308.0,25309.0,25300.0,25300.0,2400
2025-08-21 10:37:00+05:30,25300.0,25303.8,25298.0,25303.0,3600
2025-08-21 10:38:00+05:30,25303.0,25303.8,25299.1,25302.9,2925
2025-08-21 10:39:00+05:30,25302.9,25303.0,25298.0,25303.0,3900
2025-08-21 10:40:00+05:30,25303.0,25303.0,25298.7,25301.3,2025
2025-08-21 10:41:00+05:30,25301.3,25304.7,25300.2,25304.7,2025
2025-08-21 10:42:00+05:30,25304.7,25305.0,25300.5,25304.9,2100
2025-08-21 10:43:00+05:30,25304.9,25305.0,25300.0,25300.0,1950
2025-08-21 10:44:00+05:30,25300.0,25301.8,25296.1,25299.0,3150
2025-08-21 10:45:00+05:30,25299.0,25299.0,25290.5,25294.6,6975
2025-08-21 10:46:00+05:30,25294.6,25301.0,25294.6,25300.0,2325
2025-08-21 10:47:00+05:30,25300.0,25301.8,25300.0,25300.2,2475
2025-08-21 10:48:00+05:30,25300.2,25305.0,25300.0,25300.5,4875
2025-08-21 10:49:00+05:30,25300.5,25302.0,25296.0,25296.0,9975
2025-08-21 10:50:00+05:30,25296.0,25299.8,25295.9,25299.8,750
2025-08-21 10:51:00+05:30,25299.8,25299.8,25292.9,25292.9,1125
2025-08-21 10:52:00+05:30,25292.9,25294.0,25290.7,25293.9,1575
2025-08-21 10:53:00+05:30,25293.9,25295.7,25293.9,25295.7,900
2025-08-21 10:54:00+05:30,25295.7,25298.0,25293.9,25298.0,750
2025-08-21 10:55:00+05:30,25298.0,25298.0,25293.0,25293.0,150
2025-08-21 10:56:00+05:30,25293.0,25297.7,25292.7,25297.7,1275
2025-08-21 10:57:00+05:30,25297.7,25297.7,25295.0,25295.1,1200
2025-08-21 10:58:00+05:30,25295.1,25297.7,25292.0,25292.0,1275
2025-08-21 10:59:00+05:30,25292.0,25297.1,25292.0,25297.1,825
2025-08-21 11:00:00+05:30,25297.1,25302.0,25295.1,25298.1,3150
2025-08-21 11:01:00+05:30,25298.1,25301.9,25290.6,25295.0,1500
2025-08-21 11:02:00+05:30,25295.0,25295.0,25286.0,25290.6,2175
2025-08-21 11:03:00+05:30,25290.6,25290.6,25286.0,25287.1,1125
2025-08-21 11:04:00+05:30,25287.1,25287.1,25284.0,25284.8,1425
2025-08-21 11:05:00+05:30,25284.8,25285.7,25281.0,25284.8,2400
2025-08-21 11:06:00+05:30,25284.9,25289.2,25284.6,25286.3,975
2025-08-21 11:07:00+05:30,25286.3,25289.9,25284.6,25284.7,1875
2025-08-21 11:08:00+05:30,25284.7,25290.0,25284.1,25289.6,3375
2025-08-21 11:09:00+05:30,25289.6,25290.9,25285.8,25287.5,1950
2025-08-21 11:10:00+05:30,25287.5,25294.7,25287.4,25294.7,1050
2025-08-21 11:11:00+05:30,25294.7,25294.7,25284.9,25287.5,3675
2025-08-21 11:12:00+05:30,25287.5,25287.6,25287.0,25287.0,750
2025-08-21 11:13:00+05:30,25287.0,25289.9,25285.1,25285.1,900
2025-08-21 11:14:00+05:30,25285.1,25289.9,25285.1,25289.9,750
2025-08-21 11:15:00+05:30,25289.9,25291.0,25287.9,25288.0,825
2025-08-21 11:16:00+05:30,25288.0,25292.9,25286.6,25287.9,975
2025-08-21 11:17:00+05:30,25287.9,25290.1,25285.8,25288.1,525
2025-08-21 11:18:00+05:30,25288.1,25296.1,25288.1,25293.9,2400
2025-08-21 11:19:00+05:30,25293.9,25295.9,25293.9,25295.8,675
2025-08-21 11:20:00+05:30,25295.8,25299.8,25295.0,25299.0,900
2025-08-21 11:21:00+05:30,25299.0,25305.0,25299.0,25301.2,1875
2025-08-21 11:22:00+05:30,25301.2,25306.6,25300.2,25306.5,750
2025-08-21 11:23:00+05:30,25306.5,25306.5,25300.9,25302.0,1350
2025-08-21 11:24:00+05:30,25302.0,25302.0,25302.0,25302.0,2550
2025-08-21 11:25:00+05:30,25302.0,25302.9,25297.7,25297.7,2400
2025-08-21 11:26:00+05:30,25297.7,25303.0,25296.0,25296.3,3000
2025-08-21 11:27:00+05:30,25296.3,25296.3,25291.8,25293.6,1200
2025-08-21 11:28:00+05:30,25293.6,25295.0,25292.3,25295.0,750
2025-08-21 11:29:00+05:30,25295.0,25295.0,25290.0,25290.5,2250
2025-08-21 11:30:00+05:30,25290.0,25290.3,25284.4,25285.7,3525
2025-08-21 11:31:00+05:30,25285.7,25290.7,25284.6,25284.6,2100
2025-08-21 11:32:00+05:30,25284.6,25289.9,25279.5,25280.0,2700
2025-08-21 11:33:00+05:30,25280.0,25288.0,25279.9,25288.0,1500
2025-08-21 11:34:00+05:30,25288.0,25288.0,25280.9,25284.5,1800
2025-08-21 11:35:00+05:30,25284.5,25286.7,25282.0,25283.7,2325
2025-08-21 11:36:00+05:30,25283.7,25289.7,25283.7,25284.4,1875
2025-08-21 11:37:00+05:30,25284.4,25291.8,25283.7,25286.0,4575
2025-08-21 11:38:00+05:30,25286.0,25294.9,25286.0,25288.1,3600
2025-08-21 11:39:00+05:30,25288.1,25293.8,25288.1,25289.0,300
2025-08-21 11:40:00+05:30,25289.0,25295.6,25289.0,25294.0,900
2025-08-21 11:41:00+05:30,25294.0,25294.7,25289.9,25292.0,975
2025-08-21 11:42:00+05:30,25292.0,25295.0,25292.0,25295.0,525
2025-08-21 11:43:00+05:30,25295.0,25295.6,25290.0,25290.0,1650
2025-08-21 11:44:00+05:30,25290.0,25296.9,25287.0,25292.0,2250
2025-08-21 11:45:00+05:30,25292.0,25296.7,25291.6,25294.2,1425
2025-08-21 11:46:00+05:30,25294.2,25294.8,25286.3,25286.3,2325
2025-08-21 11:47:00+05:30,25286.3,25290.1,25283.0,25283.1,2175
2025-08-21 11:48:00+05:30,25283.1,25288.6,25280.4,25284.7,1725
2025-08-21 11:49:00+05:30,25284.7,25287.7,25280.0,25285.1,900
2025-08-21 11:50:00+05:30,25285.1,25285.1,25278.0,25279.7,1500
2025-08-21 11:51:00+05:30,25279.7,25282.4,25279.7,25282.0,600
2025-08-21 11:52:00+05:30,25282.0,25282.0,25279.0,25279.3,1575
2025-08-21 11:53:00+05:30,25279.3,25283.0,25277.8,25277.8,1575
2025-08-21 11:54:00+05:30,25277.8,25279.5,25272.2,25277.7,5175
2025-08-21 11:55:00+05:30,25277.7,25277.7,25271.8,25274.9,4425
2025-08-21 11:56:00+05:30,25274.9,25275.6,25270.8,25270.8,7650
2025-08-21 11:57:00+05:30,25270.8,25280.0,25270.5,25277.6,2250
2025-08-21 11:58:00+05:30,25277.6,25280.7,25277.6,25277.6,375
2025-08-21 11:59:00+05:30,25277.6,25280.2,25277.5,25277.6,900
2025-08-21 12:00:00+05:30,25277.6,25280.0,25276.0,25276.0,825
2025-08-21 12:01:00+05:30,25276.0,25277.0,25270.0,25276.1,4575
2025-08-21 12:02:00+05:30,25276.1,25276.1,25273.0,25276.0,1800
2025-08-21 12:03:00+05:30,25276.0,25278.0,25275.0,25278.0,1950
2025-08-21 12:04:00+05:30,25278.0,25285.0,25278.0,25282.7,5325
2025-08-21 12:05:00+05:30,25282.7,25284.7,25280.0,25282.3,1050
2025-08-21 12:06:00+05:30,25282.3,25287.7,25282.3,25287.7,3000
2025-08-21 12:07:00+05:30,25287.7,25290.7,25286.8,25286.9,1575
2025-08-21 12:08:00+05:30,25286.9,25289.4,25286.7,25286.7,750
2025-08-21 12:09:00+05:30,25286.7,25286.7,25283.8,25286.6,600
2025-08-21 12:10:00+05:30,25286.6,25286.6,25275.6,25277.7,2625
2025-08-21 12:11:00+05:30,25277.7,25281.3,25277.7,25277.7,300
2025-08-21 12:12:00+05:30,25277.7,25278.5,25275.3,25278.1,375
2025-08-21 12:13:00+05:30,25278.1,25280.3,25276.8,25277.0,675
2025-08-21 12:14:00+05:30,25277.0,25280.3,25277.0,25280.3,225
2025-08-21 12:15:00+05:30,25280.3,25280.3,25273.8,25275.0,975
2025-08-21 12:16:00+05:30,25275.0,25275.6,25272.8,25275.6,1350
2025-08-21 12:17:00+05:30,25275.6,25275.7,25268.8,25268.9,3825
2025-08-21 12:18:00+05:30,25268.9,25270.6,25266.8,25269.0,7050
2025-08-21 12:19:00+05:30,25269.0,25273.6,25267.6,25271.4,3150
2025-08-21 12:20:00+05:30,25271.4,25273.2,25268.6,25272.3,1875
2025-08-21 12:21:00+05:30,25272.3,25279.9,25271.7,25274.3,3000
2025-08-21 12:22:00+05:30,25274.3,25280.0,25274.0,25274.0,2325
2025-08-21 12:23:00+05:30,25274.0,25277.0,25274.0,25277.0,1200
2025-08-21 12:24:00+05:30,25277.0,25278.1,25275.0,25275.6,2775
2025-08-21 12:25:00+05:30,25275.6,25275.6,25272.5,25272.8,2250
2025-08-21 12:26:00+05:30,25272.8,25275.0,25272.8,25275.0,1125
2025-08-21 12:27:00+05:30,25275.0,25275.0,25267.4,25267.9,6000
2025-08-21 12:28:00+05:30,25269.6,25269.6,25261.0,25262.0,7350
2025-08-21 12:29:00+05:30,25262.0,25265.6,25257.1,25260.0,6450
2025-08-21 12:30:00+05:30,25260.0,25262.4,25253.7,25255.0,7500
2025-08-21 12:31:00+05:30,25255.0,25263.0,25255.0,25256.0,3525
2025-08-21 12:32:00+05:30,25256.0,25268.5,25256.0,25265.6,2925
2025-08-21 12:33:00+05:30,25265.6,25279.6,25264.0,25278.2,7200
2025-08-21 12:34:00+05:30,25278.2,25278.2,25269.7,25276.9,3600
2025-08-21 12:35:00+05:30,25276.9,25279.3,25271.3,25276.3,2625
2025-08-21 12:36:00+05:30,25276.3,25287.0,25276.3,25286.4,2775
2025-08-21 12:37:00+05:30,25286.4,25289.8,25280.5,25289.7,2700
2025-08-21 12:38:00+05:30,25289.7,25294.1,25289.7,25292.0,2775
2025-08-21 12:39:00+05:30,25292.0,25293.6,25287.6,25289.6,2925
2025-08-21 12:40:00+05:30,25289.6,25289.6,25285.0,25287.7,1950
2025-08-21 12:41:00+05:30,25287.7,25290.7,25286.8,25289.4,2175
2025-08-21 12:42:00+05:30,25289.4,25291.0,25283.3,25290.7,2100
2025-08-21 12:43:00+05:30,25290.7,25291.2,25283.8,25291.0,2100
2025-08-21 12:44:00+05:30,25291.0,25291.0,25282.8,25287.7,2100
2025-08-21 12:45:00+05:30,25287.7,25291.2,25287.6,25290.7,2025
2025-08-21 12:46:00+05:30,25290.7,25295.0,25285.1,25295.0,3525
2025-08-21 12:47:00+05:30,25295.0,25295.0,25287.8,25288.8,1800
2025-08-21 12:48:00+05:30,25288.8,25295.0,25288.8,25292.4,2175
2025-08-21 12:49:00+05:30,25292.4,25296.8,25292.4,25295.4,2325
2025-08-21 12:50:00+05:30,25295.4,25296.5,25292.0,25293.0,1950
2025-08-21 12:51:00+05:30,25293.0,25293.0,25290.1,25290.1,225
2025-08-21 12:52:00+05:30,25290.1,25290.1,25280.0,25281.5,1500
2025-08-21 12:53:00+05:30,25283.2,25283.2,25278.1,25278.4,2550
2025-08-21 12:54:00+05:30,25278.4,25286.4,25278.3,25283.0,8100
2025-08-21 12:55:00+05:30,25283.0,25283.5,25277.0,25277.0,1050
2025-08-21 12:56:00+05:30,25277.0,25284.5,25277.0,25284.5,300
2025-08-21 12:57:00+05:30,25284.5,25284.5,25283.8,25284.3,150
2025-08-21 12:58:00+05:30,25284.3,25284.3,25280.0,25280.0,300
2025-08-21 12:59:00+05:30,25280.0,25284.7,25278.9,25281.1,525
2025-08-21 13:00:00+05:30,25281.1,25284.1,25279.3,25279.3,525
2025-08-21 13:01:00+05:30,25279.3,25279.3,25277.4,25278.3,750
2025-08-21 13:02:00+05:30,25278.3,25279.6,25277.0,25279.6,450
2025-08-21 13:03:00+05:30,25279.6,25282.4,25279.6,25282.3,300
2025-08-21 13:04:00+05:30,25282.3,25285.0,25282.3,25285.0,225
2025-08-21 13:05:00+05:30,25285.0,25285.1,25283.0,25285.1,450
2025-08-21 13:06:00+05:30,25285.1,25286.9,25283.0,25283.1,525
2025-08-21 13:07:00+05:30,25283.1,25286.5,25283.1,25286.5,525
2025-08-21 13:08:00+05:30,25286.5,25287.0,25285.0,25285.0,1425
2025-08-21 13:09:00+05:30,25285.0,25286.0,25283.0,25286.0,225
2025-08-21 13:10:00+05:30,25286.0,25286.0,25283.1,25283.1,300
2025-08-21 13:11:00+05:30,25283.1,25283.1,25283.0,25283.0,375
2025-08-21 13:12:00+05:30,25283.0,25283.5,25283.0,25283.5,300
2025-08-21 13:13:00+05:30,25283.5,25286.8,25283.5,25286.8,825
2025-08-21 13:14:00+05:30,25286.8,25286.8,25282.2,25283.5,975
2025-08-21 13:15:00+05:30,25283.5,25283.9,25281.0,25281.0,1275
2025-08-21 13:16:00+05:30,25281.0,25282.0,25279.1,25280.9,675
2025-08-21 13:17:00+05:30,25280.9,25285.0,25280.9,25285.0,675
2025-08-21 13:18:00+05:30,25285.0,25285.1,25283.8,25283.8,450
2025-08-21 13:19:00+05:30,25283.8,25283.8,25281.8,25281.8,75
2025-08-21 13:20:00+05:30,25281.8,25283.0,25280.2,25280.2,1875
2025-08-21 13:21:00+05:30,25280.2,25283.1,25276.3,25280.0,825
2025-08-21 13:22:00+05:30,25280.0,25280.0,25275.0,25275.0,525
2025-08-21 13:23:00+05:30,25275.0,25276.0,25274.0,25274.0,825
2025-08-21 13:24:00+05:30,25274.0,25279.3,25271.1,25278.9,2100
2025-08-21 13:25:00+05:30,25278.9,25278.9,25273.5,25274.3,1125
2025-08-21 13:26:00+05:30,25274.3,25279.0,25274.0,25274.0,3300
2025-08-21 13:27:00+05:30,25274.0,25274.0,25270.0,25270.0,3300
2025-08-21 13:28:00+05:30,25270.0,25270.7,25265.1,25268.7,3075
2025-08-21 13:29:00+05:30,25268.7,25270.1,25264.0,25268.6,9675
2025-08-21 13:30:00+05:30,25268.6,25272.3,25266.7,25269.9,6600
2025-08-21 13:31:00+05:30,25269.9,25273.4,25266.6,25266.6,1800
2025-08-21 13:32:00+05:30,25266.6,25270.5,25265.8,25269.9,2400
2025-08-21 13:33:00+05:30,25266.7,25273.4,25263.0,25263.0,2925
2025-08-21 13:34:00+05:30,25263.0,25268.3,25260.0,25268.3,6450
2025-08-21 13:35:00+05:30,25268.3,25268.3,25262.6,25264.9,4275
2025-08-21 13:36:00+05:30,25264.9,25270.0,25261.1,25263.0,11250
2025-08-21 13:37:00+05:30,25263.0,25264.8,25260.0,25260.0,2325
2025-08-21 13:38:00+05:30,25260.0,25263.1,25258.6,25262.6,7125
2025-08-21 13:39:00+05:30,25262.6,25262.6,25255.8,25257.6,6825
2025-08-21 13:40:00+05:30,25257.6,25258.4,25255.0,25256.9,7275
2025-08-21 13:41:00+05:30,25256.9,25257.1,25245.7,25245.7,9000
2025-08-21 13:42:00+05:30,25245.7,25251.9,25241.4,25247.8,6750
2025-08-21 13:43:00+05:30,25247.8,25255.3,25246.6,25249.7,11175
2025-08-21 13:44:00+05:30,25249.3,25259.4,25249.0,25258.1,10050
2025-08-21 13:45:00+05:30,25258.1,25264.8,25253.8,25261.3,7200
2025-08-21 13:46:00+05:30,25261.3,25265.8,25255.3,25255.7,5850
2025-08-21 13:47:00+05:30,25260.0,25261.6,25255.0,25261.2,1875
2025-08-21 13:48:00+05:30,25261.2,25270.0,25261.1,25263.9,4050
2025-08-21 13:49:00+05:30,25263.9,25275.5,25263.9,25274.2,3600
2025-08-21 13:50:00+05:30,25274.2,25275.5,25270.6,25271.6,2700
2025-08-21 13:51:00+05:30,25271.6,25278.7,25270.8,25272.2,2025
2025-08-21 13:52:00+05:30,25272.2,25280.8,25272.0,25273.5,4875
2025-08-21 13:53:00+05:30,25273.5,25283.6,25273.5,25279.0,2175
2025-08-21 13:54:00+05:30,25279.0,25283.5,25272.7,25274.6,2100
2025-08-21 13:55:00+05:30,25274.6,25280.0,25274.4,25280.0,3150
2025-08-21 13:56:00+05:30,25280.0,25280.0,25270.1,25270.4,3000
2025-08-21 13:57:00+05:30,25270.4,25276.0,25270.0,25275.8,9975
2025-08-21 13:58:00+05:30,25275.8,25280.3,25275.8,25280.3,3150
2025-08-21 13:59:00+05:30,25280.3,25280.8,25279.1,25279.8,8550
2025-08-21 14:00:00+05:30,25279.8,25285.6,25279.8,25284.5,2025
2025-08-21 14:01:00+05:30,25284.5,25285.0,25280.0,25285.0,1350
2025-08-21 14:02:00+05:30,25285.0,25290.6,25285.0,25290.1,2700
2025-08-21 14:03:00+05:30,25290.1,25290.1,25282.6,25285.5,1050
2025-08-21 14:04:00+05:30,25285.5,25285.5,25280.0,25282.4,2925
2025-08-21 14:05:00+05:30,25282.4,25289.1,25281.8,25287.0,2175
2025-08-21 14:06:00+05:30,25287.0,25288.7,25283.5,25286.2,825
2025-08-21 14:07:00+05:30,25286.2,25291.0,25282.3,25282.3,1350
2025-08-21 14:08:00+05:30,25282.3,25285.9,25282.3,25285.9,600
2025-08-21 14:09:00+05:30,25285.9,25290.6,25284.3,25290.0,1575
2025-08-21 14:10:00+05:30,25290.0,25291.1,25284.2,25286.3,1650
2025-08-21 14:11:00+05:30,25286.3,25286.6,25286.3,25286.6,2025
2025-08-21 14:12:00+05:30,25286.6,25286.6,25283.3,25285.6,225
2025-08-21 14:13:00+05:30,25285.6,25286.0,25285.0,25285.1,525
2025-08-21 14:14:00+05:30,25285.1,25291.0,25285.1,25290.2,6000
2025-08-21 14:15:00+05:30,25290.2,25300.0,25290.2,25298.4,17250
2025-08-21 14:16:00+05:30,25298.4,25305.0,25292.5,25305.0,6975
2025-08-21 14:17:00+05:30,25305.0,25310.9,25301.9,25303.0,11100
2025-08-21 14:18:00+05:30,25303.0,25305.5,25295.4,25300.0,5550
2025-08-21 14:19:00+05:30,25300.0,25302.8,25298.7,25302.8,2475
2025-08-21 14:20:00+05:30,25302.8,25305.0,25301.9,25305.0,900
2025-08-21 14:21:00+05:30,25305.0,25305.0,25300.0,25300.0,1275
2025-08-21 14:22:00+05:30,25300.0,25301.9,25298.0,25298.0,6675
2025-08-21 14:23:00+05:30,25298.0,25300.0,25293.0,25300.0,9225
2025-08-21 14:24:00+05:30,25300.0,25301.3,25296.7,25298.0,2325
2025-08-21 14:25:00+05:30,25298.0,25301.2,25298.0,25299.1,1650
2025-08-21 14:26:00+05:30,25299.1,25300.0,25294.4,25295.5,3450
2025-08-21 14:27:00+05:30,25295.5,25296.0,25290.8,25292.3,1275
2025-08-21 14:28:00+05:30,25292.3,25296.0,25291.4,25292.5,5325
2025-08-21 14:29:00+05:30,25292.5,25296.0,25292.5,25296.0,2925
2025-08-21 14:30:00+05:30,25296.0,25296.0,25292.0,25293.3,1425
2025-08-21 14:31:00+05:30,25293.3,25293.3,25285.0,25285.0,1575
2025-08-21 14:32:00+05:30,25285.0,25292.0,25285.0,25289.0,6075
2025-08-21 14:33:00+05:30,25289.0,25295.0,25286.6,25294.8,11325
2025-08-21 14:34:00+05:30,25295.1,25299.0,25294.0,25294.0,3000
2025-08-21 14:35:00+05:30,25294.0,25294.0,25285.0,25285.0,2625
2025-08-21 14:36:00+05:30,25285.0,25285.0,25278.7,25282.6,4725
2025-08-21 14:37:00+05:30,25282.6,25282.6,25276.0,25281.0,5775
2025-08-21 14:38:00+05:30,25281.0,25281.3,25275.4,25279.8,8100
2025-08-21 14:39:00+05:30,25278.6,25280.9,25276.6,25278.5,1950
2025-08-21 14:40:00+05:30,25278.5,25283.6,25276.3,25283.6,975
2025-08-21 14:41:00+05:30,25283.6,25283.6,25273.5,25279.1,5175
2025-08-21 14:42:00+05:30,25279.1,25281.0,25275.4,25276.8,1425
2025-08-21 14:43:00+05:30,25276.8,25281.3,25276.8,25280.0,4800
2025-08-21 14:44:00+05:30,25280.0,25282.7,25277.7,25277.7,2250
2025-08-21 14:45:00+05:30,25277.7,25283.1,25272.7,25277.6,1575
2025-08-21 14:46:00+05:30,25277.6,25283.5,25277.6,25283.5,2625
2025-08-21 14:47:00+05:30,25283.5,25283.5,25281.2,25282.0,900
2025-08-21 14:48:00+05:30,25282.0,25282.0,25278.8,25278.8,750
2025-08-21 14:49:00+05:30,25278.8,25278.8,25273.5,25275.1,1125
2025-08-21 14:50:00+05:30,25275.1,25277.2,25274.8,25275.1,1125
2025-08-21 14:51:00+05:30,25275.1,25278.8,25275.1,25278.8,75
2025-08-21 14:52:00+05:30,25278.8,25280.0,25277.0,25280.0,750
2025-08-21 14:53:00+05:30,25280.0,25281.2,25278.0,25278.0,1125
2025-08-21 14:54:00+05:30,25278.0,25281.0,25278.0,25280.5,3750
2025-08-21 14:55:00+05:30,25280.5,25280.5,25276.0,25276.0,225
2025-08-21 14:56:00+05:30,25276.0,25278.8,25272.7,25274.0,750
2025-08-21 14:57:00+05:30,25274.0,25278.4,25274.0,25274.7,2325
2025-08-21 14:58:00+05:30,25274.7,25277.6,25272.0,25277.6,675
2025-08-21 14:59:00+05:30,25277.6,25282.0,25277.0,25280.0,1425
2025-08-21 15:00:00+05:30,25280.0,25283.1,25273.0,25273.0,675
2025-08-21 15:01:00+05:30,25273.0,25273.8,25270.1,25270.1,525
2025-08-21 15:02:00+05:30,25270.1,25275.6,25270.1,25275.6,375
2025-08-21 15:03:00+05:30,25275.6,25275.8,25270.0,25275.8,1050
2025-08-21 15:04:00+05:30,25275.8,25278.1,25272.0,25272.0,1650
2025-08-21 15:05:00+05:30,25272.0,25275.0,25270.0,25275.0,1275
2025-08-21 15:06:00+05:30,25275.0,25275.0,25270.0,25270.0,2325
2025-08-21 15:07:00+05:30,25270.0,25272.8,25265.0,25265.9,1950
2025-08-21 15:08:00+05:30,25265.9,25269.1,25265.0,25269.1,2250
2025-08-21 15:09:00+05:30,25269.1,25269.9,25265.0,25265.0,900
2025-08-21 15:10:00+05:30,25265.0,25267.7,25261.1,25262.6,3450
2025-08-21 15:11:00+05:30,25262.6,25269.9,25262.5,25269.9,3450
2025-08-21 15:12:00+05:30,25269.9,25270.0,25262.0,25270.0,3750
2025-08-21 15:13:00+05:30,25270.0,25270.0,25270.0,25270.0,750
2025-08-21 15:14:00+05:30,25270.0,25270.0,25264.6,25270.0,900
2025-08-21 15:15:00+05:30,25270.0,25270.0,25262.6,25265.0,1425
2025-08-21 15:16:00+05:30,25265.0,25269.0,25261.5,25265.0,2325
2025-08-21 15:17:00+05:30,25265.0,25269.7,25261.7,25268.3,10500
2025-08-21 15:18:00+05:30,25268.3,25268.3,25260.0,25260.0,6600
2025-08-21 15:19:00+05:30,25260.0,25265.0,25260.0,25265.0,6300
2025-08-21 15:20:00+05:30,25265.0,25265.0,25260.0,25260.1,7875
2025-08-21 15:21:00+05:30,25260.1,25263.1,25259.9,25260.0,6675
2025-08-21 15:22:00+05:30,25260.0,25260.0,25255.0,25256.0,9900
2025-08-21 15:23:00+05:30,25258.9,25262.4,25255.0,25262.0,2925
2025-08-21 15:24:00+05:30,25262.0,25262.4,25256.1,25262.2,12000
2025-08-21 15:25:00+05:30,25262.2,25262.2,25257.5,25260.0,13050
2025-08-21 15:26:00+05:30,25260.0,25260.0,25255.0,25256.1,5700
2025-08-21 15:27:00+05:30,25256.1,25259.0,25252.0,25252.0,6750
2025-08-21 15:28:00+05:30,25252.0,25258.4,25252.0,25255.2,3750
2025-08-21 15:29:00+05:30,25255.2,25258.9,25252.0,25255.0,5025
2025-08-22 09:15:00+05:30,25234.9,25234.9,25190.0,25197.6,17775
2025-08-22 09:16:00+05:30,25197.6,25206.5,25195.0,25200.3,9525
2025-08-22 09:17:00+05:30,25200.3,25200.3,25181.1,25190.0,20400
2025-08-22 09:18:00+05:30,25188.4,25195.3,25180.9,25180.9,8325
2025-08-22 09:19:00+05:30,25180.9,25184.8,25175.0,25175.0,11175
2025-08-22 09:20:00+05:30,25175.0,25175.0,25156.0,25167.2,31125
2025-08-22 09:21:00+05:30,25167.2,25169.0,25157.0,25160.0,16875
2025-08-22 09:22:00+05:30,25160.0,25172.0,25158.1,25171.5,55275
2025-08-22 09:23:00+05:30,25171.5,25175.7,25163.6,25163.6,14400
2025-08-22 09:24:00+05:30,25163.6,25164.5,25155.9,25155.9,22125
2025-08-22 09:25:00+05:30,25155.9,25160.0,25151.9,25154.0,12000
2025-08-22 09:26:00+05:30,25154.0,25156.0,25149.0,25152.6,20100
2025-08-22 09:27:00+05:30,25152.6,25159.9,25150.3,25159.9,25800
2025-08-22 09:28:00+05:30,25159.9,25159.9,25150.0,25150.1,9525
2025-08-22 09:29:00+05:30,25150.1,25157.8,25142.2,25142.2,15375
2025-08-22 09:30:00+05:30,25142.2,25144.6,25136.0,25140.0,13725
2025-08-22 09:31:00+05:30,25140.0,25140.0,25113.3,25116.0,21075
2025-08-22 09:32:00+05:30,25112.9,25115.8,25109.0,25115.7,18225
2025-08-22 09:33:00+05:30,25115.7,25119.9,25112.0,25115.0,12525
2025-08-22 09:34:00+05:30,25115.0,25129.6,25112.1,25129.6,11025
2025-08-22 09:35:00+05:30,25129.6,25134.4,25125.0,25130.1,11625
2025-08-22 09:36:00+05:30,25130.4,25133.9,25118.1,25133.9,9375
2025-08-22 09:37:00+05:30,25133.9,25133.9,25121.3,25122.4,5925
2025-08-22 09:38:00+05:30,25122.4,25128.5,25120.0,25120.0,11325
2025-08-22 09:39:00+05:30,25120.0,25122.5,25120.0,25122.0,5625
2025-08-22 09:40:00+05:30,25122.0,25130.0,25118.0,25130.0,5025
2025-08-22 09:41:00+05:30,25130.0,25138.8,25125.0,25138.2,6150
2025-08-22 09:42:00+05:30,25138.2,25138.3,25130.5,25133.0,4875
2025-08-22 09:43:00+05:30,25134.1,25134.1,25124.4,25128.9,3825
2025-08-22 09:44:00+05:30,25128.9,25137.0,25128.9,25137.0,3300
2025-08-22 09:45:00+05:30,25137.0,25137.9,25130.1,25134.9,4575
2025-08-22 09:46:00+05:30,25134.9,25139.2,25130.0,25137.1,2400
2025-08-22 09:47:00+05:30,25137.1,25140.0,25130.0,25138.9,3900
2025-08-22 09:48:00+05:30,25138.9,25138.9,25124.0,25124.0,12225
2025-08-22 09:49:00+05:30,25124.0,25129.2,25121.1,25126.0,3300
2025-08-22 09:50:00+05:30,25126.0,25129.2,25121.0,25121.0,8925
2025-08-22 09:51:00+05:30,25121.0,25121.0,25110.1,25116.0,6975
2025-08-22 09:52:00+05:30,25116.0,25130.0,25116.0,25125.6,3450
2025-08-22 09:53:00+05:30,25125.6,25135.0,25125.1,25133.8,3450
2025-08-22 09:54:00+05:30,25133.8,25135.9,25125.0,25125.0,3300
2025-08-22 09:55:00+05:30,25125.0,25127.1,25110.0,25110.0,4800
2025-08-22 09:56:00+05:30,25110.0,25116.0,25110.0,25111.9,4050
2025-08-22 09:57:00+05:30,25111.9,25116.1,25105.0,25110.0,10425
2025-08-22 09:58:00+05:30,25110.0,25125.0,25109.2,25122.9,1800
2025-08-22 09:59:00+05:30,25122.9,25126.6,25112.8,25112.8,6375
2025-08-22 10:00:00+05:30,25112.8,25119.0,25110.5,25111.5,1800
2025-08-22 10:01:00+05:30,25111.5,25119.9,25106.6,25106.6,5775
2025-08-22 10:02:00+05:30,25106.6,25119.1,25105.0,25105.0,9975
2025-08-22 10:03:00+05:30,25105.0,25111.5,25100.0,25106.2,17700
2025-08-22 10:04:00+05:30,25106.2,25119.0,25106.2,25119.0,2550
2025-08-22 10:05:00+05:30,25119.0,25123.0,25111.0,25123.0,3825
2025-08-22 10:06:00+05:30,25123.0,25128.3,25118.0,25126.7,1275
2025-08-22 10:07:00+05:30,25126.7,25126.8,25118.7,25125.0,3375
2025-08-22 10:08:00+05:30,25125.0,25127.6,25120.0,25127.6,1575
2025-08-22 10:09:00+05:30,25127.6,25128.1,25121.2,25121.9,6900
2025-08-22 10:10:00+05:30,25121.9,25128.0,25120.0,25120.0,3150
2025-08-22 10:11:00+05:30,25120.0,25129.8,25120.0,25120.2,3075
2025-08-22 10:12:00+05:30,25120.2,25126.1,25120.0,25125.6,1725
2025-08-22 10:13:00+05:30,25125.6,25131.0,25122.3,25126.3,10425
2025-08-22 10:14:00+05:30,25126.3,25126.3,25114.2,25114.2,2100
2025-08-22 10:15:00+05:30,25114.2,25121.9,25110.0,25115.2,3900
2025-08-22 10:16:00+05:30,25115.2,25115.2,25103.0,25106.0,8700
2025-08-22 10:17:00+05:30,25105.3,25112.0,25091.0,25094.5,12525
2025-08-22 10:18:00+05:30,25094.5,25097.8,25091.0,25091.0,7725
2025-08-22 10:19:00+05:30,25091.0,25092.0,25083.1,25092.0,9600
2025-08-22 10:20:00+05:30,25092.0,25098.2,25088.8,25096.1,3675
2025-08-22 10:21:00+05:30,25096.1,25096.1,25087.0,25091.9,13275
2025-08-22 10:22:00+05:30,25091.9,25093.9,25082.6,25082.6,7050
2025-08-22 10:23:00+05:30,25082.6,25090.1,25080.0,25088.4,8175
2025-08-22 10:24:00+05:30,25088.4,25088.4,25080.6,25083.0,4050
2025-08-22 10:25:00+05:30,25083.0,25087.1,25082.0,25087.0,2325
2025-08-22 10:26:00+05:30,25087.0,25097.9,25080.0,25097.5,6150
2025-08-22 10:27:00+05:30,25097.5,25097.5,25092.2,25096.7,4575
2025-08-22 10:28:00+05:30,25096.7,25102.8,25096.7,25101.2,4275
2025-08-22 10:29:00+05:30,25101.2,25105.4,25095.8,25095.8,6975
2025-08-22 10:30:00+05:30,25095.8,25099.9,25092.0,25092.1,1275
2025-08-22 10:31:00+05:30,25092.1,25098.9,25090.0,25090.0,3600
2025-08-22 10:32:00+05:30,25090.0,25097.3,25087.2,25088.0,2475
2025-08-22 10:33:00+05:30,25088.0,25093.6,25087.6,25090.9,2250
2025-08-22 10:34:00+05:30,25090.9,25092.9,25087.3,25090.0,1650
2025-08-22 10:35:00+05:30,25090.0,25091.0,25087.3,25087.9,2775
2025-08-22 10:36:00+05:30,25087.9,25097.8,25087.9,25095.8,1650
2025-08-22 10:37:00+05:30,25095.8,25099.7,25093.0,25093.0,4050
2025-08-22 10:38:00+05:30,25093.0,25093.0,25087.3,25087.3,5250
2025-08-22 10:39:00+05:30,25087.3,25090.8,25085.0,25090.6,1800
2025-08-22 10:40:00+05:30,25090.6,25090.6,25075.2,25075.2,7050
2025-08-22 10:41:00+05:30,25075.2,25080.3,25072.0,25075.0,8475
2025-08-22 10:42:00+05:30,25075.0,25078.9,25072.0,25078.9,20175
2025-08-22 10:43:00+05:30,25078.9,25083.0,25072.6,25081.0,4725
2025-08-22 10:44:00+05:30,25082.4,25084.3,25076.0,25079.9,4950
2025-08-22 10:45:00+05:30,25079.9,25079.9,25074.0,25079.9,2700
2025-08-22 10:46:00+05:30,25079.9,25087.5,25079.9,25083.9,1275
2025-08-22 10:47:00+05:30,25083.9,25083.9,25074.0,25078.8,2475
2025-08-22 10:48:00+05:30,25078.8,25078.8,25066.2,25066.2,11775
2025-08-22 10:49:00+05:30,25066.2,25079.0,25066.2,25079.0,2175
2025-08-22 10:50:00+05:30,25079.0,25079.0,25073.1,25077.8,1800
2025-08-22 10:51:00+05:30,25077.8,25078.0,25072.9,25077.8,2250
2025-08-22 10:52:00+05:30,25077.8,25080.0,25075.1,25075.9,1050
2025-08-22 10:53:00+05:30,25075.9,25077.9,25075.1,25075.9,1725
2025-08-22 10:54:00+05:30,25075.9,25077.8,25070.9,25075.9,2325
2025-08-22 10:55:00+05:30,25075.9,25075.9,25070.9,25075.0,2475
2025-08-22 10:56:00+05:30,25075.0,25079.8,25075.0,25079.3,3450
2025-08-22 10:57:00+05:30,25079.3,25079.3,25070.1,25070.1,9450
2025-08-22 10:58:00+05:30,25070.1,25079.4,25070.1,25077.0,7800
2025-08-22 10:59:00+05:30,25077.0,25079.0,25072.1,25073.3,12000
2025-08-22 11:00:00+05:30,25073.3,25079.8,25066.0,25069.2,9225
2025-08-22 11:01:00+05:30,25066.0,25074.8,25061.0,25068.0,4800
2025-08-22 11:02:00+05:30,25068.0,25084.7,25067.7,25084.7,6600
2025-08-22 11:03:00+05:30,25084.7,25088.9,25082.0,25082.0,2100
2025-08-22 11:04:00+05:30,25082.0,25090.0,25082.0,25082.0,2325
2025-08-22 11:05:00+05:30,25082.0,25090.0,25079.8,25086.0,2175
2025-08-22 11:06:00+05:30,25086.0,25088.2,25083.1,25087.6,1125
2025-08-22 11:07:00+05:30,25087.6,25087.6,25081.0,25084.0,1275
2025-08-22 11:08:00+05:30,25084.0,25087.0,25084.0,25087.0,2100
2025-08-22 11:09:00+05:30,25087.0,25096.6,25087.0,25090.0,4950
2025-08-22 11:10:00+05:30,25090.0,25093.6,25085.0,25085.9,2100
2025-08-22 11:11:00+05:30,25085.9,25090.0,25085.0,25086.0,3525
2025-08-22 11:12:00+05:30,25086.0,25088.0,25081.0,25083.9,5475
2025-08-22 11:13:00+05:30,25083.9,25083.9,25077.3,25079.9,5700
2025-08-22 11:14:00+05:30,25079.9,25079.9,25076.8,25077.0,4425
2025-08-22 11:15:00+05:30,25077.0,25078.0,25071.0,25071.0,10425
2025-08-22 11:16:00+05:30,25071.0,25071.0,25066.2,25070.0,6450
2025-08-22 11:17:00+05:30,25070.0,25070.0,25059.0,25062.0,10650
2025-08-22 11:18:00+05:30,25062.0,25075.2,25062.0,25073.0,6825
2025-08-22 11:19:00+05:30,25073.0,25078.9,25068.3,25078.9,6075
2025-08-22 11:20:00+05:30,25078.9,25087.5,25074.1,25086.0,6300
2025-08-22 11:21:00+05:30,25086.0,25090.0,25086.0,25087.0,5550
2025-08-22 11:22:00+05:30,25087.0,25094.4,25087.0,25090.0,4350
2025-08-22 11:23:00+05:30,25090.0,25094.1,25085.3,25093.7,2625
2025-08-22 11:24:00+05:30,25093.7,25094.3,25088.0,25090.2,4950
2025-08-22 11:25:00+05:30,25090.2,25091.8,25084.8,25084.9,2700
2025-08-22 11:26:00+05:30,25084.9,25084.9,25084.5,25084.9,4575
2025-08-22 11:27:00+05:30,25084.9,25090.0,25084.9,25087.6,4275
2025-08-22 11:28:00+05:30,25087.6,25092.3,25085.9,25089.9,2025
2025-08-22 11:29:00+05:30,25089.9,25089.9,25083.5,25083.9,2625
2025-08-22 11:30:00+05:30,25083.9,25094.0,25083.9,25090.9,1275
2025-08-22 11:31:00+05:30,25090.9,25090.9,25088.4,25088.4,1200
2025-08-22 11:32:00+05:30,25088.4,25088.4,25083.9,25084.9,1725
2025-08-22 11:33:00+05:30,25084.9,25084.9,25082.1,25082.1,1275
2025-08-22 11:34:00+05:30,25082.1,25088.9,25082.1,25086.7,2025
2025-08-22 11:35:00+05:30,25086.7,25087.7,25083.7,25083.7,3900
2025-08-22 11:36:00+05:30,25083.7,25089.0,25082.3,25082.4,1350
2025-08-22 11:37:00+05:30,25082.4,25090.9,25082.4,25090.0,825
2025-08-22 11:38:00+05:30,25090.0,25092.0,25089.8,25092.0,675
2025-08-22 11:39:00+05:30,25092.0,25096.6,25092.0,25094.9,1125
2025-08-22 11:40:00+05:30,25094.9,25097.9,25092.0,25097.9,825
2025-08-22 11:41:00+05:30,25097.9,25102.9,25095.0,25102.9,3150
2025-08-22 11:42:00+05:30,25102.9,25102.9,25095.1,25096.0,1425
2025-08-22 11:43:00+05:30,25096.0,25098.8,25092.1,25098.8,1200
2025-08-22 11:44:00+05:30,25098.8,25102.0,25097.8,25099.0,1425
2025-08-22 11:45:00+05:30,25099.0,25099.0,25094.0,25095.6,1050
2025-08-22 11:46:00+05:30,25095.6,25100.0,25094.0,25094.0,1050
2025-08-22 11:47:00+05:30,25094.0,25103.0,25094.0,25103.0,1875
2025-08-22 11:48:00+05:30,25103.0,25103.9,25100.0,25103.0,1275
2025-08-22 11:49:00+05:30,25103.0,25103.0,25095.5,25095.5,1350
2025-08-22 11:50:00+05:30,25095.5,25101.1,25095.5,25099.6,3375
2025-08-22 11:51:00+05:30,25099.6,25102.0,25097.4,25100.0,2400
2025-08-22 11:52:00+05:30,25100.0,25103.0,25095.0,25095.0,8700
2025-08-22 11:53:00+05:30,25095.0,25100.0,25094.2,25100.0,825
2025-08-22 11:54:00+05:30,25100.0,25103.9,25094.7,25099.7,2700
2025-08-22 11:55:00+05:30,25099.7,25104.8,25099.0,25103.3,750
2025-08-22 11:56:00+05:30,25103.3,25103.3,25098.0,25098.0,675
2025-08-22 11:57:00+05:30,25098.0,25105.0,25098.0,25100.0,1125
2025-08-22 11:58:00+05:30,25100.0,25104.5,25100.0,25104.5,2325
2025-08-22 11:59:00+05:30,25104.5,25105.8,25104.0,25105.8,825
2025-08-22 12:00:00+05:30,25105.8,25111.0,25100.2,25100.2,5100
2025-08-22 12:01:00+05:30,25100.2,25106.2,25100.0,25100.0,900
2025-08-22 12:02:00+05:30,25100.0,25104.0,25095.1,25097.1,900
2025-08-22 12:03:00+05:30,25097.1,25104.9,25093.9,25104.9,1725
2025-08-22 12:04:00+05:30,25104.9,25109.9,25100.0,25109.9,1275
2025-08-22 12:05:00+05:30,25109.9,25109.9,25100.0,25103.8,1425
2025-08-22 12:06:00+05:30,25103.8,25103.8,25093.7,25094.0,900
2025-08-22 12:07:00+05:30,25094.0,25096.9,25090.0,25090.0,1500
2025-08-22 12:08:00+05:30,25090.0,25090.0,25086.0,25090.0,1875
2025-08-22 12:09:00+05:30,25090.0,25097.8,25090.0,25097.8,1275
2025-08-22 12:10:00+05:30,25097.8,25097.8,25095.0,25095.0,2400
2025-08-22 12:11:00+05:30,25095.0,25095.0,25085.0,25085.0,2100
2025-08-22 12:12:00+05:30,25085.0,25085.0,25076.5,25084.3,3600
2025-08-22 12:13:00+05:30,25084.3,25084.8,25076.9,25078.6,825
2025-08-22 12:14:00+05:30,25078.6,25083.4,25078.6,25078.9,1800
2025-08-22 12:15:00+05:30,25078.9,25079.0,25077.3,25077.3,2100
2025-08-22 12:16:00+05:30,25077.3,25082.9,25077.3,25082.9,3600
2025-08-22 12:17:00+05:30,25082.9,25082.9,25078.3,25080.0,1500
2025-08-22 12:18:00+05:30,25080.0,25080.2,25075.0,25077.2,1575
2025-08-22 12:19:00+05:30,25077.2,25078.9,25075.0,25078.9,975
2025-08-22 12:20:00+05:30,25078.9,25078.9,25075.0,25077.5,1800
2025-08-22 12:21:00+05:30,25077.5,25080.1,25077.5,25078.1,1875
2025-08-22 12:22:00+05:30,25078.1,25079.0,25075.8,25078.0,2250
2025-08-22 12:23:00+05:30,25078.0,25083.6,25078.0,25083.6,2175
2025-08-22 12:24:00+05:30,25083.6,25083.6,25075.0,25077.0,1425
2025-08-22 12:25:00+05:30,25077.0,25077.0,25072.0,25072.0,1800
2025-08-22 12:26:00+05:30,25072.0,25078.6,25072.0,25075.0,675
2025-08-22 12:27:00+05:30,25075.0,25081.8,25075.0,25081.0,900
2025-08-22 12:28:00+05:30,25081.0,25083.9,25081.0,25083.9,450
2025-08-22 12:29:00+05:30,25083.9,25088.7,25083.9,25088.7,600
2025-08-22 12:30:00+05:30,25088.7,25089.5,25080.0,25080.0,1200
2025-08-22 12:31:00+05:30,25080.0,25092.0,25080.0,25082.2,750
2025-08-22 12:32:00+05:30,25082.2,25082.2,25078.1,25078.1,900
2025-08-22 12:33:00+05:30,25078.1,25087.9,25078.1,25087.9,1500
2025-08-22 12:34:00+05:30,25087.9,25094.0,25087.2,25094.0,1350
2025-08-22 12:35:00+05:30,25094.0,25094.0,25086.4,25088.7,1050
2025-08-22 12:36:00+05:30,25088.7,25092.0,25086.1,25086.1,375
2025-08-22 12:37:00+05:30,25090.1,25090.1,25086.0,25086.0,225
2025-08-22 12:38:00+05:30,25086.0,25086.0,25080.0,25083.4,375
2025-08-22 12:39:00+05:30,25083.4,25083.4,25075.3,25075.3,1050
2025-08-22 12:40:00+05:30,25075.3,25076.2,25071.0,25071.0,675
2025-08-22 12:41:00+05:30,25071.0,25072.4,25070.1,25072.4,900
2025-08-22 12:42:00+05:30,25072.4,25072.4,25072.1,25072.4,300
2025-08-22 12:43:00+05:30,25072.4,25080.0,25072.4,25080.0,600
2025-08-22 12:44:00+05:30,25080.0,25087.9,25080.0,25087.7,3300
2025-08-22 12:45:00+05:30,25087.7,25087.7,25079.6,25080.0,375
2025-08-22 12:46:00+05:30,25080.0,25085.2,25080.0,25085.0,675
2025-08-22 12:47:00+05:30,25085.0,25086.2,25085.0,25086.2,225
2025-08-22 12:48:00+05:30,25086.2,25086.2,25085.8,25086.2,1125
2025-08-22 12:49:00+05:30,25086.2,25086.2,25080.1,25080.3,450
2025-08-22 12:50:00+05:30,25080.3,25088.0,25080.3,25087.0,1575
2025-08-22 12:51:00+05:30,25087.0,25090.7,25085.0,25085.0,1275
2025-08-22 12:52:00+05:30,25085.0,25086.9,25080.9,25081.8,3225
2025-08-22 12:53:00+05:30,25081.8,25088.0,25081.8,25083.0,600
2025-08-22 12:54:00+05:30,25083.0,25085.0,25083.0,25085.0,750
2025-08-22 12:55:00+05:30,25085.0,25085.0,25080.4,25081.6,975
2025-08-22 12:56:00+05:30,25081.6,25084.5,25080.0,25080.0,1275
2025-08-22 12:57:00+05:30,25080.0,25080.0,25077.0,25078.4,900
2025-08-22 12:58:00+05:30,25075.9,25075.9,25073.3,25073.3,1950
2025-08-22 12:59:00+05:30,25073.3,25078.8,25073.0,25073.3,975
2025-08-22 13:00:00+05:30,25073.3,25080.0,25071.4,25080.0,3750
2025-08-22 13:01:00+05:30,25080.0,25080.0,25074.6,25076.0,675
2025-08-22 13:02:00+05:30,25076.0,25077.3,25076.0,25077.3,225
2025-08-22 13:03:00+05:30,25077.3,25078.3,25075.0,25075.0,450
2025-08-22 13:04:00+05:30,25075.0,25078.0,25075.0,25078.0,675
2025-08-22 13:05:00+05:30,25078.0,25078.0,25070.7,25070.7,6525
2025-08-22 13:06:00+05:30,25074.0,25074.0,25070.0,25070.0,3675
2025-08-22 13:07:00+05:30,25070.0,25072.0,25069.3,25070.0,3000
2025-08-22 13:08:00+05:30,25070.0,25076.4,25070.0,25073.0,1650
2025-08-22 13:09:00+05:30,25073.0,25075.0,25072.4,25072.4,450
2025-08-22 13:10:00+05:30,25072.4,25082.0,25070.7,25082.0,2850
2025-08-22 13:11:00+05:30,25082.0,25085.4,25076.3,25081.0,1875
2025-08-22 13:12:00+05:30,25081.0,25082.9,25078.6,25078.6,2775
2025-08-22 13:13:00+05:30,25078.6,25078.6,25071.7,25071.9,600
2025-08-22 13:14:00+05:30,25071.9,25077.6,25071.9,25077.6,375
2025-08-22 13:15:00+05:30,25077.6,25083.5,25077.6,25083.5,525
2025-08-22 13:16:00+05:30,25083.5,25085.3,25077.5,25079.0,2325
2025-08-22 13:17:00+05:30,25079.0,25081.5,25077.0,25081.5,750
2025-08-22 13:18:00+05:30,25081.5,25081.5,25077.0,25077.0,375
2025-08-22 13:19:00+05:30,25077.0,25081.6,25075.5,25081.6,2400
2025-08-22 13:20:00+05:30,25081.6,25081.6,25077.0,25077.0,1350
2025-08-22 13:21:00+05:30,25077.0,25080.7,25077.0,25078.0,300
2025-08-22 13:22:00+05:30,25078.0,25085.0,25078.0,25081.0,525
2025-08-22 13:23:00+05:30,25081.0,25091.7,25081.0,25090.4,2175
2025-08-22 13:24:00+05:30,25090.4,25094.8,25090.4,25094.8,750
2025-08-22 13:25:00+05:30,25094.8,25097.0,25094.6,25097.0,2250
2025-08-22 13:26:00+05:30,25097.0,25098.9,25091.9,25097.9,1800
2025-08-22 13:27:00+05:30,25097.9,25099.0,25097.9,25097.9,450
2025-08-22 13:28:00+05:30,25097.9,25100.0,25093.4,25093.4,1500
2025-08-22 13:29:00+05:30,25093.4,25093.9,25088.6,25090.0,1650
2025-08-22 13:30:00+05:30,25090.0,25093.0,25090.0,25092.0,1425
2025-08-22 13:31:00+05:30,25092.0,25095.7,25086.0,25087.1,2925
2025-08-22 13:32:00+05:30,25087.1,25097.2,25087.1,25092.2,2400
2025-08-22 13:33:00+05:30,25092.2,25095.0,25087.5,25095.0,300
2025-08-22 13:34:00+05:30,25095.0,25095.0,25092.9,25092.9,300
2025-08-22 13:35:00+05:30,25092.9,25103.8,25092.9,25103.8,2025
2025-08-22 13:36:00+05:30,25103.8,25105.0,25098.4,25105.0,1125
2025-08-22 13:37:00+05:30,25105.0,25116.8,25105.0,25107.8,5250
2025-08-22 13:38:00+05:30,25107.8,25112.0,25105.8,25108.6,2250
2025-08-22 13:39:00+05:30,25108.6,25108.6,25105.0,25105.0,675
2025-08-22 13:40:00+05:30,25105.0,25106.0,25100.8,25101.0,2025
2025-08-22 13:41:00+05:30,25101.0,25110.0,25101.0,25110.0,1125
2025-08-22 13:42:00+05:30,25110.0,25110.0,25104.7,25105.0,825
2025-08-22 13:43:00+05:30,25105.0,25105.0,25099.0,25103.0,2550
2025-08-22 13:44:00+05:30,25103.0,25104.0,25100.0,25100.0,1050
2025-08-22 13:45:00+05:30,25100.0,25104.0,25099.0,25099.0,1575
2025-08-22 13:46:00+05:30,25099.0,25099.0,25090.0,25091.0,2550
2025-08-22 13:47:00+05:30,25091.0,25094.9,25090.2,25094.9,600
2025-08-22 13:48:00+05:30,25094.9,25099.0,25094.9,25099.0,900
2025-08-22 13:49:00+05:30,25099.0,25101.0,25093.7,25100.3,1725
2025-08-22 13:50:00+05:30,25100.3,25100.3,25094.7,25095.5,975
2025-08-22 13:51:00+05:30,25095.5,25100.6,25095.4,25095.4,600
2025-08-22 13:52:00+05:30,25100.2,25100.2,25097.0,25097.1,750
2025-08-22 13:53:00+05:30,25097.1,25097.1,25092.4,25096.9,1275
2025-08-22 13:54:00+05:30,25096.9,25097.5,25093.9,25093.9,1125
2025-08-22 13:55:00+05:30,25093.9,25101.9,25091.9,25091.9,11175
2025-08-22 13:56:00+05:30,25091.9,25092.2,25091.9,25092.0,750
2025-08-22 13:57:00+05:30,25092.0,25092.0,25087.5,25090.0,1125
2025-08-22 13:58:00+05:30,25090.0,25091.5,25086.7,25088.2,750
2025-08-22 13:59:00+05:30,25088.2,25090.0,25087.2,25087.2,675
2025-08-22 14:00:00+05:30,25087.2,25089.1,25080.1,25080.1,1950
2025-08-22 14:01:00+05:30,25080.1,25086.9,25080.1,25081.4,1050
2025-08-22 14:02:00+05:30,25081.4,25082.0,25081.0,25081.0,525
2025-08-22 14:03:00+05:30,25081.0,25081.8,25081.0,25081.8,1725
2025-08-22 14:04:00+05:30,25081.8,25082.0,25077.8,25080.6,1650
2025-08-22 14:05:00+05:30,25080.6,25083.0,25078.3,25078.3,675
2025-08-22 14:06:00+05:30,25078.3,25084.8,25077.0,25081.0,2325
2025-08-22 14:07:00+05:30,25081.0,25083.4,25081.0,25081.4,1875
2025-08-22 14:08:00+05:30,25081.4,25086.0,25081.4,25086.0,900
2025-08-22 14:09:00+05:30,25086.0,25086.0,25084.8,25084.8,225
2025-08-22 14:10:00+05:30,25084.8,25084.8,25083.1,25084.0,300
2025-08-22 14:11:00+05:30,25084.0,25090.0,25084.0,25088.0,900
2025-08-22 14:12:00+05:30,25088.0,25088.0,25086.0,25086.0,675
2025-08-22 14:13:00+05:30,25086.0,25086.0,25078.1,25082.0,675
2025-08-22 14:14:00+05:30,25082.0,25082.0,25076.1,25076.1,900
2025-08-22 14:15:00+05:30,25076.1,25076.4,25070.0,25073.4,1575
2025-08-22 14:16:00+05:30,25073.4,25075.4,25072.0,25075.0,900
2025-08-22 14:17:00+05:30,25075.0,25075.0,25070.5,25070.5,825
2025-08-22 14:18:00+05:30,25070.5,25070.5,25060.0,25064.6,8025
2025-08-22 14:19:00+05:30,25064.6,25066.4,25060.0,25066.4,6075
2025-08-22 14:20:00+05:30,25066.4,25066.4,25058.3,25065.0,5925
2025-08-22 14:21:00+05:30,25065.0,25068.8,25065.0,25065.0,1350
2025-08-22 14:22:00+05:30,25065.0,25068.9,25060.7,25065.4,1875
2025-08-22 14:23:00+05:30,25065.4,25067.8,25065.0,25065.0,1200
2025-08-22 14:24:00+05:30,25065.0,25065.5,25055.0,25055.0,4500
2025-08-22 14:25:00+05:30,25055.0,25058.5,25050.0,25051.7,11925
2025-08-22 14:26:00+05:30,25050.0,25057.3,25050.0,25057.0,6450
2025-08-22 14:27:00+05:30,25057.0,25059.9,25052.5,25059.9,2100
2025-08-22 14:28:00+05:30,25059.9,25068.9,25059.9,25067.8,3375
2025-08-22 14:29:00+05:30,25067.8,25069.0,25062.4,25066.3,3450
2025-08-22 14:30:00+05:30,25066.3,25066.3,25058.1,25060.0,3375
2025-08-22 14:31:00+05:30,25060.0,25064.5,25057.6,25057.6,975
2025-08-22 14:32:00+05:30,25057.6,25062.0,25055.0,25058.6,1725
2025-08-22 14:33:00+05:30,25058.6,25058.6,25038.0,25044.0,12000
2025-08-22 14:34:00+05:30,25038.6,25043.9,25037.6,25038.0,5100
2025-08-22 14:35:00+05:30,25038.0,25046.9,25037.6,25042.6,2475
2025-08-22 14:36:00+05:30,25042.6,25045.4,25038.0,25038.0,2400
2025-08-22 14:37:00+05:30,25038.0,25043.5,25034.0,25038.1,4425
2025-08-22 14:38:00+05:30,25038.1,25044.9,25038.1,25038.7,1275
2025-08-22 14:39:00+05:30,25038.7,25046.1,25038.7,25046.1,2775
2025-08-22 14:40:00+05:30,25046.1,25048.8,25040.0,25044.0,4125
2025-08-22 14:41:00+05:30,25044.0,25050.1,25044.0,25050.1,2775
2025-08-22 14:42:00+05:30,25050.1,25055.0,25050.0,25050.0,2775
2025-08-22 14:43:00+05:30,25050.0,25050.0,25045.0,25048.2,750
2025-08-22 14:44:00+05:30,25048.2,25048.2,25045.0,25046.2,1950
2025-08-22 14:45:00+05:30,25046.2,25052.5,25046.2,25052.4,1875
2025-08-22 14:46:00+05:30,25052.0,25052.0,25042.0,25042.0,4650
2025-08-22 14:47:00+05:30,25042.0,25046.5,25042.0,25042.0,1200
2025-08-22 14:48:00+05:30,25042.0,25044.5,25041.0,25044.0,1125
2025-08-22 14:49:00+05:30,25044.0,25048.7,25042.0,25048.6,1350
2025-08-22 14:50:00+05:30,25048.6,25048.6,25042.0,25048.0,1125
2025-08-22 14:51:00+05:30,25048.0,25048.0,25041.2,25048.0,600
2025-08-22 14:52:00+05:30,25048.0,25050.0,25045.0,25045.0,825
2025-08-22 14:53:00+05:30,25045.0,25055.0,25045.0,25055.0,2025
2025-08-22 14:54:00+05:30,25055.0,25055.0,25050.0,25050.0,2850
2025-08-22 14:55:00+05:30,25050.0,25054.0,25050.0,25054.0,1575
2025-08-22 14:56:00+05:30,25054.0,25056.0,25051.7,25051.9,1650
2025-08-22 14:57:00+05:30,25051.9,25057.9,25050.1,25051.1,1350
2025-08-22 14:58:00+05:30,25051.1,25051.1,25050.0,25050.0,2550
2025-08-22 14:59:00+05:30,25050.0,25058.6,25050.0,25050.0,4800
2025-08-22 15:00:00+05:30,25050.0,25050.2,25039.0,25040.0,3900
2025-08-22 15:01:00+05:30,25040.0,25040.7,25035.3,25039.0,6600
2025-08-22 15:02:00+05:30,25039.0,25040.0,25034.6,25038.9,3525
2025-08-22 15:03:00+05:30,25038.9,25040.0,25032.6,25035.0,3750
2025-08-22 15:04:00+05:30,25035.0,25040.0,25033.7,25040.0,5475
2025-08-22 15:05:00+05:30,25040.0,25042.2,25040.0,25042.0,5850
2025-08-22 15:06:00+05:30,25042.0,25045.0,25035.6,25042.0,2250
2025-08-22 15:07:00+05:30,25041.0,25044.9,25038.9,25044.0,975
2025-08-22 15:08:00+05:30,25044.0,25044.0,25035.0,25035.0,2250
2025-08-22 15:09:00+05:30,25035.0,25040.0,25035.0,25040.0,1200
2025-08-22 15:10:00+05:30,25039.8,25043.7,25038.0,25039.9,1725
2025-08-22 15:11:00+05:30,25039.9,25041.0,25038.9,25040.0,8325
2025-08-22 15:12:00+05:30,25040.0,25040.0,25035.0,25035.0,5250
2025-08-22 15:13:00+05:30,25035.0,25040.0,25034.0,25036.6,3825
2025-08-22 15:14:00+05:30,25040.0,25044.9,25036.2,25044.9,4350
2025-08-22 15:15:00+05:30,25040.3,25047.7,25040.3,25044.0,2400
2025-08-22 15:16:00+05:30,25044.0,25050.0,25042.8,25046.0,6450
2025-08-22 15:17:00+05:30,25046.0,25048.1,25043.0,25045.0,2325
2025-08-22 15:18:00+05:30,25045.0,25045.0,25042.7,25043.0,2550
2025-08-22 15:19:00+05:30,25043.0,25048.3,25042.0,25048.3,3750
2025-08-22 15:20:00+05:30,25048.3,25049.6,25042.6,25042.6,3375
2025-08-22 15:21:00+05:30,25045.0,25049.0,25043.3,25048.1,4200
2025-08-22 15:22:00+05:30,25048.1,25048.4,25045.0,25045.6,4200
2025-08-22 15:23:00+05:30,25045.0,25046.9,25041.1,25045.0,4875
2025-08-22 15:24:00+05:30,25045.0,25045.0,25040.0,25043.5,8325
2025-08-22 15:25:00+05:30,25043.5,25044.1,25040.0,25040.7,7800
2025-08-22 15:26:00+05:30,25040.7,25042.8,25036.0,25039.0,24750
2025-08-22 15:27:00+05:30,25039.0,25042.0,25037.5,25039.0,3300
2025-08-22 15:28:00+05:30,25039.0,25042.0,25035.0,25039.5,12375
2025-08-22 15:29:00+05:30,25039.5,25040.0,25035.0,25037.0,11475
2025-08-25 09:15:00+05:30,25078.9,25097.8,25075.0,25077.2,14250
2025-08-25 09:16:00+05:30,25077.2,25084.0,25073.3,25078.0,15375
2025-08-25 09:17:00+05:30,25078.0,25087.0,25070.1,25087.0,9900
2025-08-25 09:18:00+05:30,25087.0,25087.0,25070.0,25074.5,5025
2025-08-25 09:19:00+05:30,25074.5,25074.5,25065.0,25069.9,7950
2025-08-25 09:20:00+05:30,25070.0,25073.0,25065.0,25071.7,4350
2025-08-25 09:21:00+05:30,25071.7,25085.0,25070.3,25083.0,11850
2025-08-25 09:22:00+05:30,25083.0,25085.0,25066.0,25066.0,5700
2025-08-25 09:23:00+05:30,25066.0,25083.2,25066.0,25080.0,3600
2025-08-25 09:24:00+05:30,25080.0,25085.0,25075.1,25085.0,5025
2025-08-25 09:25:00+05:30,25085.0,25089.5,25076.4,25084.6,8325
2025-08-25 09:26:00+05:30,25084.6,25085.9,25075.5,25085.9,5100
2025-08-25 09:27:00+05:30,25085.9,25097.7,25083.6,25091.9,10425
2025-08-25 09:28:00+05:30,25091.9,25099.0,25090.0,25098.0,3750
2025-08-25 09:29:00+05:30,25098.0,25099.9,25095.0,25099.9,5625
2025-08-25 09:30:00+05:30,25099.9,25107.0,25096.1,25096.1,12375
2025-08-25 09:31:00+05:30,25096.1,25105.1,25096.1,25104.1,5625
2025-08-25 09:32:00+05:30,25104.1,25104.1,25093.0,25100.0,6975
2025-08-25 09:33:00+05:30,25100.0,25100.0,25091.0,25100.0,1725
2025-08-25 09:34:00+05:30,25100.0,25112.8,25100.0,25108.9,12375
2025-08-25 09:35:00+05:30,25108.9,25115.1,25105.0,25111.0,9975
2025-08-25 09:36:00+05:30,25111.0,25115.6,25108.0,25110.0,6150
2025-08-25 09:37:00+05:30,25110.0,25115.3,25109.5,25109.5,6675
2025-08-25 09:38:00+05:30,25109.5,25120.0,25109.5,25113.8,10800
2025-08-25 09:39:00+05:30,25113.8,25124.6,25113.8,25119.0,10650
2025-08-25 09:40:00+05:30,25119.0,25124.1,25115.0,25120.0,9375
2025-08-25 09:41:00+05:30,25120.0,25123.8,25115.0,25117.0,4050
2025-08-25 09:42:00+05:30,25117.0,25120.0,25115.0,25116.8,1875
2025-08-25 09:43:00+05:30,25116.8,25123.4,25115.6,25123.4,5025
2025-08-25 09:44:00+05:30,25123.4,25125.0,25119.3,25124.8,8175
2025-08-25 09:45:00+05:30,25124.8,25125.0,25115.3,25120.0,3075
2025-08-25 09:46:00+05:30,25120.0,25120.0,25110.0,25110.0,5025
2025-08-25 09:47:00+05:30,25110.0,25114.9,25105.6,25109.5,5700
2025-08-25 09:48:00+05:30,25109.5,25114.3,25105.0,25114.3,4650
2025-08-25 09:49:00+05:30,25110.0,25110.5,25103.4,25105.0,2550
2025-08-25 09:50:00+05:30,25105.0,25106.0,25100.0,25105.2,7650
2025-08-25 09:51:00+05:30,25105.0,25107.6,25095.0,25095.0,5175
2025-08-25 09:52:00+05:30,25095.0,25099.9,25095.0,25098.9,1725
2025-08-25 09:53:00+05:30,25098.9,25102.7,25094.1,25102.7,5700
2025-08-25 09:54:00+05:30,25102.7,25104.0,25095.0,25104.0,3600
2025-08-25 09:55:00+05:30,25103.1,25110.0,25091.3,25093.3,7500
2025-08-25 09:56:00+05:30,25093.3,25096.2,25089.4,25096.2,6750
2025-08-25 09:57:00+05:30,25096.2,25103.3,25091.7,25098.8,5475
2025-08-25 09:58:00+05:30,25098.8,25098.8,25075.6,25075.6,18075
2025-08-25 09:59:00+05:30,25080.0,25085.9,25075.0,25082.0,8400
2025-08-25 10:00:00+05:30,25082.0,25087.9,25075.0,25075.0,6900
2025-08-25 10:01:00+05:30,25080.6,25086.0,25075.0,25085.0,4875
2025-08-25 10:02:00+05:30,25085.0,25085.0,25075.0,25075.0,5325
2025-08-25 10:03:00+05:30,25075.0,25080.0,25070.0,25079.8,8025
2025-08-25 10:04:00+05:30,25079.8,25082.0,25071.1,25072.5,5400
2025-08-25 10:05:00+05:30,25075.0,25078.7,25068.0,25070.7,15525
2025-08-25 10:06:00+05:30,25068.0,25072.3,25061.3,25067.0,7950
2025-08-25 10:07:00+05:30,25067.0,25069.8,25060.0,25069.7,6225
2025-08-25 10:08:00+05:30,25069.7,25069.7,25060.6,25065.0,2625
2025-08-25 10:09:00+05:30,25065.0,25068.6,25060.2,25060.2,3075
2025-08-25 10:10:00+05:30,25060.2,25067.0,25059.2,25060.0,3900
2025-08-25 10:11:00+05:30,25060.0,25068.8,25060.0,25067.5,2700
2025-08-25 10:12:00+05:30,25067.5,25070.0,25060.3,25061.4,1800
2025-08-25 10:13:00+05:30,25061.4,25064.9,25054.0,25054.0,6075
2025-08-25 10:14:00+05:30,25059.9,25064.9,25051.1,25064.9,7350
2025-08-25 10:15:00+05:30,25064.9,25065.0,25053.8,25055.3,2700
2025-08-25 10:16:00+05:30,25055.3,25055.4,25050.0,25050.0,44100
2025-08-25 10:17:00+05:30,25050.0,25058.9,25050.0,25057.6,65100
2025-08-25 10:18:00+05:30,25057.6,25065.0,25055.0,25063.9,8550
2025-08-25 10:19:00+05:30,25063.9,25075.0,25063.9,25075.0,12900
2025-08-25 10:20:00+05:30,25075.0,25084.9,25075.0,25078.0,7500
2025-08-25 10:21:00+05:30,25078.0,25080.2,25072.0,25080.0,27450
2025-08-25 10:22:00+05:30,25080.0,25084.2,25075.0,25079.7,4950
2025-08-25 10:23:00+05:30,25079.7,25086.0,25075.0,25086.0,5550
2025-08-25 10:24:00+05:30,25086.0,25086.0,25076.3,25078.5,5625
2025-08-25 10:25:00+05:30,25078.5,25084.0,25075.0,25079.7,8175
2025-08-25 10:26:00+05:30,25079.7,25085.9,25075.0,25077.0,9000
2025-08-25 10:27:00+05:30,25078.8,25078.8,25070.0,25070.0,5175
2025-08-25 10:28:00+05:30,25070.0,25070.9,25067.0,25069.7,3825
2025-08-25 10:29:00+05:30,25069.7,25069.9,25061.6,25061.7,9075
2025-08-25 10:30:00+05:30,25061.7,25068.9,25061.7,25067.9,3225
2025-08-25 10:31:00+05:30,25068.0,25087.9,25065.5,25083.5,10650
2025-08-25 10:32:00+05:30,25083.5,25085.0,25078.1,25080.7,9000
2025-08-25 10:33:00+05:30,25080.7,25088.3,25080.7,25087.3,2925
2025-08-25 10:34:00+05:30,25087.3,25089.0,25080.1,25080.1,285000
2025-08-25 10:35:00+05:30,25080.0,25089.9,25076.2,25089.9,16275
2025-08-25 10:36:00+05:30,25089.9,25095.9,25087.6,25091.0,20025
2025-08-25 10:37:00+05:30,25091.0,25098.0,25091.0,25097.4,164550
2025-08-25 10:38:00+05:30,25097.4,25099.9,25093.9,25099.8,3825
2025-08-25 10:39:00+05:30,25099.8,25100.0,25097.0,25100.0,4500
2025-08-25 10:40:00+05:30,25100.0,25101.4,25095.0,25095.0,3600
2025-08-25 10:41:00+05:30,25095.0,25100.0,25093.9,25093.9,6975
2025-08-25 10:42:00+05:30,25093.9,25099.4,25092.0,25093.1,4275
2025-08-25 10:43:00+05:30,25093.1,25100.0,25092.1,25094.8,2100
2025-08-25 10:44:00+05:30,25094.8,25095.6,25088.0,25095.6,3300
2025-08-25 10:45:00+05:30,25092.0,25097.6,25091.1,25097.6,2100
2025-08-25 10:46:00+05:30,25097.6,25099.0,25092.0,25097.1,5925
2025-08-25 10:47:00+05:30,25097.1,25098.9,25092.3,25097.1,2775
2025-08-25 10:48:00+05:30,25097.1,25097.1,25092.0,25092.2,3525
2025-08-25 10:49:00+05:30,25092.2,25098.0,25088.1,25098.0,4650
2025-08-25 10:50:00+05:30,25098.0,25100.0,25097.0,25099.7,2400
2025-08-25 10:51:00+05:30,25099.7,25102.0,25095.2,25095.2,4725
2025-08-25 10:52:00+05:30,25095.2,25100.0,25095.2,25099.1,2700
2025-08-25 10:53:00+05:30,25098.0,25102.0,25097.9,25102.0,7350
2025-08-25 10:54:00+05:30,25102.0,25107.0,25101.8,25106.0,4650
2025-08-25 10:55:00+05:30,25105.0,25107.8,25100.1,25100.2,3525
2025-08-25 10:56:00+05:30,25100.1,25103.2,25095.4,25097.6,4500
2025-08-25 10:57:00+05:30,25095.5,25099.5,25095.5,25099.5,4650
2025-08-25 10:58:00+05:30,25099.5,25105.5,25099.1,25099.1,5325
2025-08-25 10:59:00+05:30,25100.1,25104.7,25098.3,25100.9,4650
2025-08-25 11:00:00+05:30,25100.9,25102.9,25098.0,25098.0,3675
2025-08-25 11:01:00+05:30,25098.0,25100.0,25095.0,25100.0,5700
2025-08-25 11:02:00+05:30,25100.0,25104.9,25099.0,25103.9,2925
2025-08-25 11:03:00+05:30,25103.9,25108.0,25101.0,25104.0,6150
2025-08-25 11:04:00+05:30,25104.0,25110.0,25104.0,25110.0,7725
2025-08-25 11:05:00+05:30,25110.0,25114.9,25109.0,25113.0,8850
2025-08-25 11:06:00+05:30,25113.0,25113.2,25108.2,25110.0,5550
2025-08-25 11:07:00+05:30,25110.0,25114.0,25109.6,25113.2,4800
2025-08-25 11:08:00+05:30,25113.2,25113.9,25109.7,25110.5,3450
2025-08-25 11:09:00+05:30,25109.1,25113.2,25109.0,25110.3,3825
2025-08-25 11:10:00+05:30,25110.3,25110.3,25103.0,25107.9,3750
2025-08-25 11:11:00+05:30,25107.9,25107.9,25101.1,25101.8,4200
2025-08-25 11:12:00+05:30,25102.0,25104.0,25097.0,25104.0,4800
2025-08-25 11:13:00+05:30,25104.0,25105.0,25101.0,25102.0,2925
2025-08-25 11:14:00+05:30,25102.0,25105.0,25098.5,25105.0,3675
2025-08-25 11:15:00+05:30,25105.0,25109.6,25103.4,25106.8,4050
2025-08-25 11:16:00+05:30,25106.8,25111.9,25106.8,25111.5,4425
2025-08-25 11:17:00+05:30,25113.0,25114.7,25103.7,25103.7,7725
2025-08-25 11:18:00+05:30,25103.7,25107.7,25100.0,25104.9,5625
2025-08-25 11:19:00+05:30,25104.9,25110.0,25103.0,25103.0,7050
2025-08-25 11:20:00+05:30,25103.0,25104.6,25098.0,25101.2,6375
2025-08-25 11:21:00+05:30,25101.2,25103.3,25101.0,25103.0,7275
2025-08-25 11:22:00+05:30,25103.0,25103.0,25098.6,25099.3,5850
2025-08-25 11:23:00+05:30,25099.3,25101.0,25097.3,25100.0,5100
2025-08-25 11:24:00+05:30,25100.0,25106.6,25100.0,25102.0,6675
2025-08-25 11:25:00+05:30,25102.0,25108.0,25102.0,25106.4,7275
2025-08-25 11:26:00+05:30,25107.2,25110.0,25105.0,25109.5,3975
2025-08-25 11:27:00+05:30,25107.0,25107.0,25100.7,25104.5,6450
2025-08-25 11:28:00+05:30,25104.5,25105.6,25103.0,25103.0,2625
2025-08-25 11:29:00+05:30,25103.0,25105.5,25101.0,25101.2,5400
2025-08-25 11:30:00+05:30,25101.2,25107.9,25101.2,25107.0,4800
2025-08-25 11:31:00+05:30,25107.0,25109.0,25103.5,25104.4,9375
2025-08-25 11:32:00+05:30,25104.4,25109.5,25104.4,25108.0,6675
2025-08-25 11:33:00+05:30,25108.0,25112.0,25107.8,25109.4,6300
2025-08-25 11:34:00+05:30,25109.4,25109.6,25104.4,25104.8,3525
2025-08-25 11:35:00+05:30,25104.8,25110.0,25104.8,25108.2,3675
2025-08-25 11:36:00+05:30,25108.2,25112.0,25105.8,25109.0,7125
2025-08-25 11:37:00+05:30,25109.0,25113.5,25105.2,25108.1,14775
2025-08-25 11:38:00+05:30,25108.1,25109.7,25103.7,25109.7,6750
2025-08-25 11:39:00+05:30,25107.1,25109.5,25103.0,25105.1,7725
2025-08-25 11:40:00+05:30,25105.1,25107.9,25100.2,25107.3,4425
2025-08-25 11:41:00+05:30,25107.3,25109.4,25102.9,25106.0,5250
2025-08-25 11:42:00+05:30,25106.0,25109.6,25104.0,25104.0,6375
2025-08-25 11:43:00+05:30,25104.0,25111.2,25103.5,25105.8,9300
2025-08-25 11:44:00+05:30,25105.8,25111.7,25105.8,25111.7,9300
2025-08-25 11:45:00+05:30,25111.2,25133.0,25111.2,25125.9,29175
2025-08-25 11:46:00+05:30,25125.9,25129.1,25120.2,25124.4,10875
2025-08-25 11:47:00+05:30,25124.4,25124.4,25113.0,25114.0,12150
2025-08-25 11:48:00+05:30,25114.0,25119.8,25107.3,25107.3,10575
2025-08-25 11:49:00+05:30,25107.3,25116.5,25105.5,25116.5,8175
2025-08-25 11:50:00+05:30,25116.5,25116.5,25107.1,25109.8,7425
2025-08-25 11:51:00+05:30,25109.8,25117.8,25108.4,25112.1,5700
2025-08-25 11:52:00+05:30,25112.1,25112.1,25110.0,25111.8,5400
2025-08-25 11:53:00+05:30,25111.8,25116.7,25111.0,25115.0,3450
2025-08-25 11:54:00+05:30,25115.0,25116.5,25113.1,25113.1,4200
2025-08-25 11:55:00+05:30,25113.1,25117.7,25113.0,25115.0,3300
2025-08-25 11:56:00+05:30,25115.0,25122.0,25113.1,25119.0,6600
2025-08-25 11:57:00+05:30,25119.0,25123.7,25119.0,25123.7,284925
2025-08-25 11:58:00+05:30,25123.7,25123.7,25117.5,25121.2,16050
2025-08-25 11:59:00+05:30,25121.2,25128.0,25119.5,25128.0,5925
2025-08-25 12:00:00+05:30,25128.0,25129.4,25122.0,25127.8,7500
2025-08-25 12:01:00+05:30,25127.8,25127.8,25121.5,25124.4,86925
2025-08-25 12:02:00+05:30,25124.4,25128.0,25120.0,25127.9,3450
2025-08-25 12:03:00+05:30,25127.9,25130.0,25126.0,25130.0,6225
2025-08-25 12:04:00+05:30,25130.0,25135.0,25128.5,25135.0,6300
2025-08-25 12:05:00+05:30,25135.0,25135.0,25129.1,25133.2,7050
2025-08-25 12:06:00+05:30,25133.2,25134.0,25129.0,25134.0,8175
2025-08-25 12:07:00+05:30,25134.0,25136.0,25130.6,25130.6,8175
2025-08-25 12:08:00+05:30,25135.0,25138.9,25130.8,25133.6,10350
2025-08-25 12:09:00+05:30,25133.6,25138.8,25131.2,25134.0,7650
2025-08-25 12:10:00+05:30,25134.0,25136.8,25131.2,25134.8,7350
2025-08-25 12:11:00+05:30,25134.8,25135.9,25130.0,25130.0,8175
2025-08-25 12:12:00+05:30,25130.0,25135.0,25129.1,25130.3,2775
2025-08-25 12:13:00+05:30,25130.3,25133.7,25126.5,25128.1,5775
2025-08-25 12:14:00+05:30,25128.1,25135.0,25128.1,25135.0,6000
2025-08-25 12:15:00+05:30,25135.0,25139.7,25132.7,25134.8,6900
2025-08-25 12:16:00+05:30,25134.8,25143.8,25130.1,25130.1,11175
2025-08-25 12:17:00+05:30,25130.1,25141.0,25130.1,25137.7,8550
2025-08-25 12:18:00+05:30,25137.7,25144.9,25137.7,25141.0,11850
2025-08-25 12:19:00+05:30,25141.9,25148.5,25140.0,25148.0,8925
2025-08-25 12:20:00+05:30,25148.0,25150.0,25143.8,25147.2,17700
2025-08-25 12:21:00+05:30,25145.0,25146.9,25137.2,25142.0,8925
2025-08-25 12:22:00+05:30,25142.0,25144.0,25137.8,25142.8,6450
2025-08-25 12:23:00+05:30,25142.8,25143.5,25138.0,25140.4,6525
2025-08-25 12:24:00+05:30,25140.4,25146.1,25140.0,25141.4,4500
2025-08-25 12:25:00+05:30,25141.4,25143.2,25139.2,25142.4,5775
2025-08-25 12:26:00+05:30,25142.4,25142.4,25137.1,25142.0,4500
2025-08-25 12:27:00+05:30,25142.0,25145.0,25140.8,25145.0,3600
2025-08-25 12:28:00+05:30,25145.0,25146.1,25140.9,25140.9,4650
2025-08-25 12:29:00+05:30,25140.9,25144.4,25139.4,25140.3,2925
2025-08-25 12:30:00+05:30,25140.3,25145.4,25135.0,25135.0,9900
2025-08-25 12:31:00+05:30,25135.0,25141.0,25135.0,25141.0,25650
2025-08-25 12:32:00+05:30,25141.0,25146.1,25141.0,25142.3,4275
2025-08-25 12:33:00+05:30,25142.3,25149.2,25142.3,25145.8,8550
2025-08-25 12:34:00+05:30,25145.8,25147.5,25144.0,25144.0,2475
2025-08-25 12:35:00+05:30,25145.0,25148.0,25142.8,25148.0,4275
2025-08-25 12:36:00+05:30,25148.0,25148.0,25141.0,25142.6,4650
2025-08-25 12:37:00+05:30,25142.6,25149.0,25141.0,25148.6,4200
2025-08-25 12:38:00+05:30,25148.6,25149.3,25142.5,25149.3,5550
2025-08-25 12:39:00+05:30,25149.3,25149.3,25141.1,25141.1,5100
2025-08-25 12:40:00+05:30,25141.1,25144.0,25141.0,25141.0,2850
2025-08-25 12:41:00+05:30,25141.0,25142.5,25137.0,25141.6,6750
2025-08-25 12:42:00+05:30,25141.6,25142.9,25138.1,25142.8,2175
2025-08-25 12:43:00+05:30,25142.8,25144.8,25137.8,25143.2,4725
2025-08-25 12:44:00+05:30,25143.2,25144.1,25142.3,25143.3,98175
2025-08-25 12:45:00+05:30,25143.3,25149.4,25141.1,25146.2,10050
2025-08-25 12:46:00+05:30,25146.2,25150.0,25146.0,25148.9,14775
2025-08-25 12:47:00+05:30,25148.9,25150.0,25144.8,25145.5,93075
2025-08-25 12:48:00+05:30,25145.5,25152.0,25145.5,25151.5,19800
2025-08-25 12:49:00+05:30,25151.5,25152.0,25147.2,25150.0,6675
2025-08-25 12:50:00+05:30,25151.5,25154.7,25149.0,25150.7,8475
2025-08-25 12:51:00+05:30,25150.7,25154.6,25148.8,25153.3,7050
2025-08-25 12:52:00+05:30,25153.3,25158.0,25150.7,25150.7,13200
2025-08-25 12:53:00+05:30,25149.0,25151.5,25145.0,25150.0,5625
2025-08-25 12:54:00+05:30,25150.0,25150.3,25144.5,25149.3,13200
2025-08-25 12:55:00+05:30,25149.3,25150.0,25145.0,25146.4,5025
2025-08-25 12:56:00+05:30,25146.4,25151.0,25146.4,25149.0,4200
2025-08-25 12:57:00+05:30,25147.4,25152.0,25145.3,25149.6,5100
2025-08-25 12:58:00+05:30,25149.6,25149.6,25144.5,25145.4,5175
2025-08-25 12:59:00+05:30,25145.4,25150.0,25145.4,25146.6,5850
2025-08-25 13:00:00+05:30,25146.6,25152.0,25146.6,25151.1,5925
2025-08-25 13:01:00+05:30,25151.1,25155.0,25148.1,25154.4,8775
2025-08-25 13:02:00+05:30,25154.4,25154.4,25150.0,25152.0,3150
2025-08-25 13:03:00+05:30,25152.0,25155.0,25152.0,25155.0,8700
2025-08-25 13:04:00+05:30,25155.0,25155.4,25150.0,25150.0,10050
2025-08-25 13:05:00+05:30,25150.0,25155.7,25150.0,25154.3,7875
2025-08-25 13:06:00+05:30,25154.3,25158.4,25148.2,25157.7,17625
2025-08-25 13:07:00+05:30,25157.7,25157.7,25149.9,25149.9,5550
2025-08-25 13:08:00+05:30,25149.9,25152.0,25147.4,25150.8,8100
2025-08-25 13:09:00+05:30,25150.8,25156.8,25150.0,25155.4,6825
2025-08-25 13:10:00+05:30,25155.5,25155.5,25152.0,25153.6,7425
2025-08-25 13:11:00+05:30,25153.6,25154.9,25147.9,25154.9,5025
2025-08-25 13:12:00+05:30,25154.9,25158.4,25152.7,25156.7,5775
2025-08-25 13:13:00+05:30,25155.0,25155.2,25150.5,25155.0,7500
2025-08-25 13:14:00+05:30,25155.0,25158.8,25152.2,25154.0,6750
2025-08-25 13:15:00+05:30,25154.0,25157.8,25148.0,25149.8,9450
2025-08-25 13:16:00+05:30,25149.8,25153.7,25147.8,25151.8,7500
2025-08-25 13:17:00+05:30,25151.8,25154.2,25148.9,25150.1,27900
2025-08-25 13:18:00+05:30,25150.1,25150.7,25148.7,25150.0,7200
2025-08-25 13:19:00+05:30,25150.0,25152.1,25141.0,25141.0,13500
2025-08-25 13:20:00+05:30,25141.0,25146.0,25141.0,25143.0,6000
2025-08-25 13:21:00+05:30,25143.0,25144.9,25140.0,25142.5,4275
2025-08-25 13:22:00+05:30,25142.5,25145.5,25137.0,25138.2,8475
2025-08-25 13:23:00+05:30,25138.3,25140.9,25136.0,25136.6,6675
2025-08-25 13:24:00+05:30,25135.2,25142.5,25134.2,25142.5,10050
2025-08-25 13:25:00+05:30,25142.5,25142.5,25134.9,25141.8,3075
2025-08-25 13:26:00+05:30,25141.8,25146.0,25141.1,25141.1,5100
2025-08-25 13:27:00+05:30,25141.1,25144.2,25138.0,25138.1,5775
2025-08-25 13:28:00+05:30,25138.1,25138.7,25132.2,25133.0,5475
2025-08-25 13:29:00+05:30,25135.0,25138.7,25133.0,25135.0,5625
2025-08-25 13:30:00+05:30,25135.0,25137.4,25132.3,25134.6,9675
2025-08-25 13:31:00+05:30,25134.6,25142.0,25134.6,25142.0,6450
2025-08-25 13:32:00+05:30,25142.0,25145.0,25138.5,25139.1,14775
2025-08-25 13:33:00+05:30,25139.1,25144.0,25139.1,25143.7,8700
2025-08-25 13:34:00+05:30,25143.7,25143.7,25139.0,25141.0,16050
2025-08-25 13:35:00+05:30,25141.0,25141.7,25137.9,25140.9,18225
2025-08-25 13:36:00+05:30,25140.9,25150.0,25140.9,25150.0,41400
2025-08-25 13:37:00+05:30,25150.0,25150.0,25143.0,25147.6,50100
2025-08-25 13:38:00+05:30,25147.6,25150.0,25145.0,25145.0,15375
2025-08-25 13:39:00+05:30,25145.0,25147.0,25143.2,25147.0,31500
2025-08-25 13:40:00+05:30,25147.0,25147.0,25145.7,25147.0,2250
2025-08-25 13:41:00+05:30,25147.0,25147.5,25145.0,25145.0,19200
2025-08-25 13:42:00+05:30,25145.0,25146.4,25145.0,25146.0,44850
2025-08-25 13:43:00+05:30,25146.0,25147.0,25145.3,25146.8,48300
2025-08-25 13:44:00+05:30,25146.8,25148.9,25145.5,25147.0,66600
2025-08-25 13:45:00+05:30,25147.0,25148.9,25143.0,25143.1,19350
2025-08-25 13:46:00+05:30,25143.1,25149.0,25143.0,25149.0,6075
2025-08-25 13:47:00+05:30,25149.0,25155.0,25149.0,25155.0,12675
2025-08-25 13:48:00+05:30,25155.0,25160.0,25154.7,25159.0,13350
2025-08-25 13:49:00+05:30,25159.0,25159.9,25154.6,25158.4,9000
2025-08-25 13:50:00+05:30,25158.4,25161.0,25156.0,25161.0,7725
2025-08-25 13:51:00+05:30,25161.0,25162.6,25160.0,25160.1,5700
2025-08-25 13:52:00+05:30,25160.1,25162.5,25158.2,25158.7,6975
2025-08-25 13:53:00+05:30,25158.7,25161.6,25155.6,25157.1,5175
2025-08-25 13:54:00+05:30,25157.1,25160.0,25156.3,25160.0,5550
2025-08-25 13:55:00+05:30,25160.0,25162.1,25158.0,25161.0,15600
2025-08-25 13:56:00+05:30,25161.0,25162.5,25160.0,25160.5,10800
2025-08-25 13:57:00+05:30,25160.5,25162.9,25160.0,25162.0,5025
2025-08-25 13:58:00+05:30,25162.0,25162.7,25160.0,25160.0,14175
2025-08-25 13:59:00+05:30,25160.0,25161.5,25160.0,25160.5,16800
2025-08-25 14:00:00+05:30,25160.5,25161.0,25158.6,25160.1,18000
2025-08-25 14:01:00+05:30,25160.1,25162.0,25159.7,25160.8,5925
2025-08-25 14:02:00+05:30,25160.8,25160.8,25155.0,25156.0,8100
2025-08-25 14:03:00+05:30,25156.0,25157.0,25153.0,25154.1,8850
2025-08-25 14:04:00+05:30,25154.1,25155.1,25151.9,25152.3,9525
2025-08-25 14:05:00+05:30,25152.3,25161.5,25152.3,25157.0,9300
2025-08-25 14:06:00+05:30,25157.0,25162.0,25155.2,25162.0,5775
2025-08-25 14:07:00+05:30,25162.0,25162.0,25153.0,25157.5,9975
2025-08-25 14:08:00+05:30,25157.5,25162.0,25155.6,25162.0,5775
2025-08-25 14:09:00+05:30,25162.0,25162.0,25160.0,25160.0,7500
2025-08-25 14:10:00+05:30,25160.0,25160.8,25156.0,25156.0,7650
2025-08-25 14:11:00+05:30,25156.0,25157.2,25154.3,25155.0,5550
2025-08-25 14:12:00+05:30,25155.0,25157.0,25151.2,25155.0,12900
2025-08-25 14:13:00+05:30,25155.0,25155.0,25150.0,25150.0,7050
2025-08-25 14:14:00+05:30,25150.0,25150.0,25142.0,25146.6,11625
2025-08-25 14:15:00+05:30,25146.6,25155.1,25144.4,25155.1,9675
2025-08-25 14:16:00+05:30,25155.1,25158.0,25155.1,25158.0,4575
2025-08-25 14:17:00+05:30,25158.0,25158.0,25144.4,25145.4,8550
2025-08-25 14:18:00+05:30,25145.4,25149.4,25139.6,25143.6,8775
2025-08-25 14:19:00+05:30,25143.6,25144.0,25140.0,25140.0,4875
2025-08-25 14:20:00+05:30,25140.0,25144.7,25130.2,25130.2,10725
2025-08-25 14:21:00+05:30,25130.0,25135.0,25125.4,25125.4,13800
2025-08-25 14:22:00+05:30,25125.4,25131.1,25125.4,25127.2,7500
2025-08-25 14:23:00+05:30,25127.2,25130.0,25125.4,25128.7,7875
2025-08-25 14:24:00+05:30,25128.7,25130.4,25125.0,25127.0,10200
2025-08-25 14:25:00+05:30,25127.0,25130.0,25124.0,25125.0,10800
2025-08-25 14:26:00+05:30,25125.0,25136.0,25125.0,25130.8,7350
2025-08-25 14:27:00+05:30,25130.8,25131.9,25126.0,25126.0,8025
2025-08-25 14:28:00+05:30,25126.0,25134.5,25126.0,25130.0,7350
2025-08-25 14:29:00+05:30,25130.0,25135.0,25127.8,25128.6,6150
2025-08-25 14:30:00+05:30,25126.9,25132.0,25125.8,25127.0,6375
2025-08-25 14:31:00+05:30,25127.0,25129.7,25121.0,25121.0,7650
2025-08-25 14:32:00+05:30,25121.0,25123.6,25120.1,25123.0,5550
2025-08-25 14:33:00+05:30,25123.0,25129.4,25120.0,25124.0,14550
2025-08-25 14:34:00+05:30,25124.0,25125.9,25121.0,25121.0,5775
2025-08-25 14:35:00+05:30,25121.0,25123.0,25113.8,25119.2,10500
2025-08-25 14:36:00+05:30,25119.2,25120.0,25111.9,25112.4,8625
2025-08-25 14:37:00+05:30,25113.6,25121.0,25111.0,25116.1,47325
2025-08-25 14:38:00+05:30,25117.0,25125.0,25117.0,25124.8,49875
2025-08-25 14:39:00+05:30,25124.8,25125.0,25115.8,25115.8,5325
2025-08-25 14:40:00+05:30,25115.8,25117.5,25112.2,25112.2,5850
2025-08-25 14:41:00+05:30,25112.2,25115.0,25109.4,25115.0,9225
2025-08-25 14:42:00+05:30,25115.0,25119.9,25112.0,25112.0,5625
2025-08-25 14:43:00+05:30,25112.0,25119.4,25110.1,25117.8,5025
2025-08-25 14:44:00+05:30,25117.8,25117.8,25113.6,25114.6,4275
2025-08-25 14:45:00+05:30,25114.6,25118.2,25113.6,25113.6,3525
2025-08-25 14:46:00+05:30,25113.6,25120.2,25113.0,25118.7,6075
2025-08-25 14:47:00+05:30,25118.7,25125.0,25118.6,25123.6,7350
2025-08-25 14:48:00+05:30,25123.6,25133.1,25122.2,25133.1,7350
2025-08-25 14:49:00+05:30,25133.1,25133.1,25121.0,25124.0,6750
2025-08-25 14:50:00+05:30,25124.0,25130.0,25123.8,25129.9,99000
2025-08-25 14:51:00+05:30,25129.9,25134.1,25127.2,25133.0,5550
2025-08-25 14:52:00+05:30,25133.0,25133.0,25126.0,25126.0,5400
2025-08-25 14:53:00+05:30,25126.0,25133.0,25124.9,25128.1,5475
2025-08-25 14:54:00+05:30,25127.9,25133.0,25125.7,25130.0,11400
2025-08-25 14:55:00+05:30,25130.0,25133.5,25128.2,25133.5,7050
2025-08-25 14:56:00+05:30,25133.5,25140.0,25130.7,25140.0,7275
2025-08-25 14:57:00+05:30,25142.2,25148.8,25137.1,25142.9,27675
2025-08-25 14:58:00+05:30,25140.0,25140.3,25133.4,25136.5,5400
2025-08-25 14:59:00+05:30,25136.5,25139.5,25136.0,25139.3,6450
2025-08-25 15:00:00+05:30,25139.3,25139.9,25130.0,25132.0,7575
2025-08-25 15:01:00+05:30,25132.0,25132.0,25120.0,25123.9,9600
2025-08-25 15:02:00+05:30,25120.0,25130.0,25119.3,25119.3,14400
2025-08-25 15:03:00+05:30,25119.3,25124.7,25117.9,25117.9,6300
2025-08-25 15:04:00+05:30,25117.9,25124.1,25117.9,25119.0,7350
2025-08-25 15:05:00+05:30,25119.0,25125.0,25119.0,25124.5,5550
2025-08-25 15:06:00+05:30,25119.0,25125.3,25112.0,25112.0,32700
2025-08-25 15:07:00+05:30,25112.0,25119.9,25111.8,25113.6,29550
2025-08-25 15:08:00+05:30,25113.6,25119.5,25113.0,25116.0,6900
2025-08-25 15:09:00+05:30,25116.0,25118.7,25111.5,25118.0,9225
2025-08-25 15:10:00+05:30,25118.0,25119.4,25112.0,25119.0,7425
2025-08-25 15:11:00+05:30,25119.0,25122.0,25114.0,25115.0,22800
2025-08-25 15:12:00+05:30,25115.0,25116.5,25111.0,25112.0,9900
2025-08-25 15:13:00+05:30,25112.0,25115.0,25112.0,25112.6,7350
2025-08-25 15:14:00+05:30,25112.6,25115.0,25112.0,25112.0,9450
2025-08-25 15:15:00+05:30,25112.0,25116.7,25110.3,25116.7,16575
2025-08-25 15:16:00+05:30,25116.7,25124.5,25116.6,25122.0,67500
2025-08-25 15:17:00+05:30,25122.0,25124.9,25117.8,25123.7,15375
2025-08-25 15:18:00+05:30,25123.7,25126.0,25120.0,25120.0,16650
2025-08-25 15:19:00+05:30,25120.0,25127.0,25119.6,25119.6,20475
2025-08-25 15:20:00+05:30,25119.6,25125.5,25119.6,25124.0,20250
2025-08-25 15:21:00+05:30,25124.0,25125.0,25120.1,25124.5,18450
2025-08-25 15:22:00+05:30,25124.0,25127.6,25120.0,25127.4,22200
2025-08-25 15:23:00+05:30,25127.6,25132.0,25126.8,25131.6,18075
2025-08-25 15:24:00+05:30,25131.6,25131.6,25126.0,25131.0,10275
2025-08-25 15:25:00+05:30,25130.8,25131.7,25125.0,25125.0,12525
2025-08-25 15:26:00+05:30,25126.5,25130.7,25122.1,25125.0,8850
2025-08-25 15:27:00+05:30,25125.0,25132.0,25124.0,25131.5,20250
2025-08-25 15:28:00+05:30,25131.4,25131.4,25126.8,25131.0,9450
2025-08-25 15:29:00+05:30,25131.0,25131.1,25120.8,25128.2,25725
2025-08-26 09:15:00+05:30,25050.0,25075.0,25040.0,25050.0,74175
2025-08-26 09:16:00+05:30,25050.0,25050.0,25025.0,25032.0,44700
2025-08-26 09:17:00+05:30,25032.0,25032.4,25014.3,25015.0,33900
2025-08-26 09:18:00+05:30,25013.0,25015.0,25001.0,25002.1,38550
2025-08-26 09:19:00+05:30,25002.1,25005.0,24993.0,24993.0,35625
2025-08-26 09:20:00+05:30,24993.0,24993.0,24970.0,24973.0,50175
2025-08-26 09:21:00+05:30,24973.0,24980.0,24953.1,24953.1,109950
2025-08-26 09:22:00+05:30,24960.6,24960.6,24935.0,24935.1,84750
2025-08-26 09:23:00+05:30,24935.1,24952.9,24931.1,24947.8,40800
2025-08-26 09:24:00+05:30,24947.8,24948.0,24929.1,24940.1,61275
2025-08-26 09:25:00+05:30,24940.1,24960.0,24940.0,24946.5,38025
2025-08-26 09:26:00+05:30,24946.5,24949.1,24939.1,24946.1,29925
2025-08-26 09:27:00+05:30,24946.1,24954.7,24942.1,24943.2,20775
2025-08-26 09:28:00+05:30,24943.8,24946.7,24941.0,24946.7,15825
2025-08-26 09:29:00+05:30,24946.7,24958.0,24944.9,24944.9,22800
2025-08-26 09:30:00+05:30,24944.9,24945.0,24925.9,24927.9,54675
2025-08-26 09:31:00+05:30,24927.9,24934.9,24925.0,24926.0,20850
2025-08-26 09:32:00+05:30,24926.0,24944.0,24925.0,24940.5,33825
2025-08-26 09:33:00+05:30,24935.1,24941.1,24932.1,24935.0,26775
2025-08-26 09:34:00+05:30,24935.0,24941.0,24930.0,24938.4,45900
2025-08-26 09:35:00+05:30,24938.4,24942.0,24929.3,24932.0,32400
2025-08-26 09:36:00+05:30,24932.7,24932.7,24920.0,24922.9,21150
2025-08-26 09:37:00+05:30,24922.9,24922.9,24902.5,24902.5,42450
2025-08-26 09:38:00+05:30,24903.0,24909.7,24902.4,24903.0,20925
2025-08-26 09:39:00+05:30,24903.0,24916.2,24903.0,24915.0,30225
2025-08-26 09:40:00+05:30,24915.0,24915.0,24905.0,24905.1,24000
2025-08-26 09:41:00+05:30,24905.1,24925.0,24905.1,24920.8,15675
2025-08-26 09:42:00+05:30,24920.8,24927.0,24912.5,24912.5,23625
2025-08-26 09:43:00+05:30,24912.5,24918.1,24905.5,24905.5,37050
2025-08-26 09:44:00+05:30,24905.5,24909.8,24900.0,24900.2,28575
2025-08-26 09:45:00+05:30,24900.2,24914.6,24900.0,24909.7,21675
2025-08-26 09:46:00+05:30,24909.7,24914.5,24905.6,24909.3,22275
2025-08-26 09:47:00+05:30,24909.3,24922.0,24908.9,24913.0,31950
2025-08-26 09:48:00+05:30,24913.0,24916.5,24904.8,24909.6,47400
2025-08-26 09:49:00+05:30,24909.6,24920.3,24905.2,24915.0,23325
2025-08-26 09:50:00+05:30,24915.0,24920.4,24912.5,24914.3,17775
2025-08-26 09:51:00+05:30,24912.5,24916.8,24905.2,24914.4,30000
2025-08-26 09:52:00+05:30,24914.4,24924.5,24912.9,24920.6,20925
2025-08-26 09:53:00+05:30,24920.6,24925.0,24911.0,24914.1,21750
2025-08-26 09:54:00+05:30,24919.0,24924.3,24915.3,24919.1,13950
2025-08-26 09:55:00+05:30,24919.1,24926.3,24915.1,24925.4,11925
2025-08-26 09:56:00+05:30,24925.4,24927.9,24920.4,24923.9,27450
2025-08-26 09:57:00+05:30,24923.9,24925.6,24920.3,24922.0,11100
2025-08-26 09:58:00+05:30,24922.0,24931.0,24922.0,24930.4,16125
2025-08-26 09:59:00+05:30,24930.4,24933.6,24928.8,24931.0,15750
2025-08-26 10:00:00+05:30,24931.2,24931.2,24920.0,24920.8,18675
2025-08-26 10:01:00+05:30,24920.8,24927.2,24914.4,24921.0,31275
2025-08-26 10:02:00+05:30,24921.0,24923.2,24916.8,24923.1,18900
2025-08-26 10:03:00+05:30,24923.1,24931.4,24922.0,24931.4,15750
2025-08-26 10:04:00+05:30,24931.4,24937.5,24926.4,24930.1,10500
2025-08-26 10:05:00+05:30,24930.1,24935.1,24921.5,24921.7,19950
2025-08-26 10:06:00+05:30,24921.7,24931.3,24921.7,24931.0,5325
2025-08-26 10:07:00+05:30,24931.0,24935.7,24926.2,24930.5,6450
2025-08-26 10:08:00+05:30,24930.5,24939.9,24929.4,24938.6,13050
2025-08-26 10:09:00+05:30,24938.6,24942.2,24932.1,24934.1,17400
2025-08-26 10:10:00+05:30,24934.1,24935.7,24930.9,24935.5,8100
2025-08-26 10:11:00+05:30,24935.5,24939.3,24932.1,24939.3,9675
2025-08-26 10:12:00+05:30,24939.3,24939.8,24931.0,24934.0,11775
2025-08-26 10:13:00+05:30,24934.0,24934.6,24928.0,24928.0,13050
2025-08-26 10:14:00+05:30,24928.0,24933.0,24921.8,24933.0,14625
2025-08-26 10:15:00+05:30,24933.0,24933.0,24914.0,24915.0,34800
2025-08-26 10:16:00+05:30,24915.0,24923.3,24911.0,24922.4,21150
2025-08-26 10:17:00+05:30,24922.4,24937.6,24922.4,24936.5,11250
2025-08-26 10:18:00+05:30,24936.5,24943.6,24932.1,24933.7,12900
2025-08-26 10:19:00+05:30,24933.7,24940.0,24933.5,24939.5,10200
2025-08-26 10:20:00+05:30,24939.5,24941.0,24935.0,24941.0,10800
2025-08-26 10:21:00+05:30,24941.0,24941.0,24935.1,24940.6,14550
2025-08-26 10:22:00+05:30,24940.6,24941.9,24937.1,24939.0,19575
2025-08-26 10:23:00+05:30,24939.0,24942.9,24936.9,24939.0,9600
2025-08-26 10:24:00+05:30,24939.0,24943.8,24937.5,24940.0,92475
2025-08-26 10:25:00+05:30,24940.0,24943.8,24939.0,24940.3,9150
2025-08-26 10:26:00+05:30,24940.3,24943.3,24935.6,24935.6,12225
2025-08-26 10:27:00+05:30,24935.6,24936.0,24926.5,24926.5,12075
2025-08-26 10:28:00+05:30,24926.5,24934.0,24926.1,24930.0,13050
2025-08-26 10:29:00+05:30,24929.6,24934.9,24928.0,24931.9,12375
2025-08-26 10:30:00+05:30,24931.9,24937.5,24931.0,24935.7,10275
2025-08-26 10:31:00+05:30,24935.7,24935.7,24926.1,24927.5,10500
2025-08-26 10:32:00+05:30,24927.5,24932.4,24925.0,24925.0,10125
2025-08-26 10:33:00+05:30,24925.0,24925.9,24922.7,24923.0,9750
2025-08-26 10:34:00+05:30,24923.0,24925.0,24915.0,24918.0,16650
2025-08-26 10:35:00+05:30,24918.0,24924.4,24916.1,24922.4,24075
2025-08-26 10:36:00+05:30,24922.4,24922.4,24916.9,24919.6,30525
2025-08-26 10:37:00+05:30,24919.6,24923.0,24918.6,24920.0,15225
2025-08-26 10:38:00+05:30,24920.0,24926.5,24918.2,24926.2,14625
2025-08-26 10:39:00+05:30,24925.2,24926.2,24920.9,24924.5,7725
2025-08-26 10:40:00+05:30,24924.5,24927.2,24918.0,24920.0,8775
2025-08-26 10:41:00+05:30,24920.0,24923.9,24916.5,24923.9,6750
2025-08-26 10:42:00+05:30,24923.9,24925.5,24920.0,24922.0,6300
2025-08-26 10:43:00+05:30,24922.0,24924.4,24916.8,24921.7,5700
2025-08-26 10:44:00+05:30,24921.7,24921.7,24916.3,24919.3,10500
2025-08-26 10:45:00+05:30,24920.0,24920.0,24912.5,24914.9,6225
2025-08-26 10:46:00+05:30,24914.9,24915.0,24910.0,24910.0,7875
2025-08-26 10:47:00+05:30,24910.0,24915.0,24908.3,24911.4,7650
2025-08-26 10:48:00+05:30,24911.4,24914.6,24907.8,24908.0,7050
2025-08-26 10:49:00+05:30,24908.0,24908.0,24903.0,24903.0,27225
2025-08-26 10:50:00+05:30,24903.0,24907.1,24901.0,24906.9,27075
2025-08-26 10:51:00+05:30,24906.9,24909.8,24901.0,24909.8,18000
2025-08-26 10:52:00+05:30,24909.8,24912.9,24903.8,24905.0,13050
2025-08-26 10:53:00+05:30,24905.0,24911.6,24902.0,24910.6,12300
2025-08-26 10:54:00+05:30,24910.6,24912.9,24903.6,24905.0,21000
2025-08-26 10:55:00+05:30,24905.0,24913.1,24902.1,24909.0,16950
2025-08-26 10:56:00+05:30,24909.0,24915.4,24908.2,24911.2,29400
2025-08-26 10:57:00+05:30,24911.2,24921.8,24910.8,24917.3,23625
2025-08-26 10:58:00+05:30,24917.3,24923.6,24914.6,24914.6,16125
2025-08-26 10:59:00+05:30,24919.0,24926.2,24916.5,24926.0,18300
2025-08-26 11:00:00+05:30,24926.0,24930.2,24924.4,24929.8,34725
2025-08-26 11:01:00+05:30,24930.2,24936.2,24928.6,24935.5,47850
2025-08-26 11:02:00+05:30,24935.5,24945.0,24935.5,24943.0,19950
2025-08-26 11:03:00+05:30,24943.0,24944.9,24935.0,24940.5,15075
2025-08-26 11:04:00+05:30,24940.5,24943.5,24934.1,24939.9,15150
2025-08-26 11:05:00+05:30,24939.9,24946.0,24934.0,24946.0,8700
2025-08-26 11:06:00+05:30,24946.0,24946.5,24939.6,24940.0,13500
2025-08-26 11:07:00+05:30,24940.0,24944.3,24935.0,24935.0,8700
2025-08-26 11:08:00+05:30,24935.0,24936.0,24929.0,24933.9,18150
2025-08-26 11:09:00+05:30,24933.9,24938.9,24927.7,24930.4,81825
2025-08-26 11:10:00+05:30,24930.4,24935.0,24929.6,24932.3,10800
2025-08-26 11:11:00+05:30,24934.7,24939.8,24932.4,24934.9,9825
2025-08-26 11:12:00+05:30,24937.3,24938.4,24932.9,24936.0,9150
2025-08-26 11:13:00+05:30,24936.3,24937.9,24933.0,24933.0,6450
2025-08-26 11:14:00+05:30,24934.2,24935.9,24930.1,24935.5,5925
2025-08-26 11:15:00+05:30,24935.5,24941.3,24931.2,24935.2,17175
2025-08-26 11:16:00+05:30,24940.8,24945.8,24937.2,24944.3,28425
2025-08-26 11:17:00+05:30,24945.6,24945.6,24936.1,24937.9,16125
2025-08-26 11:18:00+05:30,24942.9,24942.9,24935.0,24937.4,15900
2025-08-26 11:19:00+05:30,24940.3,24942.3,24935.9,24942.2,10350
2025-08-26 11:20:00+05:30,24942.8,24950.0,24941.8,24950.0,23775
2025-08-26 11:21:00+05:30,24950.0,24951.0,24944.2,24950.8,19875
2025-08-26 11:22:00+05:30,24950.8,24953.2,24940.8,24947.3,15150
2025-08-26 11:23:00+05:30,24947.3,24950.0,24940.7,24941.7,14100
2025-08-26 11:24:00+05:30,24941.7,24948.7,24941.7,24945.0,11175
2025-08-26 11:25:00+05:30,24945.0,24950.0,24943.0,24950.0,12975
2025-08-26 11:26:00+05:30,24950.0,24955.0,24949.9,24950.2,16500
2025-08-26 11:27:00+05:30,24950.2,24959.6,24950.2,24955.5,20925
2025-08-26 11:28:00+05:30,24955.6,24964.0,24955.1,24964.0,26325
2025-08-26 11:29:00+05:30,24964.0,24968.0,24957.8,24957.8,27150
2025-08-26 11:30:00+05:30,24957.8,24963.0,24957.7,24963.0,14925
2025-08-26 11:31:00+05:30,24964.0,24964.0,24957.0,24959.8,12750
2025-08-26 11:32:00+05:30,24959.8,24960.0,24955.2,24959.0,8100
2025-08-26 11:33:00+05:30,24959.0,24962.0,24953.0,24953.0,10650
2025-08-26 11:34:00+05:30,24952.5,24954.0,24951.4,24951.6,6975
2025-08-26 11:35:00+05:30,24951.6,24963.0,24951.6,24955.0,11025
2025-08-26 11:36:00+05:30,24955.0,24961.5,24954.6,24956.0,6675
2025-08-26 11:37:00+05:30,24956.0,24957.3,24951.2,24952.7,5175
2025-08-26 11:38:00+05:30,24952.7,24952.7,24939.1,24942.6,13425
2025-08-26 11:39:00+05:30,24942.0,24942.5,24938.4,24938.4,6450
2025-08-26 11:40:00+05:30,24938.4,24942.0,24934.5,24942.0,6300
2025-08-26 11:41:00+05:30,24942.0,24942.4,24935.1,24936.4,6900
2025-08-26 11:42:00+05:30,24936.4,24936.9,24929.0,24930.0,11700
2025-08-26 11:43:00+05:30,24930.0,24933.1,24928.6,24930.0,7050
2025-08-26 11:44:00+05:30,24930.0,24935.8,24930.0,24935.8,11925
2025-08-26 11:45:00+05:30,24935.8,24938.4,24935.0,24935.0,16275
2025-08-26 11:46:00+05:30,24935.0,24938.0,24934.6,24935.8,74775
2025-08-26 11:47:00+05:30,24935.8,24939.5,24935.1,24939.5,11325
2025-08-26 11:48:00+05:30,24939.5,24940.0,24936.5,24936.5,13575
2025-08-26 11:49:00+05:30,24936.5,24937.3,24935.0,24936.7,5100
2025-08-26 11:50:00+05:30,24936.7,24939.5,24935.3,24935.7,8025
2025-08-26 11:51:00+05:30,24935.7,24936.9,24930.1,24931.0,18975
2025-08-26 11:52:00+05:30,24931.0,24936.3,24930.0,24934.8,9150
2025-08-26 11:53:00+05:30,24934.8,24940.0,24934.6,24938.2,10800
2025-08-26 11:54:00+05:30,24938.2,24939.2,24930.6,24930.6,22350
2025-08-26 11:55:00+05:30,24930.6,24932.3,24930.0,24930.1,10725
2025-08-26 11:56:00+05:30,24930.1,24931.9,24930.1,24931.2,12150
2025-08-26 11:57:00+05:30,24931.2,24932.9,24930.1,24930.5,11100
2025-08-26 11:58:00+05:30,24930.4,24932.0,24929.1,24932.0,11925
2025-08-26 11:59:00+05:30,24931.4,24938.2,24930.0,24935.4,62850
2025-08-26 12:00:00+05:30,24935.4,24940.7,24932.6,24936.5,15075
2025-08-26 12:01:00+05:30,24936.5,24938.3,24931.8,24938.3,4950
2025-08-26 12:02:00+05:30,24938.3,24938.9,24936.6,24936.6,5025
2025-08-26 12:03:00+05:30,24936.6,24938.0,24933.0,24937.0,8025
2025-08-26 12:04:00+05:30,24937.0,24938.9,24932.5,24933.5,6075
2025-08-26 12:05:00+05:30,24933.5,24945.0,24932.9,24937.0,11025
2025-08-26 12:06:00+05:30,24940.0,24940.0,24934.3,24934.3,8475
2025-08-26 12:07:00+05:30,24934.3,24938.2,24932.3,24936.3,9300
2025-08-26 12:08:00+05:30,24936.3,24936.3,24930.5,24934.0,10950
2025-08-26 12:09:00+05:30,24934.0,24934.0,24927.9,24927.9,8400
2025-08-26 12:10:00+05:30,24927.9,24927.9,24922.1,24922.1,10200
2025-08-26 12:11:00+05:30,24922.1,24928.6,24921.1,24928.6,6075
2025-08-26 12:12:00+05:30,24928.6,24928.6,24921.1,24921.5,7800
2025-08-26 12:13:00+05:30,24921.5,24926.4,24921.5,24921.5,5175
2025-08-26 12:14:00+05:30,24921.5,24926.5,24921.0,24926.5,7350
2025-08-26 12:15:00+05:30,24926.5,24937.6,24925.9,24937.5,8175
2025-08-26 12:16:00+05:30,24937.5,24939.0,24928.8,24933.5,8775
2025-08-26 12:17:00+05:30,24928.5,24934.6,24927.7,24928.0,15750
2025-08-26 12:18:00+05:30,24928.0,24933.0,24928.0,24932.0,10350
2025-08-26 12:19:00+05:30,24932.0,24938.3,24931.6,24935.6,9600
2025-08-26 12:20:00+05:30,24935.6,24938.0,24935.6,24937.4,4575
2025-08-26 12:21:00+05:30,24937.4,24943.0,24935.0,24936.8,9675
2025-08-26 12:22:00+05:30,24936.8,24942.3,24934.7,24937.3,11700
2025-08-26 12:23:00+05:30,24937.3,24943.7,24937.3,24939.3,8925
2025-08-26 12:24:00+05:30,24939.3,24941.1,24935.7,24938.7,5175
2025-08-26 12:25:00+05:30,24938.7,24939.3,24933.0,24933.0,11850
2025-08-26 12:26:00+05:30,24933.3,24934.3,24928.0,24928.0,9300
2025-08-26 12:27:00+05:30,24928.0,24934.0,24927.0,24930.0,8700
2025-08-26 12:28:00+05:30,24930.0,24935.0,24929.1,24935.0,78975
2025-08-26 12:29:00+05:30,24935.0,24935.0,24926.5,24927.0,5850
2025-08-26 12:30:00+05:30,24927.0,24929.4,24922.0,24922.0,20700
2025-08-26 12:31:00+05:30,24922.0,24926.3,24922.0,24924.0,10500
2025-08-26 12:32:00+05:30,24924.0,24924.0,24914.0,24915.1,16500
2025-08-26 12:33:00+05:30,24913.0,24916.1,24911.0,24915.0,10575
2025-08-26 12:34:00+05:30,24915.0,24917.2,24911.0,24916.4,4950
2025-08-26 12:35:00+05:30,24916.4,24920.0,24914.1,24918.0,6975
2025-08-26 12:36:00+05:30,24918.0,24920.9,24914.1,24914.8,5925
2025-08-26 12:37:00+05:30,24914.0,24918.0,24914.0,24918.0,6075
2025-08-26 12:38:00+05:30,24918.0,24918.1,24914.4,24918.1,5550
2025-08-26 12:39:00+05:30,24918.1,24918.1,24907.0,24909.8,12675
2025-08-26 12:40:00+05:30,24909.8,24916.9,24908.4,24916.4,8025
2025-08-26 12:41:00+05:30,24916.4,24916.7,24908.2,24911.0,8475
2025-08-26 12:42:00+05:30,24911.0,24911.0,24903.0,24904.4,17325
2025-08-26 12:43:00+05:30,24904.4,24911.0,24901.0,24911.0,13125
2025-08-26 12:44:00+05:30,24911.0,24911.0,24905.2,24910.0,15300
2025-08-26 12:45:00+05:30,24910.0,24915.0,24907.8,24909.4,9525
2025-08-26 12:46:00+05:30,24909.4,24914.8,24907.9,24914.8,3000
2025-08-26 12:47:00+05:30,24914.8,24915.0,24906.1,24913.2,6900
2025-08-26 12:48:00+05:30,24913.2,24915.6,24909.8,24915.6,4800
2025-08-26 12:49:00+05:30,24915.6,24915.6,24910.1,24911.0,7425
2025-08-26 12:50:00+05:30,24911.0,24917.6,24911.0,24917.0,5700
2025-08-26 12:51:00+05:30,24917.0,24918.7,24913.0,24914.6,9000
2025-08-26 12:52:00+05:30,24914.6,24918.8,24913.1,24916.5,10950
2025-08-26 12:53:00+05:30,24918.0,24922.2,24915.0,24915.0,9675
2025-08-26 12:54:00+05:30,24915.0,24918.3,24910.7,24910.7,16425
2025-08-26 12:55:00+05:30,24910.7,24917.1,24909.5,24912.3,16725
2025-08-26 12:56:00+05:30,24912.6,24920.0,24909.4,24918.7,9000
2025-08-26 12:57:00+05:30,24918.7,24920.0,24915.8,24919.3,5550
2025-08-26 12:58:00+05:30,24920.0,24923.5,24917.2,24917.4,3300
2025-08-26 12:59:00+05:30,24917.4,24921.5,24917.3,24919.3,15000
2025-08-26 13:00:00+05:30,24919.3,24923.8,24917.3,24918.2,9150
2025-08-26 13:01:00+05:30,24918.6,24928.7,24918.5,24928.7,8175
2025-08-26 13:02:00+05:30,24928.7,24932.7,24926.8,24929.5,11475
2025-08-26 13:03:00+05:30,24929.5,24931.9,24927.0,24929.1,7500
2025-08-26 13:04:00+05:30,24929.1,24931.3,24927.3,24930.0,10050
2025-08-26 13:05:00+05:30,24930.0,24931.4,24927.0,24931.4,6525
2025-08-26 13:06:00+05:30,24931.4,24932.4,24928.6,24928.7,10275
2025-08-26 13:07:00+05:30,24928.7,24932.8,24926.7,24932.6,6600
2025-08-26 13:08:00+05:30,24932.6,24933.8,24927.5,24933.8,6450
2025-08-26 13:09:00+05:30,24933.8,24937.2,24931.3,24934.3,8025
2025-08-26 13:10:00+05:30,24930.1,24938.7,24930.1,24938.7,8775
2025-08-26 13:11:00+05:30,24938.7,24938.7,24929.9,24934.4,6750
2025-08-26 13:12:00+05:30,24934.4,24936.3,24930.3,24934.0,3525
2025-08-26 13:13:00+05:30,24934.0,24935.4,24928.9,24928.9,3975
2025-08-26 13:14:00+05:30,24928.9,24932.0,24923.8,24930.0,7125
2025-08-26 13:15:00+05:30,24930.0,24932.2,24922.2,24923.0,3900
2025-08-26 13:16:00+05:30,24923.0,24926.4,24923.0,24923.8,15075
2025-08-26 13:17:00+05:30,24923.8,24931.9,24923.8,24927.2,12525
2025-08-26 13:18:00+05:30,24927.2,24931.8,24927.2,24927.7,5400
2025-08-26 13:19:00+05:30,24927.7,24933.8,24927.3,24931.0,5250
2025-08-26 13:20:00+05:30,24931.0,24933.9,24928.4,24931.4,4650
2025-08-26 13:21:00+05:30,24931.4,24933.0,24930.0,24930.0,5400
2025-08-26 13:22:00+05:30,24930.0,24933.5,24930.0,24932.3,5100
2025-08-26 13:23:00+05:30,24932.3,24935.0,24930.0,24933.1,7575
2025-08-26 13:24:00+05:30,24933.1,24937.8,24930.0,24935.9,8625
2025-08-26 13:25:00+05:30,24935.9,24940.0,24935.0,24935.0,8025
2025-08-26 13:26:00+05:30,24935.0,24943.0,24935.0,24939.7,7125
2025-08-26 13:27:00+05:30,24939.7,24943.1,24934.2,24937.6,7275
2025-08-26 13:28:00+05:30,24937.6,24938.4,24934.0,24936.0,6825
2025-08-26 13:29:00+05:30,24936.0,24936.0,24930.0,24932.9,3900
2025-08-26 13:30:00+05:30,24932.9,24935.2,24931.1,24933.1,3825
2025-08-26 13:31:00+05:30,24933.7,24938.9,24933.7,24935.6,6450
2025-08-26 13:32:00+05:30,24935.6,24935.6,24931.2,24931.2,3525
2025-08-26 13:33:00+05:30,24931.2,24938.3,24931.2,24934.2,8175
2025-08-26 13:34:00+05:30,24934.2,24938.8,24933.0,24934.9,7725
2025-08-26 13:35:00+05:30,24934.9,24940.0,24934.2,24934.2,4875
2025-08-26 13:36:00+05:30,24934.2,24937.9,24934.2,24936.0,3375
2025-08-26 13:37:00+05:30,24936.0,24936.0,24930.6,24932.7,5250
2025-08-26 13:38:00+05:30,24932.7,24932.7,24929.6,24930.9,11550
2025-08-26 13:39:00+05:30,24930.9,24935.0,24930.0,24935.0,6375
2025-08-26 13:40:00+05:30,24935.0,24937.5,24930.5,24935.0,8100
2025-08-26 13:41:00+05:30,24935.0,24937.9,24933.9,24937.0,3825
2025-08-26 13:42:00+05:30,24937.0,24942.0,24937.0,24941.8,12075
2025-08-26 13:43:00+05:30,24941.8,24946.0,24940.0,24946.0,10350
2025-08-26 13:44:00+05:30,24946.0,24947.4,24944.0,24945.1,95475
2025-08-26 13:45:00+05:30,24945.1,24945.1,24935.2,24935.2,6975
2025-08-26 13:46:00+05:30,24935.2,24944.7,24935.2,24944.0,158250
2025-08-26 13:47:00+05:30,24944.0,24944.9,24935.3,24938.1,6225
2025-08-26 13:48:00+05:30,24936.5,24939.5,24935.0,24935.0,5400
2025-08-26 13:49:00+05:30,24935.0,24937.0,24932.0,24932.0,12600
2025-08-26 13:50:00+05:30,24932.0,24936.9,24931.2,24936.9,12150
2025-08-26 13:51:00+05:30,24936.9,24937.9,24928.7,24932.6,65400
2025-08-26 13:52:00+05:30,24932.2,24940.1,24929.6,24936.5,45600
2025-08-26 13:53:00+05:30,24931.5,24938.8,24930.9,24936.0,9900
2025-08-26 13:54:00+05:30,24936.0,24939.0,24932.7,24937.8,13050
2025-08-26 13:55:00+05:30,24937.8,24939.8,24932.9,24939.8,15525
2025-08-26 13:56:00+05:30,24939.8,24939.8,24931.4,24931.4,21675
2025-08-26 13:57:00+05:30,24931.4,24936.0,24931.4,24935.0,11850
2025-08-26 13:58:00+05:30,24935.0,24937.5,24931.2,24931.2,10425
2025-08-26 13:59:00+05:30,24931.2,24934.8,24930.4,24934.7,10350
2025-08-26 14:00:00+05:30,24934.7,24937.8,24931.8,24934.8,8325
2025-08-26 14:01:00+05:30,24934.8,24937.8,24931.8,24937.7,119625
2025-08-26 14:02:00+05:30,24937.7,24938.9,24931.5,24937.8,5550
2025-08-26 14:03:00+05:30,24937.8,24937.8,24930.0,24930.0,3825
2025-08-26 14:04:00+05:30,24930.0,24934.0,24929.7,24933.0,11925
2025-08-26 14:05:00+05:30,24933.0,24936.0,24931.2,24936.0,7650
2025-08-26 14:06:00+05:30,24936.0,24938.0,24931.2,24931.2,7575
2025-08-26 14:07:00+05:30,24931.2,24936.8,24930.3,24930.3,6000
2025-08-26 14:08:00+05:30,24930.3,24932.0,24930.0,24930.0,7800
2025-08-26 14:09:00+05:30,24930.0,24931.3,24927.0,24930.6,13200
2025-08-26 14:10:00+05:30,24930.6,24930.7,24921.0,24921.0,10800
2025-08-26 14:11:00+05:30,24921.0,24924.2,24917.2,24920.0,41925
2025-08-26 14:12:00+05:30,24920.0,24920.5,24915.0,24915.0,60600
2025-08-26 14:13:00+05:30,24915.0,24917.9,24911.7,24917.5,43800
2025-08-26 14:14:00+05:30,24917.5,24920.0,24913.3,24915.3,13350
2025-08-26 14:15:00+05:30,24915.3,24918.4,24911.0,24912.9,25500
2025-08-26 14:16:00+05:30,24911.9,24914.5,24908.0,24908.0,20775
2025-08-26 14:17:00+05:30,24908.0,24908.7,24903.0,24903.0,23700
2025-08-26 14:18:00+05:30,24903.0,24912.0,24903.0,24910.8,14175
2025-08-26 14:19:00+05:30,24910.7,24911.9,24902.0,24903.1,19500
2025-08-26 14:20:00+05:30,24903.4,24907.7,24901.0,24904.0,15975
2025-08-26 14:21:00+05:30,24901.3,24906.0,24901.0,24901.1,19125
2025-08-26 14:22:00+05:30,24901.5,24907.7,24900.0,24901.0,29025
2025-08-26 14:23:00+05:30,24901.0,24902.0,24900.0,24902.0,19500
2025-08-26 14:24:00+05:30,24902.0,24904.0,24900.0,24902.4,22425
2025-08-26 14:25:00+05:30,24902.4,24902.9,24885.8,24888.5,67875
2025-08-26 14:26:00+05:30,24889.2,24891.3,24881.5,24888.9,46950
2025-08-26 14:27:00+05:30,24888.9,24893.9,24887.9,24891.4,25275
2025-08-26 14:28:00+05:30,24891.4,24906.0,24891.4,24905.0,20850
2025-08-26 14:29:00+05:30,24905.0,24911.5,24905.0,24907.2,25875
2025-08-26 14:30:00+05:30,24907.2,24908.0,24898.1,24899.6,33225
2025-08-26 14:31:00+05:30,24899.6,24902.4,24898.0,24900.4,18075
2025-08-26 14:32:00+05:30,24900.4,24900.4,24893.1,24893.8,22275
2025-08-26 14:33:00+05:30,24893.8,24897.6,24893.8,24897.6,15900
2025-08-26 14:34:00+05:30,24897.6,24898.5,24895.0,24896.1,11850
2025-08-26 14:35:00+05:30,24896.1,24900.0,24896.0,24899.5,11625
2025-08-26 14:36:00+05:30,24899.5,24901.8,24899.0,24900.4,21975
2025-08-26 14:37:00+05:30,24900.4,24901.8,24896.0,24896.8,18525
2025-08-26 14:38:00+05:30,24896.8,24899.8,24895.1,24896.4,25800
2025-08-26 14:39:00+05:30,24896.4,24910.0,24896.4,24908.6,27300
2025-08-26 14:40:00+05:30,24909.5,24909.5,24900.0,24902.0,30000
2025-08-26 14:41:00+05:30,24902.0,24906.4,24902.0,24903.2,20850
2025-08-26 14:42:00+05:30,24903.2,24905.8,24901.0,24905.0,210600
2025-08-26 14:43:00+05:30,24905.0,24906.3,24899.3,24904.5,21450
2025-08-26 14:44:00+05:30,24904.5,24906.0,24901.0,24903.7,23100
2025-08-26 14:45:00+05:30,24903.7,24906.4,24901.2,24905.0,17550
2025-08-26 14:46:00+05:30,24905.0,24906.1,24896.0,24900.5,18450
2025-08-26 14:47:00+05:30,24900.5,24904.2,24896.1,24899.7,15675
2025-08-26 14:48:00+05:30,24900.0,24905.0,24899.9,24901.2,32025
2025-08-26 14:49:00+05:30,24905.0,24905.8,24901.8,24903.9,23325
2025-08-26 14:50:00+05:30,24904.1,24907.6,24903.6,24904.1,18600
2025-08-26 14:51:00+05:30,24904.0,24904.1,24898.1,24899.4,21825
2025-08-26 14:52:00+05:30,24899.4,24902.0,24898.5,24901.1,18975
2025-08-26 14:53:00+05:30,24901.5,24904.0,24895.0,24895.9,23775
2025-08-26 14:54:00+05:30,24896.0,24903.3,24895.0,24900.2,22725
2025-08-26 14:55:00+05:30,24900.1,24901.3,24897.8,24901.2,23100
2025-08-26 14:56:00+05:30,24901.2,24901.2,24895.8,24895.8,21225
2025-08-26 14:57:00+05:30,24895.8,24899.2,24895.0,24895.7,15075
2025-08-26 14:58:00+05:30,24895.7,24900.1,24895.0,24895.2,17100
2025-08-26 14:59:00+05:30,24895.2,24896.9,24892.0,24892.5,17625
2025-08-26 15:00:00+05:30,24892.5,24892.8,24885.0,24885.0,34425
2025-08-26 15:01:00+05:30,24885.0,24887.0,24878.0,24879.0,48750
2025-08-26 15:02:00+05:30,24879.0,24879.7,24867.5,24871.9,49200
2025-08-26 15:03:00+05:30,24871.9,24871.9,24860.4,24861.7,39975
2025-08-26 15:04:00+05:30,24861.7,24861.7,24850.0,24855.4,64575
2025-08-26 15:05:00+05:30,24858.8,24862.0,24853.8,24857.3,42450
2025-08-26 15:06:00+05:30,24857.3,24865.7,24856.6,24865.2,42450
2025-08-26 15:07:00+05:30,24865.2,24867.9,24861.0,24865.6,43425
2025-08-26 15:08:00+05:30,24865.6,24872.2,24863.1,24863.1,21000
2025-08-26 15:09:00+05:30,24863.1,24865.3,24859.4,24865.3,90225
2025-08-26 15:10:00+05:30,24865.3,24865.3,24855.0,24857.1,36300
2025-08-26 15:11:00+05:30,24857.1,24857.1,24848.0,24849.6,45300
2025-08-26 15:12:00+05:30,24849.6,24852.8,24844.0,24847.6,39975
2025-08-26 15:13:00+05:30,24847.6,24848.1,24840.6,24840.7,34800
2025-08-26 15:14:00+05:30,24840.7,24849.8,24837.1,24843.4,81825
2025-08-26 15:15:00+05:30,24844.6,24860.8,24844.6,24858.8,46725
2025-08-26 15:16:00+05:30,24858.8,24864.8,24858.7,24859.2,103575
2025-08-26 15:17:00+05:30,24859.1,24859.4,24850.4,24855.9,42300
2025-08-26 15:18:00+05:30,24855.0,24856.3,24850.1,24854.6,51375
2025-08-26 15:19:00+05:30,24855.0,24858.9,24850.0,24850.8,45750
2025-08-26 15:20:00+05:30,24850.3,24857.4,24849.0,24854.2,42825
2025-08-26 15:21:00+05:30,24857.4,24858.6,24850.6,24855.8,31275
2025-08-26 15:22:00+05:30,24855.8,24855.8,24850.1,24851.0,39900
2025-08-26 15:23:00+05:30,24850.0,24852.9,24847.1,24847.6,57075
2025-08-26 15:24:00+05:30,24847.6,24856.0,24847.4,24853.9,41100
2025-08-26 15:25:00+05:30,24854.0,24858.8,24850.1,24853.6,35175
2025-08-26 15:26:00+05:30,24853.6,24857.7,24851.9,24855.2,15150
2025-08-26 15:27:00+05:30,24855.2,24857.7,24852.0,24855.1,20400
2025-08-26 15:28:00+05:30,24855.1,24859.0,24851.3,24857.1,30975
2025-08-26 15:29:00+05:30,24856.8,24858.2,24851.0,24852.9,39300
2025-08-28 09:15:00+05:30,24751.8,24836.0,24735.0,24743.8,122400
2025-08-28 09:16:00+05:30,24733.2,24743.7,24712.2,24717.8,143175
2025-08-28 09:17:00+05:30,24717.8,24729.6,24706.3,24706.3,72975
2025-08-28 09:18:00+05:30,24712.1,24720.7,24706.0,24713.5,67350
2025-08-28 09:19:00+05:30,24713.6,24720.0,24710.1,24710.5,65775
2025-08-28 09:20:00+05:30,24714.0,24717.4,24700.0,24710.0,123000
2025-08-28 09:21:00+05:30,24711.5,24715.8,24695.0,24700.0,64200
2025-08-28 09:22:00+05:30,24700.0,24705.2,24690.0,24693.2,48975
2025-08-28 09:23:00+05:30,24693.2,24693.2,24671.1,24673.5,42975
2025-08-28 09:24:00+05:30,24673.5,24674.5,24660.0,24660.0,47775
2025-08-28 09:25:00+05:30,24663.3,24671.9,24656.3,24669.6,70725
2025-08-28 09:26:00+05:30,24669.6,24697.1,24669.6,24685.0,81375
2025-08-28 09:27:00+05:30,24685.0,24690.0,24677.0,24687.8,66225
2025-08-28 09:28:00+05:30,24687.8,24687.8,24671.0,24674.1,51600
2025-08-28 09:29:00+05:30,24674.1,24687.7,24670.0,24677.1,45000
2025-08-28 09:30:00+05:30,24677.1,24679.2,24670.0,24671.2,36900
2025-08-28 09:31:00+05:30,24671.9,24677.4,24665.0,24666.7,33225
2025-08-28 09:32:00+05:30,24666.7,24675.3,24660.0,24674.5,28425
2025-08-28 09:33:00+05:30,24674.5,24674.5,24660.0,24660.0,27000
2025-08-28 09:34:00+05:30,24660.0,24665.0,24656.2,24656.2,40500
2025-08-28 09:35:00+05:30,24658.8,24672.3,24653.2,24672.0,34350
2025-08-28 09:36:00+05:30,24672.0,24677.2,24670.0,24670.0,26175
2025-08-28 09:37:00+05:30,24670.0,24671.9,24663.2,24670.0,33825
2025-08-28 09:38:00+05:30,24670.0,24677.9,24666.6,24677.3,27000
2025-08-28 09:39:00+05:30,24677.3,24686.3,24675.0,24682.6,27000
2025-08-28 09:40:00+05:30,24682.6,24717.2,24682.6,24706.2,56625
2025-08-28 09:41:00+05:30,24706.2,24710.0,24695.0,24709.4,36300
2025-08-28 09:42:00+05:30,24709.4,24714.0,24699.8,24699.8,28800
2025-08-28 09:43:00+05:30,24699.8,24710.0,24689.0,24708.0,33750
2025-08-28 09:44:00+05:30,24708.0,24715.0,24706.1,24710.0,43950
2025-08-28 09:45:00+05:30,24710.0,24725.5,24702.0,24723.8,71100
2025-08-28 09:46:00+05:30,24723.0,24729.0,24710.5,24720.3,44625
2025-08-28 09:47:00+05:30,24720.3,24720.3,24707.1,24716.0,47325
2025-08-28 09:48:00+05:30,24716.0,24717.0,24693.7,24694.4,27000
2025-08-28 09:49:00+05:30,24694.4,24705.0,24692.3,24705.0,24975
2025-08-28 09:50:00+05:30,24705.0,24708.1,24698.5,24699.0,16725
2025-08-28 09:51:00+05:30,24699.0,24711.6,24699.0,24710.0,18225
2025-08-28 09:52:00+05:30,24710.0,24733.0,24708.9,24723.8,27300
2025-08-28 09:53:00+05:30,24730.1,24738.0,24725.0,24728.1,39075
2025-08-28 09:54:00+05:30,24728.1,24737.0,24722.0,24737.0,14475
2025-08-28 09:55:00+05:30,24737.0,24737.6,24725.0,24726.0,20025
2025-08-28 09:56:00+05:30,24726.0,24732.7,24720.0,24725.2,15450
2025-08-28 09:57:00+05:30,24725.2,24729.4,24715.0,24721.9,20100
2025-08-28 09:58:00+05:30,24721.9,24730.0,24716.9,24724.0,12675
2025-08-28 09:59:00+05:30,24724.0,24728.8,24721.4,24727.8,12525
2025-08-28 10:00:00+05:30,24727.8,24733.0,24725.0,24726.1,20850
2025-08-28 10:01:00+05:30,24726.1,24730.0,24716.0,24728.3,25650
2025-08-28 10:02:00+05:30,24728.3,24729.6,24716.9,24720.0,13500
2025-08-28 10:03:00+05:30,24720.0,24737.9,24718.0,24732.4,11625
2025-08-28 10:04:00+05:30,24732.4,24741.9,24732.3,24738.0,17175
2025-08-28 10:05:00+05:30,24738.0,24743.3,24735.6,24739.7,17625
2025-08-28 10:06:00+05:30,24739.7,24745.0,24735.0,24740.0,16725
2025-08-28 10:07:00+05:30,24740.0,24743.9,24730.1,24730.1,12300
2025-08-28 10:08:00+05:30,24732.5,24734.9,24724.2,24730.0,15075
2025-08-28 10:09:00+05:30,24729.2,24729.2,24720.0,24724.0,10350
2025-08-28 10:10:00+05:30,24724.0,24724.2,24716.0,24720.1,16200
2025-08-28 10:11:00+05:30,24720.1,24726.0,24718.6,24721.0,20325
2025-08-28 10:12:00+05:30,24721.0,24728.4,24720.1,24722.7,19125
2025-08-28 10:13:00+05:30,24722.7,24724.0,24713.1,24713.1,17250
2025-08-28 10:14:00+05:30,24713.1,24718.1,24711.1,24712.0,15675
2025-08-28 10:15:00+05:30,24712.0,24716.0,24708.9,24714.0,18225
2025-08-28 10:16:00+05:30,24712.0,24717.4,24711.0,24714.9,21750
2025-08-28 10:17:00+05:30,24714.9,24720.0,24712.0,24713.3,15450
2025-08-28 10:18:00+05:30,24713.3,24714.6,24697.3,24697.3,29700
2025-08-28 10:19:00+05:30,24697.3,24700.7,24691.0,24693.2,17550
2025-08-28 10:20:00+05:30,24693.2,24695.2,24690.0,24690.0,27525
2025-08-28 10:21:00+05:30,24690.0,24694.0,24685.7,24692.2,19725
2025-08-28 10:22:00+05:30,24692.2,24696.8,24687.4,24695.9,15750
2025-08-28 10:23:00+05:30,24695.9,24700.0,24692.0,24696.6,16050
2025-08-28 10:24:00+05:30,24696.6,24701.6,24696.1,24700.0,18300
2025-08-28 10:25:00+05:30,24700.0,24709.2,24700.0,24709.2,15225
2025-08-28 10:26:00+05:30,24709.2,24717.1,24708.0,24710.0,18300
2025-08-28 10:27:00+05:30,24710.0,24721.9,24710.0,24717.3,13800
2025-08-28 10:28:00+05:30,24717.3,24720.3,24713.9,24718.5,41550
2025-08-28 10:29:00+05:30,24718.5,24721.7,24717.0,24719.8,16875
2025-08-28 10:30:00+05:30,24719.8,24723.8,24719.0,24722.0,9300
2025-08-28 10:31:00+05:30,24722.0,24724.0,24717.0,24721.3,8775
2025-08-28 10:32:00+05:30,24721.3,24731.0,24719.4,24731.0,12225
2025-08-28 10:33:00+05:30,24731.0,24736.0,24726.3,24730.6,13050
2025-08-28 10:34:00+05:30,24730.6,24755.0,24730.6,24750.3,43200
2025-08-28 10:35:00+05:30,24750.2,24755.2,24742.8,24751.4,27075
2025-08-28 10:36:00+05:30,24751.4,24765.8,24745.7,24758.3,39975
2025-08-28 10:37:00+05:30,24758.3,24758.3,24747.7,24750.2,23550
2025-08-28 10:38:00+05:30,24750.2,24755.2,24750.2,24754.2,15750
2025-08-28 10:39:00+05:30,24754.2,24755.1,24740.0,24740.0,15075
2025-08-28 10:40:00+05:30,24740.0,24745.3,24736.3,24745.0,28200
2025-08-28 10:41:00+05:30,24745.0,24750.0,24741.0,24741.0,21900
2025-08-28 10:42:00+05:30,24741.0,24747.1,24731.6,24731.6,29775
2025-08-28 10:43:00+05:30,24731.6,24742.0,24731.3,24742.0,13425
2025-08-28 10:44:00+05:30,24740.7,24745.0,24737.0,24737.0,6750
2025-08-28 10:45:00+05:30,24737.0,24745.0,24737.0,24743.4,10725
2025-08-28 10:46:00+05:30,24743.4,24750.9,24740.0,24750.9,8475
2025-08-28 10:47:00+05:30,24748.2,24758.0,24747.0,24757.0,11850
2025-08-28 10:48:00+05:30,24757.0,24775.0,24757.0,24769.5,32700
2025-08-28 10:49:00+05:30,24774.9,24780.0,24770.0,24779.8,22125
2025-08-28 10:50:00+05:30,24779.8,24780.0,24771.3,24779.0,12900
2025-08-28 10:51:00+05:30,24779.0,24779.0,24762.3,24768.1,17475
2025-08-28 10:52:00+05:30,24768.1,24770.0,24760.8,24765.0,10800
2025-08-28 10:53:00+05:30,24765.0,24767.0,24757.8,24764.9,8850
2025-08-28 10:54:00+05:30,24764.9,24772.8,24763.6,24771.2,7950
2025-08-28 10:55:00+05:30,24771.2,24772.2,24760.0,24764.6,9075
2025-08-28 10:56:00+05:30,24764.6,24769.4,24763.2,24769.1,6600
2025-08-28 10:57:00+05:30,24769.1,24777.0,24768.0,24777.0,17100
2025-08-28 10:58:00+05:30,24777.0,24800.0,24777.0,24800.0,42375
2025-08-28 10:59:00+05:30,24800.0,24800.0,24786.1,24794.5,28125
2025-08-28 11:00:00+05:30,24794.5,24794.5,24775.0,24775.0,22800
2025-08-28 11:01:00+05:30,24775.0,24779.5,24771.3,24776.6,19350
2025-08-28 11:02:00+05:30,24776.6,24780.1,24775.3,24777.9,12600
2025-08-28 11:03:00+05:30,24777.9,24780.9,24772.1,24778.0,9750
2025-08-28 11:04:00+05:30,24778.0,24784.9,24776.0,24777.5,14925
2025-08-28 11:05:00+05:30,24777.5,24805.0,24776.3,24805.0,18225
2025-08-28 11:06:00+05:30,24805.9,24811.0,24801.8,24811.0,34575
2025-08-28 11:07:00+05:30,24811.0,24811.0,24789.7,24789.7,14700
2025-08-28 11:08:00+05:30,24790.0,24794.5,24785.5,24788.0,10725
2025-08-28 11:09:00+05:30,24788.0,24791.0,24781.0,24785.4,10425
2025-08-28 11:10:00+05:30,24785.4,24787.6,24777.3,24783.0,10200
2025-08-28 11:11:00+05:30,24783.0,24783.1,24771.5,24773.2,10575
2025-08-28 11:12:00+05:30,24773.2,24784.7,24773.2,24782.1,8775
2025-08-28 11:13:00+05:30,24782.1,24789.8,24779.8,24786.0,11700
2025-08-28 11:14:00+05:30,24786.0,24786.0,24778.2,24784.9,11700
2025-08-28 11:15:00+05:30,24784.9,24786.6,24775.8,24780.5,12675
2025-08-28 11:16:00+05:30,24780.5,24785.0,24777.9,24780.0,4575
2025-08-28 11:17:00+05:30,24780.0,24790.0,24775.0,24790.0,13650
2025-08-28 11:18:00+05:30,24790.0,24790.7,24779.8,24780.8,8775
2025-08-28 11:19:00+05:30,24780.8,24783.9,24775.1,24776.9,5925
2025-08-28 11:20:00+05:30,24776.9,24794.2,24776.9,24787.9,14175
2025-08-28 11:21:00+05:30,24787.9,24793.9,24782.0,24787.5,9525
2025-08-28 11:22:00+05:30,24787.5,24789.9,24779.0,24785.0,8850
2025-08-28 11:23:00+05:30,24785.0,24792.8,24783.0,24792.8,19050
2025-08-28 11:24:00+05:30,24792.8,24794.4,24785.0,24791.5,6525
2025-08-28 11:25:00+05:30,24791.5,24796.2,24787.2,24794.9,21525
2025-08-28 11:26:00+05:30,24794.1,24794.1,24777.0,24777.0,30225
2025-08-28 11:27:00+05:30,24777.0,24780.0,24770.1,24771.2,9375
2025-08-28 11:28:00+05:30,24774.5,24779.0,24770.0,24777.7,11325
2025-08-28 11:29:00+05:30,24777.7,24777.7,24767.8,24767.8,10500
2025-08-28 11:30:00+05:30,24768.0,24775.0,24765.9,24771.0,11325
2025-08-28 11:31:00+05:30,24771.0,24780.0,24770.1,24776.6,9450
2025-08-28 11:32:00+05:30,24776.6,24789.0,24775.0,24785.7,9675
2025-08-28 11:33:00+05:30,24785.7,24793.8,24783.3,24789.6,7125
2025-08-28 11:34:00+05:30,24789.6,24797.0,24785.2,24796.7,9000
2025-08-28 11:35:00+05:30,24796.7,24804.0,24795.0,24796.0,15525
2025-08-28 11:36:00+05:30,24796.0,24800.0,24789.4,24800.0,14625
2025-08-28 11:37:00+05:30,24800.0,24800.0,24789.0,24790.4,11100
2025-08-28 11:38:00+05:30,24790.4,24794.8,24786.0,24788.1,15150
2025-08-28 11:39:00+05:30,24788.1,24793.0,24775.3,24777.5,13875
2025-08-28 11:40:00+05:30,24777.5,24788.0,24777.5,24779.0,8850
2025-08-28 11:41:00+05:30,24779.0,24785.0,24777.1,24782.6,14775
2025-08-28 11:42:00+05:30,24782.6,24783.1,24775.2,24776.3,29925
2025-08-28 11:43:00+05:30,24776.3,24783.0,24773.4,24777.4,46500
2025-08-28 11:44:00+05:30,24777.4,24781.9,24774.5,24776.0,24375
2025-08-28 11:45:00+05:30,24776.2,24781.5,24772.2,24772.5,49050
2025-08-28 11:46:00+05:30,24772.5,24786.0,24771.7,24776.6,27450
2025-08-28 11:47:00+05:30,24776.6,24785.1,24776.2,24778.1,15600
2025-08-28 11:48:00+05:30,24778.1,24780.5,24775.0,24776.2,14550
2025-08-28 11:49:00+05:30,24776.3,24785.2,24776.3,24781.5,14025
2025-08-28 11:50:00+05:30,24781.5,24784.0,24777.1,24778.1,9750
2025-08-28 11:51:00+05:30,24776.6,24783.4,24771.0,24772.3,39375
2025-08-28 11:52:00+05:30,24772.3,24780.2,24772.1,24774.8,49500
2025-08-28 11:53:00+05:30,24774.8,24780.5,24771.3,24771.3,9150
2025-08-28 11:54:00+05:30,24771.3,24774.0,24752.6,24755.2,29925
2025-08-28 11:55:00+05:30,24755.2,24755.2,24746.5,24750.6,26550
2025-08-28 11:56:00+05:30,24750.6,24754.4,24741.7,24744.0,16125
2025-08-28 11:57:00+05:30,24744.0,24748.7,24741.5,24746.0,52200
2025-08-28 11:58:00+05:30,24746.0,24749.5,24736.1,24742.8,20100
2025-08-28 11:59:00+05:30,24742.8,24747.4,24740.0,24742.0,16800
2025-08-28 12:00:00+05:30,24742.0,24745.4,24740.0,24744.0,10725
2025-08-28 12:01:00+05:30,24744.0,24747.0,24736.4,24740.2,22950
2025-08-28 12:02:00+05:30,24740.2,24743.7,24733.3,24735.5,20100
2025-08-28 12:03:00+05:30,24735.5,24743.6,24732.1,24740.0,31350
2025-08-28 12:04:00+05:30,24740.0,24747.0,24740.0,24744.3,25050
2025-08-28 12:05:00+05:30,24744.3,24749.7,24744.0,24748.4,14775
2025-08-28 12:06:00+05:30,24747.7,24750.0,24745.1,24747.0,18000
2025-08-28 12:07:00+05:30,24746.9,24754.9,24746.9,24754.9,12375
2025-08-28 12:08:00+05:30,24754.9,24754.9,24745.0,24745.1,9750
2025-08-28 12:09:00+05:30,24745.1,24750.4,24745.1,24750.4,8925
2025-08-28 12:10:00+05:30,24750.4,24752.6,24745.8,24746.9,11250
2025-08-28 12:11:00+05:30,24746.9,24755.0,24745.8,24750.6,6675
2025-08-28 12:12:00+05:30,24750.6,24750.6,24745.8,24745.8,6450
2025-08-28 12:13:00+05:30,24745.8,24751.5,24745.8,24750.7,21600
2025-08-28 12:14:00+05:30,24750.7,24752.4,24747.7,24749.9,7575
2025-08-28 12:15:00+05:30,24749.9,24757.2,24749.1,24752.0,22125
2025-08-28 12:16:00+05:30,24752.0,24752.5,24740.0,24740.0,8625
2025-08-28 12:17:00+05:30,24740.0,24745.3,24735.6,24739.0,10425
2025-08-28 12:18:00+05:30,24739.0,24739.0,24730.2,24732.3,12975
2025-08-28 12:19:00+05:30,24732.3,24732.3,24727.2,24730.0,10650
2025-08-28 12:20:00+05:30,24730.0,24734.3,24727.0,24730.4,14475
2025-08-28 12:21:00+05:30,24730.4,24733.7,24722.2,24722.5,24000
2025-08-28 12:22:00+05:30,24722.5,24725.0,24706.5,24708.7,31125
2025-08-28 12:23:00+05:30,24708.1,24708.1,24700.2,24703.1,37875
2025-08-28 12:24:00+05:30,24703.1,24708.0,24700.0,24705.0,33525
2025-08-28 12:25:00+05:30,24705.0,24705.0,24700.0,24705.0,19125
2025-08-28 12:26:00+05:30,24705.0,24717.2,24705.0,24707.1,26775
2025-08-28 12:27:00+05:30,24709.2,24712.7,24704.0,24704.6,18225
2025-08-28 12:28:00+05:30,24708.0,24714.1,24704.8,24708.0,15600
2025-08-28 12:29:00+05:30,24707.8,24717.3,24707.5,24712.5,21825
2025-08-28 12:30:00+05:30,24713.7,24716.0,24708.0,24710.0,21000
2025-08-28 12:31:00+05:30,24710.0,24714.3,24706.0,24707.1,18600
2025-08-28 12:32:00+05:30,24712.3,24715.0,24706.8,24710.0,18375
2025-08-28 12:33:00+05:30,24711.9,24717.0,24706.3,24712.2,33450
2025-08-28 12:34:00+05:30,24717.0,24721.0,24707.4,24714.3,29475
2025-08-28 12:35:00+05:30,24714.3,24714.5,24706.0,24710.0,9300
2025-08-28 12:36:00+05:30,24711.0,24715.0,24706.0,24707.9,10200
2025-08-28 12:37:00+05:30,24707.9,24710.0,24705.0,24705.0,9675
2025-08-28 12:38:00+05:30,24705.0,24705.3,24703.0,24705.0,7575
2025-08-28 12:39:00+05:30,24705.0,24712.8,24703.2,24703.2,9825
2025-08-28 12:40:00+05:30,24703.2,24706.4,24700.0,24700.0,10950
2025-08-28 12:41:00+05:30,24700.0,24705.8,24696.7,24703.4,20175
2025-08-28 12:42:00+05:30,24703.4,24705.6,24701.1,24704.4,3675
2025-08-28 12:43:00+05:30,24704.4,24705.7,24699.3,24699.5,12675
2025-08-28 12:44:00+05:30,24699.4,24702.1,24695.5,24696.1,13350
2025-08-28 12:45:00+05:30,24696.1,24711.3,24695.9,24703.1,27750
2025-08-28 12:46:00+05:30,24703.1,24710.9,24703.1,24708.2,11925
2025-08-28 12:47:00+05:30,24708.2,24711.0,24704.3,24704.3,11175
2025-08-28 12:48:00+05:30,24705.0,24709.6,24701.8,24701.8,12750
2025-08-28 12:49:00+05:30,24701.8,24704.4,24700.4,24702.7,12900
2025-08-28 12:50:00+05:30,24702.7,24711.8,24702.5,24709.6,15825
2025-08-28 12:51:00+05:30,24709.6,24710.0,24701.3,24702.0,9300
2025-08-28 12:52:00+05:30,24702.2,24710.0,24701.6,24704.6,6525
2025-08-28 12:53:00+05:30,24704.6,24711.8,24700.3,24707.9,13650
2025-08-28 12:54:00+05:30,24707.9,24715.5,24706.1,24708.1,8775
2025-08-28 12:55:00+05:30,24708.1,24712.4,24702.0,24702.0,14250
2025-08-28 12:56:00+05:30,24704.8,24709.7,24702.0,24708.0,7575
2025-08-28 12:57:00+05:30,24708.0,24708.7,24703.3,24703.3,4350
2025-08-28 12:58:00+05:30,24703.3,24704.8,24697.6,24697.6,10650
2025-08-28 12:59:00+05:30,24697.2,24697.8,24680.5,24691.7,44550
2025-08-28 13:00:00+05:30,24688.7,24694.7,24681.6,24681.6,13875
2025-08-28 13:01:00+05:30,24681.4,24685.0,24680.0,24680.0,14100
2025-08-28 13:02:00+05:30,24680.0,24685.0,24678.0,24678.0,24000
2025-08-28 13:03:00+05:30,24678.0,24685.0,24677.5,24680.0,9525
2025-08-28 13:04:00+05:30,24680.0,24684.9,24678.3,24684.0,11025
2025-08-28 13:05:00+05:30,24684.0,24685.0,24680.0,24682.2,6600
2025-08-28 13:06:00+05:30,24682.2,24682.2,24666.9,24668.1,19500
2025-08-28 13:07:00+05:30,24668.1,24669.9,24663.0,24667.9,32550
2025-08-28 13:08:00+05:30,24666.0,24668.0,24665.0,24665.0,12150
2025-08-28 13:09:00+05:30,24665.0,24672.0,24665.0,24670.0,13425
2025-08-28 13:10:00+05:30,24670.0,24674.8,24667.7,24673.2,11475
2025-08-28 13:11:00+05:30,24673.2,24680.0,24671.0,24677.2,13425
2025-08-28 13:12:00+05:30,24677.2,24683.5,24675.0,24683.5,10575
2025-08-28 13:13:00+05:30,24683.5,24689.7,24680.0,24689.7,17175
2025-08-28 13:14:00+05:30,24689.7,24690.0,24682.2,24684.8,21600
2025-08-28 13:15:00+05:30,24687.8,24690.2,24685.0,24688.0,8775
2025-08-28 13:16:00+05:30,24688.0,24691.5,24687.2,24689.9,7725
2025-08-28 13:17:00+05:30,24689.9,24692.8,24684.6,24685.0,11025
2025-08-28 13:18:00+05:30,24685.0,24687.2,24680.0,24680.0,8775
2025-08-28 13:19:00+05:30,24683.5,24685.0,24680.0,24684.1,7950
2025-08-28 13:20:00+05:30,24684.1,24685.0,24679.0,24681.6,6450
2025-08-28 13:21:00+05:30,24681.0,24681.0,24673.0,24675.9,19050
2025-08-28 13:22:00+05:30,24675.9,24682.6,24673.2,24676.0,22950
2025-08-28 13:23:00+05:30,24676.0,24683.9,24674.0,24674.7,11175
2025-08-28 13:24:00+05:30,24674.0,24679.8,24672.0,24673.0,12450
2025-08-28 13:25:00+05:30,24673.0,24683.8,24673.0,24678.1,13200
2025-08-28 13:26:00+05:30,24678.1,24688.1,24678.1,24686.6,17700
2025-08-28 13:27:00+05:30,24686.6,24689.1,24682.0,24683.0,16650
2025-08-28 13:28:00+05:30,24683.0,24684.8,24675.0,24679.7,11625
2025-08-28 13:29:00+05:30,24679.7,24684.9,24676.3,24682.2,18600
2025-08-28 13:30:00+05:30,24682.2,24685.0,24680.0,24681.2,102525
2025-08-28 13:31:00+05:30,24681.2,24683.0,24679.1,24680.1,10650
2025-08-28 13:32:00+05:30,24682.9,24682.9,24675.0,24675.5,22125
2025-08-28 13:33:00+05:30,24675.5,24679.0,24666.0,24669.3,25950
2025-08-28 13:34:00+05:30,24669.3,24669.6,24661.1,24666.5,27675
2025-08-28 13:35:00+05:30,24666.5,24666.5,24662.9,24664.1,30525
2025-08-28 13:36:00+05:30,24664.1,24671.9,24664.1,24671.9,13050
2025-08-28 13:37:00+05:30,24671.9,24674.0,24668.3,24670.9,15600
2025-08-28 13:38:00+05:30,24670.9,24676.1,24670.0,24676.1,18825
2025-08-28 13:39:00+05:30,24676.1,24686.4,24676.1,24680.0,49050
2025-08-28 13:40:00+05:30,24680.0,24691.4,24677.4,24687.0,14025
2025-08-28 13:41:00+05:30,24687.0,24687.0,24679.0,24681.0,44925
2025-08-28 13:42:00+05:30,24681.0,24683.2,24676.0,24676.8,51000
2025-08-28 13:43:00+05:30,24677.0,24684.4,24673.7,24683.0,22500
2025-08-28 13:44:00+05:30,24683.0,24685.8,24677.1,24678.6,12750
2025-08-28 13:45:00+05:30,24678.6,24681.6,24676.6,24681.6,6300
2025-08-28 13:46:00+05:30,24681.6,24683.6,24675.0,24680.0,7725
2025-08-28 13:47:00+05:30,24680.0,24681.4,24675.0,24681.4,4650
2025-08-28 13:48:00+05:30,24681.4,24684.0,24677.1,24681.1,12000
2025-08-28 13:49:00+05:30,24681.1,24682.1,24678.0,24679.2,5025
2025-08-28 13:50:00+05:30,24679.2,24681.8,24676.9,24678.7,15075
2025-08-28 13:51:00+05:30,24678.6,24680.7,24675.0,24677.9,10200
2025-08-28 13:52:00+05:30,24677.9,24677.9,24666.0,24667.1,19950
2025-08-28 13:53:00+05:30,24667.1,24670.5,24662.3,24665.0,37125
2025-08-28 13:54:00+05:30,24666.8,24670.0,24665.0,24670.0,10800
2025-08-28 13:55:00+05:30,24670.0,24674.0,24665.5,24667.0,7575
2025-08-28 13:56:00+05:30,24667.0,24669.2,24665.0,24669.2,10200
2025-08-28 13:57:00+05:30,24669.2,24669.2,24663.2,24667.4,15075
2025-08-28 13:58:00+05:30,24668.8,24670.0,24665.0,24666.1,13350
2025-08-28 13:59:00+05:30,24666.1,24670.0,24664.3,24669.0,16875
2025-08-28 14:00:00+05:30,24669.0,24681.8,24666.1,24679.9,15675
2025-08-28 14:01:00+05:30,24679.9,24685.7,24674.0,24675.0,13275
2025-08-28 14:02:00+05:30,24675.0,24679.9,24673.1,24675.0,11550
2025-08-28 14:03:00+05:30,24675.0,24677.0,24668.0,24671.9,16500
2025-08-28 14:04:00+05:30,24671.9,24671.9,24661.0,24661.0,14325
2025-08-28 14:05:00+05:30,24661.0,24666.9,24660.1,24666.9,31725
2025-08-28 14:06:00+05:30,24666.9,24681.0,24666.9,24677.8,25800
2025-08-28 14:07:00+05:30,24677.8,24679.9,24673.3,24679.8,10500
2025-08-28 14:08:00+05:30,24679.8,24687.3,24679.0,24684.2,9975
2025-08-28 14:09:00+05:30,24684.0,24685.0,24680.0,24680.1,6900
2025-08-28 14:10:00+05:30,24680.1,24699.9,24680.1,24697.2,16425
2025-08-28 14:11:00+05:30,24697.2,24707.7,24695.0,24704.3,18000
2025-08-28 14:12:00+05:30,24704.0,24712.0,24700.6,24707.1,13575
2025-08-28 14:13:00+05:30,24702.0,24704.0,24692.9,24699.0,20550
2025-08-28 14:14:00+05:30,24699.0,24704.0,24695.2,24702.0,16500
2025-08-28 14:15:00+05:30,24702.0,24705.7,24696.7,24705.3,26175
2025-08-28 14:16:00+05:30,24705.3,24707.4,24695.3,24696.3,16725
2025-08-28 14:17:00+05:30,24696.3,24708.0,24695.0,24708.0,5325
2025-08-28 14:18:00+05:30,24708.0,24708.0,24700.0,24703.6,7800
2025-08-28 14:19:00+05:30,24702.1,24710.0,24702.1,24705.0,11550
2025-08-28 14:20:00+05:30,24705.5,24707.8,24701.9,24703.0,9675
2025-08-28 14:21:00+05:30,24703.5,24708.0,24703.0,24708.0,5775
2025-08-28 14:22:00+05:30,24708.0,24709.9,24705.0,24705.0,14625
2025-08-28 14:23:00+05:30,24706.2,24723.0,24705.0,24719.8,22050
2025-08-28 14:24:00+05:30,24719.8,24719.8,24710.7,24714.0,7125
2025-08-28 14:25:00+05:30,24714.0,24714.0,24705.0,24705.0,21975
2025-08-28 14:26:00+05:30,24705.0,24705.0,24689.6,24691.9,18450
2025-08-28 14:27:00+05:30,24691.9,24691.9,24671.1,24678.3,29175
2025-08-28 14:28:00+05:30,24678.3,24684.9,24676.0,24682.7,5925
2025-08-28 14:29:00+05:30,24682.7,24700.9,24682.7,24690.0,13725
2025-08-28 14:30:00+05:30,24690.0,24690.0,24681.7,24681.7,10650
2025-08-28 14:31:00+05:30,24681.7,24693.7,24681.7,24690.0,11025
2025-08-28 14:32:00+05:30,24690.0,24697.4,24676.5,24676.5,11175
2025-08-28 14:33:00+05:30,24676.5,24679.8,24673.1,24676.0,11550
2025-08-28 14:34:00+05:30,24676.0,24676.0,24666.7,24668.5,16275
2025-08-28 14:35:00+05:30,24668.5,24673.0,24666.0,24666.0,9075
2025-08-28 14:36:00+05:30,24666.0,24680.0,24665.7,24680.0,13800
2025-08-28 14:37:00+05:30,24680.0,24680.0,24674.5,24674.5,12300
2025-08-28 14:38:00+05:30,24674.5,24680.0,24670.0,24671.0,13500
2025-08-28 14:39:00+05:30,24671.0,24680.0,24671.0,24675.0,6000
2025-08-28 14:40:00+05:30,24675.0,24677.0,24666.0,24666.0,11700
2025-08-28 14:41:00+05:30,24666.0,24672.9,24665.0,24667.0,10725
2025-08-28 14:42:00+05:30,24667.0,24674.9,24665.7,24670.0,9075
2025-08-28 14:43:00+05:30,24670.0,24670.0,24660.0,24660.1,23700
2025-08-28 14:44:00+05:30,24660.1,24666.6,24660.0,24660.0,13500
2025-08-28 14:45:00+05:30,24660.0,24661.0,24650.0,24659.9,69375
2025-08-28 14:46:00+05:30,24659.9,24659.9,24645.7,24648.9,48225
2025-08-28 14:47:00+05:30,24648.9,24659.9,24644.7,24655.0,51450
2025-08-28 14:48:00+05:30,24658.8,24659.9,24647.9,24653.6,34425
2025-08-28 14:49:00+05:30,24653.6,24657.9,24645.2,24646.1,31575
2025-08-28 14:50:00+05:30,24650.0,24659.0,24644.1,24656.5,21675
2025-08-28 14:51:00+05:30,24656.5,24656.5,24645.5,24648.9,35550
2025-08-28 14:52:00+05:30,24648.4,24655.0,24645.2,24653.3,22500
2025-08-28 14:53:00+05:30,24653.6,24658.9,24645.5,24646.8,35625
2025-08-28 14:54:00+05:30,24646.8,24667.3,24646.8,24658.6,28050
2025-08-28 14:55:00+05:30,24660.7,24661.0,24650.6,24650.6,15000
2025-08-28 14:56:00+05:30,24650.6,24660.1,24650.6,24658.7,95175
2025-08-28 14:57:00+05:30,24658.7,24665.1,24656.1,24663.9,20100
2025-08-28 14:58:00+05:30,24663.9,24665.3,24654.5,24654.5,26325
2025-08-28 14:59:00+05:30,24654.5,24657.8,24654.5,24655.0,11775
2025-08-28 15:00:00+05:30,24655.0,24665.3,24639.5,24639.5,80700
2025-08-28 15:01:00+05:30,24639.5,24651.2,24639.5,24647.5,50850
2025-08-28 15:02:00+05:30,24647.5,24655.0,24647.5,24651.8,21600
2025-08-28 15:03:00+05:30,24651.8,24653.6,24650.0,24651.4,48150
2025-08-28 15:04:00+05:30,24651.4,24654.3,24650.0,24653.6,164700
2025-08-28 15:05:00+05:30,24653.6,24655.0,24646.0,24651.9,57450
2025-08-28 15:06:00+05:30,24651.9,24653.7,24645.3,24647.3,61350
2025-08-28 15:07:00+05:30,24647.3,24650.1,24638.2,24638.6,37500
2025-08-28 15:08:00+05:30,24638.6,24645.9,24636.0,24636.0,35550
2025-08-28 15:09:00+05:30,24636.0,24642.5,24630.0,24631.5,42300
2025-08-28 15:10:00+05:30,24631.5,24638.6,24627.3,24635.0,45075
2025-08-28 15:11:00+05:30,24635.0,24641.1,24632.0,24637.0,30750
2025-08-28 15:12:00+05:30,24637.0,24644.3,24631.8,24642.0,19650
2025-08-28 15:13:00+05:30,24642.0,24648.3,24637.1,24644.4,32775
2025-08-28 15:14:00+05:30,24644.4,24647.7,24638.0,24644.9,25650
2025-08-28 15:15:00+05:30,24644.9,24653.8,24641.0,24646.6,32025
2025-08-28 15:16:00+05:30,24646.6,24650.2,24643.6,24649.0,62775
2025-08-28 15:17:00+05:30,24649.1,24651.0,24648.8,24649.1,26850
2025-08-28 15:18:00+05:30,24649.1,24651.2,24642.1,24642.1,41475
2025-08-28 15:19:00+05:30,24644.8,24646.9,24640.0,24640.4,23925
2025-08-28 15:20:00+05:30,24643.1,24646.6,24640.7,24644.9,29475
2025-08-28 15:21:00+05:30,24644.0,24655.9,24643.6,24655.0,74250
2025-08-28 15:22:00+05:30,24655.8,24658.1,24653.9,24658.0,69900
2025-08-28 15:23:00+05:30,24658.0,24659.9,24658.0,24658.0,87900
2025-08-28 15:24:00+05:30,24658.0,24662.3,24658.0,24661.0,25425
2025-08-28 15:25:00+05:30,24661.0,24664.0,24660.0,24662.5,52350
2025-08-28 15:26:00+05:30,24662.5,24665.3,24660.0,24665.0,91950
2025-08-28 15:27:00+05:30,24664.0,24665.3,24662.0,24663.0,43125
2025-08-28 15:28:00+05:30,24664.0,24667.9,24660.0,24663.7,81450
2025-08-28 15:29:00+05:30,24663.7,24668.9,24659.0,24668.4,41325
2025-08-29 09:15:00+05:30,24650.0,24697.0,24625.0,24691.0,154725
2025-08-29 09:16:00+05:30,24691.0,24696.6,24677.7,24694.0,54600
2025-08-29 09:17:00+05:30,24697.0,24699.0,24681.3,24691.1,49575
2025-08-29 09:18:00+05:30,24691.1,24702.1,24681.0,24683.7,43500
2025-08-29 09:19:00+05:30,24683.7,24683.7,24646.0,24650.2,38475
2025-08-29 09:20:00+05:30,24650.2,24671.8,24640.0,24668.1,79500
2025-08-29 09:21:00+05:30,24668.1,24680.9,24661.7,24680.9,46950
2025-08-29 09:22:00+05:30,24680.9,24688.6,24674.7,24685.0,42450
2025-08-29 09:23:00+05:30,24685.0,24690.2,24666.6,24680.0,33300
2025-08-29 09:24:00+05:30,24680.0,24691.6,24670.1,24689.0,29700
2025-08-29 09:25:00+05:30,24689.0,24694.9,24678.0,24678.5,15675
2025-08-29 09:26:00+05:30,24678.5,24681.0,24670.0,24672.3,19650
2025-08-29 09:27:00+05:30,24672.3,24680.0,24669.0,24675.0,12525
2025-08-29 09:28:00+05:30,24675.0,24679.9,24668.0,24673.0,9150
2025-08-29 09:29:00+05:30,24673.0,24678.8,24666.7,24670.4,19050
2025-08-29 09:30:00+05:30,24670.4,24677.7,24650.0,24654.8,26175
2025-08-29 09:31:00+05:30,24654.8,24665.0,24651.1,24654.3,25650
2025-08-29 09:32:00+05:30,24655.0,24661.7,24651.0,24657.5,18075
2025-08-29 09:33:00+05:30,24657.5,24664.3,24650.0,24653.9,16200
2025-08-29 09:34:00+05:30,24653.9,24653.9,24640.5,24642.7,14475
2025-08-29 09:35:00+05:30,24642.7,24643.2,24625.0,24625.0,47625
2025-08-29 09:36:00+05:30,24625.0,24627.6,24611.0,24621.4,50400
2025-08-29 09:37:00+05:30,24621.4,24640.0,24616.0,24638.0,28725
2025-08-29 09:38:00+05:30,24638.0,24666.0,24638.0,24640.4,77400
2025-08-29 09:39:00+05:30,24640.4,24663.2,24640.0,24655.2,21675
2025-08-29 09:40:00+05:30,24655.2,24673.1,24655.2,24671.1,24600
2025-08-29 09:41:00+05:30,24671.1,24672.0,24660.0,24661.9,14775
2025-08-29 09:42:00+05:30,24661.9,24671.0,24651.0,24651.1,28200
2025-08-29 09:43:00+05:30,24651.1,24662.7,24650.0,24652.5,19725
2025-08-29 09:44:00+05:30,24652.5,24657.9,24646.0,24650.0,17250
2025-08-29 09:45:00+05:30,24651.4,24654.7,24640.1,24640.5,15975
2025-08-29 09:46:00+05:30,24640.0,24648.1,24631.1,24633.9,16125
2025-08-29 09:47:00+05:30,24633.9,24648.1,24627.0,24648.1,9000
2025-08-29 09:48:00+05:30,24648.1,24648.1,24631.9,24636.0,8400
2025-08-29 09:49:00+05:30,24636.0,24637.5,24620.0,24624.3,32325
2025-08-29 09:50:00+05:30,24620.0,24637.0,24620.0,24634.1,17175
2025-08-29 09:51:00+05:30,24633.6,24640.0,24625.6,24637.2,6075
2025-08-29 09:52:00+05:30,24637.2,24641.5,24630.0,24630.0,7125
2025-08-29 09:53:00+05:30,24630.0,24638.9,24626.0,24636.4,7650
2025-08-29 09:54:00+05:30,24636.4,24640.0,24630.1,24630.1,7050
2025-08-29 09:55:00+05:30,24630.1,24643.3,24630.1,24642.7,12150
2025-08-29 09:56:00+05:30,24642.7,24650.0,24639.3,24642.0,7875
2025-08-29 09:57:00+05:30,24642.0,24652.0,24640.0,24642.1,19200
2025-08-29 09:58:00+05:30,24646.4,24648.8,24626.1,24626.1,20775
2025-08-29 09:59:00+05:30,24626.1,24639.9,24625.7,24628.0,9225
2025-08-29 10:00:00+05:30,24628.0,24632.8,24620.0,24622.5,22950
2025-08-29 10:01:00+05:30,24622.5,24625.2,24618.0,24622.7,9300
2025-08-29 10:02:00+05:30,24622.7,24625.0,24615.0,24621.6,8550
2025-08-29 10:03:00+05:30,24621.6,24633.5,24620.0,24624.2,30450
2025-08-29 10:04:00+05:30,24624.2,24624.2,24615.0,24615.0,16575
2025-08-29 10:05:00+05:30,24615.0,24623.1,24611.3,24620.5,13125
2025-08-29 10:06:00+05:30,24620.0,24623.4,24611.4,24615.0,13275
2025-08-29 10:07:00+05:30,24615.0,24620.2,24612.0,24615.0,8025
2025-08-29 10:08:00+05:30,24617.5,24618.0,24606.6,24618.0,29775
2025-08-29 10:09:00+05:30,24619.1,24622.0,24615.0,24622.0,40650
2025-08-29 10:10:00+05:30,24622.0,24627.5,24614.5,24614.5,14475
2025-08-29 10:11:00+05:30,24614.5,24621.7,24611.3,24615.6,8250
2025-08-29 10:12:00+05:30,24614.0,24625.0,24612.0,24624.0,5475
2025-08-29 10:13:00+05:30,24623.6,24623.6,24615.1,24618.7,3825
2025-08-29 10:14:00+05:30,24620.0,24620.0,24611.8,24613.5,6900
2025-08-29 10:15:00+05:30,24613.5,24622.0,24610.2,24622.0,6450
2025-08-29 10:16:00+05:30,24622.0,24634.0,24618.9,24628.6,11625
2025-08-29 10:17:00+05:30,24628.6,24639.7,24628.6,24631.5,8925
2025-08-29 10:18:00+05:30,24631.5,24638.0,24630.0,24638.0,8700
2025-08-29 10:19:00+05:30,24638.0,24644.0,24635.2,24644.0,10425
2025-08-29 10:20:00+05:30,24644.0,24648.0,24640.9,24643.0,9975
2025-08-29 10:21:00+05:30,24643.0,24654.5,24637.6,24653.5,22350
2025-08-29 10:22:00+05:30,24655.0,24659.4,24650.0,24653.3,14025
2025-08-29 10:23:00+05:30,24653.3,24659.0,24652.0,24658.0,7650
2025-08-29 10:24:00+05:30,24655.4,24663.7,24655.4,24661.5,10050
2025-08-29 10:25:00+05:30,24661.5,24662.9,24655.0,24656.0,7500
2025-08-29 10:26:00+05:30,24656.0,24658.1,24647.1,24651.0,13500
2025-08-29 10:27:00+05:30,24651.0,24664.3,24650.1,24664.1,7575
2025-08-29 10:28:00+05:30,24664.1,24664.2,24654.8,24655.2,4050
2025-08-29 10:29:00+05:30,24655.2,24658.5,24645.1,24654.0,10125
2025-08-29 10:30:00+05:30,24654.0,24665.8,24653.3,24664.0,9375
2025-08-29 10:31:00+05:30,24664.0,24674.8,24660.9,24670.6,43275
2025-08-29 10:32:00+05:30,24670.6,24674.7,24663.2,24674.7,12825
2025-08-29 10:33:00+05:30,24674.7,24674.7,24667.0,24671.0,8775
2025-08-29 10:34:00+05:30,24672.0,24677.4,24667.6,24672.5,12975
2025-08-29 10:35:00+05:30,24672.5,24677.0,24668.1,24675.0,12150
2025-08-29 10:36:00+05:30,24675.0,24678.0,24672.0,24676.0,8325
2025-08-29 10:37:00+05:30,24676.0,24683.6,24673.1,24683.0,21300
2025-08-29 10:38:00+05:30,24683.0,24684.5,24676.6,24684.0,7800
2025-08-29 10:39:00+05:30,24684.0,24689.0,24680.0,24688.0,14100
2025-08-29 10:40:00+05:30,24688.0,24698.9,24688.0,24694.0,24900
2025-08-29 10:41:00+05:30,24694.0,24698.9,24691.0,24693.9,16800
2025-08-29 10:42:00+05:30,24691.0,24695.0,24680.2,24693.0,10050
2025-08-29 10:43:00+05:30,24693.3,24699.9,24692.3,24693.6,12525
2025-08-29 10:44:00+05:30,24693.4,24701.8,24692.0,24693.7,28425
2025-08-29 10:45:00+05:30,24693.7,24700.0,24685.8,24686.1,23850
2025-08-29 10:46:00+05:30,24686.9,24694.6,24680.0,24685.0,14475
2025-08-29 10:47:00+05:30,24683.6,24695.0,24683.6,24694.7,5175
2025-08-29 10:48:00+05:30,24689.3,24695.0,24688.0,24688.0,3000
2025-08-29 10:49:00+05:30,24688.0,24694.9,24683.3,24685.0,6750
2025-08-29 10:50:00+05:30,24685.0,24691.9,24680.1,24687.6,19575
2025-08-29 10:51:00+05:30,24683.8,24688.7,24682.7,24688.7,5625
2025-08-29 10:52:00+05:30,24688.7,24691.1,24684.6,24691.0,7425
2025-08-29 10:53:00+05:30,24688.8,24691.0,24685.0,24689.0,2925
2025-08-29 10:54:00+05:30,24687.4,24690.0,24682.0,24684.9,4575
2025-08-29 10:55:00+05:30,24684.9,24685.0,24670.0,24670.0,21975
2025-08-29 10:56:00+05:30,24670.3,24674.2,24667.0,24668.0,13275
2025-08-29 10:57:00+05:30,24672.0,24675.0,24667.4,24670.9,5700
2025-08-29 10:58:00+05:30,24670.9,24674.9,24668.0,24674.8,3525
2025-08-29 10:59:00+05:30,24674.8,24675.0,24668.0,24668.0,3000
2025-08-29 11:00:00+05:30,24668.0,24674.0,24667.1,24672.0,5100
2025-08-29 11:01:00+05:30,24670.0,24680.0,24668.1,24677.8,8475
2025-08-29 11:02:00+05:30,24677.8,24687.9,24676.6,24687.9,12450
2025-08-29 11:03:00+05:30,24687.9,24694.0,24683.9,24693.0,4650
2025-08-29 11:04:00+05:30,24694.0,24699.0,24689.6,24697.2,6600
2025-08-29 11:05:00+05:30,24697.2,24699.0,24693.0,24693.0,9675
2025-08-29 11:06:00+05:30,24693.0,24693.0,24690.0,24690.0,3375
2025-08-29 11:07:00+05:30,24690.0,24691.0,24680.0,24680.0,4200
2025-08-29 11:08:00+05:30,24680.0,24682.5,24676.9,24681.0,7650
2025-08-29 11:09:00+05:30,24681.6,24687.6,24676.5,24680.0,3075
2025-08-29 11:10:00+05:30,24680.0,24686.0,24680.0,24685.0,3375
2025-08-29 11:11:00+05:30,24685.0,24695.0,24685.0,24695.0,9975
2025-08-29 11:12:00+05:30,24695.0,24708.5,24690.8,24701.0,28875
2025-08-29 11:13:00+05:30,24705.0,24706.9,24701.0,24706.0,6375
2025-08-29 11:14:00+05:30,24706.0,24706.0,24691.1,24697.5,16050
2025-08-29 11:15:00+05:30,24697.5,24702.0,24686.2,24696.3,7800
2025-08-29 11:16:00+05:30,24696.3,24696.3,24688.0,24688.2,2175
2025-08-29 11:17:00+05:30,24691.0,24699.0,24688.5,24699.0,9300
2025-08-29 11:18:00+05:30,24699.0,24700.0,24695.0,24695.7,3825
2025-08-29 11:19:00+05:30,24695.7,24695.7,24688.8,24690.0,2475
2025-08-29 11:20:00+05:30,24690.0,24692.0,24685.0,24685.0,2250
2025-08-29 11:21:00+05:30,24685.0,24691.2,24680.9,24682.7,11400
2025-08-29 11:22:00+05:30,24682.7,24690.6,24679.2,24679.2,6900
2025-08-29 11:23:00+05:30,24679.2,24685.0,24679.2,24682.0,3525
2025-08-29 11:24:00+05:30,24682.0,24687.0,24682.0,24685.9,1950
2025-08-29 11:25:00+05:30,24685.9,24687.0,24682.0,24682.0,1425
2025-08-29 11:26:00+05:30,24682.0,24692.0,24682.0,24692.0,2625
2025-08-29 11:27:00+05:30,24692.0,24694.3,24689.1,24694.3,6600
2025-08-29 11:28:00+05:30,24694.3,24698.0,24693.0,24696.0,9000
2025-08-29 11:29:00+05:30,24696.0,24698.0,24695.0,24696.9,2025
2025-08-29 11:30:00+05:30,24697.0,24705.0,24697.0,24702.0,9450
2025-08-29 11:31:00+05:30,24702.0,24703.0,24697.0,24697.7,5325
2025-08-29 11:32:00+05:30,24697.7,24706.0,24697.5,24706.0,5925
2025-08-29 11:33:00+05:30,24706.0,24706.0,24693.3,24699.0,3075
2025-08-29 11:34:00+05:30,24699.0,24702.2,24697.8,24702.0,4650
2025-08-29 11:35:00+05:30,24702.0,24710.0,24699.9,24700.1,14775
2025-08-29 11:36:00+05:30,24700.1,24707.0,24698.7,24701.0,12525
2025-08-29 11:37:00+05:30,24701.0,24705.0,24700.0,24701.0,4125
2025-08-29 11:38:00+05:30,24701.0,24704.9,24691.5,24696.8,8700
2025-08-29 11:39:00+05:30,24698.7,24705.0,24698.0,24704.5,7050
2025-08-29 11:40:00+05:30,24704.5,24704.9,24693.9,24698.0,32325
2025-08-29 11:41:00+05:30,24698.0,24700.0,24695.3,24700.0,5400
2025-08-29 11:42:00+05:30,24700.0,24703.4,24700.0,24703.4,1500
2025-08-29 11:43:00+05:30,24703.4,24709.9,24702.6,24707.9,6600
2025-08-29 11:44:00+05:30,24707.9,24709.8,24700.1,24705.2,8100
2025-08-29 11:45:00+05:30,24705.2,24710.0,24705.0,24705.0,10950
2025-08-29 11:46:00+05:30,24705.0,24709.0,24703.0,24705.0,9600
2025-08-29 11:47:00+05:30,24705.0,24708.4,24702.0,24703.0,5625
2025-08-29 11:48:00+05:30,24703.0,24708.9,24703.0,24708.0,7950
2025-08-29 11:49:00+05:30,24708.0,24708.0,24702.0,24706.4,7950
2025-08-29 11:50:00+05:30,24706.4,24709.9,24704.9,24705.6,10950
2025-08-29 11:51:00+05:30,24705.7,24708.0,24703.0,24703.0,6150
2025-08-29 11:52:00+05:30,24704.9,24704.9,24700.0,24704.0,4950
2025-08-29 11:53:00+05:30,24704.0,24704.0,24690.1,24693.4,11850
2025-08-29 11:54:00+05:30,24693.4,24695.0,24688.3,24693.5,7350
2025-08-29 11:55:00+05:30,24693.5,24700.0,24684.2,24685.0,15825
2025-08-29 11:56:00+05:30,24688.0,24689.2,24681.8,24686.0,23325
2025-08-29 11:57:00+05:30,24686.0,24698.1,24684.0,24692.3,17325
2025-08-29 11:58:00+05:30,24692.2,24698.7,24686.0,24687.3,6375
2025-08-29 11:59:00+05:30,24687.3,24693.0,24674.1,24683.0,20550
2025-08-29 12:00:00+05:30,24683.0,24683.0,24674.1,24674.1,7125
2025-08-29 12:01:00+05:30,24674.1,24680.0,24671.0,24674.0,34650
2025-08-29 12:02:00+05:30,24674.0,24675.0,24666.1,24670.6,14925
2025-08-29 12:03:00+05:30,24670.6,24680.0,24666.1,24671.3,19800
2025-08-29 12:04:00+05:30,24671.3,24682.0,24671.2,24676.0,4500
2025-08-29 12:05:00+05:30,24676.0,24681.2,24671.0,24672.9,5475
2025-08-29 12:06:00+05:30,24672.9,24687.0,24672.1,24681.9,5850
2025-08-29 12:07:00+05:30,24681.9,24689.0,24680.0,24682.5,6300
2025-08-29 12:08:00+05:30,24688.8,24689.9,24673.0,24673.0,6600
2025-08-29 12:09:00+05:30,24673.0,24681.7,24672.3,24672.5,4050
2025-08-29 12:10:00+05:30,24672.5,24679.7,24672.2,24674.8,3600
2025-08-29 12:11:00+05:30,24674.8,24684.9,24673.0,24677.0,3375
2025-08-29 12:12:00+05:30,24677.0,24685.0,24673.4,24681.5,4875
2025-08-29 12:13:00+05:30,24684.3,24690.0,24682.0,24690.0,6525
2025-08-29 12:14:00+05:30,24690.0,24690.0,24682.6,24689.9,4650
2025-08-29 12:15:00+05:30,24689.9,24691.9,24683.8,24689.0,4950
2025-08-29 12:16:00+05:30,24685.1,24689.0,24683.0,24686.6,3300
2025-08-29 12:17:00+05:30,24686.6,24689.5,24680.0,24683.8,1800
2025-08-29 12:18:00+05:30,24683.8,24687.4,24683.8,24685.3,975
2025-08-29 12:19:00+05:30,24685.3,24690.0,24684.0,24685.4,675
2025-08-29 12:20:00+05:30,24685.4,24685.7,24675.0,24675.0,1800
2025-08-29 12:21:00+05:30,24675.0,24679.3,24672.0,24672.0,2100
2025-08-29 12:22:00+05:30,24672.0,24674.9,24667.5,24668.0,5700
2025-08-29 12:23:00+05:30,24672.0,24676.3,24668.1,24676.3,2700
2025-08-29 12:24:00+05:30,24676.3,24680.0,24671.0,24674.3,4050
2025-08-29 12:25:00+05:30,24674.3,24685.0,24672.0,24685.0,6375
2025-08-29 12:26:00+05:30,24685.0,24685.0,24671.5,24677.2,3300
2025-08-29 12:27:00+05:30,24677.2,24677.2,24670.1,24674.6,4050
2025-08-29 12:28:00+05:30,24674.6,24674.6,24668.0,24669.0,3225
2025-08-29 12:29:00+05:30,24669.0,24669.3,24664.6,24665.1,22500
2025-08-29 12:30:00+05:30,24665.1,24675.0,24664.4,24674.6,8025
2025-08-29 12:31:00+05:30,24674.6,24674.7,24665.1,24665.1,3525
2025-08-29 12:32:00+05:30,24665.1,24672.8,24665.0,24665.1,4350
2025-08-29 12:33:00+05:30,24665.1,24669.4,24660.1,24663.0,6900
2025-08-29 12:34:00+05:30,24663.0,24666.0,24658.1,24666.0,20325
2025-08-29 12:35:00+05:30,24666.0,24675.2,24660.6,24675.2,22650
2025-08-29 12:36:00+05:30,24675.2,24676.1,24668.0,24668.0,4050
2025-08-29 12:37:00+05:30,24668.0,24674.9,24668.0,24674.3,6750
2025-08-29 12:38:00+05:30,24674.3,24674.3,24660.6,24660.6,4950
2025-08-29 12:39:00+05:30,24660.6,24670.0,24660.5,24665.1,1650
2025-08-29 12:40:00+05:30,24665.1,24675.0,24665.1,24670.0,1875
2025-08-29 12:41:00+05:30,24670.0,24679.7,24670.0,24676.7,2550
2025-08-29 12:42:00+05:30,24676.7,24684.7,24676.3,24678.2,9675
2025-08-29 12:43:00+05:30,24678.2,24686.0,24676.4,24686.0,4425
2025-08-29 12:44:00+05:30,24682.0,24687.0,24682.0,24684.0,3825
2025-08-29 12:45:00+05:30,24684.0,24688.8,24679.9,24688.8,2100
2025-08-29 12:46:00+05:30,24688.8,24688.9,24680.8,24688.9,4125
2025-08-29 12:47:00+05:30,24688.9,24689.3,24677.9,24679.2,7725
2025-08-29 12:48:00+05:30,24679.2,24685.0,24676.1,24685.0,4575
2025-08-29 12:49:00+05:30,24685.0,24689.0,24679.9,24686.9,1200
2025-08-29 12:50:00+05:30,24686.9,24688.0,24682.1,24682.1,1500
2025-08-29 12:51:00+05:30,24682.1,24687.4,24678.9,24682.4,3900
2025-08-29 12:52:00+05:30,24682.4,24685.0,24681.3,24683.4,2625
2025-08-29 12:53:00+05:30,24683.4,24685.1,24679.5,24683.9,4125
2025-08-29 12:54:00+05:30,24683.9,24683.9,24671.4,24673.5,5475
2025-08-29 12:55:00+05:30,24672.8,24680.8,24670.1,24671.8,7350
2025-08-29 12:56:00+05:30,24671.8,24684.6,24671.1,24677.3,10200
2025-08-29 12:57:00+05:30,24677.3,24677.3,24666.7,24667.1,10950
2025-08-29 12:58:00+05:30,24667.1,24670.5,24660.0,24660.8,5475
2025-08-29 12:59:00+05:30,24660.8,24667.1,24655.6,24660.0,22425
2025-08-29 13:00:00+05:30,24660.6,24665.0,24656.4,24657.4,6825
2025-08-29 13:01:00+05:30,24657.4,24663.6,24651.3,24661.5,15375
2025-08-29 13:02:00+05:30,24661.5,24662.0,24655.0,24655.3,6075
2025-08-29 13:03:00+05:30,24655.3,24660.1,24653.0,24658.0,5925
2025-08-29 13:04:00+05:30,24658.0,24658.2,24651.0,24658.2,9225
2025-08-29 13:05:00+05:30,24658.2,24664.9,24652.0,24664.9,4275
2025-08-29 13:06:00+05:30,24664.9,24664.9,24655.0,24659.9,3825
2025-08-29 13:07:00+05:30,24659.9,24659.9,24652.0,24657.3,7875
2025-08-29 13:08:00+05:30,24657.3,24657.8,24650.1,24650.1,8250
2025-08-29 13:09:00+05:30,24650.2,24654.2,24645.0,24651.6,21900
2025-08-29 13:10:00+05:30,24651.6,24654.0,24645.0,24653.0,4650
2025-08-29 13:11:00+05:30,24653.0,24654.0,24645.0,24645.0,7875
2025-08-29 13:12:00+05:30,24645.0,24653.0,24645.0,24651.7,3900
2025-08-29 13:13:00+05:30,24646.0,24651.6,24643.1,24645.9,9075
2025-08-29 13:14:00+05:30,24645.9,24645.9,24636.2,24636.2,19500
2025-08-29 13:15:00+05:30,24636.0,24642.4,24634.4,24638.3,9975
2025-08-29 13:16:00+05:30,24638.3,24650.0,24637.6,24649.4,11700
2025-08-29 13:17:00+05:30,24649.4,24649.4,24640.6,24642.0,3750
2025-08-29 13:18:00+05:30,24642.0,24644.9,24640.6,24643.0,3075
2025-08-29 13:19:00+05:30,24643.0,24652.0,24641.2,24646.2,3975
2025-08-29 13:20:00+05:30,24646.2,24658.9,24646.2,24655.0,13050
2025-08-29 13:21:00+05:30,24655.0,24655.6,24647.0,24655.6,2850
2025-08-29 13:22:00+05:30,24655.6,24656.8,24646.2,24652.0,4800
2025-08-29 13:23:00+05:30,24652.0,24654.0,24646.6,24650.1,2850
2025-08-29 13:24:00+05:30,24650.1,24652.7,24647.0,24652.0,3750
2025-08-29 13:25:00+05:30,24654.2,24655.0,24652.0,24652.7,1575
2025-08-29 13:26:00+05:30,24652.7,24652.7,24648.4,24650.9,2250
2025-08-29 13:27:00+05:30,24650.9,24652.9,24650.0,24651.6,2100
2025-08-29 13:28:00+05:30,24651.6,24655.0,24651.6,24654.2,1500
2025-08-29 13:29:00+05:30,24654.2,24660.0,24652.9,24655.0,2925
2025-08-29 13:30:00+05:30,24655.0,24658.1,24650.0,24650.1,5025
2025-08-29 13:31:00+05:30,24650.1,24652.0,24647.0,24651.9,9000
2025-08-29 13:32:00+05:30,24651.9,24656.7,24651.0,24652.6,17925
2025-08-29 13:33:00+05:30,24652.5,24652.5,24647.1,24647.1,4050
2025-08-29 13:34:00+05:30,24647.1,24648.8,24645.0,24645.0,3450
2025-08-29 13:35:00+05:30,24645.0,24646.2,24643.7,24645.9,6525
2025-08-29 13:36:00+05:30,24645.9,24645.9,24643.0,24643.6,2400
2025-08-29 13:37:00+05:30,24643.6,24649.0,24643.6,24649.0,2325
2025-08-29 13:38:00+05:30,24649.0,24649.9,24644.2,24645.0,2175
2025-08-29 13:39:00+05:30,24645.0,24649.3,24642.0,24644.6,1875
2025-08-29 13:40:00+05:30,24644.6,24650.0,24642.0,24650.0,9900
2025-08-29 13:41:00+05:30,24650.0,24650.0,24644.6,24645.6,1050
2025-08-29 13:42:00+05:30,24645.6,24647.7,24645.6,24647.4,1425
2025-08-29 13:43:00+05:30,24647.4,24647.4,24640.6,24640.6,2025
2025-08-29 13:44:00+05:30,24640.6,24641.5,24640.0,24640.7,3300
2025-08-29 13:45:00+05:30,24640.7,24641.5,24632.8,24634.0,18825
2025-08-29 13:46:00+05:30,24634.0,24644.9,24632.8,24644.9,9075
2025-08-29 13:47:00+05:30,24644.9,24644.9,24633.5,24635.0,2550
2025-08-29 13:48:00+05:30,24635.0,24640.0,24633.1,24637.0,1950
2025-08-29 13:49:00+05:30,24637.0,24638.9,24636.4,24636.4,2925
2025-08-29 13:50:00+05:30,24636.4,24640.0,24635.0,24639.3,3675
2025-08-29 13:51:00+05:30,24639.3,24647.7,24638.0,24647.7,6750
2025-08-29 13:52:00+05:30,24647.7,24651.9,24644.1,24650.2,5250
2025-08-29 13:53:00+05:30,24650.2,24650.2,24638.0,24641.0,3225
2025-08-29 13:54:00+05:30,24641.0,24641.0,24630.0,24630.0,14100
2025-08-29 13:55:00+05:30,24630.0,24638.0,24630.0,24631.0,2775
2025-08-29 13:56:00+05:30,24631.0,24632.5,24626.0,24626.0,14550
2025-08-29 13:57:00+05:30,24626.0,24628.0,24620.0,24620.0,15525
2025-08-29 13:58:00+05:30,24620.0,24623.9,24615.5,24623.5,19725
2025-08-29 13:59:00+05:30,24623.5,24623.5,24615.1,24615.1,6525
2025-08-29 14:00:00+05:30,24615.0,24620.0,24614.0,24615.0,5850
2025-08-29 14:01:00+05:30,24615.0,24620.3,24611.0,24617.5,19875
2025-08-29 14:02:00+05:30,24617.5,24618.9,24612.0,24618.9,7800
2025-08-29 14:03:00+05:30,24618.9,24626.8,24612.0,24621.0,12900
2025-08-29 14:04:00+05:30,24621.0,24624.9,24613.9,24618.0,7200
2025-08-29 14:05:00+05:30,24618.0,24621.1,24614.3,24616.0,5100
2025-08-29 14:06:00+05:30,24616.0,24621.7,24612.0,24620.8,4425
2025-08-29 14:07:00+05:30,24620.8,24627.2,24616.1,24627.2,1950
2025-08-29 14:08:00+05:30,24627.2,24632.8,24620.1,24628.6,12300
2025-08-29 14:09:00+05:30,24628.6,24637.9,24625.3,24630.2,5925
2025-08-29 14:10:00+05:30,24630.2,24647.6,24630.2,24644.0,6525
2025-08-29 14:11:00+05:30,24645.0,24648.0,24639.0,24639.0,10500
2025-08-29 14:12:00+05:30,24641.0,24648.0,24639.4,24643.1,5925
2025-08-29 14:13:00+05:30,24643.1,24650.0,24643.1,24646.4,13575
2025-08-29 14:14:00+05:30,24648.9,24649.0,24645.0,24648.9,3375
2025-08-29 14:15:00+05:30,24648.9,24648.9,24644.0,24644.0,4275
2025-08-29 14:16:00+05:30,24644.0,24648.9,24644.0,24648.8,2775
2025-08-29 14:17:00+05:30,24648.8,24649.0,24644.0,24644.0,6600
2025-08-29 14:18:00+05:30,24644.0,24648.0,24641.5,24642.7,3225
2025-08-29 14:19:00+05:30,24642.7,24645.0,24642.2,24644.4,11325
2025-08-29 14:20:00+05:30,24644.5,24648.0,24638.6,24643.0,12300
2025-08-29 14:21:00+05:30,24643.0,24685.0,24639.4,24660.1,67200
2025-08-29 14:22:00+05:30,24660.0,24670.0,24648.2,24670.0,57675
2025-08-29 14:23:00+05:30,24670.0,24674.7,24665.0,24667.4,10125
2025-08-29 14:24:00+05:30,24667.4,24667.4,24646.3,24651.9,18450
2025-08-29 14:25:00+05:30,24651.9,24660.0,24640.0,24640.0,12000
2025-08-29 14:26:00+05:30,24642.0,24642.0,24620.0,24620.0,28800
2025-08-29 14:27:00+05:30,24618.0,24625.4,24615.0,24620.0,12975
2025-08-29 14:28:00+05:30,24620.0,24626.0,24620.0,24620.0,4050
2025-08-29 14:29:00+05:30,24620.0,24620.0,24601.0,24604.1,49725
2025-08-29 14:30:00+05:30,24604.4,24623.6,24603.0,24611.0,9150
2025-08-29 14:31:00+05:30,24610.3,24615.6,24608.0,24614.4,6000
2025-08-29 14:32:00+05:30,24614.4,24619.1,24608.2,24610.0,7800
2025-08-29 14:33:00+05:30,24610.0,24616.2,24608.0,24610.0,5775
2025-08-29 14:34:00+05:30,24610.0,24613.0,24608.0,24610.1,5175
2025-08-29 14:35:00+05:30,24610.1,24613.0,24610.0,24611.0,3525
2025-08-29 14:36:00+05:30,24611.0,24613.0,24610.0,24613.0,6825
2025-08-29 14:37:00+05:30,24613.0,24615.0,24610.0,24610.8,3825
2025-08-29 14:38:00+05:30,24610.8,24610.8,24590.0,24593.4,64875
2025-08-29 14:39:00+05:30,24593.4,24599.0,24585.0,24587.8,17175
2025-08-29 14:40:00+05:30,24587.8,24596.5,24585.0,24595.4,19800
2025-08-29 14:41:00+05:30,24595.4,24598.9,24588.5,24596.9,11250
2025-08-29 14:42:00+05:30,24592.0,24596.2,24585.0,24590.0,17850
2025-08-29 14:43:00+05:30,24590.0,24591.5,24580.0,24583.6,31350
2025-08-29 14:44:00+05:30,24581.0,24591.3,24580.0,24591.3,17550
2025-08-29 14:45:00+05:30,24585.9,24595.0,24585.0,24595.0,15825
2025-08-29 14:46:00+05:30,24595.0,24602.1,24595.0,24600.9,20775
2025-08-29 14:47:00+05:30,24600.0,24601.0,24592.8,24599.9,9975
2025-08-29 14:48:00+05:30,24600.0,24606.7,24595.1,24598.6,25725
2025-08-29 14:49:00+05:30,24595.3,24600.5,24590.2,24598.5,26775
2025-08-29 14:50:00+05:30,24598.5,24602.9,24595.0,24595.2,8475
2025-08-29 14:51:00+05:30,24595.0,24598.1,24591.6,24593.8,20925
2025-08-29 14:52:00+05:30,24594.1,24599.3,24591.6,24593.8,17550
2025-08-29 14:53:00+05:30,24593.7,24598.9,24590.0,24590.8,17325
2025-08-29 14:54:00+05:30,24591.3,24598.8,24591.1,24598.8,24525
2025-08-29 14:55:00+05:30,24598.8,24607.6,24595.0,24606.2,37950
2025-08-29 14:56:00+05:30,24606.7,24610.0,24601.1,24606.1,15600
2025-08-29 14:57:00+05:30,24607.5,24610.0,24600.2,24610.0,11325
2025-08-29 14:58:00+05:30,24610.0,24612.0,24603.8,24611.1,11475
2025-08-29 14:59:00+05:30,24611.1,24618.8,24609.8,24615.0,19350
2025-08-29 15:00:00+05:30,24614.8,24617.9,24596.0,24596.0,24150
2025-08-29 15:01:00+05:30,24596.0,24600.0,24596.0,24596.5,8550
2025-08-29 15:02:00+05:30,24596.5,24599.0,24590.3,24597.8,16350
2025-08-29 15:03:00+05:30,24597.8,24597.8,24590.0,24590.0,6375
2025-08-29 15:04:00+05:30,24590.0,24594.2,24585.1,24587.0,6225
2025-08-29 15:05:00+05:30,24587.0,24594.0,24586.2,24587.6,12900
2025-08-29 15:06:00+05:30,24587.6,24594.8,24586.5,24588.0,10425
2025-08-29 15:07:00+05:30,24588.0,24590.3,24577.0,24584.4,33525
2025-08-29 15:08:00+05:30,24584.3,24586.4,24575.0,24575.0,12675
2025-08-29 15:09:00+05:30,24578.4,24581.3,24562.1,24566.0,30225
2025-08-29 15:10:00+05:30,24566.0,24569.3,24555.8,24557.1,34275
2025-08-29 15:11:00+05:30,24557.1,24564.8,24551.7,24552.4,34200
2025-08-29 15:12:00+05:30,24552.4,24553.5,24546.6,24547.6,40500
2025-08-29 15:13:00+05:30,24550.0,24560.0,24547.0,24549.5,13875
2025-08-29 15:14:00+05:30,24549.5,24551.0,24546.0,24546.0,14325
2025-08-29 15:15:00+05:30,24550.0,24565.0,24550.0,24564.0,32550
2025-08-29 15:16:00+05:30,24564.0,24566.0,24555.5,24560.0,21600
2025-08-29 15:17:00+05:30,24560.0,24564.0,24555.1,24564.0,31425
2025-08-29 15:18:00+05:30,24564.0,24569.0,24557.0,24568.9,29175
2025-08-29 15:19:00+05:30,24564.1,24569.8,24561.8,24563.1,8250
2025-08-29 15:20:00+05:30,24561.5,24568.2,24558.5,24558.7,59550
2025-08-29 15:21:00+05:30,24558.9,24578.3,24558.9,24573.0,37500
2025-08-29 15:22:00+05:30,24573.0,24575.0,24566.0,24567.0,25350
2025-08-29 15:23:00+05:30,24568.5,24571.9,24561.8,24565.0,32025
2025-08-29 15:24:00+05:30,24565.0,24570.0,24563.9,24568.0,20400
2025-08-29 15:25:00+05:30,24568.0,24575.0,24567.3,24571.5,48825
2025-08-29 15:26:00+05:30,24571.5,24571.5,24565.7,24566.0,23775
2025-08-29 15:27:00+05:30,24569.9,24570.0,24563.7,24565.6,27750
2025-08-29 15:28:00+05:30,24565.6,24572.0,24565.0,24570.6,47925
2025-08-29 15:29:00+05:30,24570.6,24579.9,24570.6,24574.6,32175
2025-09-01 09:15:00+05:30,24581.1,24648.0,24581.0,24642.2,62175
2025-09-01 09:16:00+05:30,24642.2,24650.0,24630.1,24650.0,48900
2025-09-01 09:17:00+05:30,24646.0,24654.1,24640.0,24650.9,42675
2025-09-01 09:18:00+05:30,24651.8,24658.9,24650.1,24655.0,40350
2025-09-01 09:19:00+05:30,24652.8,24656.0,24650.0,24652.6,24300
2025-09-01 09:20:00+05:30,24652.6,24659.0,24641.0,24641.0,66750
2025-09-01 09:21:00+05:30,24640.0,24645.0,24629.2,24635.1,31050
2025-09-01 09:22:00+05:30,24635.1,24658.6,24635.1,24658.6,35025
2025-09-01 09:23:00+05:30,24658.6,24659.0,24652.0,24659.0,38775
2025-09-01 09:24:00+05:30,24659.0,24659.0,24652.5,24659.0,16275
2025-09-01 09:25:00+05:30,24659.0,24659.0,24650.0,24656.4,10875
2025-09-01 09:26:00+05:30,24656.4,24660.8,24654.7,24659.5,17850
2025-09-01 09:27:00+05:30,24659.5,24660.0,24653.0,24657.3,10500
2025-09-01 09:28:00+05:30,24657.3,24657.3,24641.7,24646.8,16050
2025-09-01 09:29:00+05:30,24646.8,24659.0,24646.8,24659.0,28125
2025-09-01 09:30:00+05:30,24659.0,24664.0,24652.8,24661.7,22275
2025-09-01 09:31:00+05:30,24661.7,24677.3,24660.1,24660.1,51825
2025-09-01 09:32:00+05:30,24660.1,24660.1,24650.0,24657.0,26400
2025-09-01 09:33:00+05:30,24657.0,24672.0,24657.0,24666.9,9600
2025-09-01 09:34:00+05:30,24666.9,24680.0,24666.9,24679.0,20925
2025-09-01 09:35:00+05:30,24679.0,24680.0,24666.3,24670.0,13875
2025-09-01 09:36:00+05:30,24670.0,24680.0,24668.3,24676.0,10800
2025-09-01 09:37:00+05:30,24676.0,24679.8,24671.2,24678.8,16575
2025-09-01 09:38:00+05:30,24678.8,24682.0,24675.0,24677.0,31050
2025-09-01 09:39:00+05:30,24677.0,24681.0,24669.0,24670.9,14025
2025-09-01 09:40:00+05:30,24670.9,24671.0,24661.1,24661.9,17025
2025-09-01 09:41:00+05:30,24661.9,24670.0,24657.3,24665.0,13575
2025-09-01 09:42:00+05:30,24665.0,24674.4,24664.3,24664.3,9375
2025-09-01 09:43:00+05:30,24664.3,24672.8,24664.3,24665.6,6150
2025-09-01 09:44:00+05:30,24672.0,24672.0,24665.1,24667.5,5400
2025-09-01 09:45:00+05:30,24670.0,24680.0,24669.0,24676.7,10500
2025-09-01 09:46:00+05:30,24680.0,24682.7,24677.3,24680.0,13125
2025-09-01 09:47:00+05:30,24680.0,24681.0,24672.5,24680.0,11550
2025-09-01 09:48:00+05:30,24681.0,24683.9,24676.0,24681.5,20400
2025-09-01 09:49:00+05:30,24681.5,24684.0,24670.0,24672.1,12525
2025-09-01 09:50:00+05:30,24672.1,24675.0,24668.1,24668.5,10425
2025-09-01 09:51:00+05:30,24668.5,24683.9,24668.5,24681.5,11325
2025-09-01 09:52:00+05:30,24681.5,24686.7,24677.1,24683.4,14100
2025-09-01 09:53:00+05:30,24686.3,24687.9,24680.0,24686.5,15900
2025-09-01 09:54:00+05:30,24686.5,24689.3,24681.4,24686.8,18300
2025-09-01 09:55:00+05:30,24686.8,24691.9,24684.0,24687.8,36750
2025-09-01 09:56:00+05:30,24687.8,24688.3,24675.0,24678.1,23250
2025-09-01 09:57:00+05:30,24678.1,24686.9,24675.0,24679.6,7350
2025-09-01 09:58:00+05:30,24679.6,24685.0,24673.5,24680.0,6225
2025-09-01 09:59:00+05:30,24682.0,24687.8,24675.4,24681.9,8850
2025-09-01 10:00:00+05:30,24681.9,24681.9,24675.2,24678.9,4800
2025-09-01 10:01:00+05:30,24678.9,24681.9,24672.5,24678.9,8775
2025-09-01 10:02:00+05:30,24678.9,24686.5,24672.0,24685.0,16425
2025-09-01 10:03:00+05:30,24685.0,24685.7,24671.6,24680.0,6150
2025-09-01 10:04:00+05:30,24680.0,24680.0,24670.0,24670.1,4875
2025-09-01 10:05:00+05:30,24670.1,24675.3,24666.2,24668.0,8550
2025-09-01 10:06:00+05:30,24668.0,24672.6,24663.0,24665.5,16800
2025-09-01 10:07:00+05:30,24665.5,24670.0,24662.8,24664.7,8175
2025-09-01 10:08:00+05:30,24664.2,24668.0,24662.0,24664.4,14475
2025-09-01 10:09:00+05:30,24664.4,24670.0,24663.8,24668.0,12450
2025-09-01 10:10:00+05:30,24669.0,24670.0,24655.0,24661.0,21450
2025-09-01 10:11:00+05:30,24661.0,24665.5,24658.0,24661.1,14025
2025-09-01 10:12:00+05:30,24661.1,24667.1,24660.0,24662.0,12300
2025-09-01 10:13:00+05:30,24662.0,24664.0,24658.5,24662.0,8400
2025-09-01 10:14:00+05:30,24662.0,24664.9,24656.4,24656.8,3300
2025-09-01 10:15:00+05:30,24656.0,24660.0,24655.0,24658.5,6900
2025-09-01 10:16:00+05:30,24657.5,24664.0,24655.3,24661.7,4425
2025-09-01 10:17:00+05:30,24661.7,24669.0,24661.1,24664.0,4725
2025-09-01 10:18:00+05:30,24664.0,24664.0,24657.2,24658.0,2175
2025-09-01 10:19:00+05:30,24658.0,24659.8,24651.0,24652.0,7275
2025-09-01 10:20:00+05:30,24652.0,24655.0,24650.1,24652.6,7425
2025-09-01 10:21:00+05:30,24652.6,24655.0,24650.1,24650.1,4275
2025-09-01 10:22:00+05:30,24650.1,24650.6,24641.0,24643.2,10200
2025-09-01 10:23:00+05:30,24643.2,24652.9,24641.1,24650.0,7950
2025-09-01 10:24:00+05:30,24650.0,24655.0,24646.2,24650.8,9675
2025-09-01 10:25:00+05:30,24650.8,24668.2,24650.8,24662.0,37875
2025-09-01 10:26:00+05:30,24662.0,24662.5,24652.7,24660.0,5850
2025-09-01 10:27:00+05:30,24660.0,24671.6,24660.0,24669.0,10050
2025-09-01 10:28:00+05:30,24669.0,24674.9,24669.0,24672.1,7650
2025-09-01 10:29:00+05:30,24672.1,24674.1,24665.4,24666.1,2100
2025-09-01 10:30:00+05:30,24666.1,24670.0,24663.0,24665.0,4800
2025-09-01 10:31:00+05:30,24665.0,24668.0,24651.5,24655.9,6900
2025-09-01 10:32:00+05:30,24655.9,24660.0,24650.3,24655.0,5625
2025-09-01 10:33:00+05:30,24655.0,24655.0,24650.0,24650.1,5700
2025-09-01 10:34:00+05:30,24650.1,24653.0,24650.0,24651.0,5250
2025-09-01 10:35:00+05:30,24651.0,24655.0,24650.0,24652.0,2625
2025-09-01 10:36:00+05:30,24652.0,24655.0,24651.0,24651.0,5625
2025-09-01 10:37:00+05:30,24651.0,24655.0,24650.0,24655.0,3450
2025-09-01 10:38:00+05:30,24655.0,24659.0,24652.0,24655.0,3675
2025-09-01 10:39:00+05:30,24657.1,24657.1,24648.0,24653.0,19050
2025-09-01 10:40:00+05:30,24653.0,24654.0,24650.0,24652.1,1875
2025-09-01 10:41:00+05:30,24652.1,24657.6,24652.0,24653.4,3225
2025-09-01 10:42:00+05:30,24653.4,24657.5,24650.0,24657.0,3000
2025-09-01 10:43:00+05:30,24657.0,24663.3,24655.1,24663.1,6225
2025-09-01 10:44:00+05:30,24663.3,24670.0,24658.2,24669.5,7275
2025-09-01 10:45:00+05:30,24669.5,24675.0,24664.3,24674.7,13875
2025-09-01 10:46:00+05:30,24674.7,24680.8,24674.7,24675.8,22800
2025-09-01 10:47:00+05:30,24675.8,24681.1,24675.8,24678.0,10500
2025-09-01 10:48:00+05:30,24678.0,24679.4,24671.0,24677.5,4275
2025-09-01 10:49:00+05:30,24677.5,24678.6,24675.0,24677.0,4650
2025-09-01 10:50:00+05:30,24677.0,24679.9,24675.1,24679.6,3375
2025-09-01 10:51:00+05:30,24679.6,24681.9,24669.0,24671.0,11250
2025-09-01 10:52:00+05:30,24671.0,24676.6,24670.0,24674.4,1800
2025-09-01 10:53:00+05:30,24674.4,24675.0,24666.6,24666.6,5175
2025-09-01 10:54:00+05:30,24666.6,24669.0,24663.0,24665.0,2700
2025-09-01 10:55:00+05:30,24665.0,24672.1,24660.2,24660.2,2250
2025-09-01 10:56:00+05:30,24660.2,24674.9,24660.2,24670.0,4425
2025-09-01 10:57:00+05:30,24670.0,24676.9,24670.0,24676.4,1725
2025-09-01 10:58:00+05:30,24676.4,24679.9,24674.0,24675.4,3750
2025-09-01 10:59:00+05:30,24675.4,24683.9,24675.4,24680.0,7500
2025-09-01 11:00:00+05:30,24680.0,24688.1,24680.0,24682.0,18675
2025-09-01 11:01:00+05:30,24682.0,24685.0,24678.0,24683.0,5100
2025-09-01 11:02:00+05:30,24683.0,24685.0,24678.1,24682.3,3600
2025-09-01 11:03:00+05:30,24682.3,24684.0,24678.6,24683.0,4050
2025-09-01 11:04:00+05:30,24680.6,24684.0,24680.0,24683.9,2475
2025-09-01 11:05:00+05:30,24683.9,24684.6,24678.4,24678.4,4425
2025-09-01 11:06:00+05:30,24678.4,24680.0,24672.4,24679.7,3300
2025-09-01 11:07:00+05:30,24679.7,24683.5,24675.8,24683.5,1875
2025-09-01 11:08:00+05:30,24683.5,24683.5,24671.2,24678.2,3375
2025-09-01 11:09:00+05:30,24679.8,24681.9,24672.5,24680.0,3600
2025-09-01 11:10:00+05:30,24680.0,24683.5,24676.4,24676.4,2325
2025-09-01 11:11:00+05:30,24676.2,24680.0,24672.9,24675.0,5175
2025-09-01 11:12:00+05:30,24675.0,24680.0,24675.0,24680.0,975
2025-09-01 11:13:00+05:30,24680.0,24684.0,24677.0,24680.0,2250
2025-09-01 11:14:00+05:30,24684.9,24685.0,24680.0,24682.8,4275
2025-09-01 11:15:00+05:30,24682.8,24683.2,24674.2,24679.0,7200
2025-09-01 11:16:00+05:30,24679.0,24682.0,24677.0,24680.0,2475
2025-09-01 11:17:00+05:30,24680.0,24684.0,24680.0,24684.0,1125
2025-09-01 11:18:00+05:30,24684.0,24684.0,24677.2,24680.0,7200
2025-09-01 11:19:00+05:30,24680.0,24685.0,24678.0,24683.7,4575
2025-09-01 11:20:00+05:30,24680.0,24684.0,24675.9,24684.0,3750
2025-09-01 11:21:00+05:30,24684.0,24684.0,24677.5,24677.5,2175
2025-09-01 11:22:00+05:30,24677.5,24683.7,24675.0,24680.0,1125
2025-09-01 11:23:00+05:30,24680.0,24682.0,24673.2,24680.0,2925
2025-09-01 11:24:00+05:30,24680.0,24680.0,24673.4,24680.0,5100
2025-09-01 11:25:00+05:30,24674.4,24684.3,24674.4,24679.3,2475
2025-09-01 11:26:00+05:30,24679.3,24685.0,24679.3,24679.5,1875
2025-09-01 11:27:00+05:30,24679.5,24685.0,24679.3,24679.3,2925
2025-09-01 11:28:00+05:30,24684.7,24685.0,24679.4,24684.0,1875
2025-09-01 11:29:00+05:30,24684.0,24685.0,24684.0,24685.0,7200
2025-09-01 11:30:00+05:30,24685.0,24687.4,24680.0,24682.4,8250
2025-09-01 11:31:00+05:30,24682.4,24693.0,24682.4,24691.8,32475
2025-09-01 11:32:00+05:30,24691.8,24693.0,24680.0,24680.0,5700
2025-09-01 11:33:00+05:30,24680.0,24683.8,24680.0,24683.8,1725
2025-09-01 11:34:00+05:30,24683.8,24684.3,24671.0,24676.5,7425
2025-09-01 11:35:00+05:30,24676.5,24683.0,24676.5,24678.4,3525
2025-09-01 11:36:00+05:30,24678.4,24682.0,24678.4,24680.4,4650
2025-09-01 11:37:00+05:30,24680.4,24680.7,24675.1,24679.4,2175
2025-09-01 11:38:00+05:30,24679.4,24679.4,24675.0,24677.5,1350
2025-09-01 11:39:00+05:30,24677.5,24681.6,24675.0,24681.6,2250
2025-09-01 11:40:00+05:30,24681.6,24681.6,24675.0,24677.1,750
2025-09-01 11:41:00+05:30,24677.1,24682.0,24677.0,24682.0,1350
2025-09-01 11:42:00+05:30,24682.0,24682.0,24675.2,24675.2,2700
2025-09-01 11:43:00+05:30,24675.2,24680.0,24675.0,24676.0,3600
2025-09-01 11:44:00+05:30,24676.0,24677.0,24672.0,24673.6,1800
2025-09-01 11:45:00+05:30,24673.6,24678.9,24669.3,24673.6,3375
2025-09-01 11:46:00+05:30,24673.6,24673.9,24667.6,24673.8,12750
2025-09-01 11:47:00+05:30,24673.8,24673.8,24661.0,24661.0,2925
2025-09-01 11:48:00+05:30,24661.0,24669.9,24661.0,24665.0,3375
2025-09-01 11:49:00+05:30,24663.3,24667.2,24661.0,24661.0,3600
2025-09-01 11:50:00+05:30,24661.0,24667.2,24660.4,24665.0,4575
2025-09-01 11:51:00+05:30,24665.0,24669.0,24664.0,24666.8,7575
2025-09-01 11:52:00+05:30,24666.8,24667.1,24659.6,24662.0,7950
2025-09-01 11:53:00+05:30,24662.0,24665.3,24657.5,24657.5,4875
2025-09-01 11:54:00+05:30,24657.5,24664.6,24654.0,24662.5,6825
2025-09-01 11:55:00+05:30,24662.5,24665.0,24655.9,24655.9,6450
2025-09-01 11:56:00+05:30,24655.9,24664.0,24655.1,24656.0,6675
2025-09-01 11:57:00+05:30,24656.0,24665.0,24656.0,24658.4,7350
2025-09-01 11:58:00+05:30,24662.0,24665.0,24657.4,24657.4,5775
2025-09-01 11:59:00+05:30,24657.4,24664.9,24657.2,24657.3,4425
2025-09-01 12:00:00+05:30,24657.3,24663.3,24657.0,24661.0,2175
2025-09-01 12:01:00+05:30,24661.0,24669.7,24661.0,24669.7,5250
2025-09-01 12:02:00+05:30,24669.7,24679.0,24669.7,24671.1,12975
2025-09-01 12:03:00+05:30,24671.1,24671.1,24670.0,24671.0,10950
2025-09-01 12:04:00+05:30,24671.1,24671.1,24671.0,24671.0,3150
2025-09-01 12:05:00+05:30,24671.0,24673.0,24670.0,24671.1,9900
2025-09-01 12:06:00+05:30,24671.1,24672.8,24669.2,24672.6,51975
2025-09-01 12:07:00+05:30,24672.6,24672.8,24669.5,24672.1,16800
2025-09-01 12:08:00+05:30,24672.1,24678.0,24671.6,24672.6,30600
2025-09-01 12:09:00+05:30,24672.6,24678.3,24672.1,24672.3,30000
2025-09-01 12:10:00+05:30,24672.3,24678.9,24672.1,24678.9,10125
2025-09-01 12:11:00+05:30,24678.9,24679.5,24673.3,24675.0,1875
2025-09-01 12:12:00+05:30,24675.0,24679.9,24675.0,24676.0,1350
2025-09-01 12:13:00+05:30,24676.0,24680.0,24676.0,24679.0,2775
2025-09-01 12:14:00+05:30,24679.0,24684.9,24677.3,24679.1,5025
2025-09-01 12:15:00+05:30,24679.1,24685.0,24679.0,24682.6,5250
2025-09-01 12:16:00+05:30,24682.6,24685.0,24682.6,24684.9,2850
2025-09-01 12:17:00+05:30,24684.9,24685.0,24678.9,24679.4,6225
2025-09-01 12:18:00+05:30,24679.4,24685.3,24679.4,24681.6,4275
2025-09-01 12:19:00+05:30,24681.6,24686.0,24681.6,24681.6,6450
2025-09-01 12:20:00+05:30,24681.6,24687.0,24678.6,24680.1,6675
2025-09-01 12:21:00+05:30,24678.0,24682.1,24678.0,24681.7,2550
2025-09-01 12:22:00+05:30,24681.7,24687.0,24681.2,24685.2,3975
2025-09-01 12:23:00+05:30,24685.2,24692.0,24685.1,24692.0,4800
2025-09-01 12:24:00+05:30,24692.0,24698.0,24691.0,24694.1,25725
2025-09-01 12:25:00+05:30,24694.1,24700.0,24694.1,24695.7,27450
2025-09-01 12:26:00+05:30,24697.9,24700.0,24695.2,24699.8,4200
2025-09-01 12:27:00+05:30,24699.8,24705.6,24699.8,24705.6,13575
2025-09-01 12:28:00+05:30,24705.1,24715.0,24705.0,24712.5,48675
2025-09-01 12:29:00+05:30,24711.1,24714.3,24708.0,24711.9,10875
2025-09-01 12:30:00+05:30,24711.9,24715.0,24709.0,24710.9,14775
2025-09-01 12:31:00+05:30,24710.9,24713.9,24702.3,24705.5,10275
2025-09-01 12:32:00+05:30,24705.5,24710.3,24703.0,24704.6,4875
2025-09-01 12:33:00+05:30,24704.6,24705.9,24702.1,24703.1,2925
2025-09-01 12:34:00+05:30,24703.1,24710.0,24703.0,24710.0,4500
2025-09-01 12:35:00+05:30,24710.0,24710.0,24703.2,24707.8,4275
2025-09-01 12:36:00+05:30,24707.8,24710.9,24703.0,24704.9,11175
2025-09-01 12:37:00+05:30,24704.9,24706.0,24701.1,24706.0,3975
2025-09-01 12:38:00+05:30,24706.0,24712.0,24705.4,24712.0,5400
2025-09-01 12:39:00+05:30,24712.0,24715.0,24707.0,24710.0,11250
2025-09-01 12:40:00+05:30,24710.0,24710.0,24706.5,24706.5,6675
2025-09-01 12:41:00+05:30,24706.5,24710.0,24706.5,24710.0,3150
2025-09-01 12:42:00+05:30,24710.0,24710.0,24702.0,24702.0,3300
2025-09-01 12:43:00+05:30,24702.0,24705.0,24701.0,24704.0,4950
2025-09-01 12:44:00+05:30,24704.0,24705.0,24700.0,24701.2,3825
2025-09-01 12:45:00+05:30,24701.2,24705.0,24701.1,24703.2,3675
2025-09-01 12:46:00+05:30,24703.2,24707.0,24703.2,24707.0,2250
2025-09-01 12:47:00+05:30,24707.0,24710.0,24706.1,24710.0,4200
2025-09-01 12:48:00+05:30,24710.0,24710.0,24706.5,24709.5,3750
2025-09-01 12:49:00+05:30,24709.5,24712.0,24709.5,24711.0,2250
2025-09-01 12:50:00+05:30,24711.0,24712.3,24702.0,24702.0,5400
2025-09-01 12:51:00+05:30,24702.0,24707.5,24701.0,24704.0,5475
2025-09-01 12:52:00+05:30,24704.0,24710.6,24704.0,24710.5,15300
2025-09-01 12:53:00+05:30,24710.5,24711.2,24702.9,24709.0,10575
2025-09-01 12:54:00+05:30,24709.0,24712.0,24704.1,24707.1,5025
2025-09-01 12:55:00+05:30,24704.0,24708.8,24702.0,24704.0,7125
2025-09-01 12:56:00+05:30,24704.0,24706.9,24702.0,24706.0,2325
2025-09-01 12:57:00+05:30,24706.0,24706.0,24702.0,24702.1,4725
2025-09-01 12:58:00+05:30,24702.1,24708.0,24702.1,24708.0,3075
2025-09-01 12:59:00+05:30,24708.0,24712.7,24705.3,24712.6,5850
2025-09-01 13:00:00+05:30,24712.7,24715.8,24712.0,24714.0,12750
2025-09-01 13:01:00+05:30,24714.0,24717.6,24707.8,24713.6,9375
2025-09-01 13:02:00+05:30,24713.6,24714.9,24707.5,24714.0,2400
2025-09-01 13:03:00+05:30,24714.0,24717.0,24708.0,24710.2,9375
2025-09-01 13:04:00+05:30,24710.2,24718.0,24710.2,24718.0,3075
2025-09-01 13:05:00+05:30,24718.0,24719.6,24713.5,24718.5,9000
2025-09-01 13:06:00+05:30,24718.5,24720.0,24714.2,24719.0,14250
2025-09-01 13:07:00+05:30,24720.0,24727.7,24719.0,24727.7,23475
2025-09-01 13:08:00+05:30,24726.6,24729.0,24725.0,24728.3,15600
2025-09-01 13:09:00+05:30,24728.3,24732.0,24725.0,24729.8,26925
2025-09-01 13:10:00+05:30,24729.8,24731.9,24723.6,24729.5,21750
2025-09-01 13:11:00+05:30,24729.5,24730.9,24725.0,24727.0,9975
2025-09-01 13:12:00+05:30,24727.0,24727.0,24720.0,24722.7,9525
2025-09-01 13:13:00+05:30,24722.7,24725.1,24720.9,24721.1,4800
2025-09-01 13:14:00+05:30,24721.1,24724.0,24720.7,24722.0,2400
2025-09-01 13:15:00+05:30,24722.0,24731.0,24722.0,24731.0,20550
2025-09-01 13:16:00+05:30,24731.0,24733.5,24730.0,24733.4,14925
2025-09-01 13:17:00+05:30,24733.4,24734.3,24725.0,24728.5,10725
2025-09-01 13:18:00+05:30,24728.6,24730.0,24725.0,24728.5,5100
2025-09-01 13:19:00+05:30,24728.5,24728.5,24725.0,24725.5,7725
2025-09-01 13:20:00+05:30,24725.5,24727.9,24725.0,24727.9,7425
2025-09-01 13:21:00+05:30,24727.9,24728.0,24725.7,24727.0,3300
2025-09-01 13:22:00+05:30,24727.0,24727.0,24725.3,24725.3,5100
2025-09-01 13:23:00+05:30,24725.3,24726.0,24716.4,24721.5,6300
2025-09-01 13:24:00+05:30,24721.5,24723.1,24716.1,24718.0,6225
2025-09-01 13:25:00+05:30,24718.0,24718.0,24711.0,24711.4,7425
2025-09-01 13:26:00+05:30,24711.4,24715.0,24710.1,24715.0,5625
2025-09-01 13:27:00+05:30,24715.0,24719.0,24712.0,24719.0,2925
2025-09-01 13:28:00+05:30,24719.0,24722.0,24714.4,24722.0,6225
2025-09-01 13:29:00+05:30,24722.0,24725.0,24718.6,24721.8,2850
2025-09-01 13:30:00+05:30,24721.8,24730.0,24721.8,24730.0,21375
2025-09-01 13:31:00+05:30,24730.0,24735.8,24729.1,24734.0,22650
2025-09-01 13:32:00+05:30,24734.0,24738.0,24732.9,24733.2,13050
2025-09-01 13:33:00+05:30,24733.5,24738.2,24732.0,24737.4,8550
2025-09-01 13:34:00+05:30,24737.4,24737.9,24732.0,24733.6,5025
2025-09-01 13:35:00+05:30,24733.6,24734.0,24730.7,24730.7,3600
2025-09-01 13:36:00+05:30,24730.7,24735.9,24730.7,24735.0,6450
2025-09-01 13:37:00+05:30,24735.0,24735.0,24731.4,24732.0,3450
2025-09-01 13:38:00+05:30,24732.0,24735.0,24730.0,24734.9,9225
2025-09-01 13:39:00+05:30,24734.9,24734.9,24730.6,24733.0,2625
2025-09-01 13:40:00+05:30,24733.0,24735.0,24730.0,24730.0,7275
2025-09-01 13:41:00+05:30,24730.0,24734.3,24725.8,24730.0,7350
2025-09-01 13:42:00+05:30,24726.1,24730.0,24723.0,24723.6,7725
2025-09-01 13:43:00+05:30,24723.6,24730.0,24721.7,24721.7,8925
2025-09-01 13:44:00+05:30,24721.7,24727.6,24720.6,24725.0,7575
2025-09-01 13:45:00+05:30,24725.0,24725.0,24722.4,24725.0,2550
2025-09-01 13:46:00+05:30,24725.0,24730.0,24725.0,24729.0,1800
2025-09-01 13:47:00+05:30,24729.0,24730.0,24721.5,24721.5,2175
2025-09-01 13:48:00+05:30,24721.5,24726.9,24719.3,24723.4,4425
2025-09-01 13:49:00+05:30,24723.4,24728.9,24722.5,24728.9,6075
2025-09-01 13:50:00+05:30,24728.9,24730.0,24725.2,24725.3,1950
2025-09-01 13:51:00+05:30,24725.3,24730.0,24725.0,24729.9,2400
2025-09-01 13:52:00+05:30,24729.9,24733.0,24729.0,24731.0,5025
2025-09-01 13:53:00+05:30,24731.0,24731.0,24725.6,24725.6,1125
2025-09-01 13:54:00+05:30,24725.6,24729.3,24722.8,24727.0,1650
2025-09-01 13:55:00+05:30,24727.0,24730.0,24727.0,24729.0,1725
2025-09-01 13:56:00+05:30,24729.0,24730.0,24725.3,24730.0,2775
2025-09-01 13:57:00+05:30,24730.0,24730.0,24726.0,24730.0,2325
2025-09-01 13:58:00+05:30,24730.0,24730.0,24726.3,24729.8,3975
2025-09-01 13:59:00+05:30,24729.8,24729.8,24725.0,24725.0,1500
2025-09-01 14:00:00+05:30,24725.0,24729.3,24725.0,24729.3,3975
2025-09-01 14:01:00+05:30,24729.3,24729.3,24725.0,24727.0,1875
2025-09-01 14:02:00+05:30,24727.0,24729.3,24726.0,24726.0,2625
2025-09-01 14:03:00+05:30,24726.0,24732.0,24726.0,24730.2,5700
2025-09-01 14:04:00+05:30,24730.2,24736.1,24730.0,24735.0,15225
2025-09-01 14:05:00+05:30,24735.0,24738.0,24731.5,24735.0,3900
2025-09-01 14:06:00+05:30,24735.0,24738.0,24730.1,24735.0,3075
2025-09-01 14:07:00+05:30,24737.7,24737.7,24731.0,24736.8,1650
2025-09-01 14:08:00+05:30,24736.8,24738.0,24732.9,24737.9,2550
2025-09-01 14:09:00+05:30,24737.9,24740.9,24736.2,24740.0,12900
2025-09-01 14:10:00+05:30,24740.0,24743.0,24735.9,24743.0,12300
2025-09-01 14:11:00+05:30,24743.0,24743.0,24735.0,24743.0,5925
2025-09-01 14:12:00+05:30,24743.0,24745.0,24736.4,24744.2,9600
2025-09-01 14:13:00+05:30,24744.2,24744.9,24740.0,24743.0,6150
2025-09-01 14:14:00+05:30,24743.0,24745.6,24738.7,24742.0,19725
2025-09-01 14:15:00+05:30,24742.0,24746.4,24737.6,24745.0,10125
2025-09-01 14:16:00+05:30,24745.0,24745.0,24733.7,24733.7,3900
2025-09-01 14:17:00+05:30,24733.7,24744.7,24733.6,24742.4,17025
2025-09-01 14:18:00+05:30,24742.4,24743.1,24736.2,24736.4,11625
2025-09-01 14:19:00+05:30,24736.3,24743.6,24736.2,24740.0,4350
2025-09-01 14:20:00+05:30,24740.0,24742.0,24736.3,24736.4,2700
2025-09-01 14:21:00+05:30,24736.4,24738.0,24734.0,24735.0,4200
2025-09-01 14:22:00+05:30,24735.0,24738.0,24734.0,24738.0,3000
2025-09-01 14:23:00+05:30,24738.0,24740.0,24735.5,24737.1,2550
2025-09-01 14:24:00+05:30,24737.1,24740.0,24735.1,24737.0,2850
2025-09-01 14:25:00+05:30,24737.0,24737.0,24735.0,24735.0,2175
2025-09-01 14:26:00+05:30,24734.5,24737.0,24730.6,24730.6,7275
2025-09-01 14:27:00+05:30,24730.4,24734.0,24725.6,24732.2,7725
2025-09-01 14:28:00+05:30,24727.0,24733.0,24725.5,24726.0,2775
2025-09-01 14:29:00+05:30,24726.0,24730.3,24722.3,24729.0,12675
2025-09-01 14:30:00+05:30,24729.0,24730.2,24727.1,24730.2,3675
2025-09-01 14:31:00+05:30,24730.2,24738.0,24729.6,24737.9,5700
2025-09-01 14:32:00+05:30,24737.9,24737.9,24732.0,24732.0,3000
2025-09-01 14:33:00+05:30,24732.0,24740.0,24732.0,24740.0,7275
2025-09-01 14:34:00+05:30,24740.0,24744.9,24738.5,24743.0,6450
2025-09-01 14:35:00+05:30,24740.0,24745.0,24739.7,24742.0,2775
2025-09-01 14:36:00+05:30,24742.0,24744.4,24737.7,24742.0,3075
2025-09-01 14:37:00+05:30,24742.0,24744.4,24739.0,24739.0,4650
2025-09-01 14:38:00+05:30,24739.0,24744.0,24735.5,24735.5,5700
2025-09-01 14:39:00+05:30,24735.5,24744.5,24735.1,24744.5,5325
2025-09-01 14:40:00+05:30,24744.5,24745.0,24740.0,24740.0,6600
2025-09-01 14:41:00+05:30,24740.0,24745.0,24740.0,24744.2,6225
2025-09-01 14:42:00+05:30,24744.2,24745.0,24734.0,24736.2,5625
2025-09-01 14:43:00+05:30,24736.2,24740.0,24734.0,24739.5,3900
2025-09-01 14:44:00+05:30,24739.5,24744.9,24736.0,24744.9,6450
2025-09-01 14:45:00+05:30,24737.6,24744.8,24736.6,24737.5,3900
2025-09-01 14:46:00+05:30,24737.5,24743.0,24736.0,24736.4,4425
2025-09-01 14:47:00+05:30,24736.4,24743.7,24735.5,24737.9,7800
2025-09-01 14:48:00+05:30,24737.9,24742.6,24736.6,24742.0,1725
2025-09-01 14:49:00+05:30,24742.0,24742.0,24736.1,24736.5,16200
2025-09-01 14:50:00+05:30,24736.5,24742.0,24736.4,24741.9,22275
2025-09-01 14:51:00+05:30,24742.0,24742.0,24734.7,24735.8,2025
2025-09-01 14:52:00+05:30,24735.8,24741.0,24735.8,24737.0,6375
2025-09-01 14:53:00+05:30,24737.0,24741.0,24735.6,24740.0,5775
2025-09-01 14:54:00+05:30,24740.0,24743.5,24737.2,24738.0,3150
2025-09-01 14:55:00+05:30,24738.0,24743.5,24738.0,24743.5,5025
2025-09-01 14:56:00+05:30,24744.0,24745.0,24742.5,24742.5,5475
2025-09-01 14:57:00+05:30,24742.5,24760.0,24742.1,24757.0,78600
2025-09-01 14:58:00+05:30,24757.0,24760.0,24750.0,24757.0,23100
2025-09-01 14:59:00+05:30,24757.0,24758.9,24751.9,24758.0,10875
2025-09-01 15:00:00+05:30,24757.3,24760.0,24744.1,24745.0,21450
2025-09-01 15:01:00+05:30,24745.0,24745.0,24739.4,24740.6,40200
2025-09-01 15:02:00+05:30,24740.6,24742.0,24735.1,24736.2,25050
2025-09-01 15:03:00+05:30,24736.2,24740.0,24732.3,24738.9,14325
2025-09-01 15:04:00+05:30,24740.0,24745.0,24739.4,24743.3,13425
2025-09-01 15:05:00+05:30,24742.3,24746.0,24742.2,24743.8,16275
2025-09-01 15:06:00+05:30,24743.8,24747.9,24742.0,24744.3,8625
2025-09-01 15:07:00+05:30,24744.3,24749.9,24744.0,24746.0,13875
2025-09-01 15:08:00+05:30,24745.0,24749.0,24744.0,24745.7,12750
2025-09-01 15:09:00+05:30,24745.7,24752.9,24745.5,24749.8,11550
2025-09-01 15:10:00+05:30,24749.8,24753.0,24747.8,24750.0,14550
2025-09-01 15:11:00+05:30,24752.0,24752.5,24747.4,24752.0,8250
2025-09-01 15:12:00+05:30,24752.0,24753.0,24748.0,24748.9,14850
2025-09-01 15:13:00+05:30,24748.3,24751.7,24746.8,24747.2,12450
2025-09-01 15:14:00+05:30,24748.4,24748.4,24746.0,24746.9,15600
2025-09-01 15:15:00+05:30,24748.4,24753.0,24745.5,24746.3,30525
2025-09-01 15:16:00+05:30,24751.2,24751.2,24746.0,24748.7,23025
2025-09-01 15:17:00+05:30,24748.6,24750.0,24748.0,24748.7,18525
2025-09-01 15:18:00+05:30,24748.8,24754.0,24747.4,24751.2,15525
2025-09-01 15:19:00+05:30,24749.5,24753.9,24748.2,24751.5,9675
2025-09-01 15:20:00+05:30,24753.9,24755.0,24749.8,24752.0,18225
2025-09-01 15:21:00+05:30,24752.0,24755.0,24750.7,24752.2,14775
2025-09-01 15:22:00+05:30,24752.2,24755.0,24750.0,24750.1,18150
2025-09-01 15:23:00+05:30,24750.0,24754.9,24750.0,24750.1,11700
2025-09-01 15:24:00+05:30,24750.1,24753.9,24748.4,24749.1,25125
2025-09-01 15:25:00+05:30,24749.0,24754.0,24748.0,24750.5,18750
2025-09-01 15:26:00+05:30,24750.5,24753.9,24749.0,24749.0,25500
2025-09-01 15:27:00+05:30,24749.0,24750.5,24747.9,24749.9,28425
2025-09-01 15:28:00+05:30,24750.0,24753.9,24748.6,24753.9,36900
2025-09-01 15:29:00+05:30,24748.6,24759.7,24748.6,24759.7,27750
2025-09-02 09:15:00+05:30,24750.0,24794.9,24745.0,24785.0,83175
2025-09-02 09:16:00+05:30,24785.0,24792.0,24780.8,24785.9,86475
2025-09-02 09:17:00+05:30,24785.5,24789.8,24771.3,24773.4,46800
2025-09-02 09:18:00+05:30,24773.4,24777.1,24766.9,24774.8,33975
2025-09-02 09:19:00+05:30,24774.8,24779.5,24770.5,24771.3,27150
2025-09-02 09:20:00+05:30,24771.3,24771.3,24762.1,24762.1,69075
2025-09-02 09:21:00+05:30,24762.1,24768.6,24748.0,24750.8,46875
2025-09-02 09:22:00+05:30,24750.8,24766.9,24748.0,24761.0,39600
2025-09-02 09:23:00+05:30,24761.0,24767.0,24755.0,24761.0,23100
2025-09-02 09:24:00+05:30,24761.0,24763.8,24755.0,24757.5,7425
2025-09-02 09:25:00+05:30,24757.5,24765.0,24757.4,24764.6,4200
2025-09-02 09:26:00+05:30,24764.6,24766.0,24752.3,24753.0,20625
2025-09-02 09:27:00+05:30,24753.0,24765.3,24749.6,24762.3,24450
2025-09-02 09:28:00+05:30,24762.3,24768.0,24760.0,24763.0,18675
2025-09-02 09:29:00+05:30,24763.0,24768.9,24760.0,24766.0,10500
2025-09-02 09:30:00+05:30,24766.0,24775.0,24761.2,24775.0,33000
2025-09-02 09:31:00+05:30,24775.0,24786.3,24774.0,24785.5,41475
2025-09-02 09:32:00+05:30,24785.5,24788.0,24780.0,24785.5,37425
2025-09-02 09:33:00+05:30,24783.1,24790.0,24781.5,24789.7,27150
2025-09-02 09:34:00+05:30,24789.7,24791.0,24785.1,24785.7,10650
2025-09-02 09:35:00+05:30,24785.7,24790.6,24785.7,24790.0,14025
2025-09-02 09:36:00+05:30,24790.0,24792.0,24786.2,24792.0,12450
2025-09-02 09:37:00+05:30,24792.0,24800.0,24791.0,24800.0,50850
2025-09-02 09:38:00+05:30,24801.3,24804.7,24798.0,24800.0,37350
2025-09-02 09:39:00+05:30,24800.0,24804.3,24798.0,24802.0,26850
2025-09-02 09:40:00+05:30,24804.4,24808.8,24800.0,24800.0,27075
2025-09-02 09:41:00+05:30,24800.0,24802.8,24795.0,24795.0,16650
2025-09-02 09:42:00+05:30,24795.0,24801.7,24788.1,24801.3,17325
2025-09-02 09:43:00+05:30,24801.3,24805.0,24798.1,24800.8,5700
2025-09-02 09:44:00+05:30,24800.8,24805.0,24800.0,24804.5,5400
2025-09-02 09:45:00+05:30,24805.0,24814.0,24804.4,24812.0,29925
2025-09-02 09:46:00+05:30,24812.6,24815.0,24802.2,24805.0,15225
2025-09-02 09:47:00+05:30,24805.0,24811.7,24805.0,24807.9,8325
2025-09-02 09:48:00+05:30,24807.9,24815.0,24807.8,24814.8,13800
2025-09-02 09:49:00+05:30,24814.8,24818.7,24812.0,24817.0,22800
2025-09-02 09:50:00+05:30,24817.0,24819.7,24812.5,24815.0,16650
2025-09-02 09:51:00+05:30,24815.0,24826.9,24815.0,24824.5,51000
2025-09-02 09:52:00+05:30,24824.5,24838.1,24824.5,24836.8,92400
2025-09-02 09:53:00+05:30,24836.8,24838.9,24830.0,24831.5,39450
2025-09-02 09:54:00+05:30,24831.5,24837.0,24830.2,24834.4,21300
2025-09-02 09:55:00+05:30,24834.4,24834.4,24828.0,24829.0,11925
2025-09-02 09:56:00+05:30,24830.0,24835.7,24826.9,24829.5,38850
2025-09-02 09:57:00+05:30,24834.9,24840.0,24830.3,24839.9,37125
2025-09-02 09:58:00+05:30,24839.9,24844.0,24839.0,24839.0,32400
2025-09-02 09:59:00+05:30,24839.0,24839.0,24834.1,24837.0,14250
2025-09-02 10:00:00+05:30,24837.0,24848.0,24837.0,24841.1,34350
2025-09-02 10:01:00+05:30,24841.1,24848.8,24840.0,24845.0,22725
2025-09-02 10:02:00+05:30,24845.0,24851.9,24844.8,24850.7,70725
2025-09-02 10:03:00+05:30,24850.7,24852.0,24849.1,24850.6,24825
2025-09-02 10:04:00+05:30,24850.6,24855.0,24849.0,24855.0,54675
2025-09-02 10:05:00+05:30,24855.2,24857.2,24850.5,24855.0,45375
2025-09-02 10:06:00+05:30,24855.0,24855.8,24850.0,24850.4,11625
2025-09-02 10:07:00+05:30,24850.4,24856.0,24850.0,24854.3,9000
2025-09-02 10:08:00+05:30,24854.3,24859.0,24853.3,24859.0,14475
2025-09-02 10:09:00+05:30,24859.0,24860.0,24853.4,24854.0,14325
2025-09-02 10:10:00+05:30,24854.0,24858.5,24847.4,24849.0,13875
2025-09-02 10:11:00+05:30,24848.3,24855.0,24847.7,24854.0,13425
2025-09-02 10:12:00+05:30,24854.0,24855.0,24848.0,24851.5,7800
2025-09-02 10:13:00+05:30,24851.5,24853.0,24841.1,24845.0,14550
2025-09-02 10:14:00+05:30,24845.0,24845.0,24840.1,24843.7,9675
2025-09-02 10:15:00+05:30,24843.7,24852.9,24843.7,24845.0,14700
2025-09-02 10:16:00+05:30,24845.0,24850.0,24845.0,24845.0,4200
2025-09-02 10:17:00+05:30,24845.0,24845.5,24841.0,24841.2,4875
2025-09-02 10:18:00+05:30,24841.2,24841.2,24834.7,24840.0,24375
2025-09-02 10:19:00+05:30,24840.0,24845.0,24839.3,24842.8,24750
2025-09-02 10:20:00+05:30,24843.3,24851.7,24843.1,24850.1,13425
2025-09-02 10:21:00+05:30,24850.1,24852.0,24840.8,24841.3,17925
2025-09-02 10:22:00+05:30,24841.3,24841.3,24836.0,24837.4,21825
2025-09-02 10:23:00+05:30,24837.4,24847.6,24836.0,24845.0,8550
2025-09-02 10:24:00+05:30,24845.0,24846.0,24839.0,24839.0,4125
2025-09-02 10:25:00+05:30,24839.2,24845.0,24838.8,24840.5,3375
2025-09-02 10:26:00+05:30,24840.5,24846.5,24838.0,24844.0,11775
2025-09-02 10:27:00+05:30,24844.0,24849.0,24841.5,24849.0,3450
2025-09-02 10:28:00+05:30,24849.0,24850.0,24845.1,24845.8,6000
2025-09-02 10:29:00+05:30,24845.8,24855.0,24845.7,24849.6,19575
2025-09-02 10:30:00+05:30,24849.6,24855.0,24848.7,24849.0,7050
2025-09-02 10:31:00+05:30,24849.0,24855.0,24848.6,24853.3,9150
2025-09-02 10:32:00+05:30,24853.3,24855.0,24846.7,24847.6,8475
2025-09-02 10:33:00+05:30,24847.6,24850.0,24840.0,24842.7,13800
2025-09-02 10:34:00+05:30,24842.7,24844.5,24835.0,24837.6,6300
2025-09-02 10:35:00+05:30,24837.6,24839.0,24829.7,24832.7,17100
2025-09-02 10:36:00+05:30,24837.6,24837.6,24828.0,24830.0,8025
2025-09-02 10:37:00+05:30,24829.5,24840.0,24829.3,24840.0,9600
2025-09-02 10:38:00+05:30,24840.0,24849.0,24839.3,24848.8,7875
2025-09-02 10:39:00+05:30,24848.8,24848.8,24838.0,24840.0,3675
2025-09-02 10:40:00+05:30,24840.0,24848.0,24839.8,24843.8,3225
2025-09-02 10:41:00+05:30,24843.8,24849.0,24843.8,24847.1,3900
2025-09-02 10:42:00+05:30,24847.1,24854.0,24846.4,24850.0,6225
2025-09-02 10:43:00+05:30,24850.0,24854.0,24849.3,24851.3,4575
2025-09-02 10:44:00+05:30,24851.3,24854.0,24849.3,24851.3,2175
2025-09-02 10:45:00+05:30,24851.3,24855.0,24850.0,24850.0,3600
2025-09-02 10:46:00+05:30,24850.0,24853.0,24845.0,24846.0,4725
2025-09-02 10:47:00+05:30,24846.0,24853.7,24842.3,24846.6,8025
2025-09-02 10:48:00+05:30,24846.6,24853.0,24842.3,24844.6,6900
2025-09-02 10:49:00+05:30,24844.6,24847.1,24843.2,24847.1,1725
2025-09-02 10:50:00+05:30,24847.1,24852.0,24840.1,24841.9,7050
2025-09-02 10:51:00+05:30,24841.9,24848.0,24840.4,24842.7,3000
2025-09-02 10:52:00+05:30,24842.7,24849.7,24840.2,24844.5,4950
2025-09-02 10:53:00+05:30,24844.5,24850.0,24844.2,24848.4,2400
2025-09-02 10:54:00+05:30,24847.8,24850.0,24845.6,24850.0,3975
2025-09-02 10:55:00+05:30,24850.0,24850.9,24847.3,24850.3,2100
2025-09-02 10:56:00+05:30,24850.3,24855.0,24850.3,24851.4,4575
2025-09-02 10:57:00+05:30,24851.4,24855.0,24848.4,24852.0,5325
2025-09-02 10:58:00+05:30,24852.0,24854.0,24849.0,24850.0,1950
2025-09-02 10:59:00+05:30,24850.3,24852.5,24849.5,24852.5,10050
2025-09-02 11:00:00+05:30,24852.5,24857.6,24850.5,24857.0,41025
2025-09-02 11:01:00+05:30,24857.0,24857.0,24852.3,24854.9,21300
2025-09-02 11:02:00+05:30,24854.9,24869.0,24853.1,24860.3,56100
2025-09-02 11:03:00+05:30,24860.3,24862.9,24856.0,24861.0,3825
2025-09-02 11:04:00+05:30,24860.0,24860.0,24850.0,24851.0,7275
2025-09-02 11:05:00+05:30,24851.0,24855.0,24845.0,24852.7,11400
2025-09-02 11:06:00+05:30,24852.7,24859.0,24849.3,24851.7,3150
2025-09-02 11:07:00+05:30,24851.7,24860.6,24850.8,24853.9,4800
2025-09-02 11:08:00+05:30,24853.9,24858.2,24853.9,24856.0,2325
2025-09-02 11:09:00+05:30,24855.8,24859.0,24854.9,24855.6,3075
2025-09-02 11:10:00+05:30,24858.0,24864.9,24855.2,24864.4,15825
2025-09-02 11:11:00+05:30,24864.4,24864.4,24857.0,24857.0,4800
2025-09-02 11:12:00+05:30,24857.0,24858.6,24850.1,24850.1,8250
2025-09-02 11:13:00+05:30,24850.1,24855.0,24848.8,24848.8,4725
2025-09-02 11:14:00+05:30,24848.8,24855.0,24848.1,24849.5,7050
2025-09-02 11:15:00+05:30,24849.5,24854.9,24846.8,24847.0,4425
2025-09-02 11:16:00+05:30,24847.0,24850.0,24845.4,24845.7,3375
2025-09-02 11:17:00+05:30,24845.7,24848.0,24845.5,24846.0,3525
2025-09-02 11:18:00+05:30,24846.0,24846.0,24845.0,24846.0,2325
2025-09-02 11:19:00+05:30,24846.0,24846.0,24843.2,24844.1,1575
2025-09-02 11:20:00+05:30,24844.1,24848.0,24843.9,24844.2,1875
2025-09-02 11:21:00+05:30,24844.2,24847.6,24840.0,24841.1,7800
2025-09-02 11:22:00+05:30,24841.1,24844.2,24836.0,24837.4,6525
2025-09-02 11:23:00+05:30,24837.4,24840.8,24836.0,24839.2,5175
2025-09-02 11:24:00+05:30,24839.2,24842.0,24838.0,24839.7,2550
2025-09-02 11:25:00+05:30,24839.7,24844.0,24837.6,24841.8,7500
2025-09-02 11:26:00+05:30,24841.8,24850.0,24841.4,24842.8,11925
2025-09-02 11:27:00+05:30,24842.8,24850.0,24842.0,24846.9,5400
2025-09-02 11:28:00+05:30,24846.9,24848.0,24842.0,24844.1,1725
2025-09-02 11:29:00+05:30,24844.1,24847.8,24842.4,24842.4,1725
2025-09-02 11:30:00+05:30,24842.4,24843.1,24842.0,24843.0,3450
2025-09-02 11:31:00+05:30,24843.0,24845.0,24842.8,24843.2,2100
2025-09-02 11:32:00+05:30,24843.2,24848.0,24843.2,24847.8,1275
2025-09-02 11:33:00+05:30,24847.8,24855.0,24846.6,24855.0,5325
2025-09-02 11:34:00+05:30,24855.0,24855.2,24851.1,24852.3,7425
2025-09-02 11:35:00+05:30,24852.3,24855.2,24850.0,24855.1,5100
2025-09-02 11:36:00+05:30,24855.1,24859.5,24851.3,24859.5,4800
2025-09-02 11:37:00+05:30,24859.5,24859.7,24852.1,24854.3,2025
2025-09-02 11:38:00+05:30,24855.0,24860.0,24854.0,24859.0,4500
2025-09-02 11:39:00+05:30,24859.0,24859.0,24853.0,24855.5,1500
2025-09-02 11:40:00+05:30,24855.5,24860.0,24855.3,24860.0,1725
2025-09-02 11:41:00+05:30,24860.0,24860.0,24850.0,24850.0,5250
2025-09-02 11:42:00+05:30,24850.0,24854.9,24850.0,24854.9,1725
2025-09-02 11:43:00+05:30,24854.9,24859.9,24853.8,24854.8,2850
2025-09-02 11:44:00+05:30,24854.8,24858.0,24853.1,24855.0,1350
2025-09-02 11:45:00+05:30,24855.0,24857.0,24851.4,24851.4,1350
2025-09-02 11:46:00+05:30,24851.4,24859.0,24851.4,24854.0,4425
2025-09-02 11:47:00+05:30,24854.0,24859.3,24850.0,24850.0,2250
2025-09-02 11:48:00+05:30,24850.0,24856.6,24846.9,24846.9,11775
2025-09-02 11:49:00+05:30,24846.9,24854.0,24846.9,24850.8,2025
2025-09-02 11:50:00+05:30,24850.8,24854.8,24848.3,24851.0,16950
2025-09-02 11:51:00+05:30,24851.0,24851.0,24847.0,24850.0,1500
2025-09-02 11:52:00+05:30,24850.0,24850.0,24847.0,24848.3,4950
2025-09-02 11:53:00+05:30,24848.3,24850.0,24847.5,24848.7,1200
2025-09-02 11:54:00+05:30,24848.2,24853.1,24847.7,24847.8,2550
2025-09-02 11:55:00+05:30,24847.8,24852.4,24847.8,24848.9,1125
2025-09-02 11:56:00+05:30,24848.9,24855.0,24848.5,24851.0,3375
2025-09-02 11:57:00+05:30,24851.0,24857.8,24851.0,24855.0,1500
2025-09-02 11:58:00+05:30,24855.0,24855.3,24848.0,24849.0,3825
2025-09-02 11:59:00+05:30,24849.0,24853.0,24846.9,24846.9,1650
2025-09-02 12:00:00+05:30,24846.9,24854.0,24846.9,24849.6,2925
2025-09-02 12:01:00+05:30,24850.2,24851.4,24846.9,24846.9,1275
2025-09-02 12:02:00+05:30,24846.9,24850.0,24846.9,24849.0,1125
2025-09-02 12:03:00+05:30,24849.0,24850.0,24846.9,24846.9,1500
2025-09-02 12:04:00+05:30,24846.9,24850.0,24846.9,24848.8,2025
2025-09-02 12:05:00+05:30,24848.8,24855.0,24848.8,24853.0,4725
2025-09-02 12:06:00+05:30,24852.1,24856.0,24851.4,24856.0,2625
2025-09-02 12:07:00+05:30,24856.0,24857.0,24850.5,24851.6,6525
2025-09-02 12:08:00+05:30,24851.6,24853.5,24850.0,24850.5,2475
2025-09-02 12:09:00+05:30,24850.1,24857.2,24848.0,24855.8,20325
2025-09-02 12:10:00+05:30,24855.8,24855.8,24848.0,24848.5,3075
2025-09-02 12:11:00+05:30,24848.5,24849.9,24846.9,24846.9,5100
2025-09-02 12:12:00+05:30,24846.9,24850.0,24846.9,24847.0,6150
2025-09-02 12:13:00+05:30,24847.0,24847.4,24845.0,24845.0,3750
2025-09-02 12:14:00+05:30,24845.0,24846.0,24845.0,24845.1,1875
2025-09-02 12:15:00+05:30,24845.1,24846.0,24844.2,24844.2,3375
2025-09-02 12:16:00+05:30,24845.0,24846.0,24840.0,24840.0,3750
2025-09-02 12:17:00+05:30,24840.0,24844.5,24833.0,24833.0,7125
2025-09-02 12:18:00+05:30,24834.5,24838.1,24833.0,24835.8,14550
2025-09-02 12:19:00+05:30,24835.8,24839.0,24835.0,24836.6,2925
2025-09-02 12:20:00+05:30,24836.6,24840.0,24835.4,24840.0,3450
2025-09-02 12:21:00+05:30,24840.0,24840.0,24835.0,24837.5,3000
2025-09-02 12:22:00+05:30,24837.5,24840.0,24837.3,24840.0,1350
2025-09-02 12:23:00+05:30,24840.0,24845.0,24838.9,24845.0,3825
2025-09-02 12:24:00+05:30,24845.0,24850.0,24845.0,24849.0,4500
2025-09-02 12:25:00+05:30,24849.0,24851.0,24847.4,24851.0,1800
2025-09-02 12:26:00+05:30,24851.0,24860.0,24851.0,24852.3,6525
2025-09-02 12:27:00+05:30,24852.3,24857.9,24852.3,24853.9,1275
2025-09-02 12:28:00+05:30,24853.9,24856.9,24853.9,24856.4,6525
2025-09-02 12:29:00+05:30,24856.5,24856.7,24854.0,24855.3,3300
2025-09-02 12:30:00+05:30,24855.0,24859.0,24853.3,24859.0,3825
2025-09-02 12:31:00+05:30,24859.0,24860.0,24857.0,24858.0,4200
2025-09-02 12:32:00+05:30,24858.0,24861.5,24853.9,24859.8,14475
2025-09-02 12:33:00+05:30,24859.8,24863.0,24855.8,24863.0,6525
2025-09-02 12:34:00+05:30,24864.4,24871.0,24862.2,24863.3,37125
2025-09-02 12:35:00+05:30,24863.3,24870.0,24862.8,24865.0,6975
2025-09-02 12:36:00+05:30,24865.0,24869.0,24865.0,24865.0,5550
2025-09-02 12:37:00+05:30,24865.0,24867.0,24860.3,24863.2,6750
2025-09-02 12:38:00+05:30,24863.2,24870.0,24862.6,24866.6,3825
2025-09-02 12:39:00+05:30,24866.6,24873.8,24865.9,24873.0,8475
2025-09-02 12:40:00+05:30,24873.0,24874.7,24869.2,24871.1,9525
2025-09-02 12:41:00+05:30,24871.1,24873.7,24868.0,24870.0,8175
2025-09-02 12:42:00+05:30,24870.0,24872.9,24868.1,24870.8,3000
2025-09-02 12:43:00+05:30,24870.8,24872.0,24868.0,24868.0,1950
2025-09-02 12:44:00+05:30,24868.0,24870.8,24865.0,24865.0,11625
2025-09-02 12:45:00+05:30,24865.0,24867.0,24862.0,24862.7,6000
2025-09-02 12:46:00+05:30,24862.3,24862.6,24858.0,24860.0,7425
2025-09-02 12:47:00+05:30,24860.0,24863.1,24857.8,24862.1,1800
2025-09-02 12:48:00+05:30,24862.1,24866.0,24861.8,24862.6,1800
2025-09-02 12:49:00+05:30,24862.6,24864.9,24858.6,24859.7,11250
2025-09-02 12:50:00+05:30,24859.7,24866.0,24859.6,24861.3,6825
2025-09-02 12:51:00+05:30,24861.3,24865.0,24859.4,24859.4,1875
2025-09-02 12:52:00+05:30,24859.4,24864.5,24857.8,24858.0,5700
2025-09-02 12:53:00+05:30,24858.0,24858.0,24856.4,24858.0,5100
2025-09-02 12:54:00+05:30,24856.5,24866.0,24855.5,24865.4,16125
2025-09-02 12:55:00+05:30,24865.5,24865.5,24858.1,24859.8,1950
2025-09-02 12:56:00+05:30,24859.8,24860.0,24856.6,24856.6,1125
2025-09-02 12:57:00+05:30,24856.6,24866.1,24856.6,24861.0,6675
2025-09-02 12:58:00+05:30,24861.0,24862.7,24859.0,24860.0,900
2025-09-02 12:59:00+05:30,24860.0,24860.0,24858.5,24860.0,1500
2025-09-02 13:00:00+05:30,24860.0,24863.0,24859.0,24863.0,1125
2025-09-02 13:01:00+05:30,24863.0,24863.0,24856.0,24858.0,1725
2025-09-02 13:02:00+05:30,24858.0,24861.2,24858.0,24859.0,5175
2025-09-02 13:03:00+05:30,24859.0,24861.2,24857.8,24861.2,4125
2025-09-02 13:04:00+05:30,24861.2,24861.2,24855.3,24861.1,1950
2025-09-02 13:05:00+05:30,24861.1,24861.2,24855.1,24857.1,3000
2025-09-02 13:06:00+05:30,24857.1,24860.9,24855.3,24857.1,3825
2025-09-02 13:07:00+05:30,24857.1,24859.9,24855.0,24856.2,4200
2025-09-02 13:08:00+05:30,24856.2,24856.4,24851.0,24851.0,3900
2025-09-02 13:09:00+05:30,24851.0,24855.2,24850.0,24851.7,5625
2025-09-02 13:10:00+05:30,24851.7,24857.0,24851.0,24851.0,2925
2025-09-02 13:11:00+05:30,24851.0,24851.0,24841.2,24841.2,7800
2025-09-02 13:12:00+05:30,24842.2,24845.0,24841.2,24844.1,3975
2025-09-02 13:13:00+05:30,24844.1,24845.0,24842.5,24842.5,3150
2025-09-02 13:14:00+05:30,24842.5,24844.7,24841.1,24842.5,6900
2025-09-02 13:15:00+05:30,24842.4,24845.0,24839.0,24839.0,10725
2025-09-02 13:16:00+05:30,24839.0,24847.0,24838.4,24845.4,8700
2025-09-02 13:17:00+05:30,24841.0,24844.0,24840.9,24841.0,3150
2025-09-02 13:18:00+05:30,24841.0,24841.7,24825.0,24825.0,43725
2025-09-02 13:19:00+05:30,24825.0,24829.0,24824.0,24828.0,13725
2025-09-02 13:20:00+05:30,24825.0,24826.4,24813.5,24819.0,45300
2025-09-02 13:21:00+05:30,24816.7,24818.0,24810.0,24811.2,21600
2025-09-02 13:22:00+05:30,24812.7,24820.9,24808.0,24817.9,26775
2025-09-02 13:23:00+05:30,24817.9,24817.9,24810.1,24810.7,7650
2025-09-02 13:24:00+05:30,24810.7,24812.9,24801.2,24806.0,31050
2025-09-02 13:25:00+05:30,24806.0,24814.6,24796.8,24812.6,54450
2025-09-02 13:26:00+05:30,24812.6,24820.6,24807.4,24808.5,16275
2025-09-02 13:27:00+05:30,24806.8,24811.3,24803.4,24803.4,16575
2025-09-02 13:28:00+05:30,24803.4,24810.0,24803.3,24809.0,13125
2025-09-02 13:29:00+05:30,24809.0,24810.0,24802.2,24802.2,13650
2025-09-02 13:30:00+05:30,24802.2,24810.0,24800.9,24810.0,15825
2025-09-02 13:31:00+05:30,24810.0,24817.9,24805.5,24816.0,11100
2025-09-02 13:32:00+05:30,24816.0,24821.0,24816.0,24819.0,10050
2025-09-02 13:33:00+05:30,24819.0,24825.0,24816.1,24824.0,5925
2025-09-02 13:34:00+05:30,24824.0,24825.0,24816.1,24816.1,5700
2025-09-02 13:35:00+05:30,24816.1,24819.0,24815.0,24818.5,4350
2025-09-02 13:36:00+05:30,24818.5,24818.9,24815.0,24817.2,6075
2025-09-02 13:37:00+05:30,24817.2,24818.9,24817.0,24818.9,4350
2025-09-02 13:38:00+05:30,24818.9,24818.9,24805.1,24805.4,9075
2025-09-02 13:39:00+05:30,24805.4,24815.0,24805.4,24815.0,3675
2025-09-02 13:40:00+05:30,24815.0,24815.0,24795.0,24795.0,15375
2025-09-02 13:41:00+05:30,24795.0,24795.0,24773.7,24773.7,50850
2025-09-02 13:42:00+05:30,24773.7,24777.3,24770.0,24775.0,40050
2025-09-02 13:43:00+05:30,24775.0,24776.9,24767.0,24767.0,40050
2025-09-02 13:44:00+05:30,24767.0,24777.3,24765.0,24765.0,40050
2025-09-02 13:45:00+05:30,24762.5,24770.2,24758.2,24760.7,80775
2025-09-02 13:46:00+05:30,24760.7,24767.0,24758.0,24760.8,22500
2025-09-02 13:47:00+05:30,24760.2,24770.2,24759.6,24767.6,25800
2025-09-02 13:48:00+05:30,24767.1,24770.0,24764.0,24770.0,9075
2025-09-02 13:49:00+05:30,24770.0,24777.3,24765.0,24776.0,18225
2025-09-02 13:50:00+05:30,24776.0,24778.8,24768.1,24773.1,10425
2025-09-02 13:51:00+05:30,24773.1,24776.8,24771.2,24776.2,6375
2025-09-02 13:52:00+05:30,24776.2,24778.0,24775.0,24775.0,8550
2025-09-02 13:53:00+05:30,24775.0,24776.0,24756.0,24761.1,21150
2025-09-02 13:54:00+05:30,24761.1,24761.1,24733.8,24739.2,85950
2025-09-02 13:55:00+05:30,24739.2,24742.5,24713.0,24713.0,55050
2025-09-02 13:56:00+05:30,24713.0,24727.6,24710.0,24720.7,55275
2025-09-02 13:57:00+05:30,24719.8,24723.6,24715.0,24722.0,16650
2025-09-02 13:58:00+05:30,24722.0,24734.4,24718.0,24723.4,48375
2025-09-02 13:59:00+05:30,24722.0,24724.1,24705.0,24705.0,45525
2025-09-02 14:00:00+05:30,24707.1,24707.1,24691.5,24702.1,82725
2025-09-02 14:01:00+05:30,24702.1,24710.9,24697.0,24703.9,41100
2025-09-02 14:02:00+05:30,24703.0,24708.6,24696.2,24696.6,27375
2025-09-02 14:03:00+05:30,24695.5,24695.5,24680.2,24682.1,47550
2025-09-02 14:04:00+05:30,24682.6,24691.9,24676.0,24680.0,54450
2025-09-02 14:05:00+05:30,24683.8,24684.9,24677.0,24684.1,24825
2025-09-02 14:06:00+05:30,24684.1,24685.0,24670.0,24675.0,34350
2025-09-02 14:07:00+05:30,24678.6,24679.0,24664.4,24675.0,33450
2025-09-02 14:08:00+05:30,24675.0,24680.6,24670.0,24672.3,29475
2025-09-02 14:09:00+05:30,24672.0,24695.0,24670.0,24690.3,32175
2025-09-02 14:10:00+05:30,24689.9,24709.9,24687.0,24708.0,34725
2025-09-02 14:11:00+05:30,24709.9,24709.9,24694.5,24699.1,26025
2025-09-02 14:12:00+05:30,24698.6,24699.7,24682.2,24683.9,23550
2025-09-02 14:13:00+05:30,24683.9,24696.9,24681.7,24688.8,11475
2025-09-02 14:14:00+05:30,24688.8,24693.4,24681.8,24681.8,14475
2025-09-02 14:15:00+05:30,24682.0,24695.0,24679.0,24687.3,13275
2025-09-02 14:16:00+05:30,24688.0,24696.9,24682.2,24696.1,8925
2025-09-02 14:17:00+05:30,24694.6,24696.0,24692.0,24692.9,9225
2025-09-02 14:18:00+05:30,24692.9,24696.0,24685.0,24687.4,16650
2025-09-02 14:19:00+05:30,24687.4,24699.9,24687.4,24697.2,8250
2025-09-02 14:20:00+05:30,24697.2,24716.6,24697.2,24710.0,31725
2025-09-02 14:21:00+05:30,24710.0,24712.6,24701.5,24709.7,11475
2025-09-02 14:22:00+05:30,24709.7,24717.2,24705.3,24715.0,19425
2025-09-02 14:23:00+05:30,24715.0,24716.9,24698.0,24700.0,18000
2025-09-02 14:24:00+05:30,24700.0,24700.0,24680.0,24681.1,21750
2025-09-02 14:25:00+05:30,24681.1,24684.8,24675.0,24678.0,24375
2025-09-02 14:26:00+05:30,24678.0,24678.0,24661.1,24664.9,50700
2025-09-02 14:27:00+05:30,24667.0,24673.0,24664.0,24667.4,13350
2025-09-02 14:28:00+05:30,24667.4,24677.6,24666.0,24666.0,15450
2025-09-02 14:29:00+05:30,24666.8,24670.6,24651.9,24670.0,45750
2025-09-02 14:30:00+05:30,24668.1,24675.0,24660.7,24665.8,17850
2025-09-02 14:31:00+05:30,24665.2,24668.4,24660.7,24668.0,11325
2025-09-02 14:32:00+05:30,24668.0,24682.3,24667.0,24682.3,10350
2025-09-02 14:33:00+05:30,24685.0,24688.9,24672.0,24672.0,15000
2025-09-02 14:34:00+05:30,24672.0,24684.0,24670.2,24680.0,6450
2025-09-02 14:35:00+05:30,24678.6,24685.0,24678.1,24684.9,4725
2025-09-02 14:36:00+05:30,24684.9,24705.3,24681.9,24697.6,17175
2025-09-02 14:37:00+05:30,24704.7,24713.0,24697.0,24705.2,46650
2025-09-02 14:38:00+05:30,24709.3,24710.0,24690.0,24699.9,14025
2025-09-02 14:39:00+05:30,24699.9,24703.5,24690.0,24690.1,15075
2025-09-02 14:40:00+05:30,24690.4,24709.0,24690.4,24706.3,11775
2025-09-02 14:41:00+05:30,24706.3,24709.0,24700.9,24702.1,8325
2025-09-02 14:42:00+05:30,24702.1,24705.0,24695.0,24699.4,3750
2025-09-02 14:43:00+05:30,24700.0,24710.0,24700.0,24710.0,14100
2025-09-02 14:44:00+05:30,24710.0,24710.0,24703.0,24705.9,5700
2025-09-02 14:45:00+05:30,24705.9,24725.0,24702.0,24723.2,58875
2025-09-02 14:46:00+05:30,24723.2,24729.9,24720.0,24725.0,20550
2025-09-02 14:47:00+05:30,24725.0,24729.9,24710.8,24712.8,18150
2025-09-02 14:48:00+05:30,24712.8,24717.1,24705.3,24711.1,19200
2025-09-02 14:49:00+05:30,24711.1,24713.3,24702.0,24709.7,10800
2025-09-02 14:50:00+05:30,24709.7,24715.0,24705.0,24714.0,5700
2025-09-02 14:51:00+05:30,24714.0,24714.9,24691.0,24695.0,11400
2025-09-02 14:52:00+05:30,24695.0,24700.1,24680.1,24691.2,12375
2025-09-02 14:53:00+05:30,24691.2,24691.2,24681.7,24683.6,5625
2025-09-02 14:54:00+05:30,24683.6,24688.2,24681.6,24687.9,10275
2025-09-02 14:55:00+05:30,24687.9,24700.0,24683.0,24698.0,6000
2025-09-02 14:56:00+05:30,24696.7,24710.0,24695.6,24706.3,8100
2025-09-02 14:57:00+05:30,24706.3,24708.9,24695.1,24698.0,9525
2025-09-02 14:58:00+05:30,24695.3,24700.3,24682.8,24693.0,7275
2025-09-02 14:59:00+05:30,24693.0,24697.9,24687.8,24690.3,4275
2025-09-02 15:00:00+05:30,24690.3,24699.9,24689.0,24689.0,8775
2025-09-02 15:01:00+05:30,24689.0,24697.5,24686.9,24689.4,10875
2025-09-02 15:02:00+05:30,24689.4,24692.5,24684.5,24684.5,6075
2025-09-02 15:03:00+05:30,24684.5,24690.0,24684.0,24687.9,2925
2025-09-02 15:04:00+05:30,24687.9,24697.4,24685.0,24690.0,6375
2025-09-02 15:05:00+05:30,24690.0,24695.0,24686.3,24694.2,6150
2025-09-02 15:06:00+05:30,24694.2,24698.0,24693.2,24696.5,7725
2025-09-02 15:07:00+05:30,24696.5,24696.5,24690.0,24693.5,4200
2025-09-02 15:08:00+05:30,24695.0,24705.0,24695.0,24702.8,10125
2025-09-02 15:09:00+05:30,24700.7,24704.0,24698.0,24701.9,3375
2025-09-02 15:10:00+05:30,24700.0,24705.3,24699.1,24701.6,9900
2025-09-02 15:11:00+05:30,24703.9,24707.0,24701.0,24704.5,8325
2025-09-02 15:12:00+05:30,24704.5,24708.0,24695.7,24701.0,21900
2025-09-02 15:13:00+05:30,24695.7,24705.0,24695.7,24701.0,10425
2025-09-02 15:14:00+05:30,24701.0,24705.0,24696.5,24701.0,8700
2025-09-02 15:15:00+05:30,24701.0,24704.0,24697.5,24703.0,7050
2025-09-02 15:16:00+05:30,24703.0,24704.0,24696.2,24697.9,8100
2025-09-02 15:17:00+05:30,24697.9,24698.0,24691.1,24693.2,8700
2025-09-02 15:18:00+05:30,24693.2,24695.0,24689.1,24693.0,15600
2025-09-02 15:19:00+05:30,24693.0,24697.8,24693.0,24697.8,9900
2025-09-02 15:20:00+05:30,24697.2,24699.8,24695.5,24696.0,7425
2025-09-02 15:21:00+05:30,24696.0,24699.0,24692.1,24692.1,7575
2025-09-02 15:22:00+05:30,24692.1,24695.1,24686.2,24690.5,22425
2025-09-02 15:23:00+05:30,24686.5,24691.9,24685.0,24686.4,16800
2025-09-02 15:24:00+05:30,24686.4,24689.5,24683.9,24689.0,55725
2025-09-02 15:25:00+05:30,24685.0,24689.0,24682.5,24689.0,21075
2025-09-02 15:26:00+05:30,24690.0,24693.1,24687.6,24691.2,16500
2025-09-02 15:27:00+05:30,24691.2,24692.0,24685.4,24686.7,17775
2025-09-02 15:28:00+05:30,24686.7,24690.8,24684.0,24685.1,18600
2025-09-02 15:29:00+05:30,24685.1,24687.9,24682.0,24682.2,23250
2025-09-03 09:15:00+05:30,24680.0,24697.3,24655.7,24686.0,90150
2025-09-03 09:16:00+05:30,24686.0,24691.0,24680.1,24682.0,37200
2025-09-03 09:17:00+05:30,24682.0,24682.0,24645.0,24646.4,57375
2025-09-03 09:18:00+05:30,24646.4,24650.0,24640.0,24644.7,32775
2025-09-03 09:19:00+05:30,24644.7,24650.0,24640.0,24647.9,19350
2025-09-03 09:20:00+05:30,24647.9,24655.7,24638.5,24651.8,64725
2025-09-03 09:21:00+05:30,24651.8,24655.0,24645.3,24645.3,25800
2025-09-03 09:22:00+05:30,24645.3,24652.8,24644.0,24646.6,8100
2025-09-03 09:23:00+05:30,24646.6,24656.4,24646.6,24652.1,13725
2025-09-03 09:24:00+05:30,24652.1,24670.0,24651.0,24664.4,30375
2025-09-03 09:25:00+05:30,24664.4,24680.0,24660.0,24679.3,28050
2025-09-03 09:26:00+05:30,24680.5,24699.0,24675.0,24699.0,36825
2025-09-03 09:27:00+05:30,24698.3,24700.0,24690.0,24694.4,27525
2025-09-03 09:28:00+05:30,24694.4,24705.0,24691.4,24705.0,17025
2025-09-03 09:29:00+05:30,24705.0,24708.0,24700.8,24707.0,14250
2025-09-03 09:30:00+05:30,24707.0,24708.8,24684.1,24684.6,19875
2025-09-03 09:31:00+05:30,24684.7,24689.4,24681.0,24681.0,30900
2025-09-03 09:32:00+05:30,24681.0,24681.9,24670.0,24675.9,25050
2025-09-03 09:33:00+05:30,24678.1,24678.1,24671.5,24678.0,10050
2025-09-03 09:34:00+05:30,24678.0,24686.0,24675.0,24683.8,9375
2025-09-03 09:35:00+05:30,24683.8,24694.9,24677.6,24694.9,7200
2025-09-03 09:36:00+05:30,24694.9,24699.9,24688.0,24695.0,9900
2025-09-03 09:37:00+05:30,24695.0,24698.5,24674.0,24674.2,10050
2025-09-03 09:38:00+05:30,24674.2,24679.0,24670.5,24670.5,11400
2025-09-03 09:39:00+05:30,24670.5,24672.0,24660.0,24666.4,19350
2025-09-03 09:40:00+05:30,24666.4,24670.5,24660.0,24661.5,8325
2025-09-03 09:41:00+05:30,24661.5,24669.9,24658.1,24662.8,10650
2025-09-03 09:42:00+05:30,24662.8,24675.4,24662.8,24670.5,9075
2025-09-03 09:43:00+05:30,24670.5,24671.1,24661.0,24661.0,11550
2025-09-03 09:44:00+05:30,24661.0,24664.8,24655.0,24662.8,10500
2025-09-03 09:45:00+05:30,24662.8,24672.5,24658.0,24665.7,23625
2025-09-03 09:46:00+05:30,24665.7,24670.0,24662.8,24665.0,6075
2025-09-03 09:47:00+05:30,24665.0,24681.0,24665.0,24680.4,8850
2025-09-03 09:48:00+05:30,24680.4,24683.3,24672.0,24672.0,6675
2025-09-03 09:49:00+05:30,24672.0,24683.8,24672.0,24683.8,5400
2025-09-03 09:50:00+05:30,24683.8,24685.0,24676.0,24684.2,6900
2025-09-03 09:51:00+05:30,24684.2,24693.6,24678.7,24692.0,12450
2025-09-03 09:52:00+05:30,24692.0,24693.0,24684.5,24692.7,5100
2025-09-03 09:53:00+05:30,24692.7,24693.0,24683.1,24691.0,8400
2025-09-03 09:54:00+05:30,24691.0,24692.5,24685.0,24692.0,5250
2025-09-03 09:55:00+05:30,24692.0,24694.0,24686.1,24687.0,6075
2025-09-03 09:56:00+05:30,24687.0,24691.1,24683.0,24690.0,4350
2025-09-03 09:57:00+05:30,24690.0,24690.4,24675.2,24676.0,8925
2025-09-03 09:58:00+05:30,24676.0,24690.0,24676.0,24687.0,2625
2025-09-03 09:59:00+05:30,24687.0,24693.0,24685.0,24685.0,4275
2025-09-03 10:00:00+05:30,24685.0,24703.9,24685.0,24702.1,13500
2025-09-03 10:01:00+05:30,24702.1,24703.4,24680.0,24680.0,6825
2025-09-03 10:02:00+05:30,24680.0,24700.0,24680.0,24700.0,6375
2025-09-03 10:03:00+05:30,24700.0,24703.9,24696.6,24703.9,7050
2025-09-03 10:04:00+05:30,24703.9,24712.2,24699.1,24711.9,23250
2025-09-03 10:05:00+05:30,24711.9,24711.9,24704.0,24710.0,7950
2025-09-03 10:06:00+05:30,24710.0,24711.9,24707.3,24711.0,5400
2025-09-03 10:07:00+05:30,24711.0,24711.9,24708.0,24711.9,8325
2025-09-03 10:08:00+05:30,24711.9,24715.7,24708.5,24710.3,13200
2025-09-03 10:09:00+05:30,24710.3,24718.0,24710.3,24714.0,6600
2025-09-03 10:10:00+05:30,24714.0,24716.6,24711.0,24711.4,7350
2025-09-03 10:11:00+05:30,24711.4,24715.8,24707.0,24715.8,8025
2025-09-03 10:12:00+05:30,24715.8,24715.8,24710.0,24710.0,4575
2025-09-03 10:13:00+05:30,24710.0,24713.9,24705.0,24713.9,7350
2025-09-03 10:14:00+05:30,24713.9,24714.0,24711.0,24711.5,3375
2025-09-03 10:15:00+05:30,24711.5,24715.0,24700.3,24700.3,9975
2025-09-03 10:16:00+05:30,24700.3,24700.3,24690.0,24699.0,13575
2025-09-03 10:17:00+05:30,24699.0,24700.0,24690.2,24695.0,6450
2025-09-03 10:18:00+05:30,24695.0,24698.0,24690.4,24695.0,3900
2025-09-03 10:19:00+05:30,24695.0,24698.6,24691.2,24697.1,6375
2025-09-03 10:20:00+05:30,24697.1,24697.9,24691.0,24696.4,5100
2025-09-03 10:21:00+05:30,24696.4,24696.4,24690.0,24690.0,6075
2025-09-03 10:22:00+05:30,24690.0,24699.9,24685.0,24695.0,7425
2025-09-03 10:23:00+05:30,24695.0,24702.2,24693.6,24701.9,8175
2025-09-03 10:24:00+05:30,24701.9,24704.9,24697.4,24697.5,3000
2025-09-03 10:25:00+05:30,24697.5,24702.9,24694.4,24695.4,6450
2025-09-03 10:26:00+05:30,24699.4,24704.0,24694.3,24704.0,4950
2025-09-03 10:27:00+05:30,24704.0,24710.0,24703.0,24709.0,6075
2025-09-03 10:28:00+05:30,24709.0,24710.0,24702.2,24703.6,2775
2025-09-03 10:29:00+05:30,24708.0,24709.0,24700.0,24700.0,1650
2025-09-03 10:30:00+05:30,24700.0,24703.0,24688.3,24692.0,5325
2025-09-03 10:31:00+05:30,24692.0,24696.9,24689.0,24694.9,2550
2025-09-03 10:32:00+05:30,24694.9,24694.9,24690.0,24693.4,1800
2025-09-03 10:33:00+05:30,24693.4,24695.0,24690.0,24695.0,1575
2025-09-03 10:34:00+05:30,24695.0,24695.0,24692.3,24692.3,900
2025-09-03 10:35:00+05:30,24692.3,24692.3,24682.0,24682.0,4050
2025-09-03 10:36:00+05:30,24682.0,24686.3,24676.3,24682.2,7950
2025-09-03 10:37:00+05:30,24682.2,24685.7,24676.4,24677.2,4800
2025-09-03 10:38:00+05:30,24677.2,24679.1,24672.0,24672.0,7350
2025-09-03 10:39:00+05:30,24672.0,24673.8,24665.3,24666.8,10200
2025-09-03 10:40:00+05:30,24666.8,24670.0,24665.0,24665.0,6300
2025-09-03 10:41:00+05:30,24665.0,24669.1,24665.0,24667.0,7125
2025-09-03 10:42:00+05:30,24667.0,24675.1,24665.0,24671.0,11400
2025-09-03 10:43:00+05:30,24671.0,24675.0,24671.0,24671.1,7950
2025-09-03 10:44:00+05:30,24671.1,24674.8,24670.0,24670.0,5850
2025-09-03 10:45:00+05:30,24670.0,24672.0,24668.0,24671.8,3525
2025-09-03 10:46:00+05:30,24671.8,24671.8,24665.0,24665.2,4125
2025-09-03 10:47:00+05:30,24665.2,24669.7,24665.0,24667.0,4725
2025-09-03 10:48:00+05:30,24667.0,24667.1,24665.0,24666.0,1125
2025-09-03 10:49:00+05:30,24666.0,24675.5,24666.0,24675.4,8100
2025-09-03 10:50:00+05:30,24675.4,24679.0,24671.1,24672.0,5025
2025-09-03 10:51:00+05:30,24672.0,24673.9,24665.0,24665.0,5475
2025-09-03 10:52:00+05:30,24665.0,24672.0,24662.6,24666.0,6300
2025-09-03 10:53:00+05:30,24666.0,24670.0,24663.0,24663.0,1350
2025-09-03 10:54:00+05:30,24663.0,24664.2,24662.6,24663.0,2175
2025-09-03 10:55:00+05:30,24663.0,24669.9,24663.0,24665.5,7125
2025-09-03 10:56:00+05:30,24665.5,24670.0,24664.0,24666.7,5175
2025-09-03 10:57:00+05:30,24666.7,24677.0,24666.7,24677.0,1425
2025-09-03 10:58:00+05:30,24677.0,24681.6,24675.3,24681.0,4725
2025-09-03 10:59:00+05:30,24681.7,24685.0,24676.0,24680.9,5550
2025-09-03 11:00:00+05:30,24680.9,24685.9,24676.0,24683.7,1875
2025-09-03 11:01:00+05:30,24683.7,24684.0,24676.0,24684.0,2175
2025-09-03 11:02:00+05:30,24684.0,24684.0,24678.0,24680.4,975
2025-09-03 11:03:00+05:30,24680.4,24682.0,24674.9,24674.9,3150
2025-09-03 11:04:00+05:30,24674.9,24680.0,24674.6,24679.2,1050
2025-09-03 11:05:00+05:30,24679.2,24679.2,24661.0,24661.0,11175
2025-09-03 11:06:00+05:30,24661.0,24668.9,24655.8,24664.6,8400
2025-09-03 11:07:00+05:30,24664.6,24680.0,24664.6,24680.0,3825
2025-09-03 11:08:00+05:30,24680.0,24685.0,24675.0,24680.9,2625
2025-09-03 11:09:00+05:30,24680.9,24690.0,24680.9,24688.5,5850
2025-09-03 11:10:00+05:30,24688.5,24693.0,24687.0,24691.0,5775
2025-09-03 11:11:00+05:30,24691.0,24691.0,24688.0,24688.0,2625
2025-09-03 11:12:00+05:30,24688.0,24691.4,24685.0,24685.4,2100
2025-09-03 11:13:00+05:30,24685.4,24692.3,24685.1,24690.0,4650
2025-09-03 11:14:00+05:30,24690.0,24690.0,24680.0,24685.7,2250
2025-09-03 11:15:00+05:30,24685.7,24686.7,24677.0,24680.0,2625
2025-09-03 11:16:00+05:30,24680.0,24683.0,24671.3,24671.3,5775
2025-09-03 11:17:00+05:30,24671.3,24678.9,24670.3,24678.9,9075
2025-09-03 11:18:00+05:30,24678.9,24685.0,24674.3,24685.0,3150
2025-09-03 11:19:00+05:30,24685.0,24692.8,24680.5,24691.2,7125
2025-09-03 11:20:00+05:30,24691.2,24695.0,24686.5,24695.0,6000
2025-09-03 11:21:00+05:30,24695.0,24696.4,24688.6,24692.0,5100
2025-09-03 11:22:00+05:30,24689.6,24696.0,24685.9,24692.7,3375
2025-09-03 11:23:00+05:30,24692.7,24692.7,24675.0,24675.0,5250
2025-09-03 11:24:00+05:30,24675.0,24680.0,24671.0,24672.7,6750
2025-09-03 11:25:00+05:30,24672.7,24679.2,24671.0,24676.9,4575
2025-09-03 11:26:00+05:30,24676.9,24682.1,24672.2,24676.9,4500
2025-09-03 11:27:00+05:30,24676.9,24679.5,24672.5,24679.3,1725
2025-09-03 11:28:00+05:30,24679.3,24679.5,24672.0,24676.1,1050
2025-09-03 11:29:00+05:30,24676.1,24679.6,24672.1,24679.0,1950
2025-09-03 11:30:00+05:30,24679.0,24683.7,24673.8,24674.0,3750
2025-09-03 11:31:00+05:30,24674.0,24678.4,24673.0,24677.3,2550
2025-09-03 11:32:00+05:30,24676.0,24682.2,24673.0,24681.6,6750
2025-09-03 11:33:00+05:30,24681.6,24681.6,24673.6,24675.0,3450
2025-09-03 11:34:00+05:30,24675.0,24682.0,24674.4,24675.8,1800
2025-09-03 11:35:00+05:30,24675.8,24685.0,24675.8,24682.8,5475
2025-09-03 11:36:00+05:30,24682.9,24686.6,24679.3,24686.0,3000
2025-09-03 11:37:00+05:30,24686.0,24689.0,24684.2,24689.0,1500
2025-09-03 11:38:00+05:30,24689.0,24695.0,24687.5,24695.0,3000
2025-09-03 11:39:00+05:30,24695.0,24696.4,24690.1,24694.3,4050
2025-09-03 11:40:00+05:30,24694.3,24697.0,24690.1,24695.0,2100
2025-09-03 11:41:00+05:30,24695.0,24697.8,24690.1,24693.0,4125
2025-09-03 11:42:00+05:30,24693.0,24697.0,24688.6,24697.0,2925
2025-09-03 11:43:00+05:30,24697.0,24700.0,24695.0,24695.0,6300
2025-09-03 11:44:00+05:30,24695.0,24700.0,24694.9,24699.8,2025
2025-09-03 11:45:00+05:30,24699.8,24701.9,24695.1,24701.9,6975
2025-09-03 11:46:00+05:30,24701.9,24703.0,24696.6,24700.0,3075
2025-09-03 11:47:00+05:30,24700.0,24702.9,24696.0,24699.0,4350
2025-09-03 11:48:00+05:30,24699.0,24700.0,24695.0,24697.0,1500
2025-09-03 11:49:00+05:30,24697.0,24698.2,24692.0,24695.0,1200
2025-09-03 11:50:00+05:30,24695.0,24697.9,24690.4,24694.2,1275
2025-09-03 11:51:00+05:30,24694.2,24697.7,24688.0,24697.7,3750
2025-09-03 11:52:00+05:30,24697.7,24698.0,24695.0,24698.0,1875
2025-09-03 11:53:00+05:30,24698.0,24701.7,24691.9,24700.0,2325
2025-09-03 11:54:00+05:30,24700.0,24703.0,24697.5,24700.0,2700
2025-09-03 11:55:00+05:30,24700.0,24707.9,24700.0,24705.0,4800
2025-09-03 11:56:00+05:30,24705.0,24711.0,24705.0,24705.7,10350
2025-09-03 11:57:00+05:30,24705.7,24710.5,24705.1,24709.0,2775
2025-09-03 11:58:00+05:30,24709.0,24712.8,24704.6,24712.8,7950
2025-09-03 11:59:00+05:30,24712.8,24714.9,24707.1,24714.9,6975
2025-09-03 12:00:00+05:30,24714.9,24715.0,24709.3,24714.0,6450
2025-09-03 12:01:00+05:30,24714.0,24715.0,24709.6,24709.6,5475
2025-09-03 12:02:00+05:30,24709.6,24715.0,24709.4,24713.0,3000
2025-09-03 12:03:00+05:30,24713.0,24715.5,24710.0,24713.3,5025
2025-09-03 12:04:00+05:30,24713.3,24714.0,24710.4,24711.7,4875
2025-09-03 12:05:00+05:30,24711.7,24715.0,24710.0,24710.0,7500
2025-09-03 12:06:00+05:30,24710.0,24719.0,24708.6,24718.4,12675
2025-09-03 12:07:00+05:30,24718.4,24718.4,24711.0,24717.3,4200
2025-09-03 12:08:00+05:30,24717.3,24717.6,24710.7,24712.0,2475
2025-09-03 12:09:00+05:30,24712.0,24718.0,24711.3,24713.0,5625
2025-09-03 12:10:00+05:30,24713.0,24719.9,24713.0,24714.1,7425
2025-09-03 12:11:00+05:30,24714.1,24742.0,24714.1,24739.0,77775
2025-09-03 12:12:00+05:30,24739.0,24749.7,24736.0,24741.3,71250
2025-09-03 12:13:00+05:30,24741.3,24747.6,24739.0,24740.4,19125
2025-09-03 12:14:00+05:30,24740.4,24746.0,24737.2,24741.9,18075
2025-09-03 12:15:00+05:30,24744.9,24746.0,24739.2,24746.0,30825
2025-09-03 12:16:00+05:30,24746.0,24747.0,24739.0,24746.0,11325
2025-09-03 12:17:00+05:30,24746.0,24748.0,24743.0,24747.0,7050
2025-09-03 12:18:00+05:30,24748.0,24750.0,24742.4,24748.4,29850
2025-09-03 12:19:00+05:30,24748.4,24748.8,24740.8,24744.0,8325
2025-09-03 12:20:00+05:30,24744.0,24749.9,24743.5,24749.0,13125
2025-09-03 12:21:00+05:30,24749.0,24760.0,24744.1,24756.4,42600
2025-09-03 12:22:00+05:30,24756.4,24764.2,24756.4,24760.0,34950
2025-09-03 12:23:00+05:30,24760.0,24767.7,24757.0,24759.8,39525
2025-09-03 12:24:00+05:30,24759.8,24764.9,24757.0,24761.4,21375
2025-09-03 12:25:00+05:30,24761.4,24764.0,24759.0,24764.0,34350
2025-09-03 12:26:00+05:30,24763.3,24764.9,24752.5,24758.4,21975
2025-09-03 12:27:00+05:30,24758.4,24760.5,24750.0,24751.0,9450
2025-09-03 12:28:00+05:30,24751.0,24752.0,24749.0,24749.7,7275
2025-09-03 12:29:00+05:30,24749.7,24751.0,24745.2,24750.0,5475
2025-09-03 12:30:00+05:30,24750.0,24757.7,24747.6,24752.6,26475
2025-09-03 12:31:00+05:30,24752.6,24755.0,24750.0,24753.0,4050
2025-09-03 12:32:00+05:30,24753.0,24758.0,24752.6,24757.0,8625
2025-09-03 12:33:00+05:30,24757.0,24758.0,24754.0,24755.0,2250
2025-09-03 12:34:00+05:30,24755.0,24760.0,24753.1,24757.9,4425
2025-09-03 12:35:00+05:30,24757.9,24760.0,24755.2,24755.5,3300
2025-09-03 12:36:00+05:30,24755.5,24757.2,24750.0,24752.2,3450
2025-09-03 12:37:00+05:30,24752.2,24758.0,24750.0,24750.4,6000
2025-09-03 12:38:00+05:30,24750.4,24759.0,24750.4,24758.0,2700
2025-09-03 12:39:00+05:30,24758.0,24759.0,24752.2,24758.0,3450
2025-09-03 12:40:00+05:30,24758.0,24759.0,24752.1,24758.0,3225
2025-09-03 12:41:00+05:30,24758.0,24760.0,24754.0,24760.0,1500
2025-09-03 12:42:00+05:30,24759.0,24760.0,24756.0,24757.3,2550
2025-09-03 12:43:00+05:30,24757.3,24757.3,24745.1,24749.4,14925
2025-09-03 12:44:00+05:30,24749.4,24750.0,24737.0,24740.0,21900
2025-09-03 12:45:00+05:30,24735.3,24745.9,24735.0,24737.2,7425
2025-09-03 12:46:00+05:30,24740.0,24748.0,24740.0,24743.3,3825
2025-09-03 12:47:00+05:30,24743.3,24744.1,24737.0,24737.0,3225
2025-09-03 12:48:00+05:30,24737.0,24737.2,24722.1,24724.3,21075
2025-09-03 12:49:00+05:30,24723.6,24733.0,24723.6,24728.1,4575
2025-09-03 12:50:00+05:30,24728.1,24730.0,24721.2,24725.4,8175
2025-09-03 12:51:00+05:30,24725.4,24730.0,24725.4,24727.5,2625
2025-09-03 12:52:00+05:30,24727.5,24727.7,24720.0,24722.9,5925
2025-09-03 12:53:00+05:30,24722.9,24722.9,24709.7,24715.0,20775
2025-09-03 12:54:00+05:30,24715.0,24718.0,24710.8,24715.0,5850
2025-09-03 12:55:00+05:30,24715.0,24720.0,24712.0,24718.0,7050
2025-09-03 12:56:00+05:30,24718.0,24718.8,24708.0,24710.0,7050
2025-09-03 12:57:00+05:30,24708.1,24715.0,24701.5,24706.9,17400
2025-09-03 12:58:00+05:30,24706.9,24713.3,24701.6,24705.0,10500
2025-09-03 12:59:00+05:30,24705.0,24711.1,24701.2,24705.1,11775
2025-09-03 13:00:00+05:30,24705.1,24712.1,24703.6,24705.1,3225
2025-09-03 13:01:00+05:30,24705.1,24710.0,24705.1,24708.8,1575
2025-09-03 13:02:00+05:30,24708.8,24718.0,24706.2,24716.0,17475
2025-09-03 13:03:00+05:30,24716.0,24718.5,24706.0,24706.0,5325
2025-09-03 13:04:00+05:30,24706.0,24712.4,24705.8,24708.1,4800
2025-09-03 13:05:00+05:30,24708.1,24715.9,24708.1,24710.9,7200
2025-09-03 13:06:00+05:30,24710.9,24720.9,24710.9,24716.0,3375
2025-09-03 13:07:00+05:30,24716.0,24721.0,24712.1,24721.0,3300
2025-09-03 13:08:00+05:30,24721.0,24727.9,24716.8,24727.0,7575
2025-09-03 13:09:00+05:30,24727.0,24728.4,24719.0,24719.0,3300
2025-09-03 13:10:00+05:30,24719.0,24723.0,24713.2,24717.1,3375
2025-09-03 13:11:00+05:30,24717.1,24725.0,24712.0,24723.4,3000
2025-09-03 13:12:00+05:30,24723.4,24723.5,24714.0,24718.9,2850
2025-09-03 13:13:00+05:30,24718.9,24719.2,24713.0,24719.0,825
2025-09-03 13:14:00+05:30,24719.0,24719.0,24711.0,24715.0,1125
2025-09-03 13:15:00+05:30,24715.0,24722.4,24715.0,24721.2,2025
2025-09-03 13:16:00+05:30,24721.2,24725.0,24717.5,24724.7,1650
2025-09-03 13:17:00+05:30,24724.7,24728.2,24720.1,24725.0,2475
2025-09-03 13:18:00+05:30,24725.0,24727.6,24720.0,24725.0,3900
2025-09-03 13:19:00+05:30,24725.0,24731.9,24723.8,24726.1,3375
2025-09-03 13:20:00+05:30,24726.1,24737.8,24726.1,24733.2,4275
2025-09-03 13:21:00+05:30,24733.2,24735.3,24730.0,24732.1,2625
2025-09-03 13:22:00+05:30,24732.1,24734.2,24720.0,24725.0,7125
2025-09-03 13:23:00+05:30,24725.0,24727.0,24722.3,24727.0,5100
2025-09-03 13:24:00+05:30,24727.5,24729.3,24719.7,24727.0,9525
2025-09-03 13:25:00+05:30,24727.0,24728.7,24720.0,24720.0,1875
2025-09-03 13:26:00+05:30,24720.0,24726.3,24720.0,24726.3,1425
2025-09-03 13:27:00+05:30,24726.3,24727.0,24722.0,24725.0,1275
2025-09-03 13:28:00+05:30,24725.0,24727.5,24722.9,24727.5,1800
2025-09-03 13:29:00+05:30,24727.5,24733.0,24722.8,24731.4,6525
2025-09-03 13:30:00+05:30,24731.4,24732.5,24727.0,24729.0,1650
2025-09-03 13:31:00+05:30,24729.0,24729.0,24721.6,24728.8,2175
2025-09-03 13:32:00+05:30,24728.8,24735.0,24727.1,24735.0,4575
2025-09-03 13:33:00+05:30,24735.0,24736.2,24727.0,24729.1,2325
2025-09-03 13:34:00+05:30,24729.1,24732.3,24721.0,24723.4,3675
2025-09-03 13:35:00+05:30,24723.4,24723.4,24709.9,24715.0,9300
2025-09-03 13:36:00+05:30,24715.0,24715.0,24706.0,24714.0,7275
2025-09-03 13:37:00+05:30,24714.0,24718.8,24713.1,24718.0,3075
2025-09-03 13:38:00+05:30,24718.0,24718.2,24715.3,24718.2,1425
2025-09-03 13:39:00+05:30,24718.2,24719.0,24715.4,24715.4,1875
2025-09-03 13:40:00+05:30,24715.4,24729.0,24715.4,24729.0,3450
2025-09-03 13:41:00+05:30,24729.0,24729.0,24719.6,24722.2,3000
2025-09-03 13:42:00+05:30,24722.2,24733.5,24722.2,24730.0,2475
2025-09-03 13:43:00+05:30,24730.0,24744.0,24730.0,24743.6,9375
2025-09-03 13:44:00+05:30,24743.6,24747.0,24736.7,24746.0,7650
2025-09-03 13:45:00+05:30,24746.0,24747.9,24741.0,24747.8,8175
2025-09-03 13:46:00+05:30,24748.0,24750.0,24745.1,24746.5,15225
2025-09-03 13:47:00+05:30,24746.5,24751.0,24745.1,24747.8,3450
2025-09-03 13:48:00+05:30,24747.8,24750.0,24745.4,24749.7,2250
2025-09-03 13:49:00+05:30,24749.7,24754.0,24746.1,24746.7,10050
2025-09-03 13:50:00+05:30,24746.7,24753.0,24746.7,24752.0,3150
2025-09-03 13:51:00+05:30,24752.0,24752.8,24747.0,24747.0,2700
2025-09-03 13:52:00+05:30,24747.0,24752.0,24746.2,24750.0,2475
2025-09-03 13:53:00+05:30,24750.0,24753.0,24750.0,24753.0,3750
2025-09-03 13:54:00+05:30,24753.0,24754.0,24750.0,24754.0,4875
2025-09-03 13:55:00+05:30,24754.0,24754.0,24750.0,24752.0,6150
2025-09-03 13:56:00+05:30,24752.0,24753.5,24750.0,24751.0,3525
2025-09-03 13:57:00+05:30,24751.0,24754.0,24750.0,24752.0,5100
2025-09-03 13:58:00+05:30,24752.0,24761.0,24752.0,24760.6,18450
2025-09-03 13:59:00+05:30,24760.6,24763.0,24757.1,24763.0,5775
2025-09-03 14:00:00+05:30,24763.0,24766.6,24758.0,24758.9,44925
2025-09-03 14:01:00+05:30,24758.9,24763.2,24754.0,24758.1,10725
2025-09-03 14:02:00+05:30,24760.0,24760.0,24754.0,24754.0,4575
2025-09-03 14:03:00+05:30,24754.0,24760.0,24754.0,24755.6,4950
2025-09-03 14:04:00+05:30,24755.6,24760.0,24755.2,24755.4,4125
2025-09-03 14:05:00+05:30,24755.4,24762.7,24755.0,24756.0,6900
2025-09-03 14:06:00+05:30,24756.0,24761.5,24756.0,24761.0,2700
2025-09-03 14:07:00+05:30,24761.0,24765.0,24757.7,24761.3,4425
2025-09-03 14:08:00+05:30,24761.3,24766.0,24760.3,24766.0,6150
2025-09-03 14:09:00+05:30,24766.0,24773.5,24762.9,24764.9,40350
2025-09-03 14:10:00+05:30,24764.9,24786.4,24764.9,24783.4,50325
2025-09-03 14:11:00+05:30,24783.4,24783.5,24776.0,24780.0,11775
2025-09-03 14:12:00+05:30,24776.0,24780.0,24774.2,24779.9,11250
2025-09-03 14:13:00+05:30,24779.9,24779.9,24765.9,24768.8,22200
2025-09-03 14:14:00+05:30,24768.8,24768.8,24759.9,24763.3,7950
2025-09-03 14:15:00+05:30,24763.3,24770.1,24763.3,24769.4,20550
2025-09-03 14:16:00+05:30,24769.4,24771.0,24764.5,24764.5,7950
2025-09-03 14:17:00+05:30,24764.5,24770.7,24760.3,24760.3,6675
2025-09-03 14:18:00+05:30,24760.3,24770.0,24760.3,24769.9,4725
2025-09-03 14:19:00+05:30,24769.9,24770.0,24765.5,24770.0,4125
2025-09-03 14:20:00+05:30,24770.0,24770.8,24765.1,24765.7,4125
2025-09-03 14:21:00+05:30,24765.7,24768.0,24762.0,24764.9,2925
2025-09-03 14:22:00+05:30,24764.9,24766.0,24764.9,24766.0,4575
2025-09-03 14:23:00+05:30,24766.0,24770.0,24766.0,24769.0,4650
2025-09-03 14:24:00+05:30,24769.0,24775.1,24768.0,24770.0,28500
2025-09-03 14:25:00+05:30,24770.0,24774.0,24766.9,24770.0,2925
2025-09-03 14:26:00+05:30,24770.0,24777.4,24770.0,24773.0,5925
2025-09-03 14:27:00+05:30,24773.0,24773.0,24768.0,24768.0,2775
2025-09-03 14:28:00+05:30,24768.0,24770.0,24765.0,24768.8,1800
2025-09-03 14:29:00+05:30,24768.8,24774.9,24765.0,24768.2,5850
2025-09-03 14:30:00+05:30,24768.2,24781.9,24768.2,24780.0,27600
2025-09-03 14:31:00+05:30,24780.0,24785.4,24778.2,24781.1,11400
2025-09-03 14:32:00+05:30,24778.8,24784.0,24778.6,24784.0,4650
2025-09-03 14:33:00+05:30,24784.0,24785.4,24775.1,24775.1,10875
2025-09-03 14:34:00+05:30,24775.0,24775.1,24771.6,24775.0,30075
2025-09-03 14:35:00+05:30,24775.0,24779.7,24771.1,24775.0,21150
2025-09-03 14:36:00+05:30,24772.0,24775.0,24771.5,24775.0,31275
2025-09-03 14:37:00+05:30,24775.0,24779.0,24771.3,24778.8,5175
2025-09-03 14:38:00+05:30,24778.8,24779.4,24771.4,24772.0,4275
2025-09-03 14:39:00+05:30,24772.0,24779.1,24769.0,24772.3,11100
2025-09-03 14:40:00+05:30,24772.3,24775.0,24760.0,24760.0,8775
2025-09-03 14:41:00+05:30,24760.0,24765.3,24755.9,24760.0,11925
2025-09-03 14:42:00+05:30,24760.0,24760.0,24750.4,24750.7,9150
2025-09-03 14:43:00+05:30,24750.7,24759.7,24750.7,24755.0,2775
2025-09-03 14:44:00+05:30,24755.0,24757.9,24752.0,24753.7,36000
2025-09-03 14:45:00+05:30,24753.7,24760.0,24753.7,24755.7,13125
2025-09-03 14:46:00+05:30,24755.7,24767.8,24755.4,24756.8,5250
2025-09-03 14:47:00+05:30,24756.8,24763.0,24755.0,24762.0,10650
2025-09-03 14:48:00+05:30,24762.0,24780.0,24762.0,24776.7,16125
2025-09-03 14:49:00+05:30,24776.7,24776.7,24766.0,24768.3,4125
2025-09-03 14:50:00+05:30,24766.0,24774.0,24765.2,24769.0,3000
2025-09-03 14:51:00+05:30,24769.0,24774.0,24768.0,24773.9,2325
2025-09-03 14:52:00+05:30,24773.9,24780.0,24770.3,24780.0,4350
2025-09-03 14:53:00+05:30,24780.0,24785.0,24779.9,24784.0,11775
2025-09-03 14:54:00+05:30,24784.0,24785.9,24780.0,24782.0,7950
2025-09-03 14:55:00+05:30,24782.0,24786.0,24778.1,24780.3,11850
2025-09-03 14:56:00+05:30,24780.3,24780.9,24771.3,24773.0,8250
2025-09-03 14:57:00+05:30,24773.0,24777.3,24772.0,24776.0,2850
2025-09-03 14:58:00+05:30,24776.0,24779.7,24772.3,24778.0,4275
2025-09-03 14:59:00+05:30,24778.0,24779.7,24774.0,24778.0,4425
2025-09-03 15:00:00+05:30,24778.0,24787.5,24773.6,24780.2,25125
2025-09-03 15:01:00+05:30,24780.2,24785.0,24777.1,24783.0,8700
2025-09-03 15:02:00+05:30,24783.0,24790.0,24779.9,24787.4,20550
2025-09-03 15:03:00+05:30,24788.0,24795.0,24787.5,24795.0,33750
2025-09-03 15:04:00+05:30,24795.7,24798.9,24791.1,24792.7,39450
2025-09-03 15:05:00+05:30,24793.8,24798.0,24791.3,24797.0,19950
2025-09-03 15:06:00+05:30,24795.6,24799.0,24795.6,24798.9,16800
2025-09-03 15:07:00+05:30,24798.3,24806.0,24798.0,24802.0,59175
2025-09-03 15:08:00+05:30,24802.0,24805.0,24798.5,24800.1,16875
2025-09-03 15:09:00+05:30,24800.1,24809.0,24800.1,24809.0,24525
2025-09-03 15:10:00+05:30,24809.0,24825.0,24809.0,24822.0,85950
2025-09-03 15:11:00+05:30,24822.8,24830.0,24822.4,24829.0,50625
2025-09-03 15:12:00+05:30,24829.0,24834.6,24828.1,24831.4,39450
2025-09-03 15:13:00+05:30,24831.4,24837.0,24830.0,24833.0,41925
2025-09-03 15:14:00+05:30,24830.0,24830.5,24821.0,24826.9,30075
2025-09-03 15:15:00+05:30,24819.8,24824.9,24812.6,24813.1,35850
2025-09-03 15:16:00+05:30,24814.8,24820.1,24808.1,24808.9,34425
2025-09-03 15:17:00+05:30,24808.9,24819.0,24808.9,24818.6,19725
2025-09-03 15:18:00+05:30,24820.0,24827.9,24818.5,24822.4,37875
2025-09-03 15:19:00+05:30,24822.4,24828.9,24821.0,24823.7,15300
2025-09-03 15:20:00+05:30,24823.7,24829.0,24821.5,24825.0,29400
2025-09-03 15:21:00+05:30,24825.0,24829.0,24822.0,24825.0,16575
2025-09-03 15:22:00+05:30,24825.0,24830.6,24820.0,24821.0,35850
2025-09-03 15:23:00+05:30,24825.0,24825.9,24817.0,24817.2,17475
2025-09-03 15:24:00+05:30,24817.2,24817.6,24815.0,24816.1,19800
2025-09-03 15:25:00+05:30,24815.6,24821.0,24807.0,24807.0,35775
2025-09-03 15:26:00+05:30,24807.0,24815.5,24806.2,24809.5,29625
2025-09-03 15:27:00+05:30,24810.2,24820.0,24809.8,24815.0,39375
2025-09-03 15:28:00+05:30,24815.0,24820.0,24810.7,24818.0,30225
2025-09-03 15:29:00+05:30,24818.0,24824.0,24812.1,24820.0,47550
2025-09-04 09:15:00+05:30,24926.3,25048.5,24926.3,24964.3,306225
2025-09-04 09:16:00+05:30,24970.0,24984.5,24960.8,24970.0,106125
2025-09-04 09:17:00+05:30,24970.0,24974.8,24959.1,24965.9,99675
2025-09-04 09:18:00+05:30,24965.9,24970.6,24955.8,24970.0,95850
2025-09-04 09:19:00+05:30,24970.0,24978.7,24961.4,24965.1,68700
2025-09-04 09:20:00+05:30,24965.1,24965.1,24950.8,24962.3,44025
2025-09-04 09:21:00+05:30,24960.1,24963.0,24946.7,24950.0,55950
2025-09-04 09:22:00+05:30,24947.0,24970.0,24946.0,24966.2,163725
2025-09-04 09:23:00+05:30,24966.2,24978.4,24962.9,24971.4,72150
2025-09-04 09:24:00+05:30,24971.4,24977.9,24971.0,24974.5,43875
2025-09-04 09:25:00+05:30,24974.9,24979.5,24964.0,24964.2,45900
2025-09-04 09:26:00+05:30,24964.3,24977.4,24960.2,24974.1,52275
2025-09-04 09:27:00+05:30,24972.4,24985.0,24971.3,24980.0,39825
2025-09-04 09:28:00+05:30,24980.0,24994.2,24980.0,24993.9,47025
2025-09-04 09:29:00+05:30,24994.5,25000.0,24990.7,24995.4,55425
2025-09-04 09:30:00+05:30,24995.4,25010.0,24995.4,25009.9,61425
2025-09-04 09:31:00+05:30,25009.9,25019.7,25007.9,25014.0,89850
2025-09-04 09:32:00+05:30,25014.0,25019.8,25011.2,25013.7,97425
2025-09-04 09:33:00+05:30,25013.7,25020.8,25012.4,25016.4,29700
2025-09-04 09:34:00+05:30,25016.4,25034.0,25014.2,25032.0,62175
2025-09-04 09:35:00+05:30,25032.0,25033.8,25024.3,25026.9,35250
2025-09-04 09:36:00+05:30,25026.9,25027.2,25014.8,25017.2,47925
2025-09-04 09:37:00+05:30,25017.2,25020.0,25010.0,25013.2,19950
2025-09-04 09:38:00+05:30,25013.2,25014.0,25004.1,25006.2,22800
2025-09-04 09:39:00+05:30,25006.2,25007.6,24990.0,24997.5,21900
2025-09-04 09:40:00+05:30,24997.5,25011.0,24995.2,25010.0,36900
2025-09-04 09:41:00+05:30,25010.0,25014.3,25003.0,25006.4,16875
2025-09-04 09:42:00+05:30,25008.2,25012.1,24989.1,24990.5,22050
2025-09-04 09:43:00+05:30,24989.9,24993.0,24982.2,24992.5,25950
2025-09-04 09:44:00+05:30,24992.5,24993.0,24984.3,24984.3,19950
2025-09-04 09:45:00+05:30,24984.3,24992.4,24977.0,24988.2,35550
2025-09-04 09:46:00+05:30,24988.2,24995.7,24985.1,24989.5,16725
2025-09-04 09:47:00+05:30,24989.5,25009.5,24986.9,25009.5,17250
2025-09-04 09:48:00+05:30,25009.5,25009.5,24993.0,25000.0,10275
2025-09-04 09:49:00+05:30,25000.0,25010.0,24994.9,25009.0,11100
2025-09-04 09:50:00+05:30,25009.0,25014.3,25004.5,25013.7,17100
2025-09-04 09:51:00+05:30,25013.7,25013.9,25000.0,25001.3,13650
2025-09-04 09:52:00+05:30,25001.3,25008.3,25000.0,25005.6,8775
2025-09-04 09:53:00+05:30,25005.6,25010.0,25000.0,25009.1,11100
2025-09-04 09:54:00+05:30,25005.9,25013.2,25003.7,25013.0,22425
2025-09-04 09:55:00+05:30,25013.2,25015.0,25006.2,25006.7,13200
2025-09-04 09:56:00+05:30,25009.0,25011.0,25004.1,25005.0,19500
2025-09-04 09:57:00+05:30,25005.0,25008.3,25002.8,25005.0,11325
2025-09-04 09:58:00+05:30,25005.0,25009.0,25003.7,25004.1,7200
2025-09-04 09:59:00+05:30,25004.1,25009.1,25000.0,25000.0,6900
2025-09-04 10:00:00+05:30,25000.0,25009.1,25000.0,25009.1,8250
2025-09-04 10:01:00+05:30,25009.1,25010.0,25000.5,25000.9,20625
2025-09-04 10:02:00+05:30,25000.9,25006.8,24995.0,24995.6,8775
2025-09-04 10:03:00+05:30,24995.6,25004.0,24995.0,24998.3,10125
2025-09-04 10:04:00+05:30,24998.3,25003.9,24995.0,24997.1,3900
2025-09-04 10:05:00+05:30,24997.1,24999.0,24991.0,24995.5,3075
2025-09-04 10:06:00+05:30,24995.5,24999.0,24990.0,24992.0,9825
2025-09-04 10:07:00+05:30,24992.0,24992.0,24984.4,24985.0,12525
2025-09-04 10:08:00+05:30,24985.0,24990.0,24984.7,24985.0,5325
2025-09-04 10:09:00+05:30,24985.0,24987.3,24964.8,24964.9,50475
2025-09-04 10:10:00+05:30,24964.9,24971.9,24953.6,24965.0,17250
2025-09-04 10:11:00+05:30,24965.0,24971.9,24958.0,24962.7,13950
2025-09-04 10:12:00+05:30,24962.7,24963.2,24942.0,24945.0,41250
2025-09-04 10:13:00+05:30,24945.0,24947.7,24937.0,24937.0,32775
2025-09-04 10:14:00+05:30,24937.0,24940.0,24930.0,24933.6,24675
2025-09-04 10:15:00+05:30,24932.6,24936.0,24926.0,24935.8,39900
2025-09-04 10:16:00+05:30,24936.0,24950.1,24930.1,24950.1,26625
2025-09-04 10:17:00+05:30,24950.1,24950.1,24935.0,24945.0,24000
2025-09-04 10:18:00+05:30,24940.0,24947.0,24937.0,24944.1,28125
2025-09-04 10:19:00+05:30,24945.0,24960.0,24942.5,24956.8,18150
2025-09-04 10:20:00+05:30,24956.8,24960.0,24952.0,24958.0,17550
2025-09-04 10:21:00+05:30,24958.0,24970.0,24956.2,24970.0,12225
2025-09-04 10:22:00+05:30,24970.0,24973.0,24960.0,24965.0,8850
2025-09-04 10:23:00+05:30,24965.0,24974.2,24965.0,24971.3,9975
2025-09-04 10:24:00+05:30,24973.1,24973.2,24965.0,24970.0,9675
2025-09-04 10:25:00+05:30,24970.0,24970.0,24964.0,24965.0,3825
2025-09-04 10:26:00+05:30,24965.0,24966.9,24945.0,24948.9,16125
2025-09-04 10:27:00+05:30,24948.9,24950.0,24941.2,24949.7,12000
2025-09-04 10:28:00+05:30,24949.7,24949.9,24940.0,24940.0,3675
2025-09-04 10:29:00+05:30,24940.0,24947.0,24940.0,24940.1,4200
2025-09-04 10:30:00+05:30,24940.1,24950.0,24940.0,24950.0,7800
2025-09-04 10:31:00+05:30,24950.0,24951.0,24939.0,24940.0,15450
2025-09-04 10:32:00+05:30,24940.0,24940.0,24930.0,24935.0,14775
2025-09-04 10:33:00+05:30,24935.0,24948.4,24932.0,24942.0,20700
2025-09-04 10:34:00+05:30,24942.0,24949.9,24937.0,24945.0,7500
2025-09-04 10:35:00+05:30,24945.0,24946.9,24938.7,24944.9,4125
2025-09-04 10:36:00+05:30,24944.9,24944.9,24930.0,24933.9,6525
2025-09-04 10:37:00+05:30,24933.9,24936.1,24930.7,24936.1,8625
2025-09-04 10:38:00+05:30,24936.1,24939.9,24932.0,24932.0,4575
2025-09-04 10:39:00+05:30,24932.0,24936.0,24929.0,24932.3,20250
2025-09-04 10:40:00+05:30,24932.3,24932.3,24920.0,24923.0,39150
2025-09-04 10:41:00+05:30,24923.2,24925.7,24907.0,24907.0,58275
2025-09-04 10:42:00+05:30,24907.6,24917.2,24904.6,24916.0,30900
2025-09-04 10:43:00+05:30,24916.0,24920.0,24910.1,24919.9,11700
2025-09-04 10:44:00+05:30,24919.9,24920.0,24911.4,24912.0,10050
2025-09-04 10:45:00+05:30,24912.0,24918.4,24910.0,24914.9,8550
2025-09-04 10:46:00+05:30,24914.9,24922.8,24910.1,24922.1,8025
2025-09-04 10:47:00+05:30,24922.1,24926.0,24915.0,24925.0,5175
2025-09-04 10:48:00+05:30,24925.0,24931.8,24924.2,24929.3,14850
2025-09-04 10:49:00+05:30,24929.3,24933.8,24926.0,24933.8,28425
2025-09-04 10:50:00+05:30,24934.1,24943.8,24933.0,24938.0,26850
2025-09-04 10:51:00+05:30,24938.0,24940.0,24933.0,24939.9,8475
2025-09-04 10:52:00+05:30,24939.9,24945.0,24935.2,24936.7,8175
2025-09-04 10:53:00+05:30,24936.7,24945.2,24935.0,24935.0,3750
2025-09-04 10:54:00+05:30,24935.0,24942.2,24935.0,24940.0,4800
2025-09-04 10:55:00+05:30,24940.0,24940.0,24930.0,24930.5,2625
2025-09-04 10:56:00+05:30,24930.0,24933.3,24927.2,24927.2,3450
2025-09-04 10:57:00+05:30,24927.2,24930.0,24926.0,24929.0,5250
2025-09-04 10:58:00+05:30,24929.0,24937.9,24925.0,24936.6,4725
2025-09-04 10:59:00+05:30,24936.6,24938.0,24931.4,24938.0,2025
2025-09-04 11:00:00+05:30,24938.0,24948.9,24935.5,24945.3,6525
2025-09-04 11:01:00+05:30,24947.9,24949.8,24945.0,24946.8,6975
2025-09-04 11:02:00+05:30,24946.8,24948.8,24936.2,24940.0,2850
2025-09-04 11:03:00+05:30,24940.0,24941.9,24934.3,24941.9,3750
2025-09-04 11:04:00+05:30,24941.9,24941.9,24930.0,24935.2,4425
2025-09-04 11:05:00+05:30,24935.2,24940.0,24930.5,24939.9,7200
2025-09-04 11:06:00+05:30,24939.9,24940.0,24933.0,24933.0,3825
2025-09-04 11:07:00+05:30,24933.0,24935.1,24928.1,24931.0,3525
2025-09-04 11:08:00+05:30,24931.0,24931.0,24920.0,24920.9,3600
2025-09-04 11:09:00+05:30,24920.9,24924.2,24917.0,24917.0,5550
2025-09-04 11:10:00+05:30,24917.0,24924.0,24915.0,24919.5,3600
2025-09-04 11:11:00+05:30,24919.5,24925.0,24916.2,24922.8,5775
2025-09-04 11:12:00+05:30,24922.3,24923.0,24917.0,24920.0,5925
2025-09-04 11:13:00+05:30,24920.0,24925.0,24917.0,24918.9,4725
2025-09-04 11:14:00+05:30,24918.9,24922.8,24917.0,24918.0,3225
2025-09-04 11:15:00+05:30,24918.0,24922.0,24915.0,24921.7,5100
2025-09-04 11:16:00+05:30,24921.7,24927.3,24918.0,24922.9,5475
2025-09-04 11:17:00+05:30,24918.0,24925.0,24917.1,24923.0,8325
2025-09-04 11:18:00+05:30,24923.0,24928.8,24917.0,24927.5,4800
2025-09-04 11:19:00+05:30,24927.5,24930.0,24921.9,24925.3,4800
2025-09-04 11:20:00+05:30,24925.3,24926.0,24920.0,24922.7,3000
2025-09-04 11:21:00+05:30,24922.7,24922.7,24911.0,24914.0,7650
2025-09-04 11:22:00+05:30,24914.0,24917.7,24910.0,24910.0,6675
2025-09-04 11:23:00+05:30,24910.0,24911.7,24905.0,24905.5,10050
2025-09-04 11:24:00+05:30,24905.5,24906.2,24901.0,24905.0,13725
2025-09-04 11:25:00+05:30,24905.0,24911.8,24902.0,24911.8,12600
2025-09-04 11:26:00+05:30,24911.9,24919.7,24905.0,24905.0,6375
2025-09-04 11:27:00+05:30,24905.0,24927.3,24905.0,24927.3,5775
2025-09-04 11:28:00+05:30,24927.3,24931.8,24922.0,24929.7,6900
2025-09-04 11:29:00+05:30,24929.7,24930.2,24925.0,24925.0,3975
2025-09-04 11:30:00+05:30,24925.0,24937.3,24925.0,24936.0,21900
2025-09-04 11:31:00+05:30,24936.0,24938.1,24931.0,24934.8,6825
2025-09-04 11:32:00+05:30,24934.8,24935.0,24930.0,24931.0,2325
2025-09-04 11:33:00+05:30,24931.0,24934.1,24927.9,24928.7,2925
2025-09-04 11:34:00+05:30,24928.7,24934.0,24924.8,24934.0,3975
2025-09-04 11:35:00+05:30,24930.0,24934.1,24916.1,24916.1,7125
2025-09-04 11:36:00+05:30,24916.1,24922.5,24914.0,24921.1,5700
2025-09-04 11:37:00+05:30,24921.2,24925.9,24921.0,24922.9,5175
2025-09-04 11:38:00+05:30,24922.9,24928.9,24918.0,24920.9,6225
2025-09-04 11:39:00+05:30,24920.9,24928.6,24919.9,24925.3,13650
2025-09-04 11:40:00+05:30,24925.3,24926.4,24916.7,24922.5,9075
2025-09-04 11:41:00+05:30,24922.5,24929.1,24922.5,24926.9,2550
2025-09-04 11:42:00+05:30,24926.9,24933.2,24925.1,24930.7,5100
2025-09-04 11:43:00+05:30,24930.7,24930.7,24925.0,24928.6,1200
2025-09-04 11:44:00+05:30,24928.6,24929.0,24921.1,24926.4,2925
2025-09-04 11:45:00+05:30,24926.4,24927.9,24921.0,24924.6,2400
2025-09-04 11:46:00+05:30,24924.6,24928.7,24920.8,24920.8,3150
2025-09-04 11:47:00+05:30,24920.8,24922.4,24915.0,24920.5,4500
2025-09-04 11:48:00+05:30,24920.5,24926.1,24915.5,24926.1,11400
2025-09-04 11:49:00+05:30,24926.1,24926.1,24914.0,24914.0,5925
2025-09-04 11:50:00+05:30,24914.0,24921.9,24913.0,24920.0,2175
2025-09-04 11:51:00+05:30,24917.5,24929.9,24917.0,24924.8,8175
2025-09-04 11:52:00+05:30,24924.8,24925.1,24915.0,24918.9,1575
2025-09-04 11:53:00+05:30,24918.9,24920.0,24916.0,24920.0,3225
2025-09-04 11:54:00+05:30,24920.0,24926.0,24916.0,24925.0,2025
2025-09-04 11:55:00+05:30,24925.0,24928.4,24920.0,24925.7,4725
2025-09-04 11:56:00+05:30,24925.7,24926.0,24921.5,24924.9,1650
2025-09-04 11:57:00+05:30,24924.9,24924.9,24918.0,24921.7,1275
2025-09-04 11:58:00+05:30,24921.7,24924.9,24919.3,24924.9,1200
2025-09-04 11:59:00+05:30,24924.9,24926.9,24920.1,24926.9,3750
2025-09-04 12:00:00+05:30,24926.9,24926.9,24920.0,24924.2,2250
2025-09-04 12:01:00+05:30,24924.2,24931.1,24924.2,24926.4,3975
2025-09-04 12:02:00+05:30,24926.4,24933.0,24925.0,24931.5,3750
2025-09-04 12:03:00+05:30,24931.5,24935.0,24930.5,24932.2,5775
2025-09-04 12:04:00+05:30,24932.2,24932.2,24930.0,24932.0,1275
2025-09-04 12:05:00+05:30,24932.0,24945.4,24932.0,24940.8,17700
2025-09-04 12:06:00+05:30,24940.8,24949.0,24940.8,24948.3,95325
2025-09-04 12:07:00+05:30,24948.3,24948.3,24925.0,24933.0,16725
2025-09-04 12:08:00+05:30,24933.0,24939.2,24916.0,24916.0,16125
2025-09-04 12:09:00+05:30,24917.9,24920.0,24915.1,24917.0,4875
2025-09-04 12:10:00+05:30,24917.0,24920.0,24907.1,24908.9,17550
2025-09-04 12:11:00+05:30,24913.0,24915.0,24907.1,24907.1,9750
2025-09-04 12:12:00+05:30,24907.1,24907.9,24901.8,24904.0,14475
2025-09-04 12:13:00+05:30,24904.0,24905.0,24893.4,24900.0,37950
2025-09-04 12:14:00+05:30,24900.0,24910.0,24899.3,24910.0,14250
2025-09-04 12:15:00+05:30,24906.6,24910.7,24900.9,24910.0,12750
2025-09-04 12:16:00+05:30,24910.0,24911.1,24902.1,24907.3,6525
2025-09-04 12:17:00+05:30,24907.3,24909.7,24902.1,24905.0,4500
2025-09-04 12:18:00+05:30,24905.0,24905.0,24890.0,24890.8,16575
2025-09-04 12:19:00+05:30,24890.8,24898.1,24890.0,24896.0,6675
2025-09-04 12:20:00+05:30,24896.0,24900.8,24885.0,24890.0,18600
2025-09-04 12:21:00+05:30,24890.0,24892.5,24882.2,24885.0,19200
2025-09-04 12:22:00+05:30,24885.0,24886.9,24880.1,24880.1,23700
2025-09-04 12:23:00+05:30,24880.1,24881.4,24867.4,24876.9,50850
2025-09-04 12:24:00+05:30,24876.9,24880.4,24868.8,24879.2,22950
2025-09-04 12:25:00+05:30,24879.2,24880.0,24871.7,24879.0,16200
2025-09-04 12:26:00+05:30,24879.0,24881.7,24875.0,24876.1,16275
2025-09-04 12:27:00+05:30,24876.1,24882.0,24876.0,24878.0,6450
2025-09-04 12:28:00+05:30,24878.0,24888.0,24878.0,24887.0,8400
2025-09-04 12:29:00+05:30,24887.0,24887.6,24880.0,24881.3,6000
2025-09-04 12:30:00+05:30,24881.3,24886.5,24880.0,24883.0,5775
2025-09-04 12:31:00+05:30,24883.0,24887.0,24882.4,24887.0,7425
2025-09-04 12:32:00+05:30,24887.0,24889.0,24885.0,24885.0,8475
2025-09-04 12:33:00+05:30,24885.0,24899.8,24885.0,24895.9,8175
2025-09-04 12:34:00+05:30,24896.9,24900.0,24892.0,24892.0,8175
2025-09-04 12:35:00+05:30,24893.0,24899.4,24890.0,24895.3,4350
2025-09-04 12:36:00+05:30,24895.3,24906.8,24895.3,24900.4,11025
2025-09-04 12:37:00+05:30,24900.4,24906.0,24900.4,24902.2,3450
2025-09-04 12:38:00+05:30,24902.2,24913.0,24902.2,24905.0,12075
2025-09-04 12:39:00+05:30,24905.0,24913.1,24902.9,24913.1,5325
2025-09-04 12:40:00+05:30,24913.1,24918.5,24910.0,24918.5,9600
2025-09-04 12:41:00+05:30,24918.5,24918.5,24910.0,24910.7,6525
2025-09-04 12:42:00+05:30,24910.7,24915.0,24910.0,24910.0,2325
2025-09-04 12:43:00+05:30,24910.0,24911.6,24910.0,24910.6,2925
2025-09-04 12:44:00+05:30,24910.6,24924.9,24910.0,24924.0,11025
2025-09-04 12:45:00+05:30,24924.0,24934.9,24920.7,24933.2,17025
2025-09-04 12:46:00+05:30,24933.2,24939.0,24930.0,24939.0,9975
2025-09-04 12:47:00+05:30,24939.0,24939.0,24930.0,24932.0,11325
2025-09-04 12:48:00+05:30,24932.0,24935.9,24930.0,24930.3,4575
2025-09-04 12:49:00+05:30,24930.3,24932.8,24926.1,24926.1,5775
2025-09-04 12:50:00+05:30,24926.1,24930.0,24914.9,24918.0,11325
2025-09-04 12:51:00+05:30,24918.0,24921.3,24913.8,24913.8,2925
2025-09-04 12:52:00+05:30,24913.8,24925.0,24913.7,24916.1,2625
2025-09-04 12:53:00+05:30,24916.1,24929.9,24916.1,24927.2,2550
2025-09-04 12:54:00+05:30,24927.2,24929.5,24922.2,24924.9,3450
2025-09-04 12:55:00+05:30,24924.9,24929.7,24922.0,24925.1,4725
2025-09-04 12:56:00+05:30,24925.1,24930.9,24925.1,24930.9,3450
2025-09-04 12:57:00+05:30,24930.9,24930.9,24927.3,24929.2,2250
2025-09-04 12:58:00+05:30,24929.2,24945.0,24929.2,24945.0,15975
2025-09-04 12:59:00+05:30,24945.0,24945.0,24933.0,24940.0,8325
2025-09-04 13:00:00+05:30,24940.0,24945.0,24939.0,24939.5,7275
2025-09-04 13:01:00+05:30,24939.5,24942.0,24936.0,24940.9,4950
2025-09-04 13:02:00+05:30,24940.9,24940.9,24928.3,24930.5,3450
2025-09-04 13:03:00+05:30,24930.6,24943.0,24930.6,24943.0,5475
2025-09-04 13:04:00+05:30,24943.0,24944.0,24936.0,24940.0,4725
2025-09-04 13:05:00+05:30,24940.0,24940.5,24936.7,24938.0,2100
2025-09-04 13:06:00+05:30,24938.0,24940.0,24934.5,24935.4,2700
2025-09-04 13:07:00+05:30,24935.4,24945.0,24935.4,24936.0,7200
2025-09-04 13:08:00+05:30,24936.0,24941.4,24935.0,24935.0,12825
2025-09-04 13:09:00+05:30,24935.0,24941.0,24926.1,24932.0,9000
2025-09-04 13:10:00+05:30,24932.0,24938.3,24928.0,24935.0,3900
2025-09-04 13:11:00+05:30,24935.0,24935.0,24916.3,24924.9,6150
2025-09-04 13:12:00+05:30,24924.9,24924.9,24916.0,24916.0,5550
2025-09-04 13:13:00+05:30,24916.0,24921.6,24915.3,24916.3,3675
2025-09-04 13:14:00+05:30,24916.3,24924.5,24916.3,24924.5,2925
2025-09-04 13:15:00+05:30,24924.5,24938.1,24921.5,24936.0,9075
2025-09-04 13:16:00+05:30,24936.0,24938.2,24918.1,24925.1,8775
2025-09-04 13:17:00+05:30,24925.1,24925.7,24920.0,24922.4,6900
2025-09-04 13:18:00+05:30,24921.7,24922.4,24916.3,24919.8,7125
2025-09-04 13:19:00+05:30,24919.8,24922.3,24917.7,24920.1,6225
2025-09-04 13:20:00+05:30,24920.1,24921.9,24917.3,24920.0,2025
2025-09-04 13:21:00+05:30,24920.0,24924.3,24918.0,24918.0,2325
2025-09-04 13:22:00+05:30,24918.0,24928.3,24918.0,24920.2,3150
2025-09-04 13:23:00+05:30,24920.2,24925.7,24920.2,24925.7,1575
2025-09-04 13:24:00+05:30,24925.7,24933.1,24925.7,24928.0,6450
2025-09-04 13:25:00+05:30,24928.0,24931.2,24920.3,24922.0,2250
2025-09-04 13:26:00+05:30,24922.0,24927.3,24921.5,24927.3,1275
2025-09-04 13:27:00+05:30,24927.3,24927.3,24921.5,24921.5,2250
2025-09-04 13:28:00+05:30,24921.5,24926.0,24921.0,24922.5,1200
2025-09-04 13:29:00+05:30,24922.5,24924.5,24920.0,24923.2,2475
2025-09-04 13:30:00+05:30,24923.2,24927.1,24920.0,24925.7,2925
2025-09-04 13:31:00+05:30,24925.7,24926.3,24921.0,24921.6,1875
2025-09-04 13:32:00+05:30,24921.6,24927.0,24921.5,24921.7,2250
2025-09-04 13:33:00+05:30,24921.7,24929.7,24921.7,24922.0,2775
2025-09-04 13:34:00+05:30,24922.0,24925.4,24920.0,24921.0,3750
2025-09-04 13:35:00+05:30,24921.0,24921.0,24915.0,24915.0,3825
2025-09-04 13:36:00+05:30,24915.0,24917.1,24911.8,24917.1,5400
2025-09-04 13:37:00+05:30,24917.1,24922.0,24912.2,24917.5,4200
2025-09-04 13:38:00+05:30,24917.5,24919.9,24914.1,24915.0,1425
2025-09-04 13:39:00+05:30,24915.0,24918.9,24914.0,24915.0,1050
2025-09-04 13:40:00+05:30,24915.0,24918.3,24906.0,24908.0,6675
2025-09-04 13:41:00+05:30,24908.0,24909.0,24905.6,24905.6,3975
2025-09-04 13:42:00+05:30,24905.6,24905.6,24902.2,24904.4,6225
2025-09-04 13:43:00+05:30,24904.4,24904.4,24891.6,24897.5,14925
2025-09-04 13:44:00+05:30,24897.5,24897.5,24890.0,24893.1,7125
2025-09-04 13:45:00+05:30,24893.1,24898.0,24891.0,24894.9,9150
2025-09-04 13:46:00+05:30,24894.9,24897.9,24892.1,24892.1,4200
2025-09-04 13:47:00+05:30,24892.1,24895.0,24886.5,24888.0,7050
2025-09-04 13:48:00+05:30,24888.0,24889.9,24880.0,24880.0,12975
2025-09-04 13:49:00+05:30,24880.0,24886.0,24880.0,24882.0,10950
2025-09-04 13:50:00+05:30,24882.0,24886.8,24875.6,24884.9,43950
2025-09-04 13:51:00+05:30,24884.9,24889.0,24884.9,24887.7,11100
2025-09-04 13:52:00+05:30,24890.0,24900.0,24890.0,24896.1,8550
2025-09-04 13:53:00+05:30,24896.0,24900.0,24893.4,24894.2,5100
2025-09-04 13:54:00+05:30,24897.0,24899.9,24891.0,24891.0,5100
2025-09-04 13:55:00+05:30,24891.0,24895.5,24888.0,24895.2,4425
2025-09-04 13:56:00+05:30,24895.2,24895.2,24891.0,24894.0,4275
2025-09-04 13:57:00+05:30,24894.0,24894.8,24891.0,24893.2,1875
2025-09-04 13:58:00+05:30,24893.2,24894.0,24889.3,24889.3,5325
2025-09-04 13:59:00+05:30,24889.3,24890.7,24884.0,24884.0,5175
2025-09-04 14:00:00+05:30,24884.0,24890.7,24883.7,24890.0,3075
2025-09-04 14:01:00+05:30,24890.0,24893.0,24888.0,24890.0,3000
2025-09-04 14:02:00+05:30,24890.0,24895.0,24888.0,24895.0,1725
2025-09-04 14:03:00+05:30,24895.0,24898.0,24891.7,24895.0,2400
2025-09-04 14:04:00+05:30,24895.0,24895.9,24890.5,24895.9,2475
2025-09-04 14:05:00+05:30,24895.9,24895.9,24883.0,24884.9,4200
2025-09-04 14:06:00+05:30,24884.9,24888.6,24880.0,24886.5,5100
2025-09-04 14:07:00+05:30,24886.5,24889.8,24880.9,24887.7,1650
2025-09-04 14:08:00+05:30,24887.7,24887.7,24881.0,24885.0,2475
2025-09-04 14:09:00+05:30,24885.0,24885.0,24880.9,24880.9,5625
2025-09-04 14:10:00+05:30,24880.9,24885.0,24880.9,24883.9,2625
2025-09-04 14:11:00+05:30,24883.9,24894.9,24879.7,24891.8,7050
2025-09-04 14:12:00+05:30,24891.8,24891.8,24878.1,24878.1,3525
2025-09-04 14:13:00+05:30,24878.1,24880.0,24875.4,24878.1,3975
2025-09-04 14:14:00+05:30,24878.1,24879.8,24875.0,24879.8,5175
2025-09-04 14:15:00+05:30,24879.8,24880.0,24875.0,24875.8,6075
2025-09-04 14:16:00+05:30,24875.8,24875.8,24861.6,24862.7,31950
2025-09-04 14:17:00+05:30,24862.2,24878.9,24861.0,24876.1,16950
2025-09-04 14:18:00+05:30,24876.1,24876.1,24865.2,24867.4,8400
2025-09-04 14:19:00+05:30,24867.4,24871.0,24867.4,24867.5,6975
2025-09-04 14:20:00+05:30,24867.5,24878.7,24866.0,24878.7,5925
2025-09-04 14:21:00+05:30,24878.7,24878.7,24865.0,24865.0,13575
2025-09-04 14:22:00+05:30,24865.0,24866.0,24841.2,24846.2,76275
2025-09-04 14:23:00+05:30,24847.9,24850.0,24840.1,24842.0,36750
2025-09-04 14:24:00+05:30,24842.0,24842.0,24830.0,24837.2,42975
2025-09-04 14:25:00+05:30,24836.0,24837.8,24830.0,24835.0,24375
2025-09-04 14:26:00+05:30,24837.2,24841.6,24832.0,24836.0,47775
2025-09-04 14:27:00+05:30,24836.0,24836.0,24830.3,24832.0,11925
2025-09-04 14:28:00+05:30,24832.0,24842.0,24830.5,24840.7,8775
2025-09-04 14:29:00+05:30,24840.8,24841.8,24835.0,24837.7,14325
2025-09-04 14:30:00+05:30,24837.7,24850.0,24833.0,24849.7,18075
2025-09-04 14:31:00+05:30,24849.7,24856.0,24849.7,24851.0,18600
2025-09-04 14:32:00+05:30,24851.0,24866.0,24851.0,24857.0,27975
2025-09-04 14:33:00+05:30,24857.0,24860.0,24849.0,24855.0,15075
2025-09-04 14:34:00+05:30,24855.0,24860.0,24848.1,24854.5,8325
2025-09-04 14:35:00+05:30,24854.5,24855.6,24845.0,24849.9,8550
2025-09-04 14:36:00+05:30,24849.9,24858.0,24845.0,24851.9,18975
2025-09-04 14:37:00+05:30,24851.9,24856.8,24850.0,24850.0,3225
2025-09-04 14:38:00+05:30,24850.0,24854.9,24845.8,24848.0,3900
2025-09-04 14:39:00+05:30,24848.0,24848.0,24831.2,24838.5,34725
2025-09-04 14:40:00+05:30,24838.5,24849.4,24835.9,24848.3,3975
2025-09-04 14:41:00+05:30,24846.9,24849.4,24845.4,24847.5,2550
2025-09-04 14:42:00+05:30,24847.5,24849.8,24842.3,24847.4,4725
2025-09-04 14:43:00+05:30,24847.4,24868.0,24847.4,24865.4,12375
2025-09-04 14:44:00+05:30,24864.0,24873.8,24861.0,24863.1,19275
2025-09-04 14:45:00+05:30,24863.1,24867.7,24860.0,24863.6,11550
2025-09-04 14:46:00+05:30,24863.6,24865.0,24855.6,24865.0,7050
2025-09-04 14:47:00+05:30,24865.0,24867.8,24859.2,24866.3,8325
2025-09-04 14:48:00+05:30,24860.8,24866.8,24858.1,24865.6,8850
2025-09-04 14:49:00+05:30,24865.6,24869.0,24865.4,24869.0,3900
2025-09-04 14:50:00+05:30,24868.3,24873.5,24867.2,24873.5,9675
2025-09-04 14:51:00+05:30,24873.5,24877.9,24863.5,24865.9,9150
2025-09-04 14:52:00+05:30,24865.9,24866.0,24858.5,24862.4,3075
2025-09-04 14:53:00+05:30,24862.4,24865.9,24845.8,24852.7,11550
2025-09-04 14:54:00+05:30,24852.9,24852.9,24840.6,24844.0,6000
2025-09-04 14:55:00+05:30,24844.0,24863.5,24844.0,24857.7,4500
2025-09-04 14:56:00+05:30,24857.7,24868.4,24857.2,24862.1,3450
2025-09-04 14:57:00+05:30,24867.8,24867.8,24852.3,24852.5,4050
2025-09-04 14:58:00+05:30,24852.5,24859.9,24842.7,24847.5,7875
2025-09-04 14:59:00+05:30,24847.5,24850.0,24844.6,24849.9,5700
2025-09-04 15:00:00+05:30,24849.9,24850.2,24841.0,24841.7,17700
2025-09-04 15:01:00+05:30,24840.6,24852.6,24840.6,24844.6,19275
2025-09-04 15:02:00+05:30,24845.3,24854.2,24840.8,24845.0,12675
2025-09-04 15:03:00+05:30,24845.1,24845.1,24834.9,24835.8,26700
2025-09-04 15:04:00+05:30,24835.8,24835.8,24824.5,24826.5,40950
2025-09-04 15:05:00+05:30,24827.1,24834.9,24820.4,24823.7,35775
2025-09-04 15:06:00+05:30,24823.7,24832.5,24823.7,24827.6,39900
2025-09-04 15:07:00+05:30,24826.8,24831.9,24824.6,24826.7,33450
2025-09-04 15:08:00+05:30,24826.7,24827.0,24821.7,24821.7,19725
2025-09-04 15:09:00+05:30,24821.7,24823.3,24815.3,24818.7,70500
2025-09-04 15:10:00+05:30,24818.7,24824.0,24813.1,24817.4,33225
2025-09-04 15:11:00+05:30,24817.4,24824.0,24812.1,24812.2,22725
2025-09-04 15:12:00+05:30,24812.2,24816.6,24810.0,24810.0,48300
2025-09-04 15:13:00+05:30,24810.0,24816.0,24809.7,24815.1,50625
2025-09-04 15:14:00+05:30,24815.0,24818.0,24811.1,24811.1,30225
2025-09-04 15:15:00+05:30,24811.0,24818.0,24811.0,24815.0,24675
2025-09-04 15:16:00+05:30,24815.0,24825.0,24814.0,24820.3,28575
2025-09-04 15:17:00+05:30,24820.3,24824.0,24819.7,24823.4,21750
2025-09-04 15:18:00+05:30,24823.6,24828.0,24818.7,24818.7,43575
2025-09-04 15:19:00+05:30,24818.7,24827.9,24818.7,24826.4,22275
2025-09-04 15:20:00+05:30,24827.1,24840.0,24827.1,24840.0,49725
2025-09-04 15:21:00+05:30,24839.1,24850.0,24835.1,24835.1,52650
2025-09-04 15:22:00+05:30,24835.1,24840.5,24832.5,24836.5,25950
2025-09-04 15:23:00+05:30,24836.5,24843.1,24836.3,24837.6,19425
2025-09-04 15:24:00+05:30,24837.6,24847.5,24837.6,24845.5,24075
2025-09-04 15:25:00+05:30,24846.0,24846.0,24840.0,24840.0,19950
2025-09-04 15:26:00+05:30,24840.0,24843.9,24834.9,24834.9,29550
2025-09-04 15:27:00+05:30,24834.9,24840.0,24825.2,24825.2,41925
2025-09-04 15:28:00+05:30,24825.2,24836.0,24825.1,24830.0,44025
2025-09-04 15:29:00+05:30,24827.8,24836.0,24826.6,24835.0,44025
2025-09-05 09:15:00+05:30,24855.3,24900.0,24855.3,24892.9,104475
2025-09-05 09:16:00+05:30,24892.9,24906.0,24886.0,24889.9,81825
2025-09-05 09:17:00+05:30,24889.9,24895.0,24877.2,24894.9,39525
2025-09-05 09:18:00+05:30,24894.9,24904.0,24894.9,24903.0,43275
2025-09-05 09:19:00+05:30,24903.0,24920.0,24900.7,24919.8,56625
2025-09-05 09:20:00+05:30,24919.8,24923.7,24915.0,24916.3,32850
2025-09-05 09:21:00+05:30,24916.3,24927.0,24916.3,24923.9,46125
2025-09-05 09:22:00+05:30,24923.9,24924.4,24903.9,24910.0,17250
2025-09-05 09:23:00+05:30,24910.0,24910.6,24884.9,24890.9,29100
2025-09-05 09:24:00+05:30,24885.0,24890.0,24877.2,24885.2,27150
2025-09-05 09:25:00+05:30,24885.2,24897.0,24885.2,24888.0,21600
2025-09-05 09:26:00+05:30,24888.0,24888.0,24876.0,24883.0,27675
2025-09-05 09:27:00+05:30,24883.0,24890.0,24879.2,24886.6,11925
2025-09-05 09:28:00+05:30,24886.6,24890.3,24876.0,24888.3,31050
2025-09-05 09:29:00+05:30,24888.3,24894.6,24880.0,24881.3,15225
2025-09-05 09:30:00+05:30,24881.3,24899.0,24881.3,24892.4,14475
2025-09-05 09:31:00+05:30,24892.4,24899.0,24890.0,24899.0,17025
2025-09-05 09:32:00+05:30,24899.0,24905.6,24896.0,24896.0,9675
2025-09-05 09:33:00+05:30,24896.0,24902.6,24896.0,24901.0,5025
2025-09-05 09:34:00+05:30,24901.0,24916.0,24901.0,24913.9,20925
2025-09-05 09:35:00+05:30,24913.9,24914.0,24885.0,24887.1,12900
2025-09-05 09:36:00+05:30,24887.1,24889.3,24880.0,24882.9,8250
2025-09-05 09:37:00+05:30,24882.9,24890.4,24877.8,24890.4,7650
2025-09-05 09:38:00+05:30,24890.4,24891.6,24877.8,24880.0,9300
2025-09-05 09:39:00+05:30,24880.0,24885.0,24873.8,24874.8,13200
2025-09-05 09:40:00+05:30,24874.8,24882.8,24874.5,24881.7,8175
2025-09-05 09:41:00+05:30,24876.3,24880.0,24874.5,24877.0,6675
2025-09-05 09:42:00+05:30,24876.5,24880.0,24875.0,24880.0,6075
2025-09-05 09:43:00+05:30,24880.0,24886.3,24876.0,24881.7,6225
2025-09-05 09:44:00+05:30,24881.7,24882.3,24875.2,24875.3,4350
2025-09-05 09:45:00+05:30,24875.3,24879.4,24870.0,24870.0,9825
2025-09-05 09:46:00+05:30,24870.0,24885.0,24870.0,24885.0,9375
2025-09-05 09:47:00+05:30,24886.3,24894.5,24880.0,24880.0,12450
2025-09-05 09:48:00+05:30,24880.0,24885.0,24870.8,24875.0,9300
2025-09-05 09:49:00+05:30,24875.0,24890.3,24875.0,24890.0,12525
2025-09-05 09:50:00+05:30,24890.0,24894.0,24886.3,24892.0,8775
2025-09-05 09:51:00+05:30,24892.0,24894.5,24882.0,24893.0,5250
2025-09-05 09:52:00+05:30,24893.0,24900.0,24893.0,24898.0,11550
2025-09-05 09:53:00+05:30,24898.0,24898.0,24891.2,24895.0,13350
2025-09-05 09:54:00+05:30,24895.0,24900.0,24895.0,24897.4,5475
2025-09-05 09:55:00+05:30,24897.4,24899.0,24891.8,24893.0,2550
2025-09-05 09:56:00+05:30,24893.0,24895.0,24892.0,24895.0,1050
2025-09-05 09:57:00+05:30,24895.0,24896.0,24882.7,24882.7,4875
2025-09-05 09:58:00+05:30,24882.5,24885.0,24875.1,24875.1,6975
2025-09-05 09:59:00+05:30,24876.0,24885.0,24871.6,24885.0,6300
2025-09-05 10:00:00+05:30,24885.0,24893.0,24877.6,24893.0,5025
2025-09-05 10:01:00+05:30,24893.0,24895.0,24886.1,24894.9,4500
2025-09-05 10:02:00+05:30,24894.9,24895.0,24878.2,24879.1,4275
2025-09-05 10:03:00+05:30,24879.1,24881.8,24872.0,24872.0,3000
2025-09-05 10:04:00+05:30,24872.0,24878.0,24868.3,24871.2,11400
2025-09-05 10:05:00+05:30,24868.3,24875.0,24865.2,24870.0,8625
2025-09-05 10:06:00+05:30,24870.0,24874.1,24866.0,24874.1,3525
2025-09-05 10:07:00+05:30,24874.1,24875.0,24865.2,24866.9,6000
2025-09-05 10:08:00+05:30,24866.9,24869.9,24859.0,24859.0,29100
2025-09-05 10:09:00+05:30,24859.0,24863.0,24851.0,24851.0,20400
2025-09-05 10:10:00+05:30,24851.0,24855.3,24826.0,24834.0,62175
2025-09-05 10:11:00+05:30,24834.9,24834.9,24802.5,24814.4,78825
2025-09-05 10:12:00+05:30,24814.4,24816.4,24766.1,24766.1,113400
2025-09-05 10:13:00+05:30,24765.1,24794.6,24765.0,24775.0,122925
2025-09-05 10:14:00+05:30,24775.0,24786.5,24766.1,24766.1,78750
2025-09-05 10:15:00+05:30,24766.2,24767.2,24740.0,24750.3,116100
2025-09-05 10:16:00+05:30,24750.0,24774.4,24749.5,24762.6,85725
2025-09-05 10:17:00+05:30,24762.6,24764.4,24750.0,24753.2,52500
2025-09-05 10:18:00+05:30,24753.6,24761.2,24745.1,24751.6,88575
2025-09-05 10:19:00+05:30,24750.5,24758.8,24740.0,24741.0,36375
2025-09-05 10:20:00+05:30,24742.4,24750.0,24725.0,24730.0,81450
2025-09-05 10:21:00+05:30,24730.0,24750.1,24725.0,24727.0,55125
2025-09-05 10:22:00+05:30,24731.7,24748.7,24720.4,24748.0,37650
2025-09-05 10:23:00+05:30,24748.3,24760.3,24743.5,24756.8,52650
2025-09-05 10:24:00+05:30,24757.0,24768.0,24751.0,24760.3,26700
2025-09-05 10:25:00+05:30,24760.3,24768.8,24760.3,24768.0,36000
2025-09-05 10:26:00+05:30,24768.0,24789.0,24766.9,24788.4,30975
2025-09-05 10:27:00+05:30,24788.4,24793.8,24780.5,24790.0,25950
2025-09-05 10:28:00+05:30,24790.0,24820.0,24790.0,24819.0,48150
2025-09-05 10:29:00+05:30,24819.0,24824.4,24805.0,24808.1,41775
2025-09-05 10:30:00+05:30,24808.1,24815.0,24802.4,24810.1,17775
2025-09-05 10:31:00+05:30,24810.1,24810.1,24790.1,24790.7,19725
2025-09-05 10:32:00+05:30,24790.7,24795.1,24782.0,24783.0,10800
2025-09-05 10:33:00+05:30,24783.0,24794.0,24778.5,24779.1,11400
2025-09-05 10:34:00+05:30,24779.1,24786.5,24776.0,24778.4,14400
2025-09-05 10:35:00+05:30,24778.4,24785.0,24774.0,24785.0,9750
2025-09-05 10:36:00+05:30,24785.0,24799.0,24782.5,24790.0,10575
2025-09-05 10:37:00+05:30,24790.9,24795.0,24785.0,24787.0,8550
2025-09-05 10:38:00+05:30,24787.0,24794.8,24785.0,24787.0,10200
2025-09-05 10:39:00+05:30,24787.0,24804.0,24786.0,24800.2,12075
2025-09-05 10:40:00+05:30,24800.0,24804.0,24795.0,24795.0,5925
2025-09-05 10:41:00+05:30,24795.0,24800.0,24783.0,24800.0,6075
2025-09-05 10:42:00+05:30,24800.0,24800.0,24791.0,24791.0,1800
2025-09-05 10:43:00+05:30,24791.0,24800.0,24790.0,24800.0,1800
2025-09-05 10:44:00+05:30,24800.0,24800.0,24790.0,24796.3,3375
2025-09-05 10:45:00+05:30,24796.3,24796.3,24790.5,24794.9,2925
2025-09-05 10:46:00+05:30,24794.9,24806.8,24785.0,24805.0,15300
2025-09-05 10:47:00+05:30,24805.0,24810.0,24799.5,24805.3,9000
2025-09-05 10:48:00+05:30,24805.3,24810.0,24795.1,24795.1,4275
2025-09-05 10:49:00+05:30,24795.1,24795.1,24790.0,24790.0,8775
2025-09-05 10:50:00+05:30,24790.0,24792.4,24787.1,24788.0,2100
2025-09-05 10:51:00+05:30,24788.0,24788.0,24775.0,24775.0,5775
2025-09-05 10:52:00+05:30,24775.0,24776.4,24770.0,24772.0,9600
2025-09-05 10:53:00+05:30,24772.0,24774.0,24765.2,24771.3,11775
2025-09-05 10:54:00+05:30,24771.3,24771.3,24761.6,24761.6,9375
2025-09-05 10:55:00+05:30,24761.6,24773.7,24761.0,24769.6,10575
2025-09-05 10:56:00+05:30,24769.6,24770.0,24763.0,24766.5,5175
2025-09-05 10:57:00+05:30,24766.5,24777.9,24765.4,24772.5,9600
2025-09-05 10:58:00+05:30,24772.5,24779.9,24767.8,24778.4,5025
2025-09-05 10:59:00+05:30,24778.4,24780.0,24773.1,24779.9,2175
2025-09-05 11:00:00+05:30,24779.9,24781.4,24774.4,24780.0,5850
2025-09-05 11:01:00+05:30,24780.0,24785.0,24780.0,24785.0,7050
2025-09-05 11:02:00+05:30,24785.0,24785.8,24782.0,24782.0,3225
2025-09-05 11:03:00+05:30,24782.0,24782.0,24776.0,24776.0,4500
2025-09-05 11:04:00+05:30,24776.0,24795.8,24775.3,24795.0,12150
2025-09-05 11:05:00+05:30,24795.0,24799.0,24786.7,24787.0,5850
2025-09-05 11:06:00+05:30,24787.0,24798.0,24787.0,24790.2,5325
2025-09-05 11:07:00+05:30,24790.2,24796.1,24788.0,24790.1,4275
2025-09-05 11:08:00+05:30,24790.1,24790.1,24779.5,24790.0,3675
2025-09-05 11:09:00+05:30,24790.0,24792.3,24775.5,24779.5,3900
2025-09-05 11:10:00+05:30,24779.5,24785.0,24775.0,24785.0,6450
2025-09-05 11:11:00+05:30,24785.0,24787.8,24778.1,24785.0,2100
2025-09-05 11:12:00+05:30,24785.0,24798.0,24785.0,24797.8,5925
2025-09-05 11:13:00+05:30,24797.8,24799.1,24792.0,24799.1,5175
2025-09-05 11:14:00+05:30,24799.1,24799.2,24790.9,24794.3,1950
2025-09-05 11:15:00+05:30,24793.0,24794.0,24779.3,24779.3,11850
2025-09-05 11:16:00+05:30,24779.3,24789.9,24777.4,24777.4,2400
2025-09-05 11:17:00+05:30,24777.4,24784.0,24772.9,24774.4,12900
2025-09-05 11:18:00+05:30,24780.9,24781.0,24772.5,24781.0,7650
2025-09-05 11:19:00+05:30,24781.0,24788.6,24776.0,24788.1,3300
2025-09-05 11:20:00+05:30,24783.8,24795.0,24783.8,24795.0,4050
2025-09-05 11:21:00+05:30,24795.0,24798.0,24790.1,24793.0,1650
2025-09-05 11:22:00+05:30,24793.0,24797.7,24790.9,24792.4,3225
2025-09-05 11:23:00+05:30,24792.4,24792.4,24783.5,24783.5,8850
2025-09-05 11:24:00+05:30,24783.0,24785.7,24778.4,24781.4,3900
2025-09-05 11:25:00+05:30,24781.4,24785.6,24779.0,24784.9,3300
2025-09-05 11:26:00+05:30,24784.9,24793.8,24781.6,24791.2,4575
2025-09-05 11:27:00+05:30,24791.2,24794.0,24786.4,24793.8,1125
2025-09-05 11:28:00+05:30,24793.8,24798.8,24785.2,24788.0,7050
2025-09-05 11:29:00+05:30,24788.0,24799.2,24788.0,24796.7,8400
2025-09-05 11:30:00+05:30,24796.7,24806.4,24791.1,24796.9,33075
2025-09-05 11:31:00+05:30,24796.9,24807.9,24793.6,24803.2,6525
2025-09-05 11:32:00+05:30,24803.2,24808.6,24800.0,24805.0,5175
2025-09-05 11:33:00+05:30,24805.0,24808.0,24804.0,24805.9,4800
2025-09-05 11:34:00+05:30,24805.9,24805.9,24790.2,24791.0,6975
2025-09-05 11:35:00+05:30,24791.0,24797.1,24788.9,24795.9,4125
2025-09-05 11:36:00+05:30,24795.9,24800.0,24788.0,24800.0,2625
2025-09-05 11:37:00+05:30,24800.0,24805.0,24797.7,24803.9,3225
2025-09-05 11:38:00+05:30,24803.9,24803.9,24795.2,24795.2,2025
2025-09-05 11:39:00+05:30,24795.2,24799.5,24795.2,24795.2,1050
2025-09-05 11:40:00+05:30,24795.2,24795.2,24790.8,24794.1,1200
2025-09-05 11:41:00+05:30,24794.1,24794.1,24788.0,24788.9,1425
2025-09-05 11:42:00+05:30,24788.9,24788.9,24777.0,24777.0,7125
2025-09-05 11:43:00+05:30,24776.2,24778.8,24773.0,24773.0,6000
2025-09-05 11:44:00+05:30,24773.0,24776.0,24769.1,24773.0,9075
2025-09-05 11:45:00+05:30,24773.0,24775.3,24768.0,24773.9,11550
2025-09-05 11:46:00+05:30,24773.9,24774.0,24762.2,24764.2,5550
2025-09-05 11:47:00+05:30,24764.2,24774.1,24763.0,24769.0,4950
2025-09-05 11:48:00+05:30,24769.0,24771.4,24761.6,24765.0,4500
2025-09-05 11:49:00+05:30,24765.0,24765.9,24756.5,24761.0,11400
2025-09-05 11:50:00+05:30,24763.0,24769.8,24760.3,24769.2,5025
2025-09-05 11:51:00+05:30,24769.2,24776.7,24762.5,24765.3,5025
2025-09-05 11:52:00+05:30,24765.3,24768.6,24762.0,24768.6,1725
2025-09-05 11:53:00+05:30,24768.6,24769.9,24765.0,24769.1,2925
2025-09-05 11:54:00+05:30,24769.1,24769.9,24761.0,24762.0,6600
2025-09-05 11:55:00+05:30,24762.0,24768.0,24761.0,24764.3,1425
2025-09-05 11:56:00+05:30,24764.3,24765.0,24756.3,24760.0,8475
2025-09-05 11:57:00+05:30,24760.0,24760.8,24755.2,24755.2,6825
2025-09-05 11:58:00+05:30,24755.2,24759.7,24755.0,24758.0,3600
2025-09-05 11:59:00+05:30,24758.0,24766.9,24755.2,24761.2,4200
2025-09-05 12:00:00+05:30,24761.2,24766.3,24755.0,24755.0,5775
2025-09-05 12:01:00+05:30,24755.0,24759.3,24750.0,24756.0,30675
2025-09-05 12:02:00+05:30,24756.0,24759.5,24751.0,24751.0,18000
2025-09-05 12:03:00+05:30,24751.0,24761.7,24751.0,24761.7,5700
2025-09-05 12:04:00+05:30,24761.7,24761.7,24756.0,24756.0,2925
2025-09-05 12:05:00+05:30,24756.0,24764.0,24756.0,24763.9,3375
2025-09-05 12:06:00+05:30,24763.9,24763.9,24758.8,24763.7,2550
2025-09-05 12:07:00+05:30,24763.7,24764.0,24756.9,24763.7,3600
2025-09-05 12:08:00+05:30,24763.7,24767.8,24762.2,24765.4,5175
2025-09-05 12:09:00+05:30,24765.4,24773.3,24764.2,24772.0,7875
2025-09-05 12:10:00+05:30,24772.0,24772.0,24763.6,24764.1,2325
2025-09-05 12:11:00+05:30,24768.4,24770.0,24766.1,24768.3,3825
2025-09-05 12:12:00+05:30,24768.3,24768.3,24763.0,24766.3,2250
2025-09-05 12:13:00+05:30,24766.3,24766.3,24761.0,24762.5,3075
2025-09-05 12:14:00+05:30,24762.3,24762.3,24750.0,24751.0,21375
2025-09-05 12:15:00+05:30,24750.0,24754.1,24742.2,24750.0,26325
2025-09-05 12:16:00+05:30,24750.0,24758.4,24748.7,24752.0,5025
2025-09-05 12:17:00+05:30,24752.0,24752.1,24742.0,24742.0,5100
2025-09-05 12:18:00+05:30,24745.0,24749.8,24742.0,24745.0,12225
2025-09-05 12:19:00+05:30,24745.0,24749.2,24740.0,24741.1,12600
2025-09-05 12:20:00+05:30,24740.1,24753.1,24740.1,24753.0,9450
2025-09-05 12:21:00+05:30,24753.0,24762.8,24750.1,24753.4,9225
2025-09-05 12:22:00+05:30,24753.4,24765.0,24753.4,24763.8,3000
2025-09-05 12:23:00+05:30,24758.9,24764.5,24755.0,24755.0,2325
2025-09-05 12:24:00+05:30,24755.0,24759.4,24753.6,24755.0,2025
2025-09-05 12:25:00+05:30,24756.7,24757.7,24752.5,24757.7,1350
2025-09-05 12:26:00+05:30,24757.7,24758.2,24751.3,24751.3,3075
2025-09-05 12:27:00+05:30,24751.3,24753.6,24751.0,24753.0,1800
2025-09-05 12:28:00+05:30,24753.0,24755.0,24750.1,24755.0,3825
2025-09-05 12:29:00+05:30,24755.0,24755.0,24751.2,24754.7,2025
2025-09-05 12:30:00+05:30,24754.7,24767.2,24754.7,24767.2,5625
2025-09-05 12:31:00+05:30,24767.2,24767.2,24751.1,24752.9,5550
2025-09-05 12:32:00+05:30,24752.9,24754.7,24744.0,24744.0,6000
2025-09-05 12:33:00+05:30,24744.0,24747.4,24737.0,24740.0,9750
2025-09-05 12:34:00+05:30,24740.0,24740.0,24730.0,24730.5,12375
2025-09-05 12:35:00+05:30,24730.5,24731.1,24725.0,24725.0,17550
2025-09-05 12:36:00+05:30,24725.0,24732.8,24724.0,24730.1,16200
2025-09-05 12:37:00+05:30,24730.1,24734.0,24726.0,24733.6,10875
2025-09-05 12:38:00+05:30,24733.6,24738.2,24730.0,24730.0,7275
2025-09-05 12:39:00+05:30,24730.0,24739.9,24730.0,24739.9,8025
2025-09-05 12:40:00+05:30,24739.9,24745.0,24736.6,24740.0,5925
2025-09-05 12:41:00+05:30,24740.0,24744.5,24731.1,24735.2,5250
2025-09-05 12:42:00+05:30,24735.2,24735.9,24730.0,24732.0,12150
2025-09-05 12:43:00+05:30,24732.0,24739.4,24732.0,24733.0,3375
2025-09-05 12:44:00+05:30,24733.0,24739.6,24733.0,24739.0,3600
2025-09-05 12:45:00+05:30,24739.0,24740.7,24734.0,24734.4,5400
2025-09-05 12:46:00+05:30,24734.4,24734.4,24725.0,24734.4,15375
2025-09-05 12:47:00+05:30,24734.4,24734.4,24725.1,24729.2,11775
2025-09-05 12:48:00+05:30,24729.3,24733.2,24728.1,24728.1,3000
2025-09-05 12:49:00+05:30,24728.1,24733.2,24728.1,24730.0,2775
2025-09-05 12:50:00+05:30,24730.0,24730.0,24726.6,24727.0,6450
2025-09-05 12:51:00+05:30,24727.0,24732.9,24726.6,24731.1,4275
2025-09-05 12:52:00+05:30,24732.9,24732.9,24728.1,24732.0,2775
2025-09-05 12:53:00+05:30,24732.0,24732.0,24730.0,24731.8,2325
2025-09-05 12:54:00+05:30,24731.8,24738.0,24729.4,24737.9,5550
2025-09-05 12:55:00+05:30,24737.9,24737.9,24733.0,24733.5,3750
2025-09-05 12:56:00+05:30,24735.0,24742.2,24735.0,24739.0,5325
2025-09-05 12:57:00+05:30,24739.0,24749.0,24732.2,24748.6,5400
2025-09-05 12:58:00+05:30,24748.6,24749.9,24740.9,24749.6,6975
2025-09-05 12:59:00+05:30,24749.6,24749.6,24743.8,24748.9,5625
2025-09-05 13:00:00+05:30,24748.9,24757.5,24742.1,24755.0,12300
2025-09-05 13:01:00+05:30,24755.0,24765.0,24745.1,24745.1,12450
2025-09-05 13:02:00+05:30,24745.1,24748.0,24740.0,24740.0,2925
2025-09-05 13:03:00+05:30,24740.0,24742.0,24731.8,24738.0,4650
2025-09-05 13:04:00+05:30,24738.0,24738.0,24730.0,24735.0,5925
2025-09-05 13:05:00+05:30,24735.0,24743.3,24735.0,24740.0,1800
2025-09-05 13:06:00+05:30,24740.0,24745.1,24739.2,24745.1,4050
2025-09-05 13:07:00+05:30,24745.1,24749.0,24741.0,24749.0,900
2025-09-05 13:08:00+05:30,24749.0,24754.0,24743.5,24749.1,3900
2025-09-05 13:09:00+05:30,24749.1,24750.0,24743.2,24750.0,3450
2025-09-05 13:10:00+05:30,24750.0,24755.0,24746.6,24754.0,1875
2025-09-05 13:11:00+05:30,24754.0,24762.7,24754.0,24757.9,9225
2025-09-05 13:12:00+05:30,24757.9,24768.0,24755.0,24767.4,4350
2025-09-05 13:13:00+05:30,24767.4,24769.6,24758.2,24767.2,21900
2025-09-05 13:14:00+05:30,24766.7,24769.0,24761.5,24768.0,7050
2025-09-05 13:15:00+05:30,24768.0,24779.9,24765.0,24776.2,15075
2025-09-05 13:16:00+05:30,24779.9,24780.0,24770.4,24770.7,12975
2025-09-05 13:17:00+05:30,24770.3,24780.0,24768.5,24780.0,7950
2025-09-05 13:18:00+05:30,24780.0,24781.0,24771.2,24771.2,10125
2025-09-05 13:19:00+05:30,24771.2,24779.0,24771.2,24775.4,4275
2025-09-05 13:20:00+05:30,24775.4,24779.0,24764.7,24764.7,4650
2025-09-05 13:21:00+05:30,24764.7,24775.0,24764.4,24769.7,8175
2025-09-05 13:22:00+05:30,24769.7,24770.0,24760.0,24761.0,10425
2025-09-05 13:23:00+05:30,24761.0,24770.0,24761.0,24769.7,4500
2025-09-05 13:24:00+05:30,24769.7,24775.0,24763.1,24775.0,5175
2025-09-05 13:25:00+05:30,24775.0,24775.0,24766.8,24774.9,11175
2025-09-05 13:26:00+05:30,24774.0,24794.5,24774.0,24780.6,34650
2025-09-05 13:27:00+05:30,24780.6,24783.7,24774.0,24774.0,6675
2025-09-05 13:28:00+05:30,24774.0,24784.7,24773.0,24781.7,9075
2025-09-05 13:29:00+05:30,24781.7,24786.6,24775.1,24780.0,5025
2025-09-05 13:30:00+05:30,24780.0,24782.0,24776.0,24781.8,4725
2025-09-05 13:31:00+05:30,24781.8,24784.8,24778.7,24782.9,3675
2025-09-05 13:32:00+05:30,24782.9,24782.9,24775.1,24780.0,2250
2025-09-05 13:33:00+05:30,24780.0,24785.0,24779.0,24784.0,3900
2025-09-05 13:34:00+05:30,24784.0,24794.9,24784.0,24789.7,10950
2025-09-05 13:35:00+05:30,24789.5,24795.0,24781.1,24782.0,9750
2025-09-05 13:36:00+05:30,24782.0,24786.4,24781.3,24782.0,4200
2025-09-05 13:37:00+05:30,24782.0,24798.6,24781.0,24798.6,7050
2025-09-05 13:38:00+05:30,24798.6,24798.9,24791.8,24798.8,21900
2025-09-05 13:39:00+05:30,24798.8,24803.8,24794.8,24795.0,18600
2025-09-05 13:40:00+05:30,24795.0,24798.9,24792.0,24798.9,13425
2025-09-05 13:41:00+05:30,24798.9,24801.9,24791.9,24794.0,25125
2025-09-05 13:42:00+05:30,24794.0,24796.6,24790.1,24795.0,6000
2025-09-05 13:43:00+05:30,24795.0,24800.0,24788.7,24800.0,3375
2025-09-05 13:44:00+05:30,24800.0,24807.9,24795.0,24807.9,13500
2025-09-05 13:45:00+05:30,24808.3,24833.5,24808.3,24825.2,80775
2025-09-05 13:46:00+05:30,24829.9,24844.0,24824.7,24844.0,63375
2025-09-05 13:47:00+05:30,24844.0,24865.0,24841.8,24865.0,69000
2025-09-05 13:48:00+05:30,24867.0,24870.0,24855.0,24865.1,44700
2025-09-05 13:49:00+05:30,24865.0,24868.9,24846.5,24849.1,29475
2025-09-05 13:50:00+05:30,24854.8,24854.9,24835.7,24840.0,22875
2025-09-05 13:51:00+05:30,24836.0,24844.9,24831.1,24836.0,12000
2025-09-05 13:52:00+05:30,24839.0,24841.5,24832.5,24839.0,11325
2025-09-05 13:53:00+05:30,24839.0,24858.9,24835.0,24857.6,15000
2025-09-05 13:54:00+05:30,24857.6,24864.9,24850.9,24864.9,20850
2025-09-05 13:55:00+05:30,24864.7,24864.7,24855.3,24858.3,39750
2025-09-05 13:56:00+05:30,24858.3,24864.0,24855.0,24858.9,11025
2025-09-05 13:57:00+05:30,24858.9,24868.9,24858.9,24868.0,13800
2025-09-05 13:58:00+05:30,24868.0,24888.0,24868.0,24878.7,68775
2025-09-05 13:59:00+05:30,24878.7,24884.0,24875.0,24883.6,30000
2025-09-05 14:00:00+05:30,24883.6,24898.0,24880.1,24898.0,91950
2025-09-05 14:01:00+05:30,24895.2,24899.0,24882.7,24889.4,53850
2025-09-05 14:02:00+05:30,24889.4,24895.0,24882.0,24890.0,27375
2025-09-05 14:03:00+05:30,24890.0,24890.0,24872.2,24873.5,14925
2025-09-05 14:04:00+05:30,24873.5,24881.0,24870.8,24877.9,18300
2025-09-05 14:05:00+05:30,24877.9,24881.9,24869.6,24874.1,12825
2025-09-05 14:06:00+05:30,24868.8,24870.5,24863.1,24867.0,13350
2025-09-05 14:07:00+05:30,24867.0,24876.2,24865.0,24868.9,11250
2025-09-05 14:08:00+05:30,24868.9,24868.9,24852.0,24855.0,19500
2025-09-05 14:09:00+05:30,24855.0,24862.0,24855.0,24861.8,15975
2025-09-05 14:10:00+05:30,24861.8,24861.8,24854.0,24857.1,4125
2025-09-05 14:11:00+05:30,24857.1,24857.1,24843.0,24848.9,17400
2025-09-05 14:12:00+05:30,24848.9,24860.0,24844.6,24859.2,12450
2025-09-05 14:13:00+05:30,24858.1,24865.0,24848.8,24860.0,6975
2025-09-05 14:14:00+05:30,24860.0,24866.4,24855.5,24856.6,43275
2025-09-05 14:15:00+05:30,24860.5,24861.5,24850.0,24856.8,11625
2025-09-05 14:16:00+05:30,24856.8,24864.9,24856.8,24864.9,5700
2025-09-05 14:17:00+05:30,24864.9,24869.0,24858.0,24858.0,10050
2025-09-05 14:18:00+05:30,24858.0,24864.1,24851.0,24855.9,9375
2025-09-05 14:19:00+05:30,24855.9,24859.8,24855.0,24857.9,6300
2025-09-05 14:20:00+05:30,24857.9,24866.0,24857.9,24861.0,7950
2025-09-05 14:21:00+05:30,24861.0,24866.6,24856.8,24860.0,4125
2025-09-05 14:22:00+05:30,24860.0,24865.0,24855.0,24865.0,5475
2025-09-05 14:23:00+05:30,24862.0,24867.4,24862.0,24863.1,5400
2025-09-05 14:24:00+05:30,24863.1,24865.0,24860.2,24863.0,2025
2025-09-05 14:25:00+05:30,24863.0,24866.8,24850.2,24850.2,4650
2025-09-05 14:26:00+05:30,24850.2,24856.6,24849.5,24851.5,7050
2025-09-05 14:27:00+05:30,24851.5,24855.0,24848.9,24853.0,2475
2025-09-05 14:28:00+05:30,24850.0,24860.0,24850.0,24856.5,9300
2025-09-05 14:29:00+05:30,24856.5,24860.4,24855.0,24855.0,8175
2025-09-05 14:30:00+05:30,24855.0,24868.6,24852.4,24865.0,15675
2025-09-05 14:31:00+05:30,24865.0,24873.0,24862.6,24871.0,8625
2025-09-05 14:32:00+05:30,24871.0,24873.7,24858.0,24858.0,7050
2025-09-05 14:33:00+05:30,24858.0,24862.4,24856.5,24860.0,2925
2025-09-05 14:34:00+05:30,24856.0,24860.0,24851.0,24851.0,4875
2025-09-05 14:35:00+05:30,24851.0,24855.8,24840.0,24842.0,13575
2025-09-05 14:36:00+05:30,24842.0,24847.5,24830.1,24837.7,24900
2025-09-05 14:37:00+05:30,24837.7,24842.5,24834.5,24840.0,21150
2025-09-05 14:38:00+05:30,24840.0,24844.9,24835.0,24835.0,5025
2025-09-05 14:39:00+05:30,24835.0,24841.0,24825.0,24827.0,11325
2025-09-05 14:40:00+05:30,24830.0,24834.5,24821.1,24834.5,6825
2025-09-05 14:41:00+05:30,24834.5,24845.0,24832.7,24845.0,8625
2025-09-05 14:42:00+05:30,24845.0,24846.3,24840.0,24840.1,5475
2025-09-05 14:43:00+05:30,24840.1,24841.8,24835.0,24837.0,4200
2025-09-05 14:44:00+05:30,24837.0,24842.0,24825.0,24825.0,3900
2025-09-05 14:45:00+05:30,24825.0,24834.3,24825.0,24832.8,3525
2025-09-05 14:46:00+05:30,24832.8,24835.0,24827.1,24828.0,2850
2025-09-05 14:47:00+05:30,24828.0,24840.0,24828.0,24836.0,5400
2025-09-05 14:48:00+05:30,24836.0,24838.7,24827.9,24830.0,4050
2025-09-05 14:49:00+05:30,24830.0,24835.3,24828.5,24830.0,5625
2025-09-05 14:50:00+05:30,24830.0,24845.0,24830.0,24841.4,3375
2025-09-05 14:51:00+05:30,24841.4,24846.9,24835.5,24835.5,6300
2025-09-05 14:52:00+05:30,24835.5,24846.0,24835.5,24836.6,2775
2025-09-05 14:53:00+05:30,24836.6,24843.3,24835.4,24837.3,2325
2025-09-05 14:54:00+05:30,24837.3,24844.7,24837.3,24844.6,1275
2025-09-05 14:55:00+05:30,24844.6,24846.8,24839.6,24845.6,2550
2025-09-05 14:56:00+05:30,24845.6,24850.0,24844.8,24849.0,2025
2025-09-05 14:57:00+05:30,24849.0,24860.0,24849.0,24855.7,18150
2025-09-05 14:58:00+05:30,24855.7,24858.0,24853.0,24857.0,5625
2025-09-05 14:59:00+05:30,24857.0,24858.3,24848.3,24853.6,6225
2025-09-05 15:00:00+05:30,24854.3,24856.9,24842.0,24842.5,9825
2025-09-05 15:01:00+05:30,24842.5,24842.7,24830.0,24830.5,15450
2025-09-05 15:02:00+05:30,24831.1,24834.6,24827.0,24827.0,15450
2025-09-05 15:03:00+05:30,24827.0,24835.8,24826.0,24829.0,12975
2025-09-05 15:04:00+05:30,24829.0,24833.0,24826.7,24829.0,16950
2025-09-05 15:05:00+05:30,24829.0,24836.0,24828.3,24830.5,11775
2025-09-05 15:06:00+05:30,24830.5,24845.0,24830.5,24839.0,5400
2025-09-05 15:07:00+05:30,24839.0,24845.0,24835.1,24837.0,9000
2025-09-05 15:08:00+05:30,24837.0,24845.0,24835.4,24844.0,16050
2025-09-05 15:09:00+05:30,24844.0,24857.5,24842.9,24854.1,16500
2025-09-05 15:10:00+05:30,24850.6,24856.9,24848.2,24855.0,18975
2025-09-05 15:11:00+05:30,24856.0,24867.9,24850.0,24850.0,30150
2025-09-05 15:12:00+05:30,24851.1,24856.5,24850.0,24850.0,13200
2025-09-05 15:13:00+05:30,24850.0,24853.0,24842.3,24849.5,11175
2025-09-05 15:14:00+05:30,24844.4,24851.2,24842.7,24848.0,16275
2025-09-05 15:15:00+05:30,24845.0,24855.0,24844.0,24854.9,21975
2025-09-05 15:16:00+05:30,24854.9,24859.8,24853.1,24855.6,19125
2025-09-05 15:17:00+05:30,24858.0,24858.1,24851.1,24855.0,15900
2025-09-05 15:18:00+05:30,24855.0,24858.0,24850.4,24850.9,18000
2025-09-05 15:19:00+05:30,24851.4,24854.0,24845.4,24852.6,16725
2025-09-05 15:20:00+05:30,24854.1,24854.7,24849.0,24850.1,32925
2025-09-05 15:21:00+05:30,24850.1,24854.7,24850.0,24853.3,25950
2025-09-05 15:22:00+05:30,24853.3,24855.0,24850.0,24851.6,16875
2025-09-05 15:23:00+05:30,24851.6,24863.0,24851.2,24855.0,33525
2025-09-05 15:24:00+05:30,24855.0,24860.0,24850.2,24851.7,21675
2025-09-05 15:25:00+05:30,24851.7,24852.2,24846.0,24846.0,48450
2025-09-05 15:26:00+05:30,24846.0,24854.9,24845.0,24845.0,28350
2025-09-05 15:27:00+05:30,24845.0,24851.0,24842.1,24843.0,34800
2025-09-05 15:28:00+05:30,24843.0,24848.9,24842.3,24845.0,20850
2025-09-05 15:29:00+05:30,24845.0,24849.8,24843.3,24849.6,30000
