date,open,high,low,close,volume,symbol,expiry,EMA_9,EMA_21,RSI_MA_14_20,ORB_High,ADX_14,Signal,EntryPrice,ExitPrice,StopLoss,Target
2025-08-25T09:15:00.000000,3084.0,3106.4,3080.0,3100.1,22222,TCS,NaN,NaN,NaN,NaN,3124.05,NaN,,,,,
2025-08-25T09:20:00.000000,3100.1,3107.7,3098.0,3098.0,11585,TCS,NaN,NaN,NaN,NaN,3124.05,NaN,,,,,
2025-08-25T09:25:00.000000,3098.0,3111.3,3096.05,3110.2,2405,TCS,NaN,NaN,NaN,NaN,3124.05,NaN,,,,,
2025-08-25T09:30:00.000000,3110.2,3118.4,3108.95,3117.5,5756,TCS,NaN,NaN,NaN,NaN,3124.05,NaN,,,,,
2025-08-25T09:35:00.000000,3117.5,3124.05,3116.35,3122.1,10778,TCS,NaN,NaN,NaN,NaN,3124.05,NaN,,,,,
2025-08-25T09:40:00.000000,3122.1,3130.0,3120.7,3129.95,3599,TCS,NaN,NaN,NaN,NaN,3124.05,NaN,,,,,
2025-08-25T09:45:00.000000,3129.95,3131.65,3127.4,3131.1,4697,TCS,NaN,NaN,NaN,NaN,3124.05,NaN,,,,,
2025-08-25T09:50:00.000000,3131.1,3132.75,3128.25,3129.4,1336,TCS,NaN,NaN,NaN,NaN,3124.05,NaN,,,,,
2025-08-25T09:55:00.000000,3129.4,3131.7,3122.2,3124.2,2440,TCS,NaN,3118.061111111111,NaN,NaN,3124.05,NaN,,,,,
2025-08-25T10:00:00.000000,3124.2,3129.4,3122.1,3123.8,1048,TCS,NaN,3119.208888888889,NaN,NaN,3124.05,NaN,,,,,
2025-08-25T10:05:00.000000,3124.85,3127.35,3122.7,3122.7,2804,TCS,NaN,3119.907111111111,NaN,NaN,3124.05,NaN,,,,,
2025-08-25T10:10:00.000000,3122.7,3127.35,3122.5,3125.5,537,TCS,NaN,3121.025688888889,NaN,NaN,3124.05,NaN,,,,,
2025-08-25T10:15:00.000000,3125.5,3129.6,3125.0,3129.6,1524,TCS,NaN,3122.740551111111,NaN,NaN,3124.05,NaN,,,,,
2025-08-25T10:20:00.000000,3129.6,3136.7,3129.6,3135.05,2308,TCS,NaN,3125.2024408888888,NaN,NaN,3124.05,NaN,,,,,
2025-08-25T10:25:00.000000,3135.05,3136.5,3130.0,3130.0,1022,TCS,NaN,3126.161952711111,NaN,NaN,3124.05,NaN,,,,,
2025-08-25T10:30:00.000000,3130.0,3136.7,3129.75,3134.95,3119,TCS,NaN,3127.9195621688887,NaN,NaN,3124.05,NaN,,,,,
2025-08-25T10:35:00.000000,3134.95,3142.25,3133.0,3141.8,2460,TCS,NaN,3130.695649735111,NaN,NaN,3124.05,NaN,,,,,
2025-08-25T10:40:00.000000,3141.8,3147.1,3140.95,3145.0,3089,TCS,NaN,3133.5565197880887,NaN,NaN,3124.05,NaN,,,,,
2025-08-25T10:45:00.000000,3145.0,3146.0,3141.55,3141.55,3830,TCS,NaN,3135.155215830471,NaN,NaN,3124.05,NaN,,,,,
2025-08-25T10:50:00.000000,3142.15,3145.6,3140.95,3143.35,813,TCS,NaN,3136.794172664377,NaN,NaN,3124.05,NaN,,,,,
2025-08-25T10:55:00.000000,3143.35,3144.25,3140.0,3140.25,2027,TCS,NaN,3137.4853381315015,3127.4333333333334,NaN,3124.05,NaN,,,,,
2025-08-25T11:00:00.000000,3140.25,3144.65,3140.1,3143.3,784,TCS,NaN,3138.6482705052013,3128.8757575757577,NaN,3124.05,NaN,,,,,
2025-08-25T11:05:00.000000,3143.3,3145.05,3142.05,3143.85,1136,TCS,NaN,3139.688616404161,3130.237052341598,NaN,3124.05,NaN,,,,,
2025-08-25T11:10:00.000000,3143.85,3147.0,3142.95,3147.0,2077,TCS,NaN,3141.150893123329,3131.76095667418,NaN,3124.05,NaN,,,,,
2025-08-25T11:15:00.000000,3147.0,3152.0,3144.35,3145.95,4189,TCS,NaN,3142.110714498663,3133.0508697038,NaN,3124.05,NaN,,,,,
2025-08-25T11:20:00.000000,3145.95,3147.2,3142.6,3144.25,208,TCS,NaN,3142.5385715989305,3134.0689724579997,NaN,3124.05,NaN,,,,,
2025-08-25T11:25:00.000000,3144.25,3146.95,3143.0,3145.7,235,TCS,NaN,3143.1708572791445,3135.1263385981815,NaN,3124.05,NaN,,,,,
2025-08-25T11:30:00.000000,3145.7,3148.5,3144.95,3148.5,1328,TCS,NaN,3144.2366858233154,3136.342125998347,NaN,3124.05,70.80622498846333,,,,,
2025-08-25T11:35:00.000000,3148.5,3148.5,3142.15,3145.0,601,TCS,NaN,3144.389348658652,3137.1292054530427,NaN,3124.05,69.4979868331528,,,,,
2025-08-25T11:40:00.000000,3145.0,3146.75,3143.2,3143.2,483,TCS,NaN,3144.1514789269218,3137.6810958664023,NaN,3124.05,68.28319426036443,,,,,
2025-08-25T11:45:00.000000,3143.2,3145.95,3143.2,3145.0,233,TCS,NaN,3144.3211831415374,3138.3464507876383,NaN,3124.05,67.15517258563237,,,,,
2025-08-25T11:50:00.000000,3145.0,3148.7,3142.25,3144.05,1233,TCS,NaN,3144.26694651323,3138.8649552614893,NaN,3124.05,66.45231705891595,,,,,
2025-08-25T11:55:00.000000,3144.05,3145.1,3143.6,3144.05,68,TCS,NaN,3144.2235572105837,3139.3363229649904,NaN,3124.05,65.79966549839357,,,,,
2025-08-25T12:00:00.000000,3144.05,3149.4,3143.4,3149.0,10869,TCS,NaN,3145.178845768467,3140.2148390590824,72.57035935167934,3124.05,65.66776782144804,,,,,
2025-08-25T12:05:00.000000,3149.0,3149.65,3147.05,3147.55,433,TCS,NaN,3145.6530766147735,3140.881671871893,72.05042595143566,3124.05,65.57011962656965,,,,,
2025-08-25T12:10:00.000000,3147.55,3149.45,3147.2,3149.15,767,TCS,NaN,3146.3524612918186,3141.6333380653573,71.71326093059824,3124.05,65.47944630275401,,,,,
2025-08-25T12:15:00.000000,3149.15,3151.0,3146.6,3146.6,678,TCS,NaN,3146.401969033455,3142.0848527866883,70.96421560933248,3124.05,65.56059186607379,,,,,
2025-08-25T12:20:00.000000,3146.6,3151.15,3146.55,3146.55,861,TCS,NaN,3146.431575226764,3142.490775260626,70.27778305931228,3124.05,65.65194752243826,,,,,
2025-08-25T12:25:00.000000,3146.55,3148.0,3144.55,3147.0,267,TCS,NaN,3146.5452601814113,3142.900704782387,69.70406930064559,3124.05,64.6891572999258,,,,,
2025-08-25T12:30:00.000000,3147.0,3147.45,3143.3,3144.65,646,TCS,NaN,3146.166208145129,3143.059731620352,68.74676029440037,3124.05,63.187924285672906,,,,,
2025-08-25T12:35:00.000000,3144.65,3146.6,3143.9,3146.05,879,TCS,NaN,3146.142966516103,3143.33157420032,68.04941964458976,3124.05,61.7939222010095,,,,,
2025-08-25T12:40:00.000000,3146.05,3146.1,3144.05,3144.25,332,TCS,NaN,3145.7643732128827,3143.4150674548364,67.08308449066874,3124.05,60.49949169382206,,,,,
2025-08-25T12:45:00.000000,3144.25,3146.65,3144.0,3146.65,539,TCS,NaN,3145.941498570306,3143.7091522316696,66.51374443114982,3124.05,59.4173610426672,,,,,
2025-08-25T12:50:00.000000,3146.6,3147.0,3144.05,3144.35,244,TCS,NaN,3145.623198856245,3143.7674111197,65.57503106243023,3124.05,58.490613690191715,,,,,
2025-08-25T12:55:00.000000,3145.0,3148.5,3144.1,3148.1,614,TCS,NaN,3146.118559084996,3144.161282836091,65.1935027515228,3124.05,57.953406830477036,,,,,
2025-08-25T13:00:00.000000,3148.1,3149.05,3146.7,3148.95,1147,TCS,NaN,3146.6848472679967,3144.5966207600827,64.94683230014205,3124.05,57.567684306204164,,,,,
2025-08-25T13:05:00.000000,3148.95,3148.95,3145.4,3146.6,162,TCS,NaN,3146.6678778143973,3144.7787461455296,64.28126892381643,3124.05,56.38172341465701,,,,,
2025-08-25T13:10:00.000000,3146.6,3147.8,3144.75,3147.75,508,TCS,NaN,3146.884302251518,3145.0488601322995,63.82976630163223,3124.05,54.88478780996729,,,,,
2025-08-25T13:15:00.000000,3147.75,3147.85,3145.75,3147.3,242,TCS,NaN,3146.9674418012146,3145.2535092111816,63.332744752482306,3124.05,53.50974331357887,,,,,
2025-08-25T13:20:00.000000,3147.3,3147.35,3145.3,3145.5,280,TCS,NaN,3146.6739534409717,3145.2759174647103,62.5313483653244,3124.05,51.937510017600566,,,,,
2025-08-25T13:25:00.000000,3145.5,3147.05,3145.5,3146.0,53,TCS,NaN,3146.5391627527774,3145.341743149737,61.885704702515206,3124.05,50.47757909990643,,,,,
2025-08-25T13:30:00.000000,3146.0,3146.55,3143.5,3144.15,610,TCS,NaN,3146.061330202222,3145.2334028633973,60.93701794503033,3124.05,47.846190720617734,,,,,
2025-08-25T13:35:00.000000,3144.15,3147.3,3144.15,3147.25,166,TCS,NaN,3146.2990641617776,3145.4167298758157,60.58340170624148,3124.05,45.723524150176914,,,,,
2025-08-25T13:40:00.000000,3147.25,3147.25,3144.0,3144.95,354,TCS,NaN,3146.029251329422,3145.3742998871053,59.82230374542482,3124.05,43.659022296369514,,,,,
2025-08-25T13:45:00.000000,3144.95,3147.0,3144.75,3146.0,392,TCS,NaN,3146.0234010635377,3145.4311817155503,59.30650068968245,3124.05,41.74198486069121,,,,,
2025-08-25T13:50:00.000000,3146.0,3146.65,3144.0,3144.25,281,TCS,NaN,3145.66872085083,3145.323801559591,58.50674586698779,3124.05,39.45829926880355,,,,,
2025-08-25T13:55:00.000000,3144.25,3146.4,3143.15,3144.95,6223,TCS,NaN,3145.524976680664,3145.289819599628,57.909131046001264,3124.05,36.79982295669162,,,,,
2025-08-25T14:00:00.000000,3144.95,3144.95,3140.75,3143.0,454,TCS,NaN,3145.0199813445315,3145.08165418148,56.99640568304251,3124.05,35.27177135066965,,,,,
2025-08-25T14:05:00.000000,3143.0,3143.0,3140.0,3142.95,679,TCS,NaN,3144.605985075625,3144.8878674377092,56.1611215027784,3124.05,34.18458056346897,,,,,
2025-08-25T14:10:00.000000,3142.95,3142.95,3137.55,3140.25,8850,TCS,NaN,3143.7347880605003,3144.4662431251904,54.91384383853598,3124.05,34.09941403433188,,,,,
2025-08-25T14:15:00.000000,3140.25,3144.0,3139.0,3139.0,595,TCS,NaN,3142.7878304484,3143.9693119319913,53.57759618914472,3124.05,33.35997810453144,,,,,
2025-08-25T14:20:00.000000,3139.0,3141.0,3136.05,3140.2,1580,TCS,NaN,3142.27026435872,3143.6266472109014,52.648788872997606,3124.05,33.61985653714758,,,,,
2025-08-25T14:25:00.000000,3140.2,3142.5,3138.0,3141.55,3077,TCS,NaN,3142.126211486976,3143.4378611008196,52.112653133172955,3124.05,33.010902966194166,,,,,
2025-08-25T14:30:00.000000,3141.55,3143.4,3139.1,3140.45,6317,TCS,NaN,3141.7909691895807,3143.1662373643817,51.41475886754948,3124.05,31.970447505959264,,,,,
2025-08-25T14:35:00.000000,3140.45,3141.4,3136.0,3137.6,586,TCS,NaN,3140.9527753516645,3142.6602157858015,50.28396070903152,3124.05,31.963816500406146,,,,,
2025-08-25T14:40:00.000000,3137.6,3138.75,3135.6,3138.3,428,TCS,NaN,3140.4222202813316,3142.263832532547,49.43381651197118,3124.05,32.06653697276707,,,,,
2025-08-25T14:45:00.000000,3138.3,3144.35,3137.3,3144.35,11602,TCS,NaN,3141.207776225065,3142.4534841204973,49.88494782433189,3124.05,29.79390090880963,,,,,
2025-08-25T14:50:00.000000,3144.35,3144.4,3141.65,3142.5,931,TCS,NaN,3141.466220980052,3142.4577128368155,49.9468187195113,3124.05,27.700836254290625,,,,,
2025-08-25T14:55:00.000000,3142.5,3145.0,3142.5,3143.75,2162,TCS,NaN,3141.9229767840416,3142.575193488014,50.22217708529012,3124.05,25.97279514665393,,,,,
2025-08-25T15:00:00.000000,3143.75,3144.9,3140.75,3141.2,635,TCS,NaN,3141.7783814272334,3142.4501758981946,50.00426965271756,3124.05,24.509929916249927,,,,,
2025-08-25T15:05:00.000000,3141.2,3143.1,3139.1,3140.0,1850,TCS,NaN,3141.4227051417865,3142.2274326347224,49.60203799295879,3124.05,23.699243693090796,,,,,
2025-08-25T15:10:00.000000,3139.0,3142.0,3138.0,3140.5,2976,TCS,NaN,3141.2381641134293,3142.0703933042932,49.340144994733556,3124.05,23.28788600199519,,,,,
2025-08-25T15:15:00.000000,3140.5,3142.45,3139.05,3140.4,1818,TCS,NaN,3141.0705312907435,3141.9185393675393,49.084284741073986,3124.05,22.706460821289095,,,,,
2025-08-25T15:20:00.000000,3140.4,3141.55,3139.0,3141.0,2320,TCS,NaN,3141.0564250325947,3141.835035788672,48.98820436972003,3124.05,22.18368777185376,,,,,
2025-08-25T15:25:00.000000,3141.0,3143.5,3140.0,3143.0,1779,TCS,NaN,3141.445140026076,3141.9409416260655,49.333098505748595,3124.05,20.824075734045547,,,,,
2025-08-26T09:15:00.000000,3130.0,3144.0,3121.0,3142.0,8068,TCS,NaN,3141.556112020861,3141.9463105691507,49.42013713815172,3149.2,23.205431733734486,,,,,
2025-08-26T09:20:00.000000,3142.45,3143.0,3134.3,3143.0,4506,TCS,NaN,3141.8448896166888,3142.04210051741,49.717474397587814,3149.2,25.416690876302788,,,,,
2025-08-26T09:25:00.000000,3143.0,3146.95,3139.0,3139.95,4114,TCS,NaN,3141.465911693351,3141.8519095612814,49.32803778018774,3149.2,26.22913045257612,,,,,
2025-08-26T09:30:00.000000,3139.95,3139.95,3135.0,3136.6,4115,TCS,NaN,3140.4927293546807,3141.3744632375287,48.39041704255246,3149.2,27.477663300123307,,,,,
2025-08-26T09:35:00.000000,3136.6,3149.2,3136.35,3148.45,7613,TCS,NaN,3142.0841834837447,3142.0176938522986,49.49644155205066,3149.2,26.438498285846016,,,,,
2025-08-26T09:40:00.000000,3148.5,3152.25,3146.4,3149.25,5742,TCS,NaN,3143.517346786996,3142.6751762293625,50.5887786587526,3149.2,24.903443717346228,,,,,
2025-08-26T09:45:00.000000,3149.25,3150.0,3141.85,3148.65,2151,TCS,NaN,3144.5438774295967,3143.2183420266933,51.466401153338246,3149.2,24.1703541621825,,,,,
2025-08-26T09:50:00.000000,3148.65,3151.5,3147.65,3149.8,2582,TCS,NaN,3145.5951019436775,3143.8166745697213,52.40536676799988,3149.2,23.20353977070678,,,,,
2025-08-26T09:55:00.000000,3150.45,3150.95,3148.0,3148.0,2370,TCS,NaN,3146.076081554942,3144.1969768815648,52.90456085285642,3149.2,22.305783550050755,,,,,
2025-08-26T10:00:00.000000,3147.7,3148.0,3144.0,3145.8,1487,TCS,NaN,3146.0208652439537,3144.342706255968,52.954455556031384,3149.2,22.094609679822632,,,,,
2025-08-26T10:05:00.000000,3145.8,3146.95,3142.05,3144.35,1036,TCS,NaN,3145.686692195163,3144.3433693236075,52.74835249335514,3149.2,22.17907944535927,,,,,
2025-08-26T10:10:00.000000,3144.35,3144.65,3138.35,3140.0,2512,TCS,NaN,3144.54935375613,3143.948517566916,51.89639897927957,3149.2,22.753527341871404,,,,,
2025-08-26T10:15:00.000000,3140.0,3143.95,3137.55,3143.0,2176,TCS,NaN,3144.2394830049043,3143.8622886971966,51.621755950291686,3149.2,23.389817153531627,,,,,
2025-08-26T10:20:00.000000,3143.0,3143.25,3139.55,3141.25,695,TCS,NaN,3143.6415864039236,3143.624807906542,51.11638123508479,3149.2,23.980657692930407,,,,,
2025-08-26T10:25:00.000000,3141.25,3142.5,3137.1,3137.1,1469,TCS,NaN,3142.333269123139,3143.031643551402,50.115583861429215,3149.2,24.862697449390428,,,,,
2025-08-26T10:30:00.000000,3137.1,3139.0,3136.0,3138.55,1451,TCS,NaN,3141.576615298511,3142.6242214103654,49.46074954114357,3149.2,25.827127570188367,,,,,
2025-08-26T10:35:00.000000,3138.55,3138.95,3136.65,3138.4,552,TCS,NaN,3140.9412922388087,3142.2402012821503,48.84805060890116,3149.2,26.72266982521503,,,,,
2025-08-26T10:40:00.000000,3138.4,3139.15,3135.0,3136.45,2374,TCS,NaN,3140.043033791047,3141.7138193474093,48.03001332285089,3149.2,27.786191540337875,,,,,
2025-08-26T10:45:00.000000,3136.45,3138.1,3135.0,3135.85,3424,TCS,NaN,3139.2044270328374,3141.1807448612813,47.209836959502304,3149.2,28.77374741866623,,,,,
2025-08-26T10:50:00.000000,3135.85,3142.4,3135.85,3141.4,2379,TCS,NaN,3139.64354162627,3141.2006771466195,47.46111758361261,3149.2,28.301319778764558,,,,,
2025-08-26T10:55:00.000000,3141.4,3143.7,3136.8,3141.95,35963,TCS,NaN,3140.104833301016,3141.2687974060177,47.774643561151436,3149.2,27.489105060777568,,,,,
2025-08-26T11:00:00.000000,3141.95,3146.0,3140.25,3143.5,3812,TCS,NaN,3140.7838666408124,3141.4716340054706,48.301801624571546,3149.2,26.10504611569675,,,,,
2025-08-26T11:05:00.000000,3143.5,3149.95,3142.85,3148.0,1658,TCS,NaN,3142.22709331265,3142.065121823155,49.39972718887834,3149.2,24.60618796060651,,,,,
2025-08-26T11:10:00.000000,3148.0,3149.7,3145.5,3145.9,666,TCS,NaN,3142.96167465012,3142.4137471119593,50.01940839989101,3149.2,23.21439110230843,,,,,
2025-08-26T11:15:00.000000,3145.9,3149.5,3145.9,3149.45,1092,TCS,NaN,3144.2593397200962,3143.0534064654175,51.02796016379048,3149.2,21.922008305317352,,,,,
2025-08-26T11:20:00.000000,3149.45,3151.0,3147.0,3148.7,3888,TCS,NaN,3145.147471776077,3143.5667331503796,51.803706386361696,3149.2,21.093794990438777,,,,,
2025-08-26T11:25:00.000000,3148.7,3150.65,3147.4,3148.8,3544,TCS,NaN,3145.8779774208615,3144.0424846821634,52.51875431460418,3149.2,20.3247397694801,,,,,
2025-08-26T11:30:00.000000,3150.0,3151.85,3149.05,3150.75,2142,TCS,NaN,3146.852381936689,3144.6522588019666,53.42325544241796,3149.2,19.920902407968175,,,,,
2025-08-26T11:35:00.000000,3150.75,3150.75,3147.25,3148.0,1093,TCS,NaN,3147.081905549351,3144.9565989108787,53.70008723653735,3149.2,18.951470050193624,,,,,
2025-08-26T11:40:00.000000,3148.0,3148.3,3145.9,3147.0,765,TCS,NaN,3147.065524439481,3145.1423626462533,53.76460785792748,3149.2,17.630658581261816,,,,,
2025-08-26T11:45:00.000000,3147.0,3149.7,3146.8,3148.8,3554,TCS,NaN,3147.412419551585,3145.4748751329575,54.09653723514175,3149.2,16.818265421585657,,,,,
2025-08-26T11:50:00.000000,3148.8,3148.8,3145.0,3145.0,1060,TCS,NaN,3146.929935641268,3145.431704666325,53.71414442900711,3149.2,15.736376032392489,,,,,
2025-08-26T11:55:00.000000,3145.0,3146.3,3144.15,3144.15,578,TCS,NaN,3146.3739485130145,3145.3151860602957,53.228516287704586,3149.2,14.988546100531794,,,,,
2025-08-26T12:00:00.000000,3144.15,3145.85,3142.15,3144.7,627,TCS,NaN,3146.0391588104117,3145.259260054814,52.886990183487896,3149.2,14.867860613336292,,,,,
2025-08-26T12:05:00.000000,3144.7,3149.0,3143.45,3146.95,764,TCS,NaN,3146.2213270483294,3145.412963686195,52.96626278760194,3149.2,13.873458475692075,,,,,
2025-08-26T12:10:00.000000,3146.95,3148.0,3143.05,3144.0,338,TCS,NaN,3145.7770616386633,3145.2845124419955,52.5131526997902,3149.2,12.936789818840541,,,,,
2025-08-26T12:15:00.000000,3144.0,3148.9,3143.1,3146.3,16947,TCS,NaN,3145.8816493109307,3145.376829492723,52.494356770670244,3149.2,12.241623561834135,,,,,
2025-08-26T12:20:00.000000,3146.3,3149.4,3146.05,3147.65,711,TCS,NaN,3146.2353194487446,3145.583481357021,52.69413172297669,3149.2,11.755128008001629,,,,,
2025-08-26T12:25:00.000000,3147.65,3149.9,3144.05,3144.05,712,TCS,NaN,3145.7982555589956,3145.444073960928,52.248070635787364,3149.2,11.206414406335254,,,,,
2025-08-26T12:30:00.000000,3144.05,3146.2,3143.2,3143.85,559,TCS,NaN,3145.4086044471965,3145.2991581462984,51.81174739260127,3149.2,10.968387810740078,,,,,
2025-08-26T12:35:00.000000,3143.85,3145.0,3142.5,3143.0,1705,TCS,NaN,3144.9268835577573,3145.0901437693624,51.27290661669052,3149.2,10.970753823904511,,,,,
2025-08-26T12:40:00.000000,3143.0,3147.0,3141.8,3145.7,2618,TCS,NaN,3145.0815068462057,3145.145585244875,51.28759722075638,3149.2,10.223089887834883,,,,,
2025-08-26T12:45:00.000000,3145.35,3147.25,3143.15,3144.45,18302,TCS,NaN,3144.9552054769647,3145.0823502226135,51.07287871622449,3149.2,9.54715495188837,,,,,
2025-08-26T12:50:00.000000,3144.45,3147.45,3143.8,3145.6,16701,TCS,NaN,3145.0841643815716,3145.129409293285,51.09262227447756,3149.2,8.995452397974443,,,,,
2025-08-26T12:55:00.000000,3145.6,3148.2,3144.95,3147.35,1644,TCS,NaN,3145.537331505257,3145.3312811757137,51.42315354830235,3149.2,8.774011737854364,,,,,
2025-08-26T13:00:00.000000,3147.35,3149.7,3147.35,3147.85,590,TCS,NaN,3145.9998652042054,3145.5602556142853,51.81010581301079,3149.2,9.119618580247808,,,,,
2025-08-26T13:05:00.000000,3147.85,3152.55,3147.55,3150.4,17840,TCS,NaN,3146.8798921633643,3146.000232376623,52.585703216488156,3149.2,10.327170290728418,,,,,
2025-08-26T13:10:00.000000,3150.4,3151.9,3145.0,3148.75,22542,TCS,NaN,3147.2539137306912,3146.2502112514753,52.9141936671699,3149.2,10.353717846236481,,,,,
2025-08-26T13:15:00.000000,3148.75,3149.6,3145.2,3149.6,1978,TCS,NaN,3147.723130984553,3146.554737501341,53.35793018516669,3149.2,10.378369147779683,,,,,
2025-08-26T13:20:00.000000,3149.6,3151.3,3146.4,3150.0,16452,TCS,NaN,3148.1785047876424,3146.8679431830374,53.82981854239905,3149.2,10.949490539199946,,,,,
2025-08-26T13:25:00.000000,3150.0,3152.0,3149.75,3151.0,668,TCS,NaN,3148.742803830114,3147.2435847118522,54.43468622032085,3149.2,11.693871813078335,,,,,
2025-08-26T13:30:00.000000,3151.0,3158.0,3150.05,3158.0,2510,TCS,NaN,3150.594243064091,3148.2214406471385,55.93957720079118,3149.2,13.806664286030673,,,,,
2025-08-26T13:35:00.000000,3158.0,3159.4,3155.0,3159.4,16698,TCS,NaN,3152.355394451273,3149.2376733155807,57.44736666515534,3149.2,16.019389475048733,,,,,
2025-08-26T13:40:00.000000,3159.6,3163.4,3157.75,3160.1,11581,TCS,NaN,3153.9043155610184,3150.2251575596188,58.88421230981651,3149.2,18.68696886691136,,,,,
2025-08-26T13:45:00.000000,3160.1,3162.1,3156.05,3159.8,13290,TCS,NaN,3155.0834524488146,3151.0955977814715,60.09911263912558,3149.2,20.436569659135785,,,,,
2025-08-26T13:50:00.000000,3159.8,3160.0,3158.3,3160.0,645,TCS,NaN,3156.0667619590517,3151.905088892247,61.22198733306129,3149.2,22.06119896620132,,,,,
2025-08-26T13:55:00.000000,3160.0,3160.75,3153.75,3159.7,4803,TCS,NaN,3156.7934095672413,3152.61371717477,62.142311668627535,3149.2,21.821972562847694,,,,,
2025-08-26T14:00:00.000000,3159.7,3159.7,3154.5,3155.6,6595,TCS,NaN,3156.554727653793,3152.885197431609,61.824014260572774,3149.2,21.599833759733617,,,,,
2025-08-26T14:05:00.000000,3155.6,3156.7,3153.75,3153.75,496,TCS,NaN,3155.9937821230346,3152.9638158469174,61.10758828858851,3149.2,21.125299446339024,,,,,
2025-08-26T14:10:00.000000,3153.75,3154.5,3151.6,3152.4,1149,TCS,NaN,3155.2750256984277,3152.912559860834,60.16609068554013,3149.2,19.954044844523764,,,,,
2025-08-26T14:15:00.000000,3152.4,3154.0,3152.2,3153.45,670,TCS,NaN,3154.910020558742,3152.9614180553035,59.52493473811736,3149.2,18.86645128569531,,,,,
2025-08-26T14:20:00.000000,3153.45,3154.75,3151.7,3153.8,4898,TCS,NaN,3154.6880164469935,3153.037652777549,59.0158820678778,3149.2,18.093001943838832,,,,,
2025-08-26T14:25:00.000000,3153.8,3159.85,3150.7,3159.55,46037,TCS,NaN,3155.660413157595,3153.629684343226,59.518949711296166,3149.2,18.707201556768418,,,,,
2025-08-26T14:30:00.000000,3159.55,3159.55,3152.0,3153.3,9543,TCS,NaN,3155.1883305260762,3153.5997130392966,58.71633028197504,3149.2,19.27752976877446,,,,,
2025-08-26T14:35:00.000000,3153.3,3158.35,3152.2,3158.0,1255,TCS,NaN,3155.750664420861,3153.9997391266334,58.65445547123146,3149.2,19.807120251351503,,,,,
2025-08-26T14:40:00.000000,3158.3,3158.3,3154.1,3154.8,3589,TCS,NaN,3155.560531536689,3154.072490115121,58.07493016559457,3149.2,20.298882842315898,,,,,
2025-08-26T14:45:00.000000,3154.8,3159.3,3153.0,3155.05,24888,TCS,NaN,3155.458425229351,3154.1613546501103,57.58629323929053,3149.2,20.25259277697199,,,,,
2025-08-26T14:50:00.000000,3156.35,3156.35,3154.15,3155.0,435,TCS,NaN,3155.366740183481,3154.237595136464,57.13562574408434,3149.2,20.20960914486693,,,,,
2025-08-26T14:55:00.000000,3155.0,3156.55,3153.55,3153.85,3159,TCS,NaN,3155.0633921467847,3154.202359214967,56.5245868119332,3149.2,19.879431469708447,,,,,
2025-08-26T15:00:00.000000,3153.85,3158.3,3153.7,3154.95,4609,TCS,NaN,3155.040713717428,3154.2703265590612,56.15919468917358,3149.2,20.154052636019426,,,,,
2025-08-26T15:05:00.000000,3154.95,3160.05,3153.05,3156.7,71013,TCS,NaN,3155.3725709739424,3154.4912059627827,56.117187286331394,3149.2,20.921453501937243,,,,,
2025-08-26T15:10:00.000000,3156.7,3158.15,3153.3,3156.4,74108,TCS,NaN,3155.578056779154,3154.664732693439,56.01717051178508,3149.2,21.634040020289508,,,,,
2025-08-26T15:15:00.000000,3156.4,3159.9,3153.75,3153.85,37298,TCS,NaN,3155.232445423323,3154.5906660849446,55.41989220360767,3149.2,22.78115039093461,,,,,
2025-08-26T15:20:00.000000,3153.85,3160.0,3153.85,3158.0,21146,TCS,NaN,3155.7859563386583,3154.9006055317677,55.57268447715758,3149.2,23.873096655361053,,,,,
2025-08-26T15:25:00.000000,3158.0,3160.75,3154.1,3157.0,6537,TCS,NaN,3156.0287650709265,3155.0914595743343,55.51420436676318,3149.2,25.092024710870184,,,,,
2025-08-28T09:15:00.000000,3155.95,3155.95,3131.5,3131.7,3537,TCS,NaN,3151.163012056741,3152.9649632493947,52.86143361420681,3155.95,26.421706719794376,,,,,
2025-08-28T09:20:00.000000,3131.7,3133.45,3121.25,3123.1,2863,TCS,NaN,3145.550409645393,3150.249966590359,50.056008760849096,3155.95,28.568389729367365,,,,,
2025-08-28T09:25:00.000000,3123.1,3123.1,3117.0,3118.1,2065,TCS,NaN,3140.060327716314,3147.3272423548715,47.32191214260392,3155.95,30.84764449788076,,,,,
2025-08-28T09:30:00.000000,3118.1,3119.95,3114.0,3114.8,784,TCS,NaN,3135.008262173051,3144.3702203226103,44.728693565788866,3155.95,33.1485532107258,,,,,
2025-08-28T09:35:00.000000,3114.8,3119.0,3112.85,3119.0,1773,TCS,NaN,3131.806609738441,3142.0638366569183,42.9498710730371,3155.95,35.3544143153057,,,,,
2025-08-28T09:40:00.000000,3119.0,3119.0,3115.05,3118.25,969,TCS,NaN,3129.0952877907525,3139.89894241538,41.30538815262354,3155.95,37.40271391241561,,,,,
2025-08-28T09:45:00.000000,3118.25,3119.0,3115.2,3116.25,1146,TCS,NaN,3126.526230232602,3137.7490385594365,39.72210029612593,3155.95,39.30470639544624,,,,,
2025-08-28T09:50:00.000000,3116.25,3116.9,3112.2,3113.3,780,TCS,NaN,3123.8809841860816,3135.526398690397,38.15243999653723,3155.95,41.27338135168145,,,,,
2025-08-28T09:55:00.000000,3113.3,3116.25,3110.3,3110.3,1256,TCS,NaN,3121.1647873488655,3133.2330897185425,36.59931707413437,3155.95,43.22219573512734,,,,,
2025-08-28T10:00:00.000000,3110.3,3111.0,3105.05,3106.3,962,TCS,NaN,3118.1918298790924,3130.784627016857,35.028917767390496,3155.95,45.32786637193153,,,,,
2025-08-28T10:05:00.000000,3106.3,3114.45,3106.0,3113.35,371,TCS,NaN,3117.223463903274,3129.1996609244156,34.604597728820764,3155.95,46.230551343304015,,,,,
2025-08-28T10:10:00.000000,3113.35,3113.35,3104.6,3104.6,1025,TCS,NaN,3114.6987711226193,3126.963328113105,33.78689583138811,3155.95,47.176693057358065,,,,,
2025-08-28T10:15:00.000000,3104.6,3105.9,3103.05,3104.1,496,TCS,NaN,3112.5790168980952,3124.884843739186,33.024558719025194,3155.95,48.17421873886452,,,,,
2025-08-28T10:20:00.000000,3104.1,3104.4,3101.0,3103.65,468,TCS,NaN,3110.793213518476,3122.95440339926,32.313393148842394,3155.95,49.25398755427957,,,,,
2025-08-28T10:25:00.000000,3103.65,3111.3,3103.3,3110.15,2549,TCS,NaN,3110.6645708147807,3121.7903667266,32.51748896890173,3155.95,48.3089858130923,,,,,
2025-08-28T10:30:00.000000,3110.15,3115.4,3108.7,3113.6,598,TCS,NaN,3111.2516566518248,3121.0457879332725,33.10140077197601,3155.95,46.49350855511894,,,,,
2025-08-28T10:35:00.000000,3113.6,3117.7,3113.6,3117.3,433,TCS,NaN,3112.4613253214598,3120.7052617575205,34.03163938623815,3155.95,44.323968647556455,,,,,
2025-08-28T10:40:00.000000,3117.3,3123.0,3115.8,3123.0,671,TCS,NaN,3114.5690602571676,3120.9138743250187,35.4306366246478,3155.95,41.31156004675976,,,,,
2025-08-28T10:45:00.000000,3123.3,3126.4,3121.8,3125.25,595,TCS,NaN,3116.7052482057343,3121.308067568199,36.9001834489317,3155.95,38.76703904273303,,,,,
2025-08-28T10:50:00.000000,3125.25,3125.25,3122.3,3124.5,7861,TCS,NaN,3118.2641985645873,3121.5982432438173,38.15828613946464,3155.95,36.40426953899393,,,,,
2025-08-28T10:55:00.000000,3124.5,3128.35,3122.8,3126.05,16594,TCS,NaN,3119.82135885167,3122.0029484034703,39.44767338326404,3155.95,34.71586265071846,,,,,
2025-08-28T11:00:00.000000,3126.05,3127.15,3123.0,3126.0,615,TCS,NaN,3121.0570870813362,3122.3663167304276,40.60882843944141,3155.95,33.14805625446266,,,,,
2025-08-28T11:05:00.000000,3127.0,3129.0,3125.05,3127.3,408,TCS,NaN,3122.305669665069,3122.8148333912977,41.797447628804925,3155.95,31.99992007058099,,,,,
2025-08-28T11:10:00.000000,3127.3,3127.75,3122.3,3127.0,13137,TCS,NaN,3123.2445357320553,3123.1953030829977,42.83548010068479,3155.95,30.321178679637775,,,,,
2025-08-28T11:15:00.000000,3127.0,3127.95,3123.3,3123.5,11090,TCS,NaN,3123.2956285856444,3123.223002802725,43.34804867853684,3155.95,28.799634315468296,,,,,
2025-08-28T11:20:00.000000,3123.5,3126.2,3121.65,3126.1,559,TCS,NaN,3123.8565028685157,3123.4845480024774,44.125810063133784,3155.95,27.011112679280615,,,,,
2025-08-28T11:25:00.000000,3126.1,3127.4,3125.7,3125.9,305,TCS,NaN,3124.2652022948128,3123.704134547707,44.803756777009326,3155.95,25.600618378234476,,,,,
2025-08-28T11:30:00.000000,3125.9,3126.0,3123.85,3126.0,370,TCS,NaN,3124.61216183585,3123.9128495888244,45.43021902300243,3155.95,23.854150658427386,,,,,
2025-08-28T11:35:00.000000,3126.0,3127.35,3124.0,3124.0,320,TCS,NaN,3124.4897294686803,3123.920772353477,45.7170669801699,3155.95,22.535152267860138,,,,,
2025-08-28T11:40:00.000000,3124.0,3124.0,3117.9,3117.9,435,TCS,NaN,3123.171783574944,3123.373429412252,45.246804210782535,3155.95,21.84003991452222,,,,,
2025-08-28T11:45:00.000000,3117.9,3120.25,3116.95,3119.85,381,TCS,NaN,3122.507426859955,3123.0531176475015,45.112607842106776,3155.95,21.369820004918513,,,,,
2025-08-28T11:50:00.000000,3119.85,3121.5,3118.6,3119.15,215,TCS,NaN,3121.835941487964,3122.6982887704557,44.9094685095836,3155.95,20.617542900028834,,,,,
2025-08-28T11:55:00.000000,3119.15,3121.0,3119.15,3119.6,94,TCS,NaN,3121.3887531903715,3122.41662615496,44.79828343397586,3155.95,19.918999874059846,,,,,
2025-08-28T12:00:00.000000,3119.6,3120.3,3116.25,3119.25,670,TCS,NaN,3120.961002552297,3122.1287510499637,44.65154982118965,3155.95,19.865917973873955,,,,,
2025-08-28T12:05:00.000000,3119.25,3120.2,3117.75,3118.6,8,TCS,NaN,3120.4888020418375,3121.807955499967,44.42951507116092,3155.95,19.816627637987057,,,,,
2025-08-28T12:10:00.000000,3118.6,3120.75,3118.55,3119.4,270,TCS,NaN,3120.27104163347,3121.5890504545155,44.38200280553127,3155.95,19.59929283593313,,,,,
2025-08-28T12:15:00.000000,3119.4,3119.4,3113.85,3113.85,412,TCS,NaN,3118.9868333067757,3120.885500413196,43.61689858677456,3155.95,20.327576686510298,,,,,
2025-08-28T12:20:00.000000,3113.85,3115.35,3111.0,3111.0,84,TCS,NaN,3117.3894666454207,3119.986818557451,42.62303437043059,3155.95,21.468694676919963,,,,,
2025-08-28T12:25:00.000000,3111.0,3112.15,3106.0,3107.0,470,TCS,NaN,3115.3115733163368,3118.806198688592,41.356077437175145,3155.95,23.206394872579146,,,,,
2025-08-28T12:30:00.000000,3106.25,3115.0,3106.25,3112.6,315,TCS,NaN,3114.7692586530693,3118.241998807811,41.21453638268852,3155.95,23.947085647906015,,,,,
2025-08-28T12:35:00.000000,3112.6,3113.5,3110.15,3111.75,132,TCS,NaN,3114.1654069224555,3117.65181709801,40.99603669556234,3155.95,24.634869939280964,,,,,
2025-08-28T12:40:00.000000,3111.75,3112.9,3111.0,3112.5,294,TCS,NaN,3113.8323255379646,3117.1834700891,40.927086623611615,3155.95,25.27352678127199,,,,,
2025-08-28T12:45:00.000000,3112.5,3112.5,3109.0,3111.7,131,TCS,NaN,3113.405860430372,3116.6849728082725,40.769613995329415,3155.95,26.191269128282865,,,,,
2025-08-28T12:50:00.000000,3112.1,3113.5,3107.75,3112.0,1143,TCS,NaN,3113.1246883442973,3116.2590661893387,40.68447037026519,3155.95,27.23808692913446,,,,,
2025-08-28T12:55:00.000000,3112.0,3113.5,3110.55,3112.0,19862,TCS,NaN,3112.8997506754376,3115.8718783539443,40.607435661873744,3155.95,28.21013202992523,,,,,
2025-08-28T13:00:00.000000,3112.0,3112.3,3108.0,3108.85,9983,TCS,NaN,3112.08980054035,3115.233525776313,40.12867744194746,3155.95,29.511409183048247,,,,,
2025-08-28T13:05:00.000000,3108.85,3110.2,3106.1,3106.1,234,TCS,NaN,3110.89184043228,3114.4032052511934,39.383909775684465,3155.95,30.989057967133963,,,,,
2025-08-28T13:10:00.000000,3106.1,3111.0,3105.9,3110.85,479,TCS,NaN,3110.883472345824,3114.080186591994,39.65173671690421,3155.95,32.0293622135042,,,,,
2025-08-28T13:15:00.000000,3110.85,3110.85,3108.7,3110.3,106,TCS,NaN,3110.766777876659,3113.736533265449,39.82216944441878,3155.95,32.99535901370514,,,,,
2025-08-28T13:20:00.000000,3110.3,3110.5,3108.05,3108.1,167,TCS,NaN,3110.233422301327,3113.2241211504083,39.694001731265395,3155.95,34.00248385823338,,,,,
2025-08-28T13:25:00.000000,3108.1,3110.1,3108.1,3110.0,99,TCS,NaN,3110.1867378410616,3112.931019227644,39.943604329892736,3155.95,34.93767121386675,,,,,
2025-08-28T13:30:00.000000,3110.0,3114.4,3110.0,3111.65,200,TCS,NaN,3110.4793902728493,3112.8145629342216,40.472316439722526,3155.95,33.930783275234596,,,,,
2025-08-28T13:35:00.000000,3111.65,3111.65,3109.4,3110.0,306,TCS,NaN,3110.3835122182795,3112.558693576565,40.707841441250125,3155.95,33.14350181191939,,,,,
2025-08-28T13:40:00.000000,3110.0,3111.7,3108.8,3109.75,995,TCS,NaN,3110.2568097746234,3112.303357796877,40.88387190064144,3155.95,32.56310911663146,,,,,
2025-08-28T13:45:00.000000,3109.75,3110.0,3107.0,3107.35,165,TCS,NaN,3109.6754478196985,3111.853052542616,40.695955652837185,3155.95,32.45913866189791,,,,,
2025-08-28T13:50:00.000000,3107.35,3108.4,3105.8,3105.8,300,TCS,NaN,3108.900358255759,3111.302775038742,40.31756566930655,3155.95,32.63370843005115,,,,,
2025-08-28T13:55:00.000000,3105.8,3107.1,3105.05,3105.05,572,TCS,NaN,3108.130286604607,3110.7343409443106,39.87565500884341,3155.95,32.9620702535956,,,,,
2025-08-28T14:00:00.000000,3105.05,3110.2,3105.05,3106.4,774,TCS,NaN,3107.784229283686,3110.3403099493735,39.796186589838435,3155.95,31.921046449590744,,,,,
2025-08-28T14:05:00.000000,3106.4,3111.0,3106.4,3110.5,174,TCS,NaN,3108.3273834269485,3110.354827226703,40.57223441447457,3155.95,30.64354885474852,,,,,
2025-08-28T14:10:00.000000,3110.5,3115.6,3109.45,3113.4,1329,TCS,NaN,3109.341906741559,3110.6316611151847,41.77071714189086,3155.95,28.962409812652957,,,,,
2025-08-28T14:15:00.000000,3113.4,3113.45,3111.0,3112.3,126,TCS,NaN,3109.9335253932472,3110.7833282865317,42.65615420958123,3155.95,27.40135213070707,,,,,
2025-08-28T14:20:00.000000,3112.3,3112.7,3110.0,3111.35,768,TCS,NaN,3110.216820314598,3110.834843896847,43.285802860949254,3155.95,25.610133491766884,,,,,
2025-08-28T14:25:00.000000,3111.35,3111.35,3105.95,3108.25,639,TCS,NaN,3109.823456251678,3110.5998580880428,43.33826156915647,3155.95,24.806361765286532,,,,,
2025-08-28T14:30:00.000000,3108.25,3109.6,3105.75,3106.55,472,TCS,NaN,3109.1687650013428,3110.231689170948,43.130550079511146,3155.95,24.11258371278347,,,,,
2025-08-28T14:35:00.000000,3106.55,3110.5,3105.0,3107.1,566,TCS,NaN,3108.755012001074,3109.946990155407,43.059473481985826,3155.95,23.13961107133744,,,,,
2025-08-28T14:40:00.000000,3107.1,3108.7,3105.65,3107.15,86,TCS,NaN,3108.4340096008596,3109.6927183230973,43.00634485930192,3155.95,22.236136475708985,,,,,
2025-08-28T14:45:00.000000,3107.15,3107.15,3101.0,3101.2,1268,TCS,NaN,3106.987207680688,3108.9206530209976,42.12026953434096,3155.95,22.633067472007184,,,,,
2025-08-28T14:50:00.000000,3101.4,3108.1,3101.3,3107.25,567,TCS,NaN,3107.0397661445504,3108.7687754736344,42.48545353729234,3155.95,22.629270700925332,,,,,
2025-08-28T14:55:00.000000,3107.25,3107.25,3102.2,3104.3,760,TCS,NaN,3106.4918129156404,3108.3625231578494,42.42870431422876,3155.95,22.625745127777897,,,,,
2025-08-28T15:00:00.000000,3104.65,3104.65,3094.0,3095.7,6592,TCS,NaN,3104.3334503325123,3107.211384688954,41.51022668295512,3155.95,24.2259674327211,,,,,
2025-08-28T15:05:00.000000,3095.7,3097.8,3090.0,3092.0,2897,TCS,NaN,3101.86676026601,3105.8285315354124,40.393551402071694,3155.95,26.2309326378313,,,,,
2025-08-28T15:10:00.000000,3092.0,3093.55,3087.1,3093.55,1309,TCS,NaN,3100.203408212808,3104.7123013958294,39.648304291249865,3155.95,28.41146817136061,,,,,
2025-08-28T15:15:00.000000,3093.55,3093.55,3089.85,3089.85,798,TCS,NaN,3098.132726570246,3103.3611830871178,38.68718418148834,3155.95,30.436251166780686,,,,,
2025-08-28T15:20:00.000000,3089.85,3097.2,3089.05,3094.95,1283,TCS,NaN,3097.496181256197,3102.596530079198,38.62740997564136,3155.95,30.971052026494245,,,,,
2025-08-28T15:25:00.000000,3094.95,3097.45,3091.1,3095.0,791,TCS,NaN,3096.9969450049575,3101.905936435635,38.580836970877805,3155.95,31.381107454932344,,,,,
2025-08-29T09:15:00.000000,3090.0,3114.8,3089.9,3101.5,5228,TCS,NaN,3097.897556003966,3101.8690331233042,39.42975932354273,3114.8,30.38765094270888,,,,,
2025-08-29T09:20:00.000000,3101.5,3109.0,3101.5,3105.0,3345,TCS,NaN,3099.318044803173,3102.153666475731,40.60103083435784,3114.8,29.465155609929948,,,,,
2025-08-29T09:25:00.000000,3105.0,3105.0,3098.2,3098.3,2316,TCS,NaN,3099.1144358425386,3101.8033331597553,40.95856927857373,3114.8,27.933929378246535,,,,,
2025-08-29T09:30:00.000000,3100.45,3101.95,3089.05,3089.75,3219,TCS,NaN,3097.241548674031,3100.7075755997776,40.59013487469121,3114.8,26.85906444128823,,,,,
2025-08-29T09:35:00.000000,3089.0,3091.7,3083.9,3089.8,2430,TCS,NaN,3095.753238939225,3099.71597781798,40.262963551073796,3114.8,26.514468455115075,,,,,
2025-08-29T09:40:00.000000,3089.8,3094.2,3084.0,3085.0,1352,TCS,NaN,3093.60259115138,3098.378161652709,39.62626186194795,3114.8,25.740816236225374,,,,,
2025-08-29T09:45:00.000000,3085.0,3085.0,3078.15,3079.6,1842,TCS,NaN,3090.802072921104,3096.6710560479173,38.7161459277669,3114.8,25.72073548646449,,,,,
2025-08-29T09:50:00.000000,3079.6,3084.7,3078.0,3083.55,2053,TCS,NaN,3089.3516583368832,3095.478232770834,38.399083693051665,3114.8,25.719081614048985,,,,,
2025-08-29T09:55:00.000000,3083.55,3087.2,3082.0,3083.0,809,TCS,NaN,3088.081326669507,3094.3438479734855,38.07422689586848,3114.8,25.23109836148627,,,,,
2025-08-29T10:00:00.000000,3083.0,3087.95,3081.45,3087.8,4822,TCS,NaN,3088.0250613356056,3093.7489527031685,38.373450582431616,3114.8,24.63188313598051,,,,,
2025-08-29T10:05:00.000000,3087.8,3089.0,3086.95,3088.0,2402,TCS,NaN,3088.0200490684847,3093.226320639244,38.668139417034475,3114.8,23.864474994890866,,,,,
2025-08-29T10:10:00.000000,3088.0,3089.6,3085.65,3088.0,7254,TCS,NaN,3088.0160392547878,3092.751200581131,38.934762648341824,3114.8,23.35245558689311,,,,,
2025-08-29T10:15:00.000000,3088.0,3091.3,3086.75,3088.0,1252,TCS,NaN,3088.01283140383,3092.3192732555735,39.175993190953236,3114.8,22.511027768099495,,,,,
2025-08-29T10:20:00.000000,3088.0,3090.2,3086.4,3087.85,2273,TCS,NaN,3087.9802651230643,3091.912975686885,39.37847824385676,3114.8,21.79059754979866,,,,,
2025-08-29T10:25:00.000000,3087.85,3091.2,3084.4,3091.2,1643,TCS,NaN,3088.6242120984516,3091.84815971535,40.051554372910665,3114.8,21.471970119881373,,,,,
2025-08-29T10:30:00.000000,3091.2,3095.3,3089.65,3095.2,543,TCS,NaN,3089.939369678761,3092.1528724685,41.17704630575154,3114.8,20.253888680204305,,,,,
2025-08-29T10:35:00.000000,3095.2,3098.25,3093.7,3096.0,1402,TCS,NaN,3091.151495743009,3092.502611335,42.29319801963673,3114.8,19.077539394600972,,,,,
2025-08-29T10:40:00.000000,3096.0,3097.5,3094.15,3094.8,488,TCS,NaN,3091.8811965944074,3092.71146485,43.13512414305113,3114.8,17.985215057969306,,,,,
2025-08-29T10:45:00.000000,3094.8,3095.5,3091.6,3095.2,1920,TCS,NaN,3092.544957275526,3092.937695318182,43.95189662260958,3114.8,16.971459342519502,,,,,
2025-08-29T10:50:00.000000,3095.2,3095.7,3093.95,3095.0,251,TCS,NaN,3093.0359658204206,3093.1251775619835,44.65972327196833,3114.8,15.984674369140633,,,,,
2025-08-29T10:55:00.000000,3095.0,3095.05,3092.15,3094.0,593,TCS,NaN,3093.2287726563363,3093.2047068745305,45.13891780586077,3114.8,15.45626599802962,,,,,
2025-08-29T11:00:00.000000,3094.0,3099.0,3092.25,3097.8,1637,TCS,NaN,3094.143018125069,3093.6224607950276,46.14168924027503,3114.8,14.646466162760204,,,,,
2025-08-29T11:05:00.000000,3097.8,3100.6,3095.0,3100.6,13790,TCS,NaN,3095.434414500055,3094.256782540934,47.41269244886601,3114.8,14.227109894787093,,,,,
2025-08-29T11:10:00.000000,3100.6,3104.0,3100.0,3102.0,1362,TCS,NaN,3096.747531600044,3094.960711400849,48.733696624500254,3114.8,14.489453312222086,,,,,
2025-08-29T11:15:00.000000,3102.0,3102.95,3100.05,3101.9,553,TCS,NaN,3097.7780252800353,3095.5915558189536,49.90905515278533,3114.8,14.73305791412601,,,,,
2025-08-29T11:20:00.000000,3101.9,3102.0,3099.0,3099.35,4888,TCS,NaN,3098.092420224028,3095.933232562685,50.475947322890505,3114.8,14.668006892116725,,,,,
2025-08-29T11:25:00.000000,3099.35,3101.9,3099.0,3099.8,5531,TCS,NaN,3098.4339361792227,3096.284756875168,51.05595655256311,3114.8,14.607602371679535,,,,,
2025-08-29T11:30:00.000000,3099.8,3108.4,3099.8,3108.4,25860,TCS,NaN,3100.427148943378,3097.386142613789,52.60371026448656,3114.8,15.775926927877224,,,,,
2025-08-29T11:35:00.000000,3108.4,3110.0,3104.25,3104.5,8997,TCS,NaN,3101.2417191547024,3098.0328569216267,53.31328800752651,3114.8,17.107791804188718,,,,,
2025-08-29T11:40:00.000000,3104.5,3108.25,3103.0,3106.0,10187,TCS,NaN,3102.1933753237618,3098.7571426560244,54.11783752068585,3114.8,17.956259798552534,,,,,
2025-08-29T11:45:00.000000,3106.0,3112.0,3105.5,3108.75,24140,TCS,NaN,3103.5047002590095,3099.6655842327496,55.12908312782203,3114.8,19.330231588959297,,,,,
2025-08-29T11:50:00.000000,3108.75,3109.0,3105.0,3105.4,710,TCS,NaN,3103.8837602072076,3100.186894757045,55.47305678536641,3114.8,20.44612826771569,,,,,
2025-08-29T11:55:00.000000,3105.4,3105.75,3101.7,3103.7,1039,TCS,NaN,3103.847008165766,3100.50626796095,55.51477679150121,3114.8,20.480339969080962,,,,,
2025-08-29T12:00:00.000000,3103.7,3103.7,3097.9,3097.9,460,TCS,NaN,3102.657606532613,3100.2693345099547,54.75177398984384,3114.8,19.52584894363111,,,,,
2025-08-29T12:05:00.000000,3097.9,3100.0,3093.55,3095.65,1098,TCS,NaN,3101.2560852260904,3099.8493950090497,53.794014623667806,3114.8,18.566879456794712,,,,,
2025-08-29T12:10:00.000000,3095.65,3096.0,3092.7,3093.0,3402,TCS,NaN,3099.6048681808725,3099.2267227354996,52.63058560732735,3114.8,17.84615962533865,,,,,
2025-08-29T12:15:00.000000,3093.1,3095.25,3093.0,3094.3,403,TCS,NaN,3098.543894544698,3098.778838850454,51.77568824734226,3114.8,17.176919781843736,,,,,
2025-08-29T12:20:00.000000,3094.3,3094.3,3093.0,3093.0,6476,TCS,NaN,3097.4351156357584,3098.2534898640492,50.84896215053657,3114.8,16.55548278431274,,,,,
2025-08-29T12:25:00.000000,3093.0,3095.15,3092.0,3092.0,6217,TCS,NaN,3096.348092508607,3097.6849907854994,49.89184741140809,3114.8,16.212834687274086,,,,,
2025-08-29T12:30:00.000000,3092.0,3094.4,3092.0,3093.0,4622,TCS,NaN,3095.6784740068856,3097.2590825322723,49.200234311575585,3114.8,15.894661454309622,,,,,
2025-08-29T12:35:00.000000,3093.0,3095.45,3093.0,3094.05,1228,TCS,NaN,3095.3527792055083,3096.967347756611,48.75908528316831,3114.8,15.265246005326222,,,,,
2025-08-29T12:40:00.000000,3094.05,3095.3,3093.2,3094.7,415,TCS,NaN,3095.2222233644065,3096.761225233283,48.47623761823254,3114.8,14.68078880269878,,,,,
2025-08-29T12:45:00.000000,3094.7,3097.2,3093.65,3095.55,1404,TCS,NaN,3095.287778691525,3096.651113848439,48.37566713618582,3114.8,13.743592684542495,,,,,
2025-08-29T12:50:00.000000,3095.55,3102.1,3095.3,3101.7,970,TCS,NaN,3096.57022295322,3097.110103498581,49.23568684148308,3114.8,14.160906282323975,,,,,
2025-08-29T12:55:00.000000,3101.7,3102.0,3099.05,3100.7,878,TCS,NaN,3097.396178362576,3097.4364577259826,49.83783520371826,3114.8,14.548411765978205,,,,,
2025-08-29T13:00:00.000000,3100.7,3100.7,3096.8,3099.7,319,TCS,NaN,3097.856942690061,3097.642234296348,50.205378741836135,3114.8,14.149270890497046,,,,,
2025-08-29T13:05:00.000000,3099.7,3101.15,3099.7,3100.0,6959,TCS,NaN,3098.2855541520485,3097.8565766330435,50.585134795722986,3114.8,13.90075110472746,,,,,
2025-08-29T13:10:00.000000,3100.0,3101.25,3100.0,3100.0,4195,TCS,NaN,3098.6284433216388,3098.051433302767,50.92872360638252,3114.8,13.69852884352539,,,,,
2025-08-29T13:15:00.000000,3100.0,3105.2,3100.0,3102.05,32086,TCS,NaN,3099.312754657311,3098.4149393661514,51.580822167392455,3114.8,14.526348693456672,,,,,
2025-08-29T13:20:00.000000,3102.05,3102.35,3100.0,3100.1,3832,TCS,NaN,3099.470203725849,3098.568126696501,51.762634327366726,3114.8,15.29503855410715,,,,,
2025-08-29T13:25:00.000000,3100.1,3102.95,3100.0,3101.0,885,TCS,NaN,3099.776162980679,3098.7892060877284,52.08464657234532,3114.8,16.155013556242388,,,,,
2025-08-29T13:30:00.000000,3101.0,3101.05,3099.2,3100.45,3198,TCS,NaN,3099.9109303845435,3098.9401873524803,52.25589451248462,3114.8,16.609333598151345,,,,,
2025-08-29T13:35:00.000000,3100.45,3100.85,3100.0,3100.0,4259,TCS,NaN,3099.9287443076346,3099.0365339568,52.30947596789681,3114.8,17.03120220849538,,,,,
2025-08-29T13:40:00.000000,3100.0,3100.9,3100.0,3100.75,3532,TCS,NaN,3100.0929954461076,3099.1923035970913,52.51179834596738,3114.8,17.43807902987765,,,,,
2025-08-29T13:45:00.000000,3100.65,3100.65,3096.8,3098.0,2645,TCS,NaN,3099.674396356886,3099.083912360992,52.07745543008894,3114.8,16.42515861649923,,,,,
2025-08-29T13:50:00.000000,3097.0,3097.9,3095.0,3095.5,1259,TCS,NaN,3098.8395170855088,3098.7581021463566,51.20761819637637,3114.8,15.665940134686315,,,,,
2025-08-29T13:55:00.000000,3095.5,3096.0,3093.0,3094.8,370,TCS,NaN,3098.031613668407,3098.398274678506,50.29577648073046,3114.8,15.59986389918819,,,,,
2025-08-29T14:00:00.000000,3094.8,3097.1,3094.0,3096.0,12436,TCS,NaN,3097.6252909347254,3098.180249707733,49.7673244377832,3114.8,15.102117001317122,,,,,
2025-08-29T14:05:00.000000,3095.5,3096.05,3092.5,3094.9,621,TCS,NaN,3097.0802327477804,3097.882045188848,49.07599504178777,3114.8,15.113228009070431,,,,,
2025-08-29T14:10:00.000000,3094.9,3095.5,3093.0,3093.4,873,TCS,NaN,3096.344186198224,3097.4745865353166,48.173427711950886,3114.8,15.12354537341279,,,,,
2025-08-29T14:15:00.000000,3093.4,3095.25,3092.0,3092.15,271,TCS,NaN,3095.5053489585794,3096.990533213924,47.1385818377667,3114.8,15.454512941438836,,,,,
2025-08-29T14:20:00.000000,3092.15,3094.3,3090.65,3092.65,731,TCS,NaN,3094.9342791668637,3096.5959392853856,46.34750762857197,3114.8,16.172573305863114,,,,,
2025-08-29T14:25:00.000000,3092.65,3093.5,3086.2,3086.9,1483,TCS,NaN,3093.327423333491,3095.7144902594414,44.77567361178049,3114.8,17.918406117180318,,,,,
2025-08-29T14:30:00.000000,3086.3,3090.85,3085.7,3089.95,523,TCS,NaN,3092.651938666793,3095.1904456904012,44.13387483965173,3114.8,19.641133796434747,,,,,
2025-08-29T14:35:00.000000,3089.95,3090.7,3085.55,3087.8,1702,TCS,NaN,3091.681550933434,3094.518586991274,43.25818233249416,3114.8,21.272601039861573,,,,,
2025-08-29T14:40:00.000000,3087.8,3089.95,3086.25,3087.75,558,TCS,NaN,3090.8952407467473,3093.903260901158,42.45911602020642,3114.8,22.787534908757916,,,,,
2025-08-29T14:45:00.000000,3087.75,3088.7,3087.0,3088.3,730,TCS,NaN,3090.3761925973977,3093.393873546507,41.8822005362188,3114.8,24.194259215590233,,,,,
2025-08-29T14:50:00.000000,3088.3,3090.15,3087.5,3088.9,1471,TCS,NaN,3090.0809540779182,3092.985339587734,41.52326223663477,3114.8,24.637040824605815,,,,,
2025-08-29T14:55:00.000000,3088.9,3095.1,3088.55,3095.1,926,TCS,NaN,3091.0847632623345,3093.1775814433945,42.557020695589664,3114.8,22.92070886268694,,,,,
2025-08-29T15:00:00.000000,3095.1,3095.1,3089.0,3089.2,753,TCS,NaN,3090.7078106098675,3092.8159831303587,42.539166763547186,3114.8,21.32697204090513,,,,,
2025-08-29T15:05:00.000000,3089.2,3090.3,3085.0,3088.25,6705,TCS,NaN,3090.216248487894,3092.4008937548715,42.39360177787098,3114.8,21.069634776165326,,,,,
2025-08-29T15:10:00.000000,3088.25,3089.8,3085.35,3087.1,1303,TCS,NaN,3089.592998790315,3091.9189943226106,42.105157466240016,3114.8,20.830678744621224,,,,,
2025-08-29T15:15:00.000000,3087.1,3087.55,3078.3,3079.3,2630,TCS,NaN,3087.534399032252,3090.7718130205553,40.99434154746822,3114.8,22.20368142461187,,,,,
2025-08-29T15:20:00.000000,3079.55,3081.45,3077.0,3080.9,1876,TCS,NaN,3086.2075192258017,3089.8743754732322,40.305230934243596,3114.8,23.697575738391613,,,,,
2025-08-29T15:25:00.000000,3080.9,3089.0,3078.0,3088.35,1662,TCS,NaN,3086.6360153806413,3089.7357958847565,40.89920352583669,3114.8,22.6075285551652,,,,,
2025-09-01T09:15:00.000000,3096.6,3119.7,3095.15,3118.4,3490,TCS,NaN,3092.988812304513,3092.341632622506,43.75827160519962,3130.7,24.377710024394098,,,,,
2025-09-01T09:20:00.000000,3118.4,3122.95,3118.0,3122.95,4472,TCS,NaN,3098.9810498436104,3095.1242114750053,46.53673417893142,3130.7,26.229786651037795,,,,,
2025-09-01T09:25:00.000000,3122.95,3124.0,3116.6,3116.6,1835,TCS,NaN,3102.504839874888,3097.0765558863686,48.39613039879395,3130.7,27.68037055385423,,,,,
2025-09-01T09:30:00.000000,3116.6,3130.0,3116.6,3130.0,3817,TCS,NaN,3108.0038718999103,3100.069596260335,50.648497944186616,3130.7,29.423431802175624,,,,,
2025-09-01T09:35:00.000000,3130.0,3130.7,3126.1,3126.9,1202,TCS,NaN,3111.783097519928,3102.5087238730316,52.39756050166412,3130.7,31.086018280286197,,,,,
2025-09-01T09:40:00.000000,3126.9,3126.9,3121.65,3124.0,647,TCS,NaN,3114.2264780159426,3104.4624762482104,53.71268425125973,3130.7,31.747002988110147,,,,,
2025-09-01T09:45:00.000000,3124.0,3126.75,3123.05,3124.0,1691,TCS,NaN,3116.181182412754,3106.2386147711004,54.902558119941475,3130.7,32.3607745025181,,,,,
2025-09-01T09:50:00.000000,3124.0,3125.9,3121.4,3123.65,117,TCS,NaN,3117.674945930203,3107.8214679737275,55.94341322383583,3130.7,32.59352543848854,,,,,
2025-09-01T09:55:00.000000,3123.65,3124.2,3122.0,3123.1,438,TCS,NaN,3118.7599567441625,3109.2104254306614,56.825640278173864,3130.7,32.80965130760395,,,,,
2025-09-01T10:00:00.000000,3123.8,3123.8,3119.05,3119.05,745,TCS,NaN,3118.8179653953302,3110.1049322096924,57.1892018253802,3130.7,32.378758608487466,,,,,
2025-09-01T10:05:00.000000,3120.0,3121.95,3118.35,3119.5,345,TCS,NaN,3118.954372316264,3110.9590292815387,57.549268705176324,3130.7,31.830244192222803,,,,,
2025-09-01T10:10:00.000000,3119.5,3119.5,3115.65,3116.25,940,TCS,NaN,3118.4134978530114,3111.4400266195807,57.52271553558878,3130.7,30.75322509097297,,,,,
2025-09-01T10:15:00.000000,3116.25,3118.55,3113.0,3113.0,395,TCS,NaN,3117.330798282409,3111.581842381437,57.16414426521289,3130.7,29.226803792915522,,,,,
2025-09-01T10:20:00.000000,3113.0,3117.95,3112.05,3117.8,239,TCS,NaN,3117.4246386259274,3112.14712943767,57.23117704572925,3130.7,27.623566259058126,,,,,
2025-09-01T10:25:00.000000,3117.8,3121.2,3116.3,3116.65,482,TCS,NaN,3117.2697109007418,3112.5564813069727,57.16826682075837,3130.7,26.671341725026593,,,,,
2025-09-01T10:30:00.000000,3116.65,3117.8,3113.05,3114.65,299,TCS,NaN,3116.7457687205933,3112.746801188157,56.894237889127425,3130.7,25.13531246358644,,,,,
2025-09-01T10:35:00.000000,3114.65,3114.65,3111.0,3112.5,234,TCS,NaN,3115.8966149764747,3112.7243647165064,56.415840598561005,3130.7,23.357328583020074,,,,,
2025-09-01T10:40:00.000000,3112.5,3117.0,3112.5,3117.0,123,TCS,NaN,3116.1172919811797,3113.1130588331876,56.401478026915385,3130.7,22.099155172095063,,,,,
2025-09-01T10:45:00.000000,3117.0,3118.2,3112.9,3112.9,540,TCS,NaN,3115.473833584944,3113.0936898483524,55.947931367104665,3130.7,21.144924834619086,,,,,
2025-09-01T10:50:00.000000,3112.9,3114.0,3110.9,3114.0,497,TCS,NaN,3115.179066867955,3113.1760816803203,55.64444806856188,3130.7,19.839512611320078,,,,,
2025-09-01T10:55:00.000000,3114.0,3116.55,3113.5,3116.0,319,TCS,NaN,3115.343253494364,3113.4328015275637,55.56538277367361,3130.7,19.1061650894999,,,,,
2025-09-01T11:00:00.000000,3116.0,3120.45,3115.15,3118.8,690,TCS,NaN,3116.034602795491,3113.9207286614214,55.75847449968117,3130.7,19.08447612204151,,,,,
2025-09-01T11:05:00.000000,3118.8,3123.0,3118.0,3123.0,494,TCS,NaN,3117.4276822363927,3114.7461169649287,56.2981137660811,3130.7,19.453227429118392,,,,,
2025-09-01T11:10:00.000000,3121.65,3126.0,3121.65,3125.95,328,TCS,NaN,3119.132145789114,3115.7646517862986,57.02139415976142,3130.7,20.219321414640856,,,,,
2025-09-01T11:15:00.000000,3125.95,3125.95,3122.0,3123.0,373,TCS,NaN,3119.9057166312914,3116.422410714817,57.28357680565168,3130.7,20.93069440119743,,,,,
2025-09-01T11:20:00.000000,3123.0,3123.0,3121.0,3122.6,157,TCS,NaN,3120.444573305033,3116.9840097407427,57.467708386558506,3130.7,21.31805763672865,,,,,
2025-09-01T11:25:00.000000,3122.6,3125.0,3122.0,3122.95,279,TCS,NaN,3120.9456586440265,3117.5263724915844,57.668133472700035,3130.7,21.990831003617608,,,,,
2025-09-01T11:30:00.000000,3122.95,3125.85,3120.7,3125.75,6129,TCS,NaN,3121.906526915221,3118.2739749923494,58.11822230362848,3130.7,22.242064133070606,,,,,
2025-09-01T11:35:00.000000,3125.95,3126.75,3123.55,3124.15,2605,TCS,NaN,3122.355221532177,3118.808159083954,58.28071075915503,3130.7,22.629418188692828,,,,,
2025-09-01T11:40:00.000000,3124.15,3125.75,3123.55,3125.75,179,TCS,NaN,3123.0341772257416,3119.439235530867,58.59022380425014,3130.7,22.98910409748489,,,,,
2025-09-01T11:45:00.000000,3125.75,3125.75,3122.0,3122.0,992,TCS,NaN,3122.827341780593,3119.672032300788,58.30290745051453,3130.7,22.824545516639766,,,,,
2025-09-01T11:50:00.000000,3122.8,3123.5,3121.45,3121.45,120,TCS,NaN,3122.5518734244743,3119.8336657279892,57.96323708721659,3130.7,22.495328669761573,,,,,
2025-09-01T11:55:00.000000,3121.45,3123.4,3121.2,3122.2,241,TCS,NaN,3122.4814987395794,3120.0487870254447,57.749202580646006,3130.7,22.105877773352482,,,,,
2025-09-01T12:00:00.000000,3122.2,3125.9,3122.2,3125.0,347,TCS,NaN,3122.9851989916633,3120.4988972958586,57.89312464690082,3130.7,22.31608104539198,,,,,
2025-09-01T12:05:00.000000,3125.0,3125.55,3122.5,3123.6,50,TCS,NaN,3123.1081591933307,3120.7808157235077,57.79014842197352,3130.7,22.511269798000086,,,,,
2025-09-01T12:10:00.000000,3123.6,3124.15,3122.35,3123.5,155,TCS,NaN,3123.1865273546646,3121.028014294098,57.679837288190726,3130.7,22.632934929291192,,,,,
2025-09-01T12:15:00.000000,3123.5,3125.9,3123.5,3123.95,149,TCS,NaN,3123.3392218837316,3121.2936493582706,57.64248839281216,3130.7,23.16450747083434,,,,,
2025-09-01T12:20:00.000000,3123.95,3124.15,3121.05,3124.0,1144,TCS,NaN,3123.4713775069854,3121.5396812347913,57.61604364891842,3130.7,22.687991817350667,,,,,
2025-09-01T12:25:00.000000,3124.0,3124.9,3123.5,3123.5,103,TCS,NaN,3123.477102005588,3121.7178920316283,57.487879089546034,3130.7,22.444001160512126,,,,,
2025-09-01T12:30:00.000000,3123.5,3124.5,3123.0,3124.5,80,TCS,NaN,3123.6816816044707,3121.970810937844,57.53631345725329,3130.7,22.01864962644972,,,,,
2025-09-01T12:35:00.000000,3124.5,3125.0,3122.9,3124.1,709,TCS,NaN,3123.7653452835766,3122.164373579858,57.487786511512525,3130.7,21.769898934619864,,,,,
2025-09-01T12:40:00.000000,3124.1,3124.85,3115.2,3115.2,1431,TCS,NaN,3122.052276226861,3121.531248708962,55.89041490732286,3130.7,21.338079229615733,,,,,
2025-09-01T12:45:00.000000,3115.2,3117.5,3114.35,3116.65,610,TCS,NaN,3120.9718209814887,3121.087498826329,54.714986266893504,3130.7,21.13707085112844,,,,,
2025-09-01T12:50:00.000000,3116.65,3121.0,3116.05,3121.0,4107,TCS,NaN,3120.977456785191,3121.079544387572,54.37053795426861,3130.7,19.86344993688218,,,,,
2025-09-01T12:55:00.000000,3121.0,3121.0,3116.15,3119.8,110,TCS,NaN,3120.741965428153,3120.9632221705197,53.872927496880834,3130.7,18.680801945082084,,,,,
2025-09-01T13:00:00.000000,3118.3,3120.6,3117.0,3117.85,448,TCS,NaN,3120.1635723425225,3120.6802019731995,53.12932285011722,3130.7,17.58262880983914,,,,,
2025-09-01T13:05:00.000000,3117.85,3121.35,3116.95,3121.35,686,TCS,NaN,3120.400857874018,3120.7410927029086,53.01164166379912,3130.7,16.33569626765576,,,,,
2025-09-01T13:10:00.000000,3121.35,3121.35,3118.0,3118.6,217,TCS,NaN,3120.0406862992145,3120.546447911735,52.491104108877884,3130.7,15.177830335628334,,,,,
2025-09-01T13:15:00.000000,3118.6,3118.6,3114.35,3114.35,422,TCS,NaN,3118.9025490393715,3119.9831344652134,51.46600462824374,3130.7,15.213995809269397,,,,,
2025-09-01T13:20:00.000000,3114.35,3116.8,3114.35,3116.65,50,TCS,NaN,3118.452039231497,3119.680122241103,50.90799620364632,3130.7,15.247578034793245,,,,,
2025-09-01T13:25:00.000000,3116.65,3120.0,3114.05,3119.35,407,TCS,NaN,3118.6316313851976,3119.6501111282755,50.8052713962818,3130.7,14.18127970205722,,,,,
2025-09-01T13:30:00.000000,3119.35,3120.75,3118.5,3119.65,190,TCS,NaN,3118.835305108158,3119.650101025705,50.75630528731543,3130.7,13.431369006392684,,,,,
2025-09-01T13:35:00.000000,3119.65,3120.6,3118.0,3118.0,87,TCS,NaN,3118.6682440865266,3119.5000918415503,50.46440458644554,3130.7,12.559873689797524,,,,,
2025-09-01T13:40:00.000000,3118.0,3119.15,3117.3,3118.7,105,TCS,NaN,3118.6745952692213,3119.4273562195913,50.3152489807946,3130.7,11.823801381118562,,,,,
2025-09-01T13:45:00.000000,3118.7,3118.8,3115.75,3117.0,131,TCS,NaN,3118.339676215377,3119.2066874723555,49.91526654364496,3130.7,11.670025642403562,,,,,
2025-09-01T13:50:00.000000,3117.0,3117.0,3115.0,3115.0,189,TCS,NaN,3117.6717409723014,3118.824261338505,49.25799833649955,3130.7,11.772621905117893,,,,,
2025-09-01T13:55:00.000000,3115.0,3116.55,3112.1,3113.5,745,TCS,NaN,3116.837392777841,3118.340237580459,48.45226212827633,3130.7,12.716459683439002,,,,,
2025-09-01T14:00:00.000000,3113.5,3114.9,3112.2,3113.25,427,TCS,NaN,3116.119914222273,3117.8774887095083,47.68766032881276,3130.7,13.592880477594319,,,,,
2025-09-01T14:05:00.000000,3113.25,3113.65,3111.25,3111.95,226,TCS,NaN,3115.2859313778185,3117.338626099553,46.80797307750125,3130.7,14.671271209105951,,,,,
2025-09-01T14:10:00.000000,3111.95,3114.55,3111.15,3114.55,348,TCS,NaN,3115.1387451022547,3117.0851146359573,46.56966698127389,3130.7,15.23176771960806,,,,,
2025-09-01T14:15:00.000000,3114.55,3114.75,3112.5,3113.3,174,TCS,NaN,3114.770996081804,3116.741013305416,46.155993088292156,3130.7,15.65292232754749,,,,,
2025-09-01T14:20:00.000000,3113.3,3114.4,3111.95,3112.6,127,TCS,NaN,3114.336796865443,3116.364557550378,45.67100973746018,3130.7,16.227167744821124,,,,,
2025-09-01T14:25:00.000000,3112.6,3113.45,3109.0,3109.0,367,TCS,NaN,3113.2694374923544,3115.6950523185255,44.71483137274538,3130.7,17.622193057275393,,,,,
2025-09-01T14:30:00.000000,3109.0,3112.0,3108.6,3112.0,1536,TCS,NaN,3113.0155499938837,3115.359138471387,44.50031228122939,3130.7,19.021128228474677,,,,,
2025-09-01T14:35:00.000000,3112.0,3114.0,3111.7,3113.1,127,TCS,NaN,3113.032439995107,3115.1537622467154,44.526624785421134,3130.7,19.258263944085467,,,,,
2025-09-01T14:40:00.000000,3113.1,3114.75,3111.35,3111.35,27,TCS,NaN,3112.6959519960856,3114.8079656788323,44.27551402356735,3130.7,19.11212049328442,,,,,
2025-09-01T14:45:00.000000,3111.35,3115.25,3111.35,3114.9,179,TCS,NaN,3113.1367615968684,3114.8163324353022,44.73152787062309,3130.7,18.73179061663242,,,,,
2025-09-01T14:50:00.000000,3114.9,3114.9,3113.1,3113.25,279,TCS,NaN,3113.159409277495,3114.6739385775477,44.87217791319396,3130.7,18.37862715974128,,,,,
2025-09-01T14:55:00.000000,3113.25,3117.9,3113.25,3117.0,113,TCS,NaN,3113.927527421996,3114.8853987068615,45.63816340251827,3130.7,17.454338315162392,,,,,
2025-09-01T15:00:00.000000,3117.0,3117.5,3113.25,3113.7,160,TCS,NaN,3113.8820219375966,3114.7776351880557,45.7986649146595,3130.7,16.596070102339137,,,,,
2025-09-01T15:05:00.000000,3113.7,3116.0,3112.75,3113.6,257,TCS,NaN,3113.8256175500774,3114.670577443687,45.928391711503565,3130.7,15.560913950814225,,,,,
2025-09-01T15:10:00.000000,3113.7,3116.35,3112.75,3114.45,422,TCS,NaN,3113.950494040062,3114.6505249488064,46.19924341445792,3130.7,14.76253126427801,,,,,
2025-09-01T15:15:00.000000,3114.45,3114.45,3111.0,3112.2,2354,TCS,NaN,3113.60039523205,3114.4277499534605,46.07275569393478,3130.7,14.225689135379552,,,,,
2025-09-01T15:20:00.000000,3112.2,3112.25,3109.4,3110.1,699,TCS,NaN,3112.90031618564,3114.0343181395097,45.640304121478735,3130.7,14.382159339562069,,,,,
2025-09-01T15:25:00.000000,3110.1,3113.0,3108.85,3112.8,986,TCS,NaN,3112.880252948512,3113.922107399554,45.76919189220014,3130.7,14.13219612295654,,,,,
2025-09-02T09:15:00.000000,3123.0,3123.05,3105.05,3116.25,2601,TCS,NaN,3113.5542023588096,3114.133733999595,46.4607995875594,3123.05,15.567809188518169,,,,,
2025-09-02T09:20:00.000000,3116.1,3116.85,3107.0,3107.85,346,TCS,NaN,3112.413361887048,3113.562485454177,45.92504485889301,3123.05,16.900878463682538,,,,,
2025-09-02T09:25:00.000000,3107.85,3110.0,3105.0,3109.0,740,TCS,NaN,3111.730689509638,3113.147714049252,45.62510127516663,3123.05,17.3156878877801,,,,,
2025-09-02T09:30:00.000000,3109.0,3111.1,3107.45,3110.7,482,TCS,NaN,3111.5245516077102,3112.9251945902292,45.624134716580535,3123.05,17.96799114477106,,,,,
2025-09-02T09:35:00.000000,3110.7,3114.9,3110.1,3114.9,846,TCS,NaN,3112.199641286168,3113.104722354754,46.22728724385441,3123.05,19.375130423765807,,,,,
2025-09-02T09:40:00.000000,3114.9,3115.8,3113.25,3115.0,1064,TCS,NaN,3112.7597130289346,3113.2770203225036,46.78663758962097,3123.05,20.84850294297508,,,,,
2025-09-02T09:45:00.000000,3115.0,3116.25,3113.8,3116.0,284,TCS,NaN,3113.4077704231477,3113.5245639295485,47.43462455516885,3123.05,22.30134848271336,,,,,
2025-09-02T09:50:00.000000,3116.0,3122.9,3116.0,3121.8,414,TCS,NaN,3115.086216338518,3114.2768762995897,48.7399850007797,3123.05,24.655701610993614,,,,,
2025-09-02T09:55:00.000000,3121.8,3126.0,3120.2,3126.0,474,TCS,NaN,3117.2689730708144,3115.3426148178087,50.33770081362797,3123.05,27.18461644025297,,,,,
2025-09-02T10:00:00.000000,3126.0,3127.7,3124.25,3127.7,1031,TCS,NaN,3119.3551784566516,3116.466013470735,51.936891613374414,3123.05,29.702828542562514,,,,,
2025-09-02T10:05:00.000000,3127.7,3130.5,3126.95,3129.95,785,TCS,NaN,3121.474142765321,3117.691830427941,53.57947223374748,3123.05,32.297546782450254,,,,,
2025-09-02T10:10:00.000000,3129.95,3132.5,3128.6,3131.3,298,TCS,NaN,3123.439314212257,3118.928936752674,55.17955815848279,3123.05,34.87308254400808,,,,,
2025-09-02T10:15:00.000000,3131.3,3132.1,3129.6,3129.6,635,TCS,NaN,3124.6714513698057,3119.899033411522,56.29200146600541,3123.05,37.264651465454634,,,,,
2025-09-02T10:20:00.000000,3129.6,3133.6,3128.8,3131.0,342,TCS,NaN,3125.9371610958447,3120.9082121922925,57.432553624940894,3123.05,39.612454827932986,,,,,
2025-09-02T10:25:00.000000,3131.0,3132.0,3129.85,3131.75,172,TCS,NaN,3127.0997288766757,3121.8938292657203,58.53676545631785,3123.05,41.79255795023431,,,,,
2025-09-02T10:30:00.000000,3131.75,3133.95,3130.0,3131.5,312,TCS,NaN,3127.9797831013407,3122.7671175142914,59.47985032891378,3123.05,43.983613502257924,,,,,
2025-09-02T10:35:00.000000,3131.5,3131.75,3128.5,3130.0,227,TCS,NaN,3128.3838264810724,3123.4246522857193,59.9932764674869,3123.05,45.26930433778299,,,,,
2025-09-02T10:40:00.000000,3130.0,3133.4,3130.0,3133.4,408,TCS,NaN,3129.387061184858,3124.3315020779264,60.83553607537511,3123.05,46.64556936998004,,,,,
2025-09-02T10:45:00.000000,3133.4,3134.9,3132.0,3133.4,472,TCS,NaN,3130.1896489478863,3125.155910979933,61.597580482512065,3123.05,48.07983670306356,,,,,
2025-09-02T10:50:00.000000,3133.4,3134.15,3130.75,3132.0,120,TCS,NaN,3130.551719158309,3125.7781008908482,61.951660025415684,3123.05,48.78677140721202,,,,,
2025-09-02T10:55:00.000000,3132.0,3134.3,3132.0,3133.6,199,TCS,NaN,3131.161375326647,3126.4891826280436,62.4676865404708,3123.05,49.463427803467745,,,,,
2025-09-02T11:00:00.000000,3133.6,3134.9,3132.25,3134.9,54,TCS,NaN,3131.9091002613177,3127.2538023891307,63.087699509324295,3123.05,50.17581478816505,,,,,
2025-09-02T11:05:00.000000,3134.9,3134.9,3133.0,3134.6,98,TCS,NaN,3132.447280209054,3127.9216385355735,63.569188075861504,3123.05,50.83731698824111,,,,,
2025-09-02T11:10:00.000000,3134.6,3137.0,3133.05,3133.05,486,TCS,NaN,3132.567824167243,3128.3878532141575,63.595512689383305,3123.05,51.74911993688186,,,,,
2025-09-02T11:15:00.000000,3133.05,3140.0,3133.05,3140.0,182,TCS,NaN,3134.0542593337946,3129.443502921961,64.42316377536316,3123.05,52.95050967414227,,,,,
2025-09-02T11:20:00.000000,3140.0,3141.6,3138.8,3139.0,149,TCS,NaN,3135.0434074670356,3130.312275383601,64.93165125505436,3123.05,54.229237395481384,,,,,
2025-09-02T11:25:00.000000,3139.0,3141.0,3138.85,3140.2,283,TCS,NaN,3136.0747259736286,3131.2111594396374,65.51602614338749,3123.05,55.416627422439134,,,,,
2025-09-02T11:30:00.000000,3140.2,3143.0,3139.3,3143.0,576,TCS,NaN,3137.4597807789028,3132.2828722178524,66.31439260027909,3123.05,56.71763283067999,,,,,
2025-09-02T11:35:00.000000,3143.0,3144.3,3141.25,3142.5,247,TCS,NaN,3138.4678246231224,3133.2117020162295,66.90672297320917,3123.05,58.04351172178832,,,,,
2025-09-02T11:40:00.000000,3142.5,3145.0,3141.9,3144.75,480,TCS,NaN,3139.724259698498,3134.2606381965725,67.65755807327929,3123.05,59.33648271975138,,,,,
2025-09-02T11:45:00.000000,3144.75,3151.5,3144.0,3151.5,1652,TCS,NaN,3142.0794077587984,3135.827852905975,68.84050362654018,3123.05,60.978843162073204,,,,,
2025-09-02T11:50:00.000000,3151.5,3155.35,3150.4,3150.6,376,TCS,NaN,3143.783526207039,3137.170775369068,69.6877958709815,3123.05,62.68299827028777,,,,,
2025-09-02T11:55:00.000000,3150.6,3152.5,3149.0,3149.2,304,TCS,NaN,3144.866820965631,3138.2643412446073,70.10869023463877,3123.05,63.57037791892423,,,,,
2025-09-02T12:00:00.000000,3149.2,3152.0,3148.5,3151.55,353,TCS,NaN,3146.203456772505,3139.4721284041884,70.6814485053663,3123.05,64.14614581947275,,,,,
2025-09-02T12:05:00.000000,3151.55,3152.85,3148.2,3148.3,214,TCS,NaN,3146.622765418004,3140.274662185626,70.44650417696968,3123.05,64.75183090188743,,,,,
2025-09-02T12:10:00.000000,3148.3,3150.0,3147.4,3149.95,832,TCS,NaN,3147.288212334403,3141.154238350569,70.39663688337959,3123.05,64.89111846588484,,,,,
2025-09-02T12:15:00.000000,3149.95,3151.7,3149.15,3151.7,1324,TCS,NaN,3148.1705698675223,3142.1129439550627,70.51719609246746,3123.05,65.19363919787668,,,,,
2025-09-02T12:20:00.000000,3151.7,3154.4,3150.4,3154.1,593,TCS,NaN,3149.356455894018,3143.202676322784,70.83866988044964,3123.05,65.71877903325507,,,,,
2025-09-02T12:25:00.000000,3154.1,3154.5,3152.8,3153.9,182,TCS,NaN,3150.2651647152143,3144.17516029344,71.0801717936053,3123.05,66.21503323407696,,,,,
2025-09-02T12:30:00.000000,3153.9,3153.9,3150.3,3150.3,129,TCS,NaN,3150.2721317721716,3144.7319639031275,70.46234786552746,3123.05,65.370126542972,,,,,
2025-09-02T12:35:00.000000,3150.3,3151.8,3148.6,3151.3,107,TCS,NaN,3150.4777054177375,3145.3290580937523,70.0199177573067,3123.05,63.792130334800504,,,,,
2025-09-02T12:40:00.000000,3151.3,3152.75,3149.05,3150.2,72,TCS,NaN,3150.42216433419,3145.77187099432,69.37306379603882,3123.05,62.4950014210217,,,,,
2025-09-02T12:45:00.000000,3150.2,3150.2,3148.0,3149.0,118,TCS,NaN,3150.137731467352,3146.065337267564,68.52183515492187,3123.05,60.8008337433089,,,,,
2025-09-02T12:50:00.000000,3149.0,3149.0,3144.0,3145.95,135,TCS,NaN,3149.3001851738813,3146.0548520614216,67.13085683437991,3123.05,57.62314540720626,,,,,
2025-09-02T12:55:00.000000,3145.95,3145.95,3142.1,3142.4,153,TCS,NaN,3147.920148139105,3145.7225927831105,65.26079382816168,3123.05,54.03711768741046,,,,,
2025-09-02T13:00:00.000000,3142.4,3143.0,3137.0,3137.0,792,TCS,NaN,3145.736118511284,3144.9296298028275,62.83039777412392,3123.05,51.03643533663003,,,,,
2025-09-02T13:05:00.000000,3137.0,3138.75,3134.8,3137.65,1113,TCS,NaN,3144.118894809027,3144.267845275298,60.750397395754845,3123.05,48.737552941711115,,,,,
2025-09-02T13:10:00.000000,3137.65,3137.65,3132.15,3134.55,629,TCS,NaN,3142.205115847222,3143.3844047957255,58.49294891678089,3123.05,47.13283346861689,,,,,
2025-09-02T13:15:00.000000,3134.55,3135.4,3131.0,3131.0,480,TCS,NaN,3139.9640926777774,3142.2585498142957,56.0763025910556,3123.05,45.85854294539046,,,,,
2025-09-02T13:20:00.000000,3131.0,3132.75,3129.35,3131.0,184,TCS,NaN,3138.171274142222,3141.2350452857236,53.889813058256536,3123.05,44.97601908966606,,,,,
2025-09-02T13:25:00.000000,3131.0,3131.75,3129.0,3131.3,272,TCS,NaN,3136.7970193137776,3140.331859350658,51.977087572837675,3123.05,44.220276386420245,,,,,
2025-09-02T13:30:00.000000,3131.3,3132.35,3129.8,3131.0,229,TCS,NaN,3135.637615451022,3139.483508500598,50.21124810671369,3123.05,43.286422947787614,,,,,
2025-09-02T13:35:00.000000,3131.0,3133.5,3128.65,3131.0,532,TCS,NaN,3134.7100923608177,3138.712280455089,48.613583827839605,3123.05,42.41927332620016,,,,,
2025-09-02T13:40:00.000000,3131.0,3131.35,3123.25,3125.45,557,TCS,NaN,3132.858073888654,3137.5066185955357,46.56195068545604,3123.05,42.60509227024205,,,,,
2025-09-02T13:45:00.000000,3125.45,3127.1,3123.6,3127.1,506,TCS,NaN,3131.7064591109233,3136.560562359578,45.10467557451459,3123.05,42.77763843256666,,,,,
2025-09-02T13:50:00.000000,3127.1,3128.9,3123.8,3123.8,127,TCS,NaN,3130.125167288739,3135.40051123598,43.45840304495273,3123.05,42.18924356022569,,,,,
2025-09-02T13:55:00.000000,3123.8,3123.8,3117.75,3118.5,553,TCS,NaN,3127.800133830991,3133.864101123618,41.54510429199326,3123.05,42.61238848310292,,,,,
2025-09-02T14:00:00.000000,3118.5,3118.65,3113.8,3113.8,971,TCS,NaN,3125.0001070647927,3132.040091930562,39.51908202800278,3123.05,43.4768881714164,,,,,
2025-09-02T14:05:00.000000,3113.8,3115.1,3111.35,3115.1,1269,TCS,NaN,3123.020085651834,3130.500083573238,37.97437042632852,3123.05,44.53302013819725,,,,,
2025-09-02T14:10:00.000000,3115.1,3116.85,3111.0,3113.55,331,TCS,NaN,3121.1260685214675,3128.959166884762,36.473602067329736,3123.05,44.871249029730265,,,,,
2025-09-02T14:15:00.000000,3113.55,3113.55,3110.0,3110.75,902,TCS,NaN,3119.050854817174,3127.303788077056,34.94025866262627,3123.05,45.30777134139952,,,,,
2025-09-02T14:20:00.000000,3110.75,3114.2,3108.3,3108.3,702,TCS,NaN,3116.900683853739,3125.576170979142,33.41228086311747,3123.05,45.91710057890726,,,,,
2025-09-02T14:25:00.000000,3108.3,3109.75,3107.0,3107.25,279,TCS,NaN,3114.9705470829913,3123.9101554355834,31.971557788719817,3123.05,46.63386539075147,,,,,
2025-09-02T14:30:00.000000,3107.25,3114.1,3107.25,3114.1,340,TCS,NaN,3114.796437666393,3123.0183231232577,32.11023209921923,3123.05,45.721894160857445,,,,,
2025-09-02T14:35:00.000000,3114.1,3120.15,3114.1,3119.1,274,TCS,NaN,3115.6571501331146,3122.6621119302345,33.041849862832244,3123.05,43.20178527030976,,,,,
2025-09-02T14:40:00.000000,3119.1,3119.1,3116.85,3117.65,269,TCS,NaN,3116.0557201064917,3122.206465391122,33.73236273942267,3123.05,40.86168415765835,,,,,
2025-09-02T14:45:00.000000,3117.65,3120.75,3116.0,3118.3,214,TCS,NaN,3116.5045760851935,3121.8513321737473,34.460060776336114,3123.05,38.2749945113657,,,,,
2025-09-02T14:50:00.000000,3118.3,3118.3,3112.0,3115.8,235,TCS,NaN,3116.363660868155,3121.301211067043,34.84359187656641,3123.05,36.693337380963044,,,,,
2025-09-02T14:55:00.000000,3115.8,3118.8,3115.55,3118.8,178,TCS,NaN,3116.850928694524,3121.0738282427665,35.67503959236032,3123.05,35.09231673805325,,,,,
2025-09-02T15:00:00.000000,3118.8,3118.8,3111.1,3112.65,346,TCS,NaN,3116.010742955619,3120.3080256752423,35.786656098612724,3123.05,34.41774173444469,,,,,
2025-09-02T15:05:00.000000,3112.65,3115.45,3111.1,3115.4,448,TCS,NaN,3115.8885943644955,3119.8618415229475,36.3038278836276,3123.05,33.79135065966531,,,,,
2025-09-02T15:10:00.000000,3115.4,3115.4,3111.4,3111.4,711,TCS,NaN,3114.9908754915964,3119.0925832026796,36.38787199615306,3123.05,33.20970180451304,,,,,
2025-09-02T15:15:00.000000,3111.4,3113.0,3111.2,3112.5,418,TCS,NaN,3114.492700393277,3118.4932574569816,36.63228962475304,3123.05,32.70884655693077,,,,,
2025-09-02T15:20:00.000000,3112.5,3113.1,3110.0,3110.35,774,TCS,NaN,3113.6641603146218,3117.7529613245288,36.645928839695074,3123.05,32.48401803842825,,,,,
2025-09-02T15:25:00.000000,3110.35,3112.75,3107.9,3112.0,692,TCS,NaN,3113.3313282516974,3117.2299648404805,36.924313700575816,3123.05,32.6732131984427,,,,,
2025-09-03T09:15:00.000000,3120.3,3142.65,3120.3,3121.75,6405,TCS,NaN,3115.015062601358,3117.6408771277097,38.43925980954475,3142.65,33.12026621192448,,,,,
2025-09-03T09:20:00.000000,3121.75,3126.0,3117.75,3124.7,3112,TCS,NaN,3116.9520500810863,3118.2826155706452,40.10972387436859,3142.65,33.05977904080625,,,,,
2025-09-03T09:25:00.000000,3124.7,3132.6,3123.25,3130.8,6361,TCS,NaN,3119.721640064869,3119.4205596096776,42.16353708731469,3142.65,33.57369724484802,,,,,
2025-09-03T09:30:00.000000,3129.25,3130.85,3120.0,3121.75,2491,TCS,NaN,3120.1273120518954,3119.632326917889,43.01551830128456,3142.65,33.46166228067737,,,,,
2025-09-03T09:35:00.000000,3121.75,3126.7,3119.1,3119.1,2120,TCS,NaN,3119.9218496415165,3119.583933561717,43.536885680192576,3142.65,33.19508933587722,,,,,
2025-09-03T09:40:00.000000,3119.1,3120.2,3114.9,3115.95,1742,TCS,NaN,3119.1274797132132,3119.2535759651973,43.724267151474415,3142.65,32.20877289034507,,,,,
2025-09-03T09:45:00.000000,3115.95,3118.2,3113.75,3117.75,1290,TCS,NaN,3118.8519837705708,3119.1168872410885,44.08326899540287,3142.65,31.097034088599695,,,,,
2025-09-03T09:50:00.000000,3117.75,3119.3,3116.45,3118.8,1177,TCS,NaN,3118.8415870164567,3119.0880793100805,44.52018784584067,3142.65,30.202324100550943,,,,,
2025-09-03T09:55:00.000000,3118.0,3118.95,3116.1,3117.8,688,TCS,NaN,3118.6332696131653,3118.9709811909825,44.811307659323596,3142.65,29.304970719846555,,,,,
2025-09-03T10:00:00.000000,3117.0,3118.75,3112.55,3113.45,980,TCS,NaN,3117.5966156905324,3118.469073809984,44.643044510976324,3142.65,27.807493379618393,,,,,
2025-09-03T10:05:00.000000,3113.45,3116.35,3111.0,3115.0,5383,TCS,NaN,3117.077292552426,3118.1537034636217,44.68210519089596,3142.65,26.1396541568425,,,,,
2025-09-03T10:10:00.000000,3115.0,3116.35,3109.35,3109.4,5161,TCS,NaN,3115.541834041941,3117.357912239656,44.19971969491435,3142.65,24.296510582191537,,,,,
2025-09-03T10:15:00.000000,3109.4,3110.95,3108.1,3109.0,1000,TCS,NaN,3114.233467233553,3116.598102036051,43.72857793930305,3142.65,22.76061036977824,,,,,
2025-09-03T10:20:00.000000,3108.35,3109.0,3106.0,3107.0,1992,TCS,NaN,3112.7867737868423,3115.7255473055006,43.12592509544063,3142.65,21.705307211317805,,,,,
2025-09-03T10:25:00.000000,3107.0,3107.4,3105.25,3105.25,602,TCS,NaN,3111.279419029474,3114.7732248231823,42.42904485966561,3142.65,20.857694532034433,,,,,
2025-09-03T10:30:00.000000,3105.25,3106.65,3103.4,3103.4,919,TCS,NaN,3109.7035352235794,3113.739295293802,41.64090404337419,3142.65,20.397541490996296,,,,,
2025-09-03T10:35:00.000000,3104.9,3104.9,3097.4,3099.45,2659,TCS,NaN,3107.6528281788633,3112.440268448911,40.61533718430474,3142.65,20.89089258229043,,,,,
2025-09-03T10:40:00.000000,3099.45,3099.45,3095.0,3098.35,1128,TCS,NaN,3105.7922625430906,3111.1593349535556,39.605103221062826,3142.65,21.665339610739426,,,,,
2025-09-03T10:45:00.000000,3098.35,3099.0,3094.2,3097.05,1194,TCS,NaN,3104.0438100344727,3109.876668139596,38.5927258977262,3142.65,22.488825104558963,,,,,
2025-09-03T10:50:00.000000,3098.15,3098.8,3096.0,3097.35,739,TCS,NaN,3102.705048027578,3108.7378801269056,37.73412957785458,3142.65,23.253490205962812,,,,,
2025-09-03T10:55:00.000000,3097.35,3097.35,3094.5,3096.35,1169,TCS,NaN,3101.4340384220623,3107.6117092062777,36.87408380882763,3142.65,24.175732906908525,,,,,
2025-09-03T11:00:00.000000,3096.35,3096.65,3090.5,3091.45,1091,TCS,NaN,3099.4372307376498,3106.1424629147978,35.72725151212921,3142.65,25.548448002869446,,,,,
2025-09-03T11:05:00.000000,3091.45,3094.5,3087.75,3094.3,1481,TCS,NaN,3098.4097845901197,3105.065875377089,35.24730691872328,3142.65,27.13589083094561,,,,,
2025-09-03T11:10:00.000000,3094.3,3096.15,3091.0,3092.8,1573,TCS,NaN,3097.287827672096,3103.9507957973537,34.68948345570259,3142.65,28.107463564002604,,,,,
2025-09-03T11:15:00.000000,3092.8,3095.45,3091.35,3094.4,894,TCS,NaN,3096.7102621376766,3103.082541633958,34.49630809528472,3142.65,29.009638244698383,,,,,
2025-09-03T11:20:00.000000,3095.0,3096.65,3093.0,3094.35,2181,TCS,NaN,3096.2382097101413,3102.2886742126893,34.31668851837218,3142.65,29.459305240778697,,,,,
2025-09-03T11:25:00.000000,3094.35,3094.35,3087.95,3090.95,6572,TCS,NaN,3095.180567768113,3101.2578856478995,33.836379080273694,3142.65,30.564936288120283,,,,,
2025-09-03T11:30:00.000000,3090.95,3091.25,3088.4,3089.9,745,TCS,NaN,3094.1244542144905,3100.2253505889994,33.310058471131754,3142.65,31.59159368922318,,,,,
2025-09-03T11:35:00.000000,3089.9,3091.5,3088.5,3091.1,706,TCS,NaN,3093.5195633715925,3099.395773262727,33.09965820236731,3142.65,32.457163049222395,,,,,
2025-09-03T11:40:00.000000,3091.1,3091.5,3088.5,3091.05,299,TCS,NaN,3093.025650697274,3098.637066602479,32.90413099408402,3142.65,33.26090602636452,,,,,
2025-09-03T11:45:00.000000,3091.05,3091.05,3088.4,3089.85,1390,TCS,NaN,3092.3905205578194,3097.83824236589,32.59970846867879,3142.65,34.02298770251934,,,,,
2025-09-03T11:50:00.000000,3089.85,3091.0,3088.0,3091.0,1241,TCS,NaN,3092.1124164462553,3097.216583968991,32.60954495853325,3142.65,34.79708943306032,,,,,
2025-09-03T11:55:00.000000,3091.0,3097.0,3091.0,3096.1,857,TCS,NaN,3092.909933157004,3097.1150763354462,33.702235104258946,3142.65,33.32870563447449,,,,,
2025-09-03T12:00:00.000000,3096.1,3097.0,3093.45,3095.1,1118,TCS,NaN,3093.347946525603,3096.9318875776785,34.54611696155436,3142.65,31.9652063929305,,,,,
2025-09-03T12:05:00.000000,3095.1,3097.0,3094.4,3095.5,634,TCS,NaN,3093.7783572204826,3096.8017159797078,35.38967910456004,3142.65,30.699099954353944,,,,,
2025-09-03T12:10:00.000000,3095.5,3098.7,3095.5,3098.7,948,TCS,NaN,3094.762685776386,3096.9742872542797,36.75638598499502,3142.65,28.955522450596618,,,,,
2025-09-03T12:15:00.000000,3098.7,3098.9,3096.0,3096.0,319,TCS,NaN,3095.010148621109,3096.885715685709,37.55550399953539,3142.65,27.270126904754477,,,,,
2025-09-03T12:20:00.000000,3096.0,3099.0,3096.0,3096.85,1159,TCS,NaN,3095.378118896887,3096.88246880519,38.43709609095599,3142.65,25.66986306770579,,,,,
2025-09-03T12:25:00.000000,3096.85,3099.75,3096.0,3099.3,559,TCS,NaN,3096.1624951175095,3097.1022443683546,39.67092850239264,3142.65,23.91082834657541,,,,,
2025-09-03T12:30:00.000000,3099.3,3102.0,3098.05,3100.5,14563,TCS,NaN,3097.0299960940074,3097.4111312439586,40.9883883693309,3142.65,22.88889121288917,,,,,
2025-09-03T12:35:00.000000,3100.5,3100.5,3098.05,3100.0,23251,TCS,NaN,3097.623996875206,3097.6464829490533,42.082930814335306,3142.65,21.939949588751944,,,,,
2025-09-03T12:40:00.000000,3100.0,3100.3,3094.45,3096.45,26744,TCS,NaN,3097.3891975001648,3097.5377117718667,42.435629094685815,3142.65,20.96724146276485,,,,,
2025-09-03T12:45:00.000000,3095.15,3100.2,3095.15,3097.8,6097,TCS,NaN,3097.4713580001317,3097.5615561562427,43.01108532749936,3142.65,20.064012488633978,,,,,
2025-09-03T12:50:00.000000,3097.8,3097.8,3095.0,3095.0,769,TCS,NaN,3096.9770864001052,3097.328687414766,43.07084309772028,3142.65,19.27664841202529,,,,,
2025-09-03T12:55:00.000000,3095.0,3096.0,3092.0,3095.75,2503,TCS,NaN,3096.731669120084,3097.1851703770603,43.27515362899002,3142.65,19.484274723474062,,,,,
2025-09-03T13:00:00.000000,3095.75,3095.75,3093.4,3095.4,576,TCS,NaN,3096.465335296067,3097.022882160964,43.40027046210772,3142.65,19.677070584105063,,,,,
2025-09-03T13:05:00.000000,3095.4,3096.4,3094.2,3095.7,653,TCS,NaN,3096.312268236854,3096.9026201463307,43.580190308280436,3142.65,19.5503293697895,,,,,
2025-09-03T13:10:00.000000,3095.7,3097.0,3094.5,3096.0,274,TCS,NaN,3096.2498145894833,3096.8205637693914,43.81296473159426,3142.65,19.149205097549522,,,,,
2025-09-03T13:15:00.000000,3096.0,3097.0,3093.65,3096.8,1842,TCS,NaN,3096.3598516715865,3096.8186943358105,44.21450147403893,3142.65,19.07697105444469,,,,,
2025-09-03T13:20:00.000000,3096.8,3097.55,3094.65,3097.0,1330,TCS,NaN,3096.4878813372693,3096.835176668919,44.62680187868888,3142.65,18.73216752314553,,,,,
2025-09-03T13:25:00.000000,3097.0,3097.0,3094.9,3095.05,1348,TCS,NaN,3096.2003050698154,3096.6728878808353,44.56447272671323,3142.65,18.411992815510594,,,,,
2025-09-03T13:30:00.000000,3095.05,3096.5,3094.25,3095.75,534,TCS,NaN,3096.1102440558525,3096.5889889825776,44.69551011736915,3142.65,18.379065682293913,,,,,
2025-09-03T13:35:00.000000,3095.75,3095.8,3093.25,3093.45,738,TCS,NaN,3095.578195244682,3096.303626347798,44.33037713891596,3142.65,18.73963435962343,,,,,
2025-09-03T13:40:00.000000,3093.45,3100.0,3093.45,3097.55,765,TCS,NaN,3095.9725561957457,3096.416933043453,44.98606883981448,3142.65,17.77200199811715,,,,,
2025-09-03T13:45:00.000000,3097.55,3098.4,3096.4,3097.95,248,TCS,NaN,3096.3680449565963,3096.5563027667754,45.6632325581963,3142.65,16.87348623386132,,,,,
2025-09-03T13:50:00.000000,3097.95,3098.25,3094.05,3097.0,551,TCS,NaN,3096.4944359652773,3096.5966388788866,46.056817738691755,3142.65,16.280039571972615,,,,,
2025-09-03T13:55:00.000000,3097.0,3097.6,3094.5,3096.75,581,TCS,NaN,3096.545548772222,3096.610580798988,46.3543044306824,3142.65,15.728981957361677,,,,,
2025-09-03T14:00:00.000000,3096.75,3096.75,3094.2,3095.7,807,TCS,NaN,3096.3764390177776,3096.527800726353,46.375481865896695,3142.65,15.341349852273916,,,,,
2025-09-03T14:05:00.000000,3095.7,3096.95,3094.2,3095.3,267,TCS,NaN,3096.161151214222,3096.4161824785024,46.30034250215193,3142.65,14.875399945741226,,,,,
2025-09-03T14:10:00.000000,3095.3,3097.4,3095.0,3096.3,258,TCS,NaN,3096.1889209713777,3096.405620435002,46.512904414439596,3142.65,14.197328511889832,,,,,
2025-09-03T14:15:00.000000,3096.3,3096.6,3095.35,3096.3,199,TCS,NaN,3096.211136777102,3096.396018577275,46.705222335080826,3142.65,13.567690751884967,,,,,
2025-09-03T14:20:00.000000,3096.3,3097.5,3095.35,3096.45,283,TCS,NaN,3096.258909421682,3096.4009259793406,46.92495636793367,3142.65,12.727746515553376,,,,,
2025-09-03T14:25:00.000000,3096.45,3096.75,3094.55,3096.0,808,TCS,NaN,3096.2071275373455,3096.364478163037,46.98717905900191,3142.65,12.135328761917906,,,,,
2025-09-03T14:30:00.000000,3096.0,3096.9,3094.4,3095.4,440,TCS,NaN,3096.0457020298763,3096.2767983300337,46.860769814998946,3142.65,11.585226562113542,,,,,
2025-09-03T14:35:00.000000,3095.4,3096.0,3094.0,3094.3,1079,TCS,NaN,3095.6965616239013,3096.09708939094,46.425744208540436,3142.65,11.30879030200788,,,,,
2025-09-03T14:40:00.000000,3094.3,3096.0,3090.6,3095.95,1917,TCS,NaN,3095.747249299121,3096.083717628127,46.617119003003516,3142.65,12.628423239150392,,,,,
2025-09-03T14:45:00.000000,3094.75,3096.7,3094.55,3094.6,638,TCS,NaN,3095.5177994392966,3095.9488342073882,46.394747550877625,3142.65,13.387028023866298,,,,,
2025-09-03T14:50:00.000000,3094.7,3096.2,3093.35,3095.95,1021,TCS,NaN,3095.6042395514373,3095.948940188535,46.642123043618525,3142.65,14.557710398390181,,,,,
2025-09-03T14:55:00.000000,3095.95,3096.15,3093.75,3094.45,788,TCS,NaN,3095.3733916411497,3095.812672898668,46.437333563432375,3142.65,15.644772603305213,,,,,
2025-09-03T15:00:00.000000,3094.45,3096.15,3093.0,3095.05,918,TCS,NaN,3095.3087133129197,3095.743338998789,46.45327132228643,3142.65,16.94545860344507,,,,,
2025-09-03T15:05:00.000000,3095.05,3097.2,3095.0,3096.9,1149,TCS,NaN,3095.626970650336,3095.8484899988994,47.038303257519985,3142.65,17.383556193805255,,,,,
2025-09-03T15:10:00.000000,3096.9,3099.9,3096.3,3099.65,890,TCS,NaN,3096.4315765202687,3096.194081817181,48.25508595418485,3142.65,16.18777918226996,,,,,
2025-09-03T15:15:00.000000,3099.65,3102.6,3097.65,3101.4,1177,TCS,NaN,3097.425261216215,3096.6673471065283,49.71763467281985,3142.65,16.165269093723076,,,,,
2025-09-03T15:20:00.000000,3101.4,3102.0,3098.5,3100.05,1531,TCS,NaN,3097.950208972972,3096.9748610059346,50.599915693258815,3142.65,16.144366868643825,,,,,
2025-09-03T15:25:00.000000,3100.05,3101.9,3097.0,3101.3,1870,TCS,NaN,3098.620167178378,3097.3680554599405,51.66252498810252,3142.65,15.333541322084296,,,,,
2025-09-04T09:15:00.000000,3120.0,3120.0,3103.35,3111.0,3599,TCS,NaN,3101.0961337427025,3098.6073231454006,53.93960100292996,3120.0,18.348693862105822,,,,,
2025-09-04T09:20:00.000000,3113.2,3114.0,3105.5,3105.5,2516,TCS,NaN,3101.976906994162,3099.233930132182,54.69914093682001,3120.0,21.148478363554382,,,,,
2025-09-04T09:25:00.000000,3105.65,3107.8,3101.2,3105.0,2350,TCS,NaN,3102.58152559533,3099.758118301984,55.28383107872648,3120.0,22.25784876347355,,,,,
2025-09-04T09:30:00.000000,3105.0,3111.3,3105.0,3109.65,1426,TCS,NaN,3103.995220476264,3100.6573802745306,56.36593203036998,3120.0,23.758447274610557,,,,,
2025-09-04T09:35:00.000000,3109.9,3114.0,3109.1,3110.4,1565,TCS,NaN,3105.2761763810113,3101.543072976846,57.42474523634985,3120.0,25.474199598976007,,,,,
2025-09-04T09:40:00.000000,3111.8,3113.2,3107.65,3107.65,1231,TCS,NaN,3105.750941104809,3102.098248160769,57.802916169147544,3120.0,26.603160594073138,,,,,
2025-09-04T09:45:00.000000,3107.7,3112.2,3105.05,3110.8,1099,TCS,NaN,3106.760752883847,3102.8893165097898,58.513248743425116,3120.0,26.861536654432623,,,,,
2025-09-04T09:50:00.000000,3110.75,3113.95,3108.0,3111.4,4569,TCS,NaN,3107.688602307078,3103.6630150089,59.22252337286535,3120.0,27.369082128455656,,,,,
2025-09-04T09:55:00.000000,3111.4,3112.7,3108.75,3111.6,2832,TCS,NaN,3108.4708818456625,3104.384559099,59.887503935658394,3120.0,27.840374354334184,,,,,
2025-09-04T10:00:00.000000,3111.6,3112.95,3110.0,3111.3,640,TCS,NaN,3109.03670547653,3105.0132355445453,60.41692371503767,3120.0,28.319592273788846,,,,,
2025-09-04T10:05:00.000000,3111.3,3112.75,3107.75,3107.75,1709,TCS,NaN,3108.7793643812242,3105.262032313223,60.10191813735755,3120.0,28.0078920341674,,,,,
2025-09-04T10:10:00.000000,3107.75,3112.9,3107.65,3109.1,5771,TCS,NaN,3108.8434915049793,3105.610938466566,60.0194498974744,3120.0,27.74898749825376,,,,,
2025-09-04T10:15:00.000000,3109.1,3112.15,3107.5,3110.55,1165,TCS,NaN,3109.1847932039836,3106.0599440605147,60.15541597084597,3120.0,27.455118958535703,,,,,
2025-09-04T10:20:00.000000,3110.55,3114.0,3110.25,3113.4,1607,TCS,NaN,3110.027834563187,3106.727221873195,60.656576999106875,3120.0,27.585899895716587,,,,,
2025-09-04T10:25:00.000000,3113.4,3113.4,3111.95,3112.95,391,TCS,NaN,3110.6122676505493,3107.2929289756316,61.00278056621129,3120.0,27.707339337384553,,,,,
2025-09-04T10:30:00.000000,3112.95,3113.5,3110.0,3112.6,1155,TCS,NaN,3111.0098141204394,3107.7753899778468,61.22899777717513,3120.0,27.053993971699093,,,,,
2025-09-04T10:35:00.000000,3112.6,3114.35,3110.35,3113.55,2281,TCS,NaN,3111.5178512963516,3108.3003545253155,61.572775471867836,3120.0,26.665364003140247,,,,,
2025-09-04T10:40:00.000000,3113.55,3114.25,3103.05,3103.05,2402,TCS,NaN,3109.824281037081,3107.823049568469,59.896001460521845,3120.0,25.453147275614647,,,,,
2025-09-04T10:45:00.000000,3103.0,3105.8,3100.0,3102.75,7066,TCS,NaN,3108.409424829665,3107.3618632440625,58.33785249340619,3120.0,24.997120720323586,,,,,
2025-09-04T10:50:00.000000,3102.75,3103.65,3100.0,3100.0,2413,TCS,NaN,3106.727539863732,3106.692602949148,56.56209864771262,3120.0,24.573667490410454,,,,,
2025-09-04T10:55:00.000000,3100.0,3101.7,3098.25,3100.3,2601,TCS,NaN,3105.4420318909856,3106.1114572264983,55.01441675978126,3120.0,24.553983567853987,,,,,
2025-09-04T11:00:00.000000,3100.3,3103.2,3097.55,3100.5,4452,TCS,NaN,3104.4536255127887,3105.601324751362,53.655717187676736,3120.0,24.03596668599572,,,,,
2025-09-04T11:05:00.000000,3100.5,3101.65,3099.9,3100.6,188,TCS,NaN,3103.682900410231,3105.1466588648746,52.44855797453434,3120.0,23.554951009984475,,,,,
2025-09-04T11:10:00.000000,3100.6,3101.0,3098.3,3098.45,752,TCS,NaN,3102.636320328185,3104.5378716953405,51.0313379384542,3120.0,23.49283139620547,,,,,
2025-09-04T11:15:00.000000,3098.45,3099.9,3098.0,3098.45,402,TCS,NaN,3101.7990562625478,3103.984428813946,49.7490912391436,3120.0,23.506799411812683,,,,,
2025-09-04T11:20:00.000000,3098.45,3099.9,3095.0,3095.85,2956,TCS,NaN,3100.609245010038,3103.2449352854055,48.21477675106497,3120.0,24.188010362839012,,,,,
2025-09-04T11:25:00.000000,3095.85,3098.35,3095.85,3097.3,511,TCS,NaN,3099.9473960080304,3102.704486623096,47.200104331738906,3120.0,24.820563388792035,,,,,
2025-09-04T11:30:00.000000,3098.35,3101.25,3096.25,3101.25,2231,TCS,NaN,3100.2079168064242,3102.572260566451,47.16074372952569,3120.0,24.25963780466194,,,,,
2025-09-04T11:35:00.000000,3101.25,3101.25,3098.85,3100.55,1158,TCS,NaN,3100.2763334451392,3102.3884186967734,47.002922908392094,3120.0,23.738778333683992,,,,,
2025-09-04T11:40:00.000000,3100.55,3103.5,3100.55,3103.5,557,TCS,NaN,3100.9210667561115,3102.489471542521,47.434653983275695,3120.0,22.435802401961528,,,,,
2025-09-04T11:45:00.000000,3103.5,3106.2,3100.7,3105.25,8727,TCS,NaN,3101.7868534048894,3102.7404286750193,48.130115303346315,3120.0,21.28816222191012,,,,,
2025-09-04T11:50:00.000000,3105.25,3106.5,3103.5,3106.5,280,TCS,NaN,3102.7294827239116,3103.082207886381,48.967763439276,3120.0,20.311312213768417,,,,,
2025-09-04T11:55:00.000000,3106.5,3106.5,3103.25,3103.5,462,TCS,NaN,3102.8835861791295,3103.1201889876193,49.12340573057291,3120.0,19.313707714219763,,,,,
2025-09-04T12:00:00.000000,3103.5,3105.0,3102.75,3102.75,385,TCS,NaN,3102.8568689433037,3103.0865354432904,49.1242821568982,3120.0,18.199437618067083,,,,,
2025-09-04T12:05:00.000000,3102.75,3107.15,3102.75,3105.45,2596,TCS,NaN,3103.375495154643,3103.3013958575366,49.61528084700042,3120.0,17.87168687156103,,,,,
2025-09-04T12:10:00.000000,3105.45,3105.5,3102.4,3103.95,2452,TCS,NaN,3103.490396123714,3103.3603598704876,49.76442255899548,3120.0,17.423702009341106,,,,,
2025-09-04T12:15:00.000000,3103.95,3105.3,3101.25,3101.25,309,TCS,NaN,3103.0423168989714,3103.1685089731704,49.41372163312605,3120.0,16.537860380126812,,,,,
2025-09-04T12:20:00.000000,3102.9,3103.0,3099.5,3099.6,622,TCS,NaN,3102.353853519177,3102.8440990665185,48.826362488100436,3120.0,15.65865987956508,,,,,
2025-09-04T12:25:00.000000,3101.25,3101.25,3097.15,3097.45,563,TCS,NaN,3101.3730828153416,3102.3537264241077,47.96756680383211,3120.0,15.615215854719988,,,,,
2025-09-04T12:30:00.000000,3098.95,3099.35,3096.15,3096.15,846,TCS,NaN,3100.3284662522733,3101.7897512946433,47.00398725436038,3120.0,15.87360169348115,,,,,
2025-09-04T12:35:00.000000,3096.15,3101.75,3095.95,3100.45,8403,TCS,NaN,3100.3527730018186,3101.667955722403,47.015000699375335,3120.0,15.152171353943853,,,,,
2025-09-04T12:40:00.000000,3100.45,3101.8,3098.25,3099.45,1044,TCS,NaN,3100.1722184014548,3101.4663233840024,46.863371817900386,3120.0,14.463185831379542,,,,,
2025-09-04T12:45:00.000000,3099.9,3102.0,3098.85,3101.95,1054,TCS,NaN,3100.527774721164,3101.510293985457,47.18556287848036,3120.0,13.742287786416474,,,,,
2025-09-04T12:50:00.000000,3101.95,3102.0,3099.0,3102.0,253,TCS,NaN,3100.822219776931,3101.554812714052,47.48607180600943,3120.0,13.072882458950769,,,,,
2025-09-04T12:55:00.000000,3102.0,3104.0,3099.75,3102.05,847,TCS,NaN,3101.0677758215447,3101.599829740047,47.767617903704355,3120.0,12.654354392037778,,,,,
2025-09-04T13:00:00.000000,3102.05,3102.8,3100.5,3102.8,653,TCS,NaN,3101.414220657236,3101.7089361273156,48.17305925596762,3120.0,12.265721187047145,,,,,
2025-09-04T13:05:00.000000,3102.8,3105.0,3102.4,3102.4,1475,TCS,NaN,3101.6113765257887,3101.7717601157415,48.45065338974679,3120.0,12.72688413826087,,,,,
2025-09-04T13:10:00.000000,3102.4,3106.75,3101.05,3106.3,4033,TCS,NaN,3102.549101220631,3102.1834182870375,49.44261907892604,3120.0,13.7127104802689,,,,,
2025-09-04T13:15:00.000000,3106.3,3108.0,3105.05,3108.0,8665,TCS,NaN,3103.639280976505,3102.7121984427613,50.612248892938304,3120.0,14.989174471431749,,,,,
2025-09-04T13:20:00.000000,3107.95,3108.7,3104.3,3106.6,2941,TCS,NaN,3104.2314247812037,3103.065634947965,51.3293386117544,3120.0,15.774425993432803,,,,,
2025-09-04T13:25:00.000000,3106.6,3107.95,3106.05,3106.5,143,TCS,NaN,3104.685139824963,3103.3778499526957,51.95352478756118,3120.0,16.50358812100521,,,,,
2025-09-04T13:30:00.000000,3106.5,3107.5,3103.7,3105.2,988,TCS,NaN,3104.7881118599703,3103.543499956996,52.195357113850406,3120.0,15.975274701725942,,,,,
2025-09-04T13:35:00.000000,3106.5,3106.85,3103.9,3105.1,3156,TCS,NaN,3104.850489487976,3103.6849999609058,52.38909653232273,3120.0,15.484697955252333,,,,,
2025-09-04T13:40:00.000000,3105.1,3106.5,3101.55,3104.6,263,TCS,NaN,3104.800391590381,3103.7681817826415,52.433494404699324,3120.0,14.77604940200066,,,,,
2025-09-04T13:45:00.000000,3104.6,3104.95,3100.0,3102.1,476,TCS,NaN,3104.2603132723048,3103.6165288933103,51.86921688417036,3120.0,14.706109361703659,,,,,
2025-09-04T13:50:00.000000,3102.25,3104.8,3098.9,3100.5,17124,TCS,NaN,3103.5082506178437,3103.3332080848277,51.020120433396755,3120.0,15.025809316021636,,,,,
2025-09-04T13:55:00.000000,3099.75,3101.35,3097.55,3098.8,1492,TCS,NaN,3102.566600494275,3102.9210982589343,49.92288461415771,3120.0,15.762941594339805,,,,,
2025-09-04T14:00:00.000000,3098.8,3098.9,3097.25,3098.85,395,TCS,NaN,3101.82328039542,3102.550998417213,48.944788256343934,3120.0,16.543004542878144,,,,,
2025-09-04T14:05:00.000000,3098.85,3099.55,3096.0,3097.6,1361,TCS,NaN,3100.978624316336,3102.1009076520118,47.81803898843895,3120.0,17.65720222073245,,,,,
2025-09-04T14:10:00.000000,3097.6,3099.25,3096.05,3099.2,479,TCS,NaN,3100.622899453069,3101.837188774556,47.284341745882934,3120.0,18.691814350168592,,,,,
2025-09-04T14:15:00.000000,3099.2,3100.0,3097.1,3099.3,529,TCS,NaN,3100.358319562455,3101.6065352495966,46.831352291145855,3120.0,19.187659162560124,,,,,
2025-09-04T14:20:00.000000,3099.3,3100.6,3093.15,3093.15,2005,TCS,NaN,3098.916655649964,3100.837759317815,45.35028128860919,3120.0,20.807927243047846,,,,,
2025-09-04T14:25:00.000000,3093.15,3096.55,3090.85,3096.0,10751,TCS,NaN,3098.333324519971,3100.3979630161957,44.773395368375525,3120.0,22.81249334960017,,,,,
2025-09-04T14:30:00.000000,3096.0,3101.35,3094.4,3101.05,1119,TCS,NaN,3098.8766596159767,3100.4572391056327,45.30374338443028,3120.0,22.408779019576517,,,,,
2025-09-04T14:35:00.000000,3101.05,3101.05,3096.0,3096.0,684,TCS,NaN,3098.3013276927813,3100.052035550575,44.99784111401602,3120.0,22.0339014274117,,,,,
2025-09-04T14:40:00.000000,3096.0,3100.0,3096.0,3100.0,351,TCS,NaN,3098.641062154225,3100.0473050459773,45.39749078266337,3120.0,21.685800806115793,,,,,
2025-09-04T14:45:00.000000,3100.0,3100.0,3096.9,3098.5,1466,TCS,NaN,3098.61284972338,3099.9066409508882,45.53796815752942,3120.0,21.362564514912457,,,,,
2025-09-04T14:50:00.000000,3098.5,3101.7,3092.35,3093.75,2577,TCS,NaN,3097.640279778704,3099.3469463189895,45.046210259942775,3120.0,22.326204136270082,,,,,
2025-09-04T14:55:00.000000,3092.35,3097.45,3092.35,3096.55,7619,TCS,NaN,3097.422223822963,3099.0926784718085,45.06061319372867,3120.0,23.221012356102158,,,,,
2025-09-04T15:00:00.000000,3096.55,3100.25,3094.45,3095.3,31215,TCS,NaN,3096.9977790583707,3098.747889519826,44.912516220658475,3120.0,22.777819038706053,,,,,
2025-09-04T15:05:00.000000,3095.3,3100.25,3092.05,3096.9,55755,TCS,NaN,3096.9782232466964,3098.579899563478,45.0425259630737,3120.0,23.011248950729144,,,,,
2025-09-04T15:10:00.000000,3097.8,3100.3,3090.7,3095.4,59321,TCS,NaN,3096.662578597357,3098.2908177849804,44.95212163262947,3120.0,23.55466230375334,,,,,
2025-09-04T15:15:00.000000,3095.4,3100.05,3090.1,3096.7,50528,TCS,NaN,3096.6700628778854,3098.1461979863457,45.09499324083818,3120.0,24.201724124715163,,,,,
2025-09-04T15:20:00.000000,3096.7,3099.9,3093.55,3096.6,27622,TCS,NaN,3096.6560503023084,3098.0056345330413,45.20884790132016,3120.0,24.802567244179716,,,,,
2025-09-04T15:25:00.000000,3096.6,3098.0,3093.15,3093.15,6548,TCS,NaN,3095.954840241847,3097.5642132118555,44.80668621073802,3120.0,25.465149840302388,,,,,
2025-09-05T09:15:00.000000,3099.95,3104.6,3091.0,3095.85,3123,TCS,NaN,3095.9338721934773,3097.4083756471414,44.93781212305809,3104.6,23.881009702714938,,,,,
2025-09-05T09:20:00.000000,3095.85,3098.6,3090.1,3090.1,2570,TCS,NaN,3094.767097754782,3096.743977861038,44.31732754062095,3104.6,22.230490639276983,,,,,
2025-09-05T09:25:00.000000,3090.1,3093.0,3090.1,3092.0,1105,TCS,NaN,3094.2136782038256,3096.312707146398,44.08683695859102,3104.6,20.697865794656025,,,,,
2025-09-05T09:30:00.000000,3091.2,3098.65,3091.2,3098.35,1342,TCS,NaN,3095.0409425630605,3096.497915587635,44.812376705566734,3104.6,20.76612006894933,,,,,
2025-09-05T09:35:00.000000,3098.35,3099.15,3096.2,3097.8,481,TCS,NaN,3095.5927540504485,3096.61628689785,45.39248523783948,3104.6,20.9457269314018,,,,,
2025-09-05T09:40:00.000000,3097.8,3099.5,3093.85,3098.0,930,TCS,NaN,3096.0742032403587,3096.7420789980456,45.94555833158638,3104.6,20.27486596004198,,,,,
2025-09-05T09:45:00.000000,3098.0,3098.8,3095.25,3098.8,1746,TCS,NaN,3096.619362592287,3096.929162725496,46.563697157930775,3104.6,19.651923629493574,,,,,
2025-09-05T09:50:00.000000,3098.8,3101.35,3098.8,3099.75,907,TCS,NaN,3097.2454900738294,3097.185602477724,47.265116438552326,3104.6,19.74890317070871,,,,,
2025-09-05T09:55:00.000000,3099.75,3101.15,3096.0,3096.85,876,TCS,NaN,3097.1663920590636,3097.155093161567,47.419436645703804,3104.6,18.86885074894122,,,,,
2025-09-05T10:00:00.000000,3096.85,3097.6,3094.0,3095.05,958,TCS,NaN,3096.743113647251,3096.96372105597,47.28515619544778,3104.6,17.600323946981256,,,,,
2025-09-05T10:05:00.000000,3095.05,3095.05,3073.7,3083.45,16076,TCS,NaN,3094.084490917801,3095.7352009599726,45.89326352962842,3104.6,19.70605963889492,,,,,
2025-09-05T10:10:00.000000,3081.0,3082.0,3046.5,3049.45,23720,TCS,NaN,3085.1575927342406,3091.527455418157,43.14713745799295,3104.6,23.17896836873302,,,,,
2025-09-05T10:15:00.000000,3050.25,3050.25,3029.5,3036.45,8423,TCS,NaN,3075.4160741873925,3086.5204140165065,40.395435927267485,3104.6,26.88510886150706,,,,,
2025-09-05T10:20:00.000000,3036.45,3046.25,3030.0,3043.2,13942,TCS,NaN,3068.972859349914,3082.5821945604603,38.593346840545536,3104.6,30.32652503336867,,,,,
2025-09-05T10:25:00.000000,3043.5,3064.5,3037.05,3059.3,16086,TCS,NaN,3067.038287479931,3080.4656314186004,38.292678298934,3104.6,30.903596604640853,,,,,
2025-09-05T10:30:00.000000,3059.3,3061.7,3045.0,3045.35,11277,TCS,NaN,3062.700629983945,3077.273301289637,37.54037868195794,3104.6,31.43944877796502,,,,,
2025-09-05T10:35:00.000000,3045.35,3059.95,3044.15,3058.25,6615,TCS,NaN,3061.810503987156,3075.5439102633063,37.68258391240933,3104.6,31.986234345519787,,,,,
2025-09-05T10:40:00.000000,3057.0,3058.2,3047.4,3055.65,1091,TCS,NaN,3060.578403189725,3073.735372966642,37.71371648573971,3104.6,32.493963801106354,,,,,
2025-09-05T10:45:00.000000,3055.65,3062.25,3053.0,3055.9,2229,TCS,NaN,3059.64272255178,3072.11397542422,37.75787947256022,3104.6,32.38710608040582,,,,,
2025-09-05T10:50:00.000000,3055.9,3059.75,3051.2,3051.2,2396,TCS,NaN,3057.954178041424,3070.212704931109,37.60876433151523,3104.6,32.42147566785999,,,,,
2025-09-05T10:55:00.000000,3051.2,3053.0,3048.0,3050.15,2179,TCS,NaN,3056.393342433139,3068.3888226646445,37.431260212333775,3104.6,32.689952261644024,,,,,
2025-09-05T11:00:00.000000,3050.15,3059.65,3048.0,3056.7,1414,TCS,NaN,3056.4546739465113,3067.326202422404,37.739700493377924,3104.6,31.972077900937784,,,,,
2025-09-05T11:05:00.000000,3056.7,3056.7,3045.0,3045.6,2166,TCS,NaN,3054.283739157209,3065.3510931112764,37.543450032910975,3104.6,31.5601076263051,,,,,
2025-09-05T11:10:00.000000,3045.6,3046.9,3042.1,3042.6,1916,TCS,NaN,3051.946991325767,3063.2828119193423,37.248707203374266,3104.6,31.418848144888592,,,,,
2025-09-05T11:15:00.000000,3042.7,3043.9,3040.0,3041.45,1869,TCS,NaN,3049.8475930606137,3061.2980108357656,36.935983496575616,3104.6,31.461040342378396,,,,,
2025-09-05T11:20:00.000000,3041.45,3044.0,3040.0,3041.75,802,TCS,NaN,3048.228074448491,3059.520918941605,36.67774573670747,3104.6,31.48358176640446,,,,,
2025-09-05T11:25:00.000000,3041.75,3041.75,3037.4,3039.0,1851,TCS,NaN,3046.382459558793,3057.6553808560047,36.32243219532339,3104.6,31.733926957335466,,,,,
2025-09-05T11:30:00.000000,3039.0,3041.8,3037.0,3037.0,1251,TCS,NaN,3044.5059676470346,3055.7776189600045,35.91182712943772,3104.6,32.002330031513864,,,,,
2025-09-05T11:35:00.000000,3038.0,3040.9,3034.9,3034.9,3318,TCS,NaN,3042.5847741176276,3053.879653600004,35.445451136642774,3104.6,32.44473346953884,,,,,
2025-09-05T11:40:00.000000,3034.9,3036.0,3032.0,3034.15,2226,TCS,NaN,3040.897819294102,3052.0860487272766,34.98855485775584,3104.6,33.11462105257674,,,,,
2025-09-05T11:45:00.000000,3034.15,3034.15,3031.0,3032.3,3128,TCS,NaN,3039.1782554352817,3050.287317024797,34.486256783117646,3104.6,33.82529302884645,,,,,
2025-09-05T11:50:00.000000,3032.3,3036.5,3031.5,3035.35,1093,TCS,NaN,3038.412604348225,3048.929379113452,34.37525900421589,3104.6,33.96184497506511,,,,,
2025-09-05T11:55:00.000000,3035.95,3036.45,3033.0,3035.6,1075,TCS,NaN,3037.85008347858,3047.7176173758653,34.30346536963271,3104.6,34.088643210839585,,,,,
2025-09-05T12:00:00.000000,3036.25,3036.25,3032.0,3034.55,890,TCS,NaN,3037.190066782864,3046.5205612507866,34.17451253248224,3104.6,34.31954367420373,,,,,
2025-09-05T12:05:00.000000,3034.55,3041.3,3033.5,3040.9,1186,TCS,NaN,3037.932053426291,3046.009601137079,34.793319931401655,3104.6,33.374365337841,,,,,
2025-09-05T12:10:00.000000,3040.9,3041.3,3037.0,3037.0,975,TCS,NaN,3037.745642741033,3045.1905464882534,35.07900137108983,3104.6,32.4966997397899,,,,,
2025-09-05T12:15:00.000000,3037.0,3040.0,3037.0,3040.0,644,TCS,NaN,3038.1965141928263,3044.718678625685,35.66563979813514,3104.6,31.681724541599582,,,,,
2025-09-05T12:20:00.000000,3040.0,3042.85,3039.6,3041.0,2173,TCS,NaN,3038.757211354261,3044.3806169324407,36.305515867356924,3104.6,30.259673871555172,,,,,
2025-09-05T12:25:00.000000,3041.0,3042.25,3040.0,3040.0,668,TCS,NaN,3039.0057690834087,3043.9823790294918,36.80144122532712,3104.6,28.93919824937107,,,,,
2025-09-05T12:30:00.000000,3040.0,3042.0,3037.0,3038.25,883,TCS,NaN,3038.854615266727,3043.4612536631744,37.102627367332616,3104.6,28.25402060320858,,,,,
2025-09-05T12:35:00.000000,3038.25,3038.25,3035.2,3037.35,1226,TCS,NaN,3038.5536922133815,3042.90568514834,37.29807264341358,3104.6,27.920539235372768,,,,,
2025-09-05T12:40:00.000000,3037.35,3038.9,3035.2,3036.75,804,TCS,NaN,3038.192953770705,3042.346077407582,37.421478090664785,3104.6,27.434080822028374,,,,,
2025-09-05T12:45:00.000000,3036.75,3039.0,3035.0,3036.45,1665,TCS,NaN,3037.844363016564,3041.810070370529,37.504992031347946,3104.6,27.019519405582713,,,,,
2025-09-05T12:50:00.000000,3036.45,3036.6,3034.5,3035.95,703,TCS,NaN,3037.4654904132512,3041.277336700481,37.53111304184904,3104.6,26.732196419127117,,,,,
2025-09-05T12:55:00.000000,3035.95,3039.5,3035.0,3038.0,1489,TCS,NaN,3037.572392330601,3040.9793970004375,37.889365971940784,3104.6,25.60237314775608,,,,,
2025-09-05T13:00:00.000000,3038.0,3041.1,3037.0,3038.45,1687,TCS,NaN,3037.747913864481,3040.7494518185795,38.28715286626225,3104.6,24.116345883764627,,,,,
2025-09-05T13:05:00.000000,3038.45,3040.95,3038.4,3039.15,744,TCS,NaN,3038.0283310915847,3040.6040471077995,38.766185966601824,3104.6,22.736463424343988,,,,,
2025-09-05T13:10:00.000000,3039.15,3040.7,3038.45,3039.95,1595,TCS,NaN,3038.4126648732677,3040.5445882798176,39.339339921603845,3104.6,21.45514399773911,,,,,
2025-09-05T13:15:00.000000,3039.95,3044.45,3038.7,3043.0,2818,TCS,NaN,3039.330131898614,3040.767807527107,40.36311380204032,3104.6,20.62037393811155,,,,,
2025-09-05T13:20:00.000000,3043.0,3043.0,3039.15,3040.2,507,TCS,NaN,3039.5041055188913,3040.716188661006,40.87559141081285,3104.6,19.845230311314527,,,,,
2025-09-05T13:25:00.000000,3040.2,3045.2,3039.8,3043.35,1881,TCS,NaN,3040.273284415113,3040.95562605546,41.83065323450054,3104.6,19.682313415401495,,,,,
2025-09-05T13:30:00.000000,3043.35,3045.6,3043.35,3045.6,375,TCS,NaN,3041.3386275320904,3041.3778418686,43.01348811934398,3104.6,19.628990956764646,,,,,
2025-09-05T13:35:00.000000,3045.6,3048.0,3042.9,3047.4,700,TCS,NaN,3042.5509020256723,3041.9253107896366,44.32535946210706,3104.6,20.14149020064766,,,,,
2025-09-05T13:40:00.000000,3047.4,3048.75,3045.9,3047.9,875,TCS,NaN,3043.620721620538,3042.468464354215,45.57946522127888,3104.6,20.782761224915873,,,,,
2025-09-05T13:45:00.000000,3048.5,3052.5,3047.95,3050.5,2219,TCS,NaN,3044.9965772964306,3043.198603958377,47.053178410008194,3104.6,22.11506057870132,,,,,
2025-09-05T13:50:00.000000,3050.5,3050.5,3046.0,3049.55,712,TCS,NaN,3045.9072618371447,3043.7760035985248,48.201028250639226,3104.6,22.601654741920182,,,,,
2025-09-05T13:55:00.000000,3049.55,3052.5,3048.15,3050.4,946,TCS,NaN,3046.8058094697158,3044.378185089568,49.35571741484601,3104.6,23.443579723967606,,,,,
2025-09-05T14:00:00.000000,3050.4,3053.5,3050.4,3051.9,551,TCS,NaN,3047.824647575773,3045.061986445062,50.60311764874135,3104.6,24.411570085241667,,,,,
2025-09-05T14:05:00.000000,3051.9,3051.9,3048.8,3050.0,769,TCS,NaN,3048.259718060618,3045.510896768238,51.326177109636085,3104.6,24.683429956293942,,,,,
2025-09-05T14:10:00.000000,3050.85,3051.0,3048.05,3050.15,881,TCS,NaN,3048.6377744484944,3045.932633425671,52.003320244653544,3104.6,24.648923995628554,,,,,
2025-09-05T14:15:00.000000,3050.15,3052.0,3048.3,3050.0,856,TCS,NaN,3048.9102195587957,3046.3023940233375,52.58164388691124,3104.6,24.849977965637407,,,,,
2025-09-05T14:20:00.000000,3050.0,3051.2,3049.35,3050.0,360,TCS,NaN,3049.1281756470366,3046.6385400212157,53.10488908704915,3104.6,25.03667093778849,,,,,
2025-09-05T14:25:00.000000,3050.0,3051.55,3049.0,3050.5,502,TCS,NaN,3049.4025405176294,3046.989581837469,53.6712979298918,3104.6,25.29901744296211,,,,,
2025-09-05T14:30:00.000000,3050.5,3050.9,3049.55,3050.1,305,TCS,NaN,3049.5420324141037,3047.272347124972,54.07313042023096,3104.6,25.542624912051902,,,,,
2025-09-05T14:35:00.000000,3050.1,3050.5,3046.9,3046.9,1172,TCS,NaN,3049.013625931283,3047.238497386338,53.6377095337874,3104.6,24.56398851653254,,,,,
2025-09-05T14:40:00.000000,3046.9,3050.95,3046.9,3049.7,656,TCS,NaN,3049.1509007450263,3047.4622703512164,53.82160442733398,3104.6,23.802638175252554,,,,,
2025-09-05T14:45:00.000000,3049.7,3050.6,3048.0,3049.05,870,TCS,NaN,3049.130720596021,3047.6066094101966,53.83365616685428,3104.6,23.09567000120685,,,,,
2025-09-05T14:50:00.000000,3049.05,3050.5,3049.05,3050.5,992,TCS,NaN,3049.404576476817,3047.8696449183603,54.13170350394456,3104.6,22.4391995538787,,,,,
2025-09-05T14:55:00.000000,3050.5,3050.95,3048.9,3049.9,869,TCS,NaN,3049.5036611814535,3048.0542226530547,54.24757665823706,3104.6,22.004283939860994,,,,,
2025-09-05T15:00:00.000000,3049.9,3050.95,3049.0,3050.0,1176,TCS,NaN,3049.6029289451626,3048.231111502777,54.37394194674587,3104.6,21.600433726844553,,,,,
2025-09-05T15:05:00.000000,3050.3,3051.75,3049.0,3051.75,876,TCS,NaN,3050.03234315613,3048.55101045707,54.85677535255932,3104.6,21.555967994210043,,,,,
2025-09-05T15:10:00.000000,3051.75,3051.75,3047.2,3047.2,1788,TCS,NaN,3049.465874524904,3048.428191324609,54.18369050260951,3104.6,20.493268089214478,,,,,
2025-09-05T15:15:00.000000,3048.6,3050.65,3046.5,3047.6,3041,TCS,NaN,3049.092699619923,3048.35290120419,53.66532316753132,3104.6,19.147060328448607,,,,,
2025-09-05T15:20:00.000000,3047.6,3049.3,3046.0,3049.0,2828,TCS,NaN,3049.0741596959388,3048.4117283674454,53.51009374215634,3104.6,17.916024907130986,,,,,
2025-09-05T15:25:00.000000,3049.0,3050.0,3046.05,3049.0,3365,TCS,NaN,3049.059327756751,3048.4652076067687,53.369648071578986,3104.6,16.864701528450016,,,,,
2025-09-08T09:15:00.000000,3048.5,3066.55,3046.05,3046.05,18412,TCS,NaN,3048.4574622054006,3048.245643278881,52.56984597724625,3066.55,19.765858901645718,,,,,
2025-09-08T09:20:00.000000,3046.05,3051.25,3042.1,3046.85,7138,TCS,NaN,3048.1359697643206,3048.1187666171645,52.04606212798396,3066.55,21.04273303145544,,,,,
2025-09-08T09:25:00.000000,3046.85,3055.85,3046.85,3051.75,3324,TCS,NaN,3048.8587758114563,3048.448878742877,52.585283013169594,3066.55,22.836104720282655,,,,,
2025-09-08T09:30:00.000000,3051.75,3053.4,3049.0,3051.9,2687,TCS,NaN,3049.467020649165,3048.762617038979,53.09966085663993,3066.55,24.501378431336494,,,,,
2025-09-08T09:35:00.000000,3051.9,3053.0,3048.8,3049.15,2958,TCS,NaN,3049.403616519332,3048.7978336717993,52.92992025799639,3066.55,25.97637564185622,,,,,
2025-09-08T09:40:00.000000,3050.8,3052.25,3045.8,3049.85,3001,TCS,NaN,3049.4928932154658,3048.893485156181,52.91804911997522,3066.55,26.31541307129923,,,,,
2025-09-08T09:45:00.000000,3048.5,3051.65,3048.5,3050.9,1911,TCS,NaN,3049.7743145723725,3049.0758955965284,53.118777993290045,3066.55,26.630233541496313,,,,,
2025-09-08T09:50:00.000000,3050.9,3050.9,3046.9,3048.2,1828,TCS,NaN,3049.459451657898,3048.996268724117,52.69631609689947,3066.55,26.38171743554623,,,,,
2025-09-08T09:55:00.000000,3048.2,3048.2,3037.15,3038.7,5391,TCS,NaN,3047.3075613263186,3048.0602442946515,50.904615906244295,3066.55,25.2664499460004,,,,,
2025-09-08T10:00:00.000000,3038.95,3042.5,3038.35,3039.95,2811,TCS,NaN,3045.836049061055,3047.322949358774,49.543596739304235,3066.55,24.23084441999356,,,,,
2025-09-08T10:05:00.000000,3039.95,3042.15,3025.0,3025.6,11720,TCS,NaN,3041.788839248844,3045.3481357807036,47.13359331494585,3066.55,25.208642124404538,,,,,
2025-09-08T10:10:00.000000,3025.6,3033.6,3025.6,3027.7,3896,TCS,NaN,3038.9710713990753,3043.7437598006395,45.318022299690654,3066.55,26.116597135643303,,,,,
2025-09-08T10:15:00.000000,3027.7,3029.5,3023.0,3027.15,4220,TCS,NaN,3036.6068571192604,3042.2352361823996,43.63776553874919,3066.55,27.244865002941626,,,,,
2025-09-08T10:20:00.000000,3025.9,3027.7,3023.15,3024.2,3076,TCS,NaN,3034.1254856954083,3040.595669256727,41.91950419510066,3066.55,28.29254230829007,,,,,
2025-09-08T10:25:00.000000,3024.15,3029.5,3023.05,3026.5,2929,TCS,NaN,3032.600388556327,3039.3142447788427,40.785376525304514,3066.55,28.76768166112416,,,,,
2025-09-08T10:30:00.000000,3026.5,3028.9,3023.0,3025.55,2744,TCS,NaN,3031.1903108450615,3038.062949798948,39.68575754955154,3066.55,29.215697705155346,,,,,
2025-09-08T10:35:00.000000,3025.55,3028.05,3022.5,3027.7,2909,TCS,NaN,3030.4922486760493,3037.120863453589,39.08834352069313,3066.55,29.703860058456936,,,,,
2025-09-08T10:40:00.000000,3027.7,3029.95,3026.15,3028.5,1382,TCS,NaN,3030.0937989408394,3036.337148594172,38.694247341895846,3066.55,29.575787170072886,,,,,
2025-09-08T10:45:00.000000,3028.5,3029.3,3025.45,3026.85,3437,TCS,NaN,3029.4450391526716,3035.4746805401564,38.17530730393405,3066.55,29.57625088449123,,,,,
2025-09-08T10:50:00.000000,3026.85,3027.0,3022.05,3023.0,2231,TCS,NaN,3028.156031322137,3034.3406186728694,37.360051633612706,3066.55,30.12071597021352,,,,,
2025-09-08T10:55:00.000000,3023.0,3024.65,3021.45,3024.0,2280,TCS,NaN,3027.32482505771,3033.400562429881,36.82111889437875,3066.55,30.716641707689217,,,,,
2025-09-08T11:00:00.000000,3024.0,3024.0,3019.6,3020.0,3992,TCS,NaN,3025.859860046168,3032.18232948171,35.99168260722312,3066.55,31.545542083316644,,,,,
2025-09-08T11:05:00.000000,3020.0,3021.0,3018.75,3020.0,1274,TCS,NaN,3024.687888036934,3031.0748449833727,35.24124025217755,3066.55,32.439182224095156,,,,,
2025-09-08T11:10:00.000000,3020.0,3022.3,3019.0,3021.7,1061,TCS,NaN,3024.090310429547,3030.2225863485205,34.92414859258589,3066.55,32.783190218288496,,,,,
2025-09-08T11:15:00.000000,3021.7,3023.5,3020.3,3023.0,987,TCS,NaN,3023.8722483436377,3029.565987589564,34.907748538822815,3066.55,32.66312692691008,,,,,
2025-09-08T11:20:00.000000,3023.0,3025.55,3021.8,3022.0,3164,TCS,NaN,3023.49779867491,3028.8781705359675,34.7823626519117,3066.55,31.838163500156718,,,,,
2025-09-08T11:25:00.000000,3022.0,3023.0,3020.3,3022.55,644,TCS,NaN,3023.308238939928,3028.302882305425,34.791615771135234,3066.55,31.391259288195766,,,,,
2025-09-08T11:30:00.000000,3022.55,3024.85,3020.7,3024.5,1960,TCS,NaN,3023.5465911519423,3027.9571657322044,35.22769892389844,3066.55,30.3487077203251,,,,,
2025-09-08T11:35:00.000000,3024.75,3024.75,3021.05,3022.8,1343,TCS,NaN,3023.397272921554,3027.4883324838224,35.394239039989564,3066.55,29.38062412158805,,,,,
2025-09-08T11:40:00.000000,3022.8,3024.85,3020.7,3024.1,5152,TCS,NaN,3023.537818337243,3027.18030225802,35.83116866424502,3066.55,28.57154224525628,,,,,
2025-09-08T11:45:00.000000,3023.5,3024.3,3022.1,3023.5,1331,TCS,NaN,3023.5302546697944,3026.845729325473,36.13831501270962,3066.55,27.82025193151964,,,,,
2025-09-08T11:50:00.000000,3023.5,3025.0,3020.8,3022.55,6790,TCS,NaN,3023.3342037358357,3026.4552084777024,36.2749260667207,3066.55,27.480523346043963,,,,,
2025-09-08T11:55:00.000000,3022.55,3024.1,3021.45,3024.0,1012,TCS,NaN,3023.4673629886684,3026.232007707002,36.74790992727436,3066.55,27.165061088102266,,,,,
2025-09-08T12:00:00.000000,3024.0,3025.0,3022.35,3025.0,1184,TCS,NaN,3023.773890390935,3026.1200070063655,37.40987381884136,3066.55,26.46077912575539,,,,,
2025-09-08T12:05:00.000000,3025.0,3027.0,3025.0,3025.75,1249,TCS,NaN,3024.169112312748,3026.0863700057866,38.183992050369206,3066.55,24.962941886708705,,,,,
2025-09-08T12:10:00.000000,3025.75,3027.0,3025.5,3026.85,1015,TCS,NaN,3024.7052898501984,3026.1557909143517,39.138930363403865,3066.55,23.572093021879642,,,,,
2025-09-08T12:15:00.000000,3026.8,3027.95,3026.7,3027.85,730,TCS,NaN,3025.3342318801588,3026.309809922138,40.229034161496386,3066.55,21.892233030264997,,,,,
2025-09-08T12:20:00.000000,3027.85,3027.85,3026.0,3027.25,614,TCS,NaN,3025.717385504127,3026.3952817473983,41.07671800525609,3066.55,20.610803834701734,,,,,
2025-09-08T12:25:00.000000,3027.25,3027.85,3023.0,3023.9,2809,TCS,NaN,3025.3539084033014,3026.1684379521803,41.1536325086131,3066.55,20.491010681600773,,,,,
2025-09-08T12:30:00.000000,3023.9,3025.3,3023.0,3025.0,3032,TCS,NaN,3025.283126722641,3026.0622163201638,41.497554094031415,3066.55,20.37977418229274,,,,,
2025-09-08T12:35:00.000000,3025.0,3029.3,3023.9,3028.9,4822,TCS,NaN,3026.0065013781127,3026.3201966546944,42.64583388957064,3066.55,19.222531310770666,,,,,
2025-09-08T12:40:00.000000,3028.9,3029.3,3025.55,3028.0,4868,TCS,NaN,3026.40520110249,3026.472906049722,43.49071777240776,3066.55,18.14794864435731,,,,,
2025-09-08T12:45:00.000000,3028.0,3029.3,3026.3,3027.35,2153,TCS,NaN,3026.594160881992,3026.5526418633835,44.1141331827096,3066.55,17.150121882687767,,,,,
2025-09-08T12:50:00.000000,3027.35,3027.75,3025.5,3027.75,586,TCS,NaN,3026.8253287055936,3026.661492603076,44.767109663093336,3066.55,15.971151939213126,,,,,
2025-09-08T12:55:00.000000,3027.75,3029.0,3027.0,3028.65,265,TCS,NaN,3027.190262964475,3026.8422660027964,45.56020247625485,3066.55,15.303858602359284,,,,,
2025-09-08T13:00:00.000000,3028.75,3028.75,3025.05,3025.55,596,TCS,NaN,3026.86221037158,3026.7247872752696,45.57763385614956,3066.55,14.561834071744187,,,,,
2025-09-08T13:05:00.000000,3025.55,3028.6,3025.4,3027.0,4773,TCS,NaN,3026.8897682972643,3026.7498066138814,45.930298647344394,3066.55,13.87281129331588,,,,,
2025-09-08T13:10:00.000000,3027.0,3028.45,3026.25,3027.5,384,TCS,NaN,3027.0118146378113,3026.8180060126197,46.363561551752674,3066.55,13.233004427632453,,,,,
2025-09-08T13:15:00.000000,3027.5,3028.3,3024.35,3026.25,833,TCS,NaN,3026.8594517102492,3026.7663691023813,46.467900731265146,3066.55,13.429582524464832,,,,,
2025-09-08T13:20:00.000000,3026.25,3026.75,3024.15,3026.2,463,TCS,NaN,3026.7275613681995,3026.714881002165,46.550682709185935,3066.55,13.690285162355156,,,,,
2025-09-08T13:25:00.000000,3026.2,3027.35,3024.25,3027.35,511,TCS,NaN,3026.85204909456,3026.772619092877,46.92584126867929,3066.55,13.594655100564767,,,,,
2025-09-08T13:30:00.000000,3027.15,3028.0,3026.0,3027.3,341,TCS,NaN,3026.941639275648,3026.820562811706,47.25182921571223,3066.55,13.144781288477306,,,,,
2025-09-08T13:35:00.000000,3027.3,3027.75,3025.1,3025.1,523,TCS,NaN,3026.573311420518,3026.664148010642,46.98592883546736,3066.55,13.143361243160498,,,,,
2025-09-08T13:40:00.000000,3025.1,3026.0,3021.6,3025.0,6699,TCS,NaN,3026.2586491364145,3026.5128618278563,46.72124753788188,3066.55,14.435422097740997,,,,,
2025-09-08T13:45:00.000000,3025.0,3025.3,3022.05,3023.7,597,TCS,NaN,3025.7469193091315,3026.257147116233,46.17099698535864,3066.55,15.635192891280033,,,,,
2025-09-08T13:50:00.000000,3022.7,3024.35,3022.0,3022.7,1487,TCS,NaN,3025.1375354473053,3025.9337701056666,45.4484470827879,3066.55,16.766169786075018,,,,,
2025-09-08T13:55:00.000000,3022.7,3024.5,3022.0,3023.0,376,TCS,NaN,3024.7100283578443,3025.667063732424,44.90161686972347,3066.55,17.71310271335714,,,,,
2025-09-08T14:00:00.000000,3023.0,3024.5,3022.1,3023.25,359,TCS,NaN,3024.4180226862754,3025.44733066584,44.49953297098693,3066.55,18.592397574404828,,,,,
2025-09-08T14:05:00.000000,3023.25,3023.9,3022.0,3023.9,694,TCS,NaN,3024.31441814902,3025.306664241673,44.379987339998166,3066.55,19.451022704136488,,,,,
2025-09-08T14:10:00.000000,3023.9,3025.7,3023.0,3024.5,732,TCS,NaN,3024.3515345192163,3025.2333311287935,44.494557269606624,3066.55,18.937871484306886,,,,,
2025-09-08T14:15:00.000000,3024.5,3026.3,3024.2,3026.3,885,TCS,NaN,3024.741227615373,3025.3303010261757,45.20709629656862,3066.55,18.07644245062945,,,,,
2025-09-08T14:20:00.000000,3026.5,3026.8,3024.0,3024.0,1147,TCS,NaN,3024.5929820922984,3025.2093645692507,45.16286910347964,3066.55,16.961257271678676,,,,,
2025-09-08T14:25:00.000000,3024.0,3025.85,3023.25,3025.3,1175,TCS,NaN,3024.734385673839,3025.217604153864,45.53384309147616,3066.55,16.361451943832503,,,,,
2025-09-08T14:30:00.000000,3025.3,3029.3,3024.05,3029.3,1310,TCS,NaN,3025.647508539071,3025.5887310489675,46.86688132425284,3066.55,16.415322974768824,,,,,
2025-09-08T14:35:00.000000,3029.3,3029.3,3025.0,3026.2,690,TCS,NaN,3025.758006831257,3025.644300953607,47.24263942193288,3066.55,16.46534607492398,,,,,
2025-09-08T14:40:00.000000,3025.05,3026.5,3024.0,3026.0,1142,TCS,NaN,3025.8064054650054,3025.676637230552,47.53386584397962,3066.55,15.895611063862349,,,,,
2025-09-08T14:45:00.000000,3026.0,3026.0,3020.0,3020.8,4649,TCS,NaN,3024.8051243720042,3025.233306573229,46.743475247852686,3066.55,16.020411100909772,,,,,
2025-09-08T14:50:00.000000,3020.8,3023.95,3020.8,3022.65,704,TCS,NaN,3024.3740994976033,3024.9984605211175,46.47822589715615,3066.55,16.13629684959667,,,,,
2025-09-08T14:55:00.000000,3022.65,3023.8,3020.45,3022.0,714,TCS,NaN,3023.8992795980826,3024.725873201016,46.118617801198866,3066.55,16.38426636259965,,,,,
2025-09-08T15:00:00.000000,3022.0,3022.0,3019.05,3019.7,1308,TCS,NaN,3023.059423678466,3024.268975637287,45.39392959956113,3066.55,17.14972156798191,,,,,
2025-09-08T15:05:00.000000,3019.7,3020.0,3018.05,3019.0,2218,TCS,NaN,3022.2475389427727,3023.789977852079,44.6239073708703,3066.55,18.208846878120575,,,,,
2025-09-08T15:10:00.000000,3019.0,3019.0,3016.6,3017.7,2478,TCS,NaN,3021.3380311542182,3023.23634350189,43.718653465562284,3066.55,19.651878315841714,,,,,
2025-09-08T15:15:00.000000,3017.7,3020.0,3017.0,3019.0,3191,TCS,NaN,3020.8704249233747,3022.851221365355,43.266997388311346,3066.55,20.342915716128182,,,,,
2025-09-08T15:20:00.000000,3019.95,3021.3,3018.65,3020.0,3426,TCS,NaN,3020.6963399386996,3022.59201942305,43.13116598852695,3066.55,20.20717351812268,,,,,
2025-09-08T15:25:00.000000,3020.0,3023.25,3018.5,3023.25,3852,TCS,NaN,3021.2070719509597,3022.6518358391363,43.789872973888016,3066.55,19.06863053948236,,,,,
2025-09-09T09:15:00.000000,3034.9,3054.5,3032.5,3033.0,11877,TCS,NaN,3023.5656575607677,3023.5925780355783,45.87555059268025,3054.5,22.419883902880365,,,,,
2025-09-09T09:20:00.000000,3034.1,3045.9,3031.05,3041.0,3983,TCS,NaN,3027.0525260486143,3025.175070941435,48.470788185971614,3054.5,25.145585789306434,,,,,
2025-09-09T09:25:00.000000,3041.0,3044.0,3035.1,3041.35,8592,TCS,NaN,3029.9120208388913,3026.6455190376682,50.844731486208715,3054.5,27.676594683844932,,,,,
2025-09-09T09:30:00.000000,3041.35,3049.9,3039.95,3047.0,3320,TCS,NaN,3033.329616671113,3028.4959263978803,53.371257595730484,3054.5,30.40195526194043,,,,,
2025-09-09T09:35:00.000000,3047.0,3049.4,3044.05,3048.9,1318,TCS,NaN,3036.44369333689,3030.350842179891,55.76781317386158,3054.5,32.932647227314824,,,,,
2025-09-09T09:40:00.000000,3048.9,3059.7,3047.0,3056.0,4624,TCS,NaN,3040.354954669512,3032.682583799901,58.286211129253424,3054.5,35.80105707921506,,,,,
2025-09-09T09:45:00.000000,3056.0,3059.9,3047.25,3047.25,5188,TCS,NaN,3041.73396373561,3034.006894363546,59.11477313672698,3054.5,38.47308149637023,,,,,
2025-09-09T09:50:00.000000,3047.25,3051.95,3045.55,3051.95,1586,TCS,NaN,3043.777170988488,3035.6380857850418,60.16865896261682,3054.5,40.47285271902224,,,,,
2025-09-09T09:55:00.000000,3051.95,3052.0,3049.05,3049.15,1041,TCS,NaN,3044.8517367907903,3036.8664416227653,60.73149878227209,3054.5,42.33273119435713,,,,,
2025-09-09T10:00:00.000000,3049.15,3054.25,3047.0,3048.4,962,TCS,NaN,3045.561389432632,3037.9149469297868,61.13638631464724,3054.5,44.194419924043714,,,,,
2025-09-09T10:05:00.000000,3048.4,3048.4,3043.0,3045.8,1910,TCS,NaN,3045.609111546106,3038.63176993617,61.14193799850901,3054.5,44.75288543458452,,,,,
2025-09-09T10:10:00.000000,3045.8,3045.8,3040.15,3041.0,858,TCS,NaN,3044.6872892368847,3038.847063578336,60.54164882444354,3054.5,44.51719121372254,,,,,
2025-09-09T10:15:00.000000,3040.25,3044.0,3040.0,3041.5,3339,TCS,NaN,3044.0498313895077,3039.088239616669,60.04806512957147,3054.5,44.258706038145405,,,,,
2025-09-09T10:20:00.000000,3041.5,3044.5,3040.05,3044.5,1099,TCS,NaN,3044.139865111606,3039.5802178333356,59.89596212618095,3054.5,44.07729269583977,,,,,
2025-09-09T10:25:00.000000,3044.5,3049.45,3042.75,3046.55,2044,TCS,NaN,3044.6218920892848,3040.2138343939414,59.950255697929165,3054.5,44.44557440837513,,,,,
2025-09-09T10:30:00.000000,3046.55,3049.7,3046.0,3047.8,1049,TCS,NaN,3045.2575136714277,3040.903485812674,60.1155859012181,3054.5,44.81280241056256,,,,,
2025-09-09T10:35:00.000000,3047.8,3049.0,3045.3,3047.55,2291,TCS,NaN,3045.716010937142,3041.5077143751582,60.22637418132995,3054.5,44.93404965991109,,,,,
2025-09-09T10:40:00.000000,3047.55,3048.6,3045.75,3047.5,445,TCS,NaN,3046.0728087497137,3042.05246761378,60.31832206586667,3054.5,45.04663639144901,,,,,
2025-09-09T10:45:00.000000,3047.5,3051.95,3046.2,3051.65,2388,TCS,NaN,3047.188246999771,3042.924970557982,60.81788128404778,3054.5,45.54263324334249,,,,,
2025-09-09T10:50:00.000000,3051.65,3054.7,3049.8,3050.0,865,TCS,NaN,3047.7505975998165,3043.5681550527106,60.982534322081484,3054.5,46.288009263737784,,,,,
2025-09-09T10:55:00.000000,3050.0,3051.9,3049.2,3051.0,360,TCS,NaN,3048.400478079853,3044.243777320646,61.23551136394119,3054.5,46.76688973418411,,,,,
2025-09-09T11:00:00.000000,3051.0,3055.0,3051.0,3052.85,1232,TCS,NaN,3049.2903824638825,3045.0261612005875,61.65451944127154,3054.5,47.53474597080497,,,,,
2025-09-09T11:05:00.000000,3052.85,3053.0,3050.25,3051.65,1091,TCS,NaN,3049.762305971106,3045.6283283641706,61.802742799534926,3054.5,47.97250215622769,,,,,
2025-09-09T11:10:00.000000,3051.65,3052.1,3049.1,3050.55,725,TCS,NaN,3049.919844776885,3046.075753058337,61.72507042220943,3054.5,47.952805735986445,,,,,
2025-09-09T11:15:00.000000,3050.55,3050.55,3046.65,3048.0,1081,TCS,NaN,3049.535875821508,3046.250684598488,61.18587002446932,3054.5,47.0715594942587,,,,,
2025-09-09T11:20:00.000000,3048.0,3052.95,3047.5,3052.65,586,TCS,NaN,3050.1587006572063,3046.83244054408,61.270654027918305,3054.5,46.61858759548077,,,,,
2025-09-09T11:25:00.000000,3052.65,3054.1,3050.0,3052.0,1641,TCS,NaN,3050.526960525765,3047.302218676436,61.22802957603693,3054.5,46.36468020324232,,,,,
2025-09-09T11:30:00.000000,3052.0,3052.0,3048.8,3050.0,461,TCS,NaN,3050.421568420612,3047.547471524033,60.82631030543521,3054.5,45.69587900283984,,,,,
2025-09-09T11:35:00.000000,3050.0,3051.3,3047.55,3047.55,461,TCS,NaN,3049.8472547364895,3047.5477013854847,60.04810223119995,3054.5,44.63077320539069,,,,,
2025-09-09T11:40:00.000000,3047.55,3051.9,3047.55,3049.4,850,TCS,NaN,3049.7578037891917,3047.7160921686227,59.6077176356052,3054.5,43.75506264843222,,,,,
2025-09-09T11:45:00.000000,3049.4,3053.65,3049.4,3051.55,1216,TCS,NaN,3050.1162430313534,3048.0646292442025,59.49882443369769,3054.5,43.266318648372625,,,,,
2025-09-09T11:50:00.000000,3050.15,3053.0,3049.7,3051.0,457,TCS,NaN,3050.2929944250827,3048.3314811310934,59.297609569462416,3054.5,42.812484934031566,,,,,
2025-09-09T11:55:00.000000,3051.0,3052.75,3049.75,3052.75,595,TCS,NaN,3050.7843955400663,3048.7331646646303,59.3567958090259,3054.5,42.39106791357201,,,,,
2025-09-09T12:00:00.000000,3052.75,3053.0,3049.4,3050.85,417,TCS,NaN,3050.797516432053,3048.925604240573,59.0395123274699,3054.5,41.83840158553552,,,,,
2025-09-09T12:05:00.000000,3050.85,3050.85,3045.0,3048.1,288,TCS,NaN,3050.258013145642,3048.850549309612,58.261696993310075,3054.5,39.5690806873797,,,,,
2025-09-09T12:10:00.000000,3048.1,3051.3,3047.3,3051.3,240,TCS,NaN,3050.466410516514,3049.073226645102,58.041493899765044,3054.5,37.58848823505861,,,,,
2025-09-09T12:15:00.000000,3051.3,3053.0,3050.35,3053.0,707,TCS,NaN,3050.9731284132113,3049.430206041002,58.07646357502353,3054.5,36.2169077706411,,,,,
2025-09-09T12:20:00.000000,3051.8,3053.3,3050.4,3052.75,599,TCS,NaN,3051.328502730569,3049.73200549182,58.05935343497427,3054.5,35.024409624109104,,,,,
2025-09-09T12:25:00.000000,3051.1,3054.55,3050.0,3051.3,904,TCS,NaN,3051.322802184455,3049.874550447109,57.757709421102824,3054.5,34.25490004130333,,,,,
2025-09-09T12:30:00.000000,3051.3,3051.9,3048.3,3050.15,459,TCS,NaN,3051.088241747564,3049.8995913155536,57.262898419224776,3054.5,32.83702054336613,,,,,
2025-09-09T12:35:00.000000,3050.15,3050.8,3048.0,3049.6,1307,TCS,NaN,3050.7905933980514,3049.8723557414123,56.7081173792499,3054.5,31.39917150840032,,,,,
2025-09-09T12:40:00.000000,3049.6,3051.5,3049.55,3050.85,713,TCS,NaN,3050.8024747184413,3049.961232492193,56.43629634989718,3054.5,30.28814001962911,,,,,
2025-09-09T12:45:00.000000,3050.85,3055.85,3050.85,3055.0,1869,TCS,NaN,3051.641979774753,3050.41930226563,56.85412265044651,3054.5,30.42203001526557,,,,,
2025-09-09T12:50:00.000000,3055.0,3055.0,3052.2,3054.0,401,TCS,NaN,3052.1135838198024,3050.7448202414816,57.013687615786004,3054.5,30.54635643978514,,,,,
2025-09-09T12:55:00.000000,3054.0,3054.0,3049.0,3050.0,846,TCS,NaN,3051.690867055842,3050.677109310438,56.37901812722147,3054.5,29.321796047345888,,,,,
2025-09-09T13:00:00.000000,3050.0,3051.45,3048.15,3050.65,563,TCS,NaN,3051.4826936446734,3050.674644827671,55.91768184744015,3054.5,27.868630335212853,,,,,
2025-09-09T13:05:00.000000,3050.65,3052.25,3048.35,3049.5,274,TCS,NaN,3051.086154915739,3050.567858934246,55.28674188149229,3054.5,26.76661968448113,,,,,
2025-09-09T13:10:00.000000,3049.5,3050.95,3048.35,3049.65,698,TCS,NaN,3050.798923932591,3050.484417212951,54.74522599488356,3054.5,25.74332408023025,,,,,
2025-09-09T13:15:00.000000,3049.65,3050.25,3047.35,3048.0,685,TCS,NaN,3050.239139146073,3050.258561102683,53.93818125935405,3054.5,24.373302002540296,,,,,
2025-09-09T13:20:00.000000,3048.0,3049.45,3045.55,3047.25,206,TCS,NaN,3049.6413113168583,3049.985055547894,53.06779992214265,3054.5,22.863869487820704,,,,,
2025-09-09T13:25:00.000000,3047.25,3047.95,3045.55,3046.1,274,TCS,NaN,3048.9330490534867,3049.6318686799036,52.06735810744405,3054.5,21.462253581295375,,,,,
2025-09-09T13:30:00.000000,3046.1,3049.0,3046.1,3048.25,328,TCS,NaN,3048.7964392427893,3049.5062442544577,51.661707052210495,3054.5,20.129829166822933,,,,,
2025-09-09T13:35:00.000000,3048.25,3048.95,3045.0,3045.1,773,TCS,NaN,3048.0571513942314,3049.1056765949616,50.721291976697216,3054.5,18.946752989118117,,,,,
2025-09-09T13:40:00.000000,3045.1,3047.0,3043.0,3044.65,593,TCS,NaN,3047.375721115385,3048.7006150863285,49.79480004107118,3054.5,18.593962118004445,,,,,
2025-09-09T13:45:00.000000,3044.6,3044.6,3042.0,3043.15,976,TCS,NaN,3046.530576892308,3048.196013714844,48.70719019119437,3054.5,18.604738815068817,,,,,
2025-09-09T13:50:00.000000,3043.15,3045.0,3042.0,3045.0,2600,TCS,NaN,3046.2244615138466,3047.9054670134947,48.18211459570125,3054.5,18.4181365788746,,,,,
2025-09-09T13:55:00.000000,3045.0,3048.0,3043.5,3048.0,879,TCS,NaN,3046.5795692110773,3047.9140609213587,48.35709445667872,3054.5,17.266813459687615,,,,,
2025-09-09T14:00:00.000000,3048.0,3051.1,3043.9,3050.25,629,TCS,NaN,3047.313655368862,3048.126419019417,48.93649713516827,3054.5,17.239575124386846,,,,,
2025-09-09T14:05:00.000000,3050.25,3051.1,3043.5,3048.25,489,TCS,NaN,3047.5009242950896,3048.1376536540156,49.05593279407058,3054.5,17.044601078664456,,,,,
2025-09-09T14:10:00.000000,3048.25,3049.7,3046.6,3048.15,368,TCS,NaN,3047.6307394360715,3048.138776049105,49.143983237939416,3054.5,16.863553750493665,,,,,
2025-09-09T14:15:00.000000,3048.15,3048.15,3044.0,3045.9,209,TCS,NaN,3047.2845915488574,3047.935250953732,48.78527691466301,3054.5,15.709244153343638,,,,,
2025-09-09T14:20:00.000000,3045.9,3046.2,3043.55,3045.45,360,TCS,NaN,3046.917673239086,3047.709319048847,48.37667737909416,3054.5,14.808774584607054,,,,,
2025-09-09T14:25:00.000000,3045.45,3048.0,3045.4,3046.55,92,TCS,NaN,3046.844138591269,3047.6039264080428,48.264468418484384,3054.5,14.223702342634926,,,,,
2025-09-09T14:30:00.000000,3046.55,3049.0,3045.55,3045.55,684,TCS,NaN,3046.5853108730153,3047.4172058254935,47.95835142249711,3054.5,14.036571126312579,,,,,
2025-09-09T14:35:00.000000,3045.55,3047.05,3042.0,3045.8,730,TCS,NaN,3046.428248698412,3047.270187114085,47.744741412821114,3054.5,13.556521702410523,,,,,
2025-09-09T14:40:00.000000,3045.8,3048.95,3045.3,3046.2,677,TCS,NaN,3046.3825989587294,3047.1728973764407,47.657112304535936,3054.5,12.747964681589204,,,,,
2025-09-09T14:45:00.000000,3046.2,3049.95,3044.35,3049.95,286,TCS,NaN,3047.0960791669836,3047.42536125131,48.443900087687766,3054.5,12.33255922199059,,,,,
2025-09-09T14:50:00.000000,3049.95,3051.0,3047.35,3051.0,700,TCS,NaN,3047.8768633335867,3047.750328410282,49.361631958884004,3054.5,12.289268686435431,,,,,
2025-09-09T14:55:00.000000,3051.0,3054.0,3047.6,3047.6,1544,TCS,NaN,3047.8214906668695,3047.736662191165,49.384184631088424,3054.5,13.11173045368244,,,,,
2025-09-09T15:00:00.000000,3047.6,3051.7,3047.1,3049.5,990,TCS,NaN,3048.1571925334956,3047.896965628332,49.79236851178064,3054.5,13.663491500533278,,,,,
2025-09-09T15:05:00.000000,3049.95,3050.75,3046.1,3046.7,2565,TCS,NaN,3047.8657540267964,3047.7881505712107,49.58081648028808,3054.5,13.752140742309317,,,,,
2025-09-09T15:10:00.000000,3046.7,3050.0,3045.55,3048.6,2645,TCS,NaN,3048.012603221437,3047.8619550647372,49.77227660304821,3054.5,13.602559222112614,,,,,
2025-09-09T15:15:00.000000,3048.6,3053.0,3047.0,3047.8,4421,TCS,NaN,3047.9700825771497,3047.8563227861246,49.78041003699118,3054.5,14.361884020546906,,,,,
2025-09-09T15:20:00.000000,3047.8,3051.7,3046.7,3050.6,2770,TCS,NaN,3048.49606606172,3048.105747987386,50.32457971384679,3054.5,14.93299396973417,,,,,
2025-09-09T15:25:00.000000,3050.6,3054.0,3048.6,3052.0,3014,TCS,NaN,3049.196852849376,3048.459770897624,51.058840396285355,3054.5,16.07801367433412,,,,,
2025-09-10T09:15:00.000000,3055.0,3089.0,3055.0,3088.0,23286,TCS,NaN,3056.9574822795007,3052.054337179658,54.1710892868577,3108.5,20.32157372703014,,,,,
2025-09-10T09:20:00.000000,3088.0,3107.5,3088.0,3098.5,21980,TCS,NaN,3065.2659858236007,3056.2766701633254,57.23682263035329,3108.5,24.732192102977496,,,,,
2025-09-10T09:25:00.000000,3098.5,3104.1,3095.55,3103.7,8959,TCS,NaN,3072.9527886588803,3060.5878819666596,60.1134969976898,3108.5,28.827766309214326,,,,,
2025-09-10T09:30:00.000000,3102.85,3104.9,3098.0,3103.9,5153,TCS,NaN,3079.1422309271043,3064.525347242418,62.72011457040416,3108.5,32.64781817898666,,,,,
2025-09-10T09:35:00.000000,3103.9,3108.5,3102.5,3105.1,8618,TCS,NaN,3084.3337847416833,3068.2139520385617,65.10315742601107,3108.5,36.27146472698822,,,,,
2025-09-10T09:40:00.000000,3105.1,3111.7,3102.85,3107.65,13477,TCS,NaN,3088.9970277933467,3071.7990473077834,67.31204098308471,3108.5,39.70127517285253,,,,,
2025-09-10T09:45:00.000000,3107.65,3113.0,3101.95,3102.05,6051,TCS,NaN,3091.6076222346774,3074.5491339161667,68.49802797341293,3108.5,42.91234934967544,,,,,
2025-09-10T09:50:00.000000,3103.55,3107.2,3102.05,3104.25,3089,TCS,NaN,3094.136097787742,3077.2492126510606,69.64675037276126,3108.5,45.89406108529671,,,,,
2025-09-10T09:55:00.000000,3104.2,3108.0,3103.0,3103.1,2490,TCS,NaN,3095.9288782301937,3079.5992842282367,70.52011439479423,3108.5,48.68078952613545,,,,,
2025-09-10T10:00:00.000000,3103.1,3110.2,3103.1,3107.75,3197,TCS,NaN,3098.293102584155,3082.1584402074877,71.48396465594136,3108.5,51.3184560273887,,,,,
2025-09-10T10:05:00.000000,3107.75,3110.0,3104.9,3104.95,1623,TCS,NaN,3099.6244820673237,3084.230400188625,71.94997304142844,3108.5,53.76771777855243,,,,,
2025-09-10T10:10:00.000000,3104.95,3108.35,3104.95,3106.1,1636,TCS,NaN,3100.919585653859,3086.2185456260227,72.42300901317012,3108.5,56.042032261775894,,,,,
2025-09-10T10:15:00.000000,3106.1,3111.5,3105.5,3106.5,4305,TCS,NaN,3102.035668523087,3088.062314205475,72.86965122003684,3108.5,58.23261903542586,,,,,
2025-09-10T10:20:00.000000,3106.5,3107.65,3105.55,3106.8,972,TCS,NaN,3102.98853481847,3089.7657401867955,73.28859580346378,3108.5,60.266735325243694,,,,,
2025-09-10T10:25:00.000000,3106.8,3114.9,3106.8,3114.25,5075,TCS,NaN,3105.240827854776,3091.9915819879957,74.00109436077787,3108.5,62.31666808630184,,,,,
2025-09-10T10:30:00.000000,3113.2,3117.75,3110.85,3112.95,5305,TCS,NaN,3106.7826622838206,3093.8968927163596,74.42934583469086,3108.5,64.27301011247586,,,,,
2025-09-10T10:35:00.000000,3112.95,3121.0,3111.0,3120.0,8757,TCS,NaN,3109.4261298270567,3096.269902469418,75.10577437451265,3108.5,66.14554257927146,,,,,
2025-09-10T10:40:00.000000,3120.0,3122.0,3114.9,3119.75,13223,TCS,NaN,3111.490903861645,3098.4044567903798,75.67616261641906,3108.5,67.90102490290872,,,,,
2025-09-10T10:45:00.000000,3119.75,3121.1,3115.65,3115.65,1324,TCS,NaN,3112.3227230893162,3099.9722334457997,75.52434405448535,3108.5,69.53111563200046,,,,,
2025-09-10T10:50:00.000000,3115.65,3117.05,3112.6,3114.85,3366,TCS,NaN,3112.828178471453,3101.3247576779995,75.26106552171555,3108.5,69.95488919941081,,,,,
2025-09-10T10:55:00.000000,3116.0,3116.6,3113.1,3114.0,1066,TCS,NaN,3113.0625427771624,3102.477052434545,74.88418423254694,3108.5,70.34839322629186,,,,,
2025-09-10T11:00:00.000000,3113.5,3119.75,3113.5,3116.6,1930,TCS,NaN,3113.77003422173,3103.7609567586774,74.7122207189297,3108.5,70.86704706975776,,,,,
2025-09-10T11:05:00.000000,3118.0,3119.85,3116.6,3118.45,1344,TCS,NaN,3114.706027377384,3105.0963243260703,74.67264518685505,3108.5,71.35342133860216,,,,,
2025-09-10T11:10:00.000000,3118.45,3119.9,3114.65,3116.0,1515,TCS,NaN,3114.9648219019073,3106.087567569155,74.20790589016498,3108.5,71.05744497738701,,,,,
2025-09-10T11:15:00.000000,3116.0,3116.7,3109.05,3109.05,2189,TCS,NaN,3113.781857521526,3106.3568796083227,72.74883002298903,3108.5,68.94200803735465,,,,,
2025-09-10T11:20:00.000000,3109.05,3111.35,3107.0,3109.95,1983,TCS,NaN,3113.0154860172206,3106.6835269166572,71.51221431782392,3108.5,66.39903129832223,,,,,
2025-09-10T11:25:00.000000,3109.9,3112.6,3109.8,3110.95,2825,TCS,NaN,3112.6023888137765,3107.071388106052,70.48872277613067,3108.5,64.21028105309615,,,,,
2025-09-10T11:30:00.000000,3110.95,3112.05,3108.35,3110.55,424,TCS,NaN,3112.191911051021,3107.3876255509563,69.501332222908,3108.5,61.75781023400249,,,,,
2025-09-10T11:35:00.000000,3110.55,3110.95,3106.4,3108.0,509,TCS,NaN,3111.353528840817,3107.4432959554147,68.21938190814917,3108.5,58.93286541368183,,,,,
2025-09-10T11:40:00.000000,3108.0,3108.35,3105.0,3105.05,2245,TCS,NaN,3110.0928230726536,3107.2257235958314,66.64342674146401,3108.5,55.928661405965684,,,,,
2025-09-10T11:45:00.000000,3105.05,3106.45,3103.0,3103.5,1374,TCS,NaN,3108.774258458123,3106.8870214507556,65.00964611630772,3108.5,52.61369593197418,,,,,
2025-09-10T11:50:00.000000,3103.5,3107.15,3103.0,3107.15,618,TCS,NaN,3108.449406766498,3106.910928591596,63.997011785432875,3108.5,49.685260336130376,,,,,
2025-09-10T11:55:00.000000,3107.15,3108.85,3105.85,3108.45,515,TCS,NaN,3108.4495254131984,3107.050844174178,63.23633182109649,3108.5,47.3267105760159,,,,,
2025-09-10T12:00:00.000000,3108.45,3109.4,3106.3,3107.5,602,TCS,NaN,3108.259620330559,3107.09167652198,62.401964438293206,3108.5,45.25281285589148,,,,,
2025-09-10T12:05:00.000000,3107.5,3109.2,3105.45,3109.2,838,TCS,NaN,3108.447696264447,3107.283342292709,61.86447896281962,3108.5,43.061201483423424,,,,,
2025-09-10T12:10:00.000000,3109.2,3110.4,3108.0,3109.0,1303,TCS,NaN,3108.558157011558,3107.439402084281,61.34405575463821,3108.5,41.304708875655884,,,,,
2025-09-10T12:15:00.000000,3109.0,3113.1,3109.0,3111.45,901,TCS,NaN,3109.1365256092463,3107.804001894801,61.19244560480683,3108.5,40.25371104872097,,,,,
2025-09-10T12:20:00.000000,3111.45,3114.0,3110.0,3114.0,588,TCS,NaN,3110.109220487397,3108.367274449819,61.359393968885946,3108.5,39.45879050196012,,,,,
2025-09-10T12:25:00.000000,3114.0,3114.75,3112.55,3114.3,1048,TCS,NaN,3110.9473763899177,3108.906613136199,61.54556338404508,3108.5,38.87277118720773,,,,,
2025-09-10T12:30:00.000000,3114.3,3115.0,3110.1,3110.1,903,TCS,NaN,3110.777901111934,3109.01510285109,60.9272794785114,3108.5,37.432300094720524,,,,,
2025-09-10T12:35:00.000000,3110.1,3111.0,3108.05,3108.8,883,TCS,NaN,3110.3823208895474,3108.9955480464455,60.14935687544823,3108.5,35.42220640889569,,,,,
2025-09-10T12:40:00.000000,3108.8,3110.3,3108.0,3108.9,747,TCS,NaN,3110.085856711638,3108.986861860405,59.46100224954148,3108.5,33.53946120056096,,,,,
2025-09-10T12:45:00.000000,3108.9,3111.05,3107.45,3109.35,913,TCS,NaN,3109.9386853693104,3109.01987441855,58.91173996021317,3108.5,32.00225093812586,,,,,
2025-09-10T12:50:00.000000,3109.35,3111.0,3107.3,3109.4,5801,TCS,NaN,3109.8309482954483,3109.054431289591,58.42342613440109,3108.5,30.51923425995657,,,,,
2025-09-10T12:55:00.000000,3109.4,3114.05,3108.1,3112.75,4429,TCS,NaN,3110.414758636359,3109.3903920814464,58.52662443558277,3108.5,29.979542315317264,,,,,
2025-09-10T13:00:00.000000,3112.75,3112.75,3108.55,3110.95,4806,TCS,NaN,3110.521806909087,3109.532174619497,58.24108022528694,3108.5,29.47839979529505,,,,,
2025-09-10T13:05:00.000000,3110.95,3113.9,3110.9,3113.55,750,TCS,NaN,3111.1274455272696,3109.89743147227,58.381728434230276,3108.5,29.313515937671305,,,,,
2025-09-10T13:10:00.000000,3113.55,3114.0,3110.55,3111.7,476,TCS,NaN,3111.2419564218158,3110.0613013384273,58.12606457287486,3108.5,29.000700182432286,,,,,
2025-09-10T13:15:00.000000,3111.7,3112.0,3106.85,3108.55,4636,TCS,NaN,3110.7035651374526,3109.923910307661,57.3118398109078,3108.5,27.221884662116338,,,,,
2025-09-10T13:20:00.000000,3108.55,3109.5,3106.55,3109.0,1403,TCS,NaN,3110.362852109962,3109.83991846151,56.654997333864785,3108.5,25.463397320343827,,,,,
2025-09-10T13:25:00.000000,3109.0,3110.0,3105.7,3108.0,1354,TCS,NaN,3109.89028168797,3109.672653146827,55.87698930646007,3108.5,23.766170315199698,,,,,
2025-09-10T13:30:00.000000,3108.0,3108.0,3105.55,3106.25,668,TCS,NaN,3109.162225350376,3109.361502860752,54.862478928222785,3108.5,22.245721293361576,,,,,
2025-09-10T13:35:00.000000,3106.1,3108.0,3104.05,3107.25,2042,TCS,NaN,3108.7797802803007,3109.169548055229,54.15193721238594,3108.5,21.380753537671527,,,,,
2025-09-10T13:40:00.000000,3107.25,3108.85,3107.25,3107.5,244,TCS,NaN,3108.5238242242403,3109.017770959299,53.56210433183695,3108.5,20.21789114496423,,,,,
2025-09-10T13:45:00.000000,3107.5,3109.0,3107.2,3107.2,247,TCS,NaN,3108.259059379392,3108.852519053908,52.96679375262957,3108.5,19.073422383373916,,,,,
2025-09-10T13:50:00.000000,3107.2,3107.85,3105.2,3106.65,312,TCS,NaN,3107.937247503514,3108.652290049007,52.31121583941465,3108.5,18.763965403976904,,,,,
2025-09-10T13:55:00.000000,3106.65,3108.45,3104.7,3104.7,808,TCS,NaN,3107.289798002811,3108.292990953643,51.32230430621018,3108.5,18.195157600888642,,,,,
2025-09-10T14:00:00.000000,3104.7,3106.3,3104.0,3104.0,668,TCS,NaN,3106.631838402249,3107.9027190487664,50.29306121353561,3108.5,17.930513586520764,,,,,
2025-09-10T14:05:00.000000,3104.0,3108.75,3103.1,3107.15,2332,TCS,NaN,3106.735470721799,3107.834290044333,50.15689349536954,3108.5,16.717751697978482,,,,,
2025-09-10T14:10:00.000000,3107.15,3107.15,3104.1,3105.75,612,TCS,NaN,3106.5383765774395,3107.644809131212,49.74077954778144,3108.5,15.591615658617792,,,,,
2025-09-10T14:15:00.000000,3105.85,3106.0,3103.25,3103.65,1444,TCS,NaN,3105.9607012619517,3107.281644664738,48.96183005953506,3108.5,14.781125972936378,,,,,
2025-09-10T14:20:00.000000,3105.0,3108.55,3103.05,3105.0,17632,TCS,NaN,3105.7685610095614,3107.074222422489,48.59132042403636,3108.5,14.483890125591456,,,,,
2025-09-10T14:25:00.000000,3105.0,3106.25,3104.0,3105.45,688,TCS,NaN,3105.704848807649,3106.9265658386266,48.3664996620891,3108.5,14.207885410199745,,,,,
2025-09-10T14:30:00.000000,3105.45,3106.0,3104.0,3105.0,441,TCS,NaN,3105.563879046119,3106.7514234896607,48.06524618124665,3108.5,13.951595317336013,,,,,
2025-09-10T14:35:00.000000,3104.0,3104.35,3102.5,3102.65,1052,TCS,NaN,3104.9811032368953,3106.3785668087826,47.31441570666794,3108.5,12.96433902556605,,,,,
2025-09-10T14:40:00.000000,3102.65,3105.0,3102.0,3102.0,3443,TCS,NaN,3104.384882589516,3105.9805152807116,46.51251325758675,3108.5,12.349904430341386,,,,,
2025-09-10T14:45:00.000000,3102.0,3110.9,3102.0,3109.55,3649,TCS,NaN,3105.417906071613,3106.305013891556,47.4517418376412,3108.5,13.780304164925736,,,,,
2025-09-10T14:50:00.000000,3109.55,3111.95,3108.85,3110.1,2664,TCS,NaN,3106.35432485729,3106.6500126286874,48.39271565531657,3108.5,15.365283097981045,,,,,
2025-09-10T14:55:00.000000,3111.1,3111.1,3105.0,3108.5,1306,TCS,NaN,3106.783459885832,3106.818193298807,48.89276387190183,3108.5,15.152200953504234,,,,,
2025-09-10T15:00:00.000000,3108.5,3111.0,3108.5,3109.4,1300,TCS,NaN,3107.3067679086657,3107.052902998915,49.51080652691213,3108.5,14.954338962204337,,,,,
2025-09-10T15:05:00.000000,3109.4,3111.0,3109.35,3110.1,952,TCS,NaN,3107.8654143269328,3107.329911817196,50.19943934859386,3108.5,14.770609970283004,,,,,
2025-09-10T15:10:00.000000,3109.0,3112.0,3107.55,3112.0,3798,TCS,NaN,3108.692331461546,3107.75446528836,51.159358964870975,3108.5,13.861632950681681,,,,,
2025-09-10T15:15:00.000000,3112.0,3112.65,3109.4,3110.45,6129,TCS,NaN,3109.0438651692366,3107.999513898509,51.643098492669054,3108.5,13.259221490685663,,,,,
2025-09-10T15:20:00.000000,3110.45,3111.85,3107.6,3108.15,1541,TCS,NaN,3108.865092135389,3108.01319445319,51.56261951793924,3108.5,12.627607642816956,,,,,
2025-09-10T15:25:00.000000,3108.15,3111.0,3106.75,3111.0,3085,TCS,NaN,3109.2920737083114,3108.2847222301725,52.02556791231332,3108.5,12.35061947021016,,,,,
2025-09-11T09:15:00.000000,3133.05,3138.3,3118.0,3127.5,27650,TCS,NaN,3112.933658966649,3110.031565663793,54.1716320588852,3138.3,15.586443275615803,,,,,
2025-09-11T09:20:00.000000,3127.5,3127.85,3118.25,3122.05,12473,TCS,NaN,3114.756927173319,3111.1241506034485,55.19764906215099,3138.3,18.591136809206755,,,,,
2025-09-11T09:25:00.000000,3122.05,3126.4,3118.0,3120.8,10831,TCS,NaN,3115.9655417386552,3112.0037732758624,55.93502703035602,3138.3,21.30865498898914,,,,,
2025-09-11T09:30:00.000000,3120.8,3124.0,3118.0,3124.0,2681,TCS,NaN,3117.5724333909243,3113.0943393416933,56.87898301566885,3138.3,23.8320647273585,,,,,
2025-09-11T09:35:00.000000,3124.0,3129.75,3122.95,3124.9,5983,TCS,NaN,3119.0379467127395,3114.1675812197213,57.8085103018648,3138.3,26.629495182445932,,,,,
2025-09-11T09:40:00.000000,3124.9,3129.0,3124.05,3128.45,2260,TCS,NaN,3120.9203573701916,3115.4659829270195,58.934570596418325,3138.3,29.22710917645569,,,,,
2025-09-11T09:45:00.000000,3128.45,3128.45,3123.2,3125.8,1351,TCS,NaN,3121.896285896153,3116.4054390245633,59.50725546100691,3138.3,31.353620222227153,,,,,
2025-09-11T09:50:00.000000,3125.8,3126.6,3120.4,3121.8,1340,TCS,NaN,3121.8770287169227,3116.895853658694,59.415657914221654,3138.3,32.419159267555656,,,,,
2025-09-11T09:55:00.000000,3121.8,3121.8,3115.75,3117.3,4869,TCS,NaN,3120.9616229735384,3116.932594235176,58.7379229912166,3138.3,32.10018732334972,,,,,
2025-09-11T10:00:00.000000,3117.3,3117.3,3110.3,3112.75,2623,TCS,NaN,3119.319298378831,3116.5523583956146,57.60632558676131,3138.3,30.556531033475103,,,,,
2025-09-11T10:05:00.000000,3112.75,3114.75,3110.25,3110.55,2925,TCS,NaN,3117.5654387030645,3116.006689450559,56.35308703266415,3138.3,29.112507478937573,,,,,
2025-09-11T10:10:00.000000,3110.55,3114.0,3110.15,3111.3,1311,TCS,NaN,3116.3123509624515,3115.5788085914173,55.31721172915892,3138.3,27.748833413984812,,,,,
2025-09-11T10:15:00.000000,3111.3,3117.0,3111.25,3117.0,705,TCS,NaN,3116.449880769961,3115.7080078103795,55.06363314825165,3138.3,27.031799258191757,,,,,
2025-09-11T10:20:00.000000,3117.0,3118.8,3115.1,3116.4,3034,TCS,NaN,3116.4399046159688,3115.770916191254,54.76046405150808,3138.3,26.673560340433124,,,,,
2025-09-11T10:25:00.000000,3116.4,3118.95,3113.05,3117.8,11090,TCS,NaN,3116.711923692775,3115.9553783556853,54.649472390060616,3138.3,25.815280283967894,,,,,
2025-09-11T10:30:00.000000,3117.8,3121.65,3116.95,3119.4,779,TCS,NaN,3117.24953895422,3116.268525777896,54.734735484215975,3138.3,25.498673514135827,,,,,
2025-09-11T10:35:00.000000,3119.4,3120.0,3118.45,3119.8,588,TCS,NaN,3117.759631163376,3116.5895688889964,54.85923410527645,3138.3,25.204681513577476,,,,,
2025-09-11T10:40:00.000000,3119.8,3119.8,3115.0,3115.0,811,TCS,NaN,3117.207704930701,3116.44506262636,54.29781916152428,3138.3,24.02507185658015,,,,,
2025-09-11T10:45:00.000000,3115.0,3116.9,3111.0,3114.9,10676,TCS,NaN,3116.7461639445605,3116.3046023876,53.77669648310359,3138.3,22.584847882036595,,,,,
2025-09-11T10:50:00.000000,3114.9,3116.25,3113.3,3115.05,663,TCS,NaN,3116.4069311556486,3116.190547625091,53.32734796748405,3138.3,21.247497048531866,,,,,
2025-09-11T10:55:00.000000,3115.05,3116.3,3112.8,3113.3,295,TCS,NaN,3115.785544924519,3115.9277705682644,52.66848582273225,3138.3,20.118744974358176,,,,,
2025-09-11T11:00:00.000000,3113.3,3116.9,3112.7,3116.65,441,TCS,NaN,3115.9584359396154,3115.9934277893312,52.583650245568954,3138.3,18.913685353963107,,,,,
2025-09-11T11:05:00.000000,3116.65,3119.15,3115.45,3118.8,1679,TCS,NaN,3116.526748751692,3116.248570717574,52.804279777444435,3138.3,17.903111001276052,,,,,
2025-09-11T11:10:00.000000,3118.8,3119.45,3116.3,3117.8,759,TCS,NaN,3116.7813990013537,3116.389609743249,52.83963761103859,3138.3,17.03969608239793,,,,,
2025-09-11T11:15:00.000000,3117.8,3118.4,3116.05,3117.0,1167,TCS,NaN,3116.825119201083,3116.44509976659,52.73817020608197,3138.3,16.16392442232585,,,,,
2025-09-11T11:20:00.000000,3117.0,3118.6,3115.5,3115.6,9969,TCS,NaN,3116.5800953608664,3116.3682725150816,52.41306454732561,3138.3,15.180972215231177,,,,,
2025-09-11T11:25:00.000000,3116.0,3120.95,3114.35,3114.45,19770,TCS,NaN,3116.154076288693,3116.1938841046194,51.93020266104557,3138.3,14.926977443303846,,,,,
2025-09-11T11:30:00.000000,3114.6,3116.4,3114.0,3114.3,931,TCS,NaN,3115.7832610309542,3116.0217128223812,51.46802638320905,3138.3,14.5720849439839,,,,,
2025-09-11T11:35:00.000000,3114.25,3115.7,3111.4,3113.15,700,TCS,NaN,3115.2566088247636,3115.7606480203467,50.85133956963165,3138.3,13.65791293519008,,,,,
2025-09-11T11:40:00.000000,3113.15,3113.6,3110.5,3112.1,702,TCS,NaN,3114.625287059811,3115.427861836679,50.11460477119214,3138.3,13.077427370293226,,,,,
2025-09-11T11:45:00.000000,3112.15,3113.75,3111.65,3112.95,729,TCS,NaN,3114.2902296478487,3115.202601669708,49.638172404179684,3138.3,12.487003269052526,,,,,
2025-09-11T11:50:00.000000,3112.95,3114.7,3111.95,3111.95,987,TCS,NaN,3113.822183718279,3114.9069106088255,49.02420421752605,3138.3,11.606031156037448,,,,,
2025-09-11T11:55:00.000000,3111.95,3114.75,3111.75,3112.8,755,TCS,NaN,3113.6177469746235,3114.7153732807506,48.67164519421658,3138.3,10.859130204878443,,,,,
2025-09-11T12:00:00.000000,3112.8,3115.6,3112.8,3115.5,563,TCS,NaN,3113.9941975796987,3114.7867029825006,48.944846862063116,3138.3,10.316845385473501,,,,,
2025-09-11T12:05:00.000000,3115.5,3117.0,3114.0,3115.5,1745,TCS,NaN,3114.295358063759,3114.8515481659097,49.192029323448075,3138.3,10.309960637544108,,,,,
2025-09-11T12:10:00.000000,3115.5,3115.95,3113.4,3114.5,1234,TCS,NaN,3114.3362864510073,3114.819589241736,49.1870652576216,3138.3,10.05076265039236,,,,,
2025-09-11T12:15:00.000000,3114.5,3116.75,3111.65,3113.75,9972,TCS,NaN,3114.219029160806,3114.722353856124,49.01291247205956,3138.3,9.553775804576249,,,,,
2025-09-11T12:20:00.000000,3113.75,3115.4,3111.55,3115.25,9463,TCS,NaN,3114.4252233286447,3114.770321687385,49.218457381829936,3138.3,9.131096152843659,,,,,
2025-09-11T12:25:00.000000,3115.25,3117.3,3111.1,3117.0,3807,TCS,NaN,3114.940178662916,3114.9730197158046,49.792305159634125,3138.3,8.980961718988034,,,,,
2025-09-11T12:30:00.000000,3117.0,3119.8,3116.4,3118.35,3469,TCS,NaN,3115.6221429303328,3115.2800179234587,50.587721007453645,3138.3,9.686710831820047,,,,,
2025-09-11T12:35:00.000000,3118.35,3118.4,3114.0,3114.65,4741,TCS,NaN,3115.4277143442664,3115.2227435667805,50.418280497832704,3138.3,9.35484844180711,,,,,
2025-09-11T12:40:00.000000,3114.65,3116.2,3114.05,3115.0,449,TCS,NaN,3115.342171475413,3115.202494151619,50.34343706660599,3138.3,9.04669050822367,,,,,
2025-09-11T12:45:00.000000,3115.0,3115.25,3112.9,3112.9,488,TCS,NaN,3114.8537371803304,3114.9931765014717,49.83048750186122,3138.3,8.495843666117011,,,,,
2025-09-11T12:50:00.000000,3112.9,3119.0,3111.15,3117.95,3444,TCS,NaN,3115.4729897442644,3115.2619786377013,50.394362573150204,3138.3,9.065372303745702,,,,,
2025-09-11T12:55:00.000000,3117.95,3121.35,3116.7,3118.5,12304,TCS,NaN,3116.0783917954113,3115.556344216092,50.99928217269671,3138.3,10.226685293401454,,,,,
2025-09-11T13:00:00.000000,3118.5,3120.0,3118.05,3118.4,507,TCS,NaN,3116.542713436329,3115.8148583782654,51.52290321825589,3138.3,11.305047355224653,,,,,
2025-09-11T13:05:00.000000,3118.4,3122.0,3118.3,3120.75,1691,TCS,NaN,3117.3841707490633,3116.263507616605,52.41033379955759,3138.3,12.811612050911018,,,,,
2025-09-11T13:10:00.000000,3120.75,3122.75,3120.3,3121.95,432,TCS,NaN,3118.2973365992507,3116.7804614696406,53.407363689775345,3138.3,14.38846868334456,,,,,
2025-09-11T13:15:00.000000,3121.95,3122.0,3119.55,3121.0,201,TCS,NaN,3118.8378692794004,3117.1640558814915,54.054985738142925,3138.3,15.485006537914694,,,,,
2025-09-11T13:20:00.000000,3121.0,3122.0,3120.2,3120.4,481,TCS,NaN,3119.15029542352,3117.4582326195377,54.479868953991826,3138.3,16.50322026001553,,,,,
2025-09-11T13:25:00.000000,3120.4,3122.0,3119.85,3120.95,1603,TCS,NaN,3119.510236338816,3117.7756660177615,54.97088165000321,3138.3,17.26117189319652,,,,,
2025-09-11T13:30:00.000000,3120.95,3122.2,3120.5,3120.5,581,TCS,NaN,3119.708189071053,3118.0233327434194,55.2832470002698,3138.3,18.029018818539523,,,,,
2025-09-11T13:35:00.000000,3120.5,3121.6,3119.2,3120.6,396,TCS,NaN,3119.8865512568423,3118.25757522129,55.58783693113002,3138.3,18.017165963081677,,,,,
2025-09-11T13:40:00.000000,3120.6,3121.95,3119.25,3119.25,394,TCS,NaN,3119.759241005474,3118.3477956557185,55.449201888031254,3138.3,18.137979804394043,,,,,
2025-09-11T13:45:00.000000,3119.25,3122.5,3118.2,3120.95,21420,TCS,NaN,3119.997392804379,3118.584359687017,55.72397938188567,3138.3,17.671481410084414,,,,,
2025-09-11T13:50:00.000000,3120.95,3123.35,3119.35,3120.0,6093,TCS,NaN,3119.997914243503,3118.7130542609243,55.6822824858286,3138.3,17.59006815466748,,,,,
2025-09-11T13:55:00.000000,3120.0,3121.0,3117.75,3119.2,416,TCS,NaN,3119.8383313948025,3118.757322055386,55.40633025677769,3138.3,16.669791635116237,,,,,
2025-09-11T14:00:00.000000,3119.2,3120.55,3118.95,3120.1,163,TCS,NaN,3119.890665115842,3118.8793836867144,55.39033643605153,3138.3,15.815249152675793,,,,,
2025-09-11T14:05:00.000000,3120.1,3121.85,3118.2,3120.0,8220,TCS,NaN,3119.9125320926732,3118.981257897013,55.343355198407366,3138.3,15.615822944302343,,,,,
2025-09-11T14:10:00.000000,3120.0,3120.55,3118.5,3119.2,1319,TCS,NaN,3119.7700256741387,3119.001143542739,55.0365587375176,3138.3,15.430641465098422,,,,,
2025-09-11T14:15:00.000000,3119.2,3122.25,3118.8,3120.05,6981,TCS,NaN,3119.826020539311,3119.096494129763,55.00830300139702,3138.3,15.984908579263045,,,,,
2025-09-11T14:20:00.000000,3120.0,3121.4,3119.7,3119.7,560,TCS,NaN,3119.8008164314488,3119.1513582997845,54.85932620176521,3138.3,16.49958518527305,,,,,
2025-09-11T14:25:00.000000,3119.7,3120.2,3118.15,3118.55,483,TCS,NaN,3119.5506531451592,3119.0966893634404,54.331138919212,3138.3,16.00948847444492,,,,,
2025-09-11T14:30:00.000000,3118.55,3120.0,3115.6,3117.8,4701,TCS,NaN,3119.2005225161274,3118.9788085122186,53.61143710939928,3138.3,15.454902607525563,,,,,
2025-09-11T14:35:00.000000,3117.8,3122.0,3117.35,3120.85,13038,TCS,NaN,3119.530418012902,3119.1489168292896,53.893011774728414,3138.3,14.69827931492991,,,,,
2025-09-11T14:40:00.000000,3120.85,3121.7,3119.25,3120.95,1389,TCS,NaN,3119.8143344103214,3119.3126516629904,54.174470245226,3138.3,13.995700543233946,,,,,
2025-09-11T14:45:00.000000,3120.95,3121.75,3118.5,3121.75,4551,TCS,NaN,3120.201467528257,3119.534228784537,54.64563222226812,3138.3,13.023433330759415,,,,,
2025-09-11T14:50:00.000000,3120.3,3123.0,3118.8,3122.0,12624,TCS,NaN,3120.561174022606,3119.7583898041244,55.13974413508452,3138.3,12.656569135079016,,,,,
2025-09-11T14:55:00.000000,3122.0,3124.0,3118.8,3121.0,17560,TCS,NaN,3120.6489392180847,3119.871263458295,55.18901510219725,3138.3,12.752014055102308,,,,,
2025-09-11T15:00:00.000000,3121.0,3126.35,3117.75,3123.65,51349,TCS,NaN,3121.2491513744676,3120.214784962086,55.93514163120439,3138.3,13.723132459831097,,,,,
2025-09-11T15:05:00.000000,3123.65,3124.95,3118.7,3124.0,50932,TCS,NaN,3121.799321099574,3120.558895420078,56.6914963139546,3138.3,14.624885264222119,,,,,
2025-09-11T15:10:00.000000,3124.8,3127.85,3119.55,3126.9,56557,TCS,NaN,3122.8194568796594,3121.135359472798,57.96339015579751,3138.3,16.359370063873175,,,,,
2025-09-11T15:15:00.000000,3125.6,3130.0,3125.25,3126.2,43110,TCS,NaN,3123.4955655037274,3121.5957813389073,58.830567518172586,3138.3,18.492900864765158,,,,,
2025-09-11T15:20:00.000000,3127.15,3129.0,3123.95,3124.5,21616,TCS,NaN,3123.696452402982,3121.8598012171883,58.976058344043174,3138.3,19.71798126048575,,,,,
2025-09-11T15:25:00.000000,3124.5,3128.0,3124.05,3125.0,6651,TCS,NaN,3123.9571619223852,3122.1452738338076,59.22366577909063,3138.3,20.85555591365487,,,,,
2025-09-12T09:15:00.000000,3140.05,3148.5,3132.0,3133.0,3341,TCS,NaN,3125.765729537908,3123.132067121643,60.71423523685161,3148.5,24.530583556766913,,,,,
2025-09-12T09:20:00.000000,3133.0,3138.05,3130.7,3136.1,2039,TCS,NaN,3127.8325836303266,3124.3109701105845,62.36483780508026,3148.5,27.48221948170723,,,,,
2025-09-12T09:25:00.000000,3136.1,3139.85,3133.4,3134.2,1998,TCS,NaN,3129.1060669042613,3125.209972827804,63.286683694306625,3148.5,30.352015217615467,,,,,
2025-09-12T09:30:00.000000,3134.2,3134.2,3120.35,3126.7,3031,TCS,NaN,3128.624853523409,3125.345429843458,62.43041170373234,3148.5,29.51699941582828,,,,,
2025-09-12T09:35:00.000000,3126.15,3128.2,3123.75,3127.1,844,TCS,NaN,3128.3198828187274,3125.5049362213254,61.71642006057664,3148.5,28.74162759988304,,,,,
2025-09-12T09:40:00.000000,3127.1,3127.1,3123.0,3124.9,1993,TCS,NaN,3127.635906254982,3125.4499420193865,60.67107856277555,3148.5,27.85969304466833,,,,,
2025-09-12T09:45:00.000000,3124.9,3129.75,3124.0,3128.7,760,TCS,NaN,3127.8487250039852,3125.7454018358058,60.308592200902304,3148.5,27.445501658648393,,,,,
2025-09-12T09:50:00.000000,3128.7,3133.0,3128.7,3130.05,1491,TCS,NaN,3128.288980003188,3126.1367289416416,60.16717263101932,3148.5,27.518292336542952,,,,,
2025-09-12T09:55:00.000000,3130.05,3133.0,3129.75,3130.15,579,TCS,NaN,3128.6611840025503,3126.5015717651286,60.05337561461713,3148.5,27.585883680302185,,,,,
2025-09-12T10:00:00.000000,3130.15,3134.5,3130.15,3133.0,259,TCS,NaN,3129.5289472020404,3127.0923379682986,60.34009995167127,3148.5,27.86389811991732,,,,,
2025-09-12T10:05:00.000000,3132.0,3137.7,3131.95,3135.7,1522,TCS,NaN,3130.763157761632,3127.874852698453,60.92438462630583,3148.5,28.553947801377806,,,,,
2025-09-12T10:10:00.000000,3135.7,3138.0,3135.0,3135.55,805,TCS,NaN,3131.7205262093057,3128.5725933622302,61.418234764519596,3148.5,29.23411401828805,,,,,
2025-09-12T10:15:00.000000,3135.55,3135.9,3131.9,3132.0,822,TCS,NaN,3131.7764209674447,3128.884175783846,61.09159016418715,3148.5,28.983252019638943,,,,,
2025-09-12T10:20:00.000000,3132.0,3133.5,3131.25,3131.25,112,TCS,NaN,3131.671136773956,3129.099250712587,60.64589258496208,3148.5,28.572468757518163,,,,,
2025-09-12T10:25:00.000000,3131.25,3133.45,3131.25,3131.4,195,TCS,NaN,3131.6169094191646,3129.3084097387155,60.26681182426662,3148.5,28.191027156977437,,,,,
2025-09-12T10:30:00.000000,3131.4,3132.55,3131.0,3131.55,420,TCS,NaN,3131.6035275353315,3129.5121906715594,59.94954982694157,3148.5,27.75975543191645,,,,,
2025-09-12T10:35:00.000000,3131.55,3134.65,3131.55,3131.95,528,TCS,NaN,3131.6728220282653,3129.7338097014176,59.734603525910934,3148.5,27.767413243188592,,,,,
2025-09-12T10:40:00.000000,3131.95,3135.0,3131.95,3134.8,64,TCS,NaN,3132.2982576226123,3130.194372455834,60.01903443292434,3148.5,27.841518019687694,,,,,
2025-09-12T10:45:00.000000,3134.8,3134.8,3129.9,3132.0,376,TCS,NaN,3132.23860609809,3130.3585204143947,59.609105347317964,3148.5,27.212948097269447,,,,,
2025-09-12T10:50:00.000000,3132.0,3132.0,3129.0,3130.0,217,TCS,NaN,3131.790884878472,3130.3259276494496,58.818347317093085,3148.5,26.335092547634453,,,,,
2025-09-12T10:55:00.000000,3130.0,3130.35,3128.2,3129.4,345,TCS,NaN,3131.3127079027777,3130.2417524085904,57.98109698252017,3148.5,25.25678797307783,,,,,
2025-09-12T11:00:00.000000,3129.4,3131.25,3128.5,3131.15,346,TCS,NaN,3131.280166322222,3130.324320371446,57.56916870784475,3148.5,24.492540715316814,,,,,
2025-09-12T11:05:00.000000,3131.15,3133.35,3131.15,3131.15,234,TCS,NaN,3131.254133057778,3130.39938215586,57.19647169742414,3148.5,24.30700256772506,,,,,
2025-09-12T11:10:00.000000,3131.15,3133.3,3131.0,3132.55,299,TCS,NaN,3131.5133064462225,3130.5948928689636,57.13785556471335,3148.5,24.077577313568533,,,,,
2025-09-12T11:15:00.000000,3132.55,3136.0,3130.55,3136.0,516,TCS,NaN,3132.410645156978,3131.0862662445124,57.67810343886883,3148.5,24.500613702815986,,,,,
2025-09-12T11:20:00.000000,3136.0,3136.95,3135.0,3135.5,543,TCS,NaN,3133.0285161255824,3131.4875147677385,58.035881168774175,3148.5,25.098483108877968,,,,,
2025-09-12T11:25:00.000000,3135.5,3139.0,3135.2,3138.95,807,TCS,NaN,3134.212812900466,3132.165922516126,58.87367832720732,3148.5,26.07085728447631,,,,,
2025-09-12T11:30:00.000000,3138.95,3138.95,3137.25,3138.0,234,TCS,NaN,3134.9702503203725,3132.696293196478,59.37801920516004,3148.5,26.97377616181763,,,,,
2025-09-12T11:35:00.000000,3138.0,3138.3,3137.05,3137.3,169,TCS,NaN,3135.436200256298,3133.1148119967984,59.646984562223054,3148.5,27.715607579723212,,,,,
2025-09-12T11:40:00.000000,3137.3,3138.75,3137.3,3138.55,282,TCS,NaN,3136.0589602050386,3133.6089199970893,60.09073435410297,3148.5,28.507707382478067,,,,,
2025-09-12T11:45:00.000000,3138.55,3139.0,3137.1,3137.1,450,TCS,NaN,3136.267168164031,3133.9262909064446,60.09399701796968,3148.5,29.302758330864634,,,,,
2025-09-12T11:50:00.000000,3137.1,3137.95,3136.8,3137.85,144,TCS,NaN,3136.5837345312248,3134.2829917331314,60.229688963550835,3148.5,29.868510994207536,,,,,
2025-09-12T11:55:00.000000,3137.85,3137.95,3135.4,3135.4,460,TCS,NaN,3136.3469876249796,3134.3845379392105,59.71090547972656,3148.5,29.610011941403805,,,,,
2025-09-12T12:00:00.000000,3135.4,3136.35,3134.9,3135.1,919,TCS,NaN,3136.097590099984,3134.449579944737,59.16726570269547,3148.5,29.100885708395957,,,,,
2025-09-12T12:05:00.000000,3135.1,3135.1,3133.0,3133.9,255,TCS,NaN,3135.658072079987,3134.399618131579,58.37826625366044,3148.5,27.676043533653935,,,,,
2025-09-12T12:10:00.000000,3133.9,3135.2,3129.25,3130.0,778,TCS,NaN,3134.5264576639897,3133.9996528468896,56.84933395951632,3148.5,26.510037137960307,,,,,
2025-09-12T12:15:00.000000,3130.0,3131.1,3129.35,3131.1,572,TCS,NaN,3133.8411661311916,3133.736048042627,55.73300235117317,3148.5,25.42731691338765,,,,,
2025-09-12T12:20:00.000000,3131.1,3132.75,3129.9,3132.75,136,TCS,NaN,3133.6229329049534,3133.646407311479,55.10344112659419,3148.5,23.726171831280855,,,,,
2025-09-12T12:25:00.000000,3132.75,3133.75,3132.25,3133.55,166,TCS,NaN,3133.608346323963,3133.6376430104356,54.71128240156798,3148.5,22.30835868569896,,,,,
2025-09-12T12:30:00.000000,3133.55,3133.55,3132.05,3132.1,52,TCS,NaN,3133.3066770591704,3133.497857282214,54.03253215838296,3148.5,20.906496083298443,,,,,
2025-09-12T12:35:00.000000,3132.1,3133.5,3131.7,3133.45,164,TCS,NaN,3133.3353416473365,3133.4935066201947,53.73139804041161,3148.5,19.4491884052864,,,,,
2025-09-12T12:40:00.000000,3133.45,3133.45,3132.55,3132.55,26,TCS,NaN,3133.1782733178693,3133.407733291086,53.25026094688719,3148.5,18.095974132846646,,,,,
2025-09-12T12:45:00.000000,3132.55,3133.0,3130.45,3130.45,201,TCS,NaN,3132.6326186542956,3133.138848446442,52.36215942556692,3148.5,17.690738786341672,,,,,
2025-09-12T12:50:00.000000,3130.45,3131.5,3129.9,3129.9,121,TCS,NaN,3132.0860949234366,3132.8444076785836,51.44649177645472,3148.5,17.533439072445955,,,,,
2025-09-12T12:55:00.000000,3129.9,3131.9,3129.25,3130.15,44,TCS,NaN,3131.698875938749,3132.599461525985,50.68865713386675,3148.5,17.64486053739279,,,,,
2025-09-12T13:00:00.000000,3130.15,3131.4,3129.25,3130.55,426,TCS,NaN,3131.469100750999,3132.4131468418045,50.1204935642476,3148.5,17.748323326272,,,,,
2025-09-12T13:05:00.000000,3130.55,3131.75,3129.35,3131.75,79,TCS,NaN,3131.5252806007993,3132.352860765277,49.953292807458894,3148.5,17.623681004200552,,,,,
2025-09-12T13:10:00.000000,3131.75,3131.95,3129.75,3131.95,137,TCS,NaN,3131.6102244806393,3132.3162370593427,49.859490033285965,3148.5,17.377720483841095,,,,,
2025-09-12T13:15:00.000000,3131.95,3134.6,3131.5,3133.45,701,TCS,NaN,3131.9781795845115,3132.4193064175843,50.19383626533138,3148.5,16.617514572069517,,,,,
2025-09-12T13:20:00.000000,3133.45,3133.6,3132.0,3132.0,217,TCS,NaN,3131.982543667609,3132.381187652349,50.07753400761053,3148.5,15.911609082567338,,,,,
2025-09-12T13:25:00.000000,3132.0,3134.75,3131.35,3134.75,194,TCS,NaN,3132.536034934087,3132.5965342294085,50.672338719577326,3148.5,15.818444047214328,,,,,
2025-09-12T13:30:00.000000,3134.75,3135.5,3133.55,3135.0,172,TCS,NaN,3133.0288279472697,3132.815031117644,51.26834188066893,3148.5,16.07329896136395,,,,,
2025-09-12T13:35:00.000000,3135.0,3136.5,3134.3,3136.5,61,TCS,NaN,3133.7230623578157,3133.1500282887673,52.14577379026082,3148.5,16.738262740567418,,,,,
2025-09-12T13:40:00.000000,3136.5,3137.8,3135.1,3136.15,73,TCS,NaN,3134.2084498862528,3133.4227529897885,52.822726261536474,3148.5,17.858414774407816,,,,,
2025-09-12T13:45:00.000000,3136.15,3136.15,3134.0,3134.4,283,TCS,NaN,3134.2467599090023,3133.5115936270804,52.87921155317531,3148.5,18.149975217930123,,,,,
2025-09-12T13:50:00.000000,3134.4,3134.95,3132.2,3134.3,298,TCS,NaN,3134.2574079272017,3133.5832669337096,52.89965909578195,3148.5,17.354621917676386,,,,,
2025-09-12T13:55:00.000000,3134.3,3136.0,3134.0,3136.0,202,TCS,NaN,3134.6059263417615,3133.802969939736,53.362061009797884,3148.5,17.090308916558605,,,,,
2025-09-12T14:00:00.000000,3136.0,3137.0,3135.75,3136.05,188,TCS,NaN,3134.894741073409,3134.00724539976,53.7930480132203,3148.5,17.265716934443617,,,,,
2025-09-12T14:05:00.000000,3136.05,3137.25,3135.35,3136.0,414,TCS,NaN,3135.115792858727,3134.1884049088726,54.16442330822598,3148.5,17.184772078027354,,,,,
2025-09-12T14:10:00.000000,3136.0,3136.75,3135.0,3135.0,247,TCS,NaN,3135.0926342869816,3134.2621862807932,54.128857882457936,3148.5,16.892260672422605,,,,,
2025-09-12T14:15:00.000000,3135.0,3136.55,3134.0,3134.95,237,TCS,NaN,3135.0641074295854,3134.3247148007213,54.0780926561358,3148.5,16.017988187258272,,,,,
2025-09-12T14:20:00.000000,3134.95,3134.95,3133.0,3134.5,95,TCS,NaN,3134.951285943668,3134.3406498188374,53.85876273189,3148.5,15.097455255143842,,,,,
2025-09-12T14:25:00.000000,3134.5,3134.5,3133.4,3134.4,68,TCS,NaN,3134.8410287549345,3134.346045289852,53.62055703314146,3148.5,14.2426746753233,,,,,
2025-09-12T14:30:00.000000,3134.4,3134.95,3132.0,3132.0,263,TCS,NaN,3134.2728230039475,3134.13276844532,52.561407291760084,3148.5,14.194441885830896,,,,,
2025-09-12T14:35:00.000000,3132.0,3133.25,3130.5,3131.0,316,TCS,NaN,3133.618258403158,3133.8479713139272,51.31237222694985,3148.5,14.832295555634204,,,,,
2025-09-12T14:40:00.000000,3131.0,3131.3,3130.0,3130.3,147,TCS,NaN,3132.9546067225265,3133.5254284672064,49.98930310174536,3148.5,15.634222472451544,,,,,
2025-09-12T14:45:00.000000,3130.3,3131.85,3130.3,3131.2,91,TCS,NaN,3132.603685378021,3133.3140258792787,49.188014790975195,3148.5,15.98927155466605,,,,,
2025-09-12T14:50:00.000000,3131.2,3131.2,3129.0,3130.45,503,TCS,NaN,3132.172948302417,3133.053659890253,48.240341250043365,3148.5,16.881590747949556,,,,,
2025-09-12T14:55:00.000000,3130.45,3130.95,3129.3,3129.35,272,TCS,NaN,3131.6083586419336,3132.7169635365935,47.07804044357227,3148.5,17.71017285599853,,,,,
2025-09-12T15:00:00.000000,3129.35,3132.05,3129.35,3130.15,230,TCS,NaN,3131.316686913547,3132.483603215085,46.392321464549944,3148.5,17.665351655700615,,,,,
2025-09-12T15:05:00.000000,3130.15,3133.7,3130.15,3133.0,452,TCS,NaN,3131.6533495308377,3132.53054837735,46.844237450264856,3148.5,16.575394954534136,,,,,
2025-09-12T15:10:00.000000,3133.0,3134.55,3132.1,3134.0,432,TCS,NaN,3132.12267962467,3132.6641348885,47.56066392089499,3148.5,15.695198175570772,,,,,
2025-09-12T15:15:00.000000,3134.0,3134.95,3133.1,3134.9,380,TCS,NaN,3132.678143699736,3132.867395353182,48.470487353682195,3148.5,15.096046043549762,,,,,
2025-09-12T15:20:00.000000,3134.9,3136.5,3132.0,3133.7,4596,TCS,NaN,3132.8825149597888,3132.943086684711,48.860886753598216,3148.5,15.317548429680972,,,,,
2025-09-12T15:25:00.000000,3133.7,3134.6,3132.1,3134.6,679,TCS,NaN,3133.226011967831,3133.093715167919,49.486860794625514,3148.5,15.523229216802807,,,,,
2025-09-15T09:15:00.000000,3126.05,3131.0,3114.2,3118.0,7442,TCS,NaN,3130.1808095742645,3131.7215592435628,47.17422559946998,3131.0,18.276700908668353,,,,,
2025-09-15T09:20:00.000000,3118.0,3125.0,3115.35,3117.0,2112,TCS,NaN,3127.5446476594116,3130.3832356759663,44.99982174778568,3131.0,20.83349605111493,,,,,
2025-09-15T09:25:00.000000,3116.95,3119.55,3115.0,3115.0,2070,TCS,NaN,3125.0357181275294,3128.984759705424,42.873578687536344,3131.0,23.25252717381119,,,,,
2025-09-15T09:30:00.000000,3115.0,3116.6,3111.75,3111.75,2674,TCS,NaN,3122.3785745020236,3127.417963368567,40.718528942979084,3131.0,25.888041456368967,,,,,
2025-09-15T09:35:00.000000,3113.1,3115.7,3111.35,3114.05,2169,TCS,NaN,3120.712859601619,3126.2026939714247,39.34198947271936,3131.0,28.379980837272853,,,,,
2025-09-15T09:40:00.000000,3114.05,3117.3,3114.0,3115.0,1319,TCS,NaN,3119.570287681295,3125.1842672467496,38.32464451769269,3131.0,29.96665594109108,,,,,
2025-09-15T09:45:00.000000,3115.0,3116.0,3112.0,3114.15,2861,TCS,NaN,3118.486230145036,3124.1811520425,37.32135483487566,3131.0,31.717217430422306,,,,,
2025-09-15T09:50:00.000000,3114.15,3118.8,3114.15,3117.05,659,TCS,NaN,3118.198984116029,3123.532865493182,37.10351888667355,3131.0,32.174318549187774,,,,,
2025-09-15T09:55:00.000000,3117.05,3118.5,3113.35,3114.0,938,TCS,NaN,3117.359187292823,3122.666241357438,36.56599762405862,3131.0,32.73824831312808,,,,,
2025-09-15T10:00:00.000000,3115.1,3115.45,3111.25,3112.4,1456,TCS,NaN,3116.3673498342587,3121.7329466885803,35.916379433196234,3131.0,33.61247853679672,,,,,
2025-09-15T10:05:00.000000,3112.4,3112.9,3110.0,3110.05,767,TCS,NaN,3115.103879867407,3120.670860625982,35.10380658105057,3131.0,34.62029897803054,,,,,
2025-09-15T10:10:00.000000,3110.05,3111.05,3105.3,3105.3,1439,TCS,NaN,3113.143103893926,3119.273509659984,33.984442997009204,3131.0,36.18359871418969,,,,,
2025-09-15T10:15:00.000000,3105.3,3107.55,3105.0,3106.55,867,TCS,NaN,3111.8244831151405,3118.116826963622,33.264221200144725,3131.0,37.67070866899764,,,,,
2025-09-15T10:20:00.000000,3106.55,3109.45,3105.05,3105.35,665,TCS,NaN,3110.5295864921122,3116.9562063305652,32.51248530372857,3131.0,38.24129643024035,,,,,
2025-09-15T10:25:00.000000,3105.35,3106.95,3098.0,3100.0,9882,TCS,NaN,3108.42366919369,3115.4147330277865,31.44483862410709,3131.0,39.64073947162931,,,,,
2025-09-15T10:30:00.000000,3100.0,3100.5,3098.45,3100.0,5341,TCS,NaN,3106.738935354952,3114.013393661624,30.478872580640036,3131.0,40.94022229577621,,,,,
2025-09-15T10:35:00.000000,3100.0,3100.3,3098.0,3100.0,5371,TCS,NaN,3105.3911482839617,3112.7394487832944,29.604903303217466,3131.0,42.19602249794074,,,,,
2025-09-15T10:40:00.000000,3100.0,3100.15,3099.0,3099.0,803,TCS,NaN,3104.112918627169,3111.490407984813,28.74095397929337,3131.0,43.362122685664936,,,,,
2025-09-15T10:45:00.000000,3099.0,3099.7,3096.0,3097.5,1466,TCS,NaN,3102.790334901735,3110.218552713466,27.851562850817757,3131.0,44.77679068461771,,,,,
2025-09-15T10:50:00.000000,3097.5,3098.6,3096.0,3098.6,871,TCS,NaN,3101.9522679213883,3109.1623206486056,27.36688325327108,3131.0,46.09041096935956,,,,,
2025-09-15T10:55:00.000000,3098.6,3102.9,3098.3,3102.0,1565,TCS,NaN,3101.961814337111,3108.5112005896412,27.82476212144853,3131.0,45.480733724307605,,,,,
2025-09-15T11:00:00.000000,3102.0,3102.0,3099.0,3102.0,2062,TCS,NaN,3101.9694514696885,3107.91927326331,28.239033478370985,3131.0,44.91460485390222,,,,,
2025-09-15T11:05:00.000000,3102.0,3103.0,3099.0,3100.0,616,TCS,NaN,3101.575561175751,3107.199339330282,28.37865774237002,3131.0,43.98983370289841,,,,,
2025-09-15T11:10:00.000000,3100.0,3100.0,3099.0,3100.0,831,TCS,NaN,3101.260448940601,3106.54485393662,28.504984457416768,3131.0,43.13111763410916,,,,,
2025-09-15T11:15:00.000000,3100.0,3100.0,3097.35,3098.65,813,TCS,NaN,3100.738359152481,3105.8271399423816,28.458928420596372,3131.0,42.68420238156334,,,,,
2025-09-15T11:20:00.000000,3098.65,3099.85,3097.2,3099.0,446,TCS,NaN,3100.390687321985,3105.2064908567104,28.52405244336274,3131.0,42.30082306244792,,,,,
2025-09-15T11:25:00.000000,3099.0,3100.0,3098.05,3100.0,723,TCS,NaN,3100.312549857588,3104.7331735061002,28.891654825418467,3131.0,41.871324644873184,,,,,
2025-09-15T11:30:00.000000,3100.0,3100.0,3099.0,3100.0,1244,TCS,NaN,3100.25003988607,3104.3028850055457,29.224247456802217,3131.0,41.47250468569664,,,,,
2025-09-15T11:35:00.000000,3100.0,3100.5,3099.1,3100.0,1600,TCS,NaN,3100.200031908856,3103.911713641405,29.525164599482753,3131.0,40.82808684349846,,,,,
2025-09-15T11:40:00.000000,3100.0,3100.3,3099.0,3100.15,2943,TCS,NaN,3100.190025527085,3103.5697396740047,29.852139011472268,3131.0,40.25878178815464,,,,,
2025-09-15T11:45:00.000000,3100.15,3100.3,3098.5,3100.0,629,TCS,NaN,3100.1520204216677,3103.2452178854587,30.119511403824927,3131.0,39.880904675637076,,,,,
2025-09-15T11:50:00.000000,3100.0,3100.45,3098.55,3100.0,809,TCS,NaN,3100.121616337334,3102.95019807769,30.361419758810666,3131.0,39.433090626500366,,,,,
2025-09-15T11:55:00.000000,3100.0,3100.75,3099.4,3100.4,712,TCS,NaN,3100.1772930698676,3102.718361888809,30.75523206545834,3131.0,38.81497452616188,,,,,
2025-09-15T12:00:00.000000,3100.4,3100.45,3099.0,3099.0,594,TCS,NaN,3099.941834455894,3102.3803289898265,30.805240493878998,3131.0,38.38704744773747,,,,,
2025-09-15T12:05:00.000000,3099.0,3100.05,3098.7,3099.95,652,TCS,NaN,3099.9434675647153,3102.159389990751,31.267938555800637,3131.0,38.101489116638795,,,,,
2025-09-15T12:10:00.000000,3099.95,3103.7,3098.55,3102.3,2850,TCS,NaN,3100.4147740517724,3102.1721727188647,32.576499585054584,3131.0,35.59115874223282,,,,,
2025-09-15T12:15:00.000000,3102.3,3108.5,3102.3,3107.0,1158,TCS,NaN,3101.7318192414177,3102.611066108059,35.0084141041041,3131.0,34.66758012894308,,,,,
2025-09-15T12:20:00.000000,3107.0,3107.9,3105.75,3107.0,540,TCS,NaN,3102.7854553931343,3103.0100600982355,37.20871771657747,3131.0,33.80997141660261,,,,,
2025-09-15T12:25:00.000000,3107.0,3109.0,3107.0,3108.75,841,TCS,NaN,3103.9783643145074,3103.5318728165776,39.57166685180153,3131.0,33.35628468973225,,,,,
2025-09-15T12:30:00.000000,3108.75,3109.0,3105.8,3108.0,488,TCS,NaN,3104.782691451606,3103.9380661968885,41.46573117830929,3131.0,32.316612776551494,,,,,
2025-09-15T12:35:00.000000,3108.0,3109.2,3106.65,3107.8,459,TCS,NaN,3105.3861531612847,3104.2891510880804,43.11305948079525,3131.0,31.42106131193192,,,,,
2025-09-15T12:40:00.000000,3107.8,3108.95,3105.75,3107.85,1105,TCS,NaN,3105.878922529028,3104.6128646255274,44.61584921114625,3131.0,30.117625857105967,,,,,
2025-09-15T12:45:00.000000,3107.85,3109.05,3105.6,3108.6,488,TCS,NaN,3106.4231380232222,3104.975331477752,46.164772541189144,3131.0,28.828056725316006,,,,,
2025-09-15T12:50:00.000000,3108.6,3109.0,3107.25,3108.75,237,TCS,NaN,3106.888510418578,3105.318483161593,47.604572016807346,3131.0,27.630599674368188,,,,,
2025-09-15T12:55:00.000000,3108.75,3109.0,3107.2,3107.45,1242,TCS,NaN,3107.000808334862,3105.5122574196303,48.39516745486459,3131.0,26.488458269592233,,,,,
2025-09-15T13:00:00.000000,3108.45,3109.5,3106.45,3109.5,2085,TCS,NaN,3107.5006466678897,3105.8747794723913,49.65504216800573,3131.0,24.96956936936226,,,,,
2025-09-15T13:05:00.000000,3109.5,3109.65,3107.55,3109.1,4310,TCS,NaN,3107.8205173343117,3106.1679813385376,50.63924641138416,3131.0,23.641952421462403,,,,,
2025-09-15T13:10:00.000000,3109.1,3109.1,3106.75,3108.7,610,TCS,NaN,3107.9964138674495,3106.398164853216,51.371039270207476,3131.0,21.99597693076246,,,,,
2025-09-15T13:15:00.000000,3108.7,3109.0,3107.5,3109.0,286,TCS,NaN,3108.19713109396,3106.6346953211055,52.120223858497525,3131.0,20.46757111796966,,,,,
2025-09-15T13:20:00.000000,3109.0,3109.0,3106.0,3108.0,599,TCS,NaN,3108.157704875168,3106.7588139282775,52.38616004715214,3131.0,19.93500964711674,,,,,
2025-09-15T13:25:00.000000,3108.0,3108.6,3107.0,3108.45,929,TCS,NaN,3108.2161639001342,3106.912558116616,52.77350776561763,3131.0,19.440488281324743,,,,,
2025-09-15T13:30:00.000000,3108.45,3109.0,3107.4,3108.95,218,TCS,NaN,3108.3629311201075,3107.0977801060144,53.286887932381994,3131.0,18.681115638593898,,,,,
2025-09-15T13:35:00.000000,3108.95,3109.0,3107.5,3108.95,229,TCS,NaN,3108.480344896086,3107.2661637327406,53.751374749930704,3131.0,17.975983898915256,,,,,
2025-09-15T13:40:00.000000,3109.0,3109.0,3102.4,3102.6,2431,TCS,NaN,3107.304275916869,3106.841967029764,52.14124202381547,3131.0,19.632143466510257,,,,,
2025-09-15T13:45:00.000000,3102.6,3107.5,3102.6,3107.5,513,TCS,NaN,3107.343420733495,3106.9017882088765,52.08876690000771,3131.0,21.170005922134187,,,,,
2025-09-15T13:50:00.000000,3107.5,3108.3,3105.55,3108.3,326,TCS,NaN,3107.534736586796,3107.028898371706,52.22308988781069,3131.0,21.986685908868473,,,,,
2025-09-15T13:55:00.000000,3108.3,3108.35,3107.0,3107.0,184,TCS,NaN,3107.4277892694367,3107.0262712470053,52.01571792069265,3131.0,22.70653593307071,,,,,
2025-09-15T14:00:00.000000,3107.0,3108.8,3107.0,3107.6,652,TCS,NaN,3107.4622314155495,3107.0784284063684,51.975996315222645,3131.0,23.01745583656018,,,,,
2025-09-15T14:05:00.000000,3107.6,3109.0,3107.55,3109.0,478,TCS,NaN,3107.7697851324397,3107.253116733062,52.274060463104696,3131.0,23.144468625076975,,,,,
2025-09-15T14:10:00.000000,3109.0,3109.0,3107.5,3108.6,300,TCS,NaN,3107.9358281059517,3107.37556066642,52.42928397374536,3131.0,23.288053248971043,,,,,
2025-09-15T14:15:00.000000,3108.6,3108.6,3107.5,3107.5,178,TCS,NaN,3107.8486624847615,3107.386873333109,52.258273192815075,3131.0,23.421381828301246,,,,,
2025-09-15T14:20:00.000000,3107.5,3108.8,3107.5,3108.45,314,TCS,NaN,3107.968929987809,3107.4835212119174,52.35466679967351,3131.0,23.351496143278005,,,,,
2025-09-15T14:25:00.000000,3108.45,3108.45,3107.5,3108.4,139,TCS,NaN,3108.0551439902474,3107.5668374653796,52.42656740090721,3131.0,23.286602292899282,,,,,
2025-09-15T14:30:00.000000,3108.4,3108.6,3107.7,3108.6,404,TCS,NaN,3108.164115192198,3107.6607613321635,52.54893725773956,3131.0,23.064566286070477,,,,,
2025-09-15T14:35:00.000000,3108.6,3109.6,3107.15,3108.9,1551,TCS,NaN,3108.3112921537586,3107.773419392876,52.74919684850553,3131.0,21.852040858082464,,,,,
2025-09-15T14:40:00.000000,3108.9,3112.95,3108.0,3111.3,2173,TCS,NaN,3108.909033723007,3108.0940176298873,53.57360889418357,3131.0,22.10859220001893,,,,,
2025-09-15T14:45:00.000000,3111.3,3111.3,3108.75,3109.35,347,TCS,NaN,3108.9972269784053,3108.208197845352,53.645261787826634,3131.0,22.34681844610279,,,,,
2025-09-15T14:50:00.000000,3109.35,3111.0,3109.35,3110.0,245,TCS,NaN,3109.197781582724,3108.37108895032,53.88296480532549,3131.0,22.568028531752088,,,,,
2025-09-15T14:55:00.000000,3110.0,3111.0,3110.0,3110.5,112,TCS,NaN,3109.4582252661794,3108.5646263184726,54.231164292261795,3131.0,22.773437896997866,,,,,
2025-09-15T15:00:00.000000,3110.5,3112.4,3110.0,3111.0,421,TCS,NaN,3109.7665802129436,3108.7860239258844,54.6804017011925,3131.0,23.72655644819641,,,,,
2025-09-15T15:05:00.000000,3111.0,3112.15,3110.45,3111.9,233,TCS,NaN,3110.1932641703547,3109.069112659895,55.323161289211725,3131.0,24.611595102880766,,,,,
2025-09-15T15:10:00.000000,3111.9,3112.4,3110.25,3110.6,804,TCS,NaN,3110.2746113362837,3109.208284236268,55.40192344682274,3131.0,25.564807633160882,,,,,
2025-09-15T15:15:00.000000,3110.65,3112.45,3109.95,3112.35,604,TCS,NaN,3110.689689069027,3109.4938947602436,55.93584037269057,3131.0,26.096407189563575,,,,,
2025-09-15T15:20:00.000000,3112.35,3112.35,3110.4,3111.65,2700,TCS,NaN,3110.8817512552214,3109.6899043274943,56.154255769866616,3131.0,26.590035349080363,,,,,
2025-09-15T15:25:00.000000,3111.65,3115.1,3111.1,3114.5,1245,TCS,NaN,3111.605401004177,3110.1271857522675,57.0141089704964,3131.0,28.369598991313573,,,,,
2025-09-16T09:15:00.000000,3129.95,3129.95,3115.0,3126.35,1160,TCS,NaN,3114.554320803342,3111.6019870475156,59.208191750972766,3129.95,32.15662462825203,,,,,
2025-09-16T09:20:00.000000,3126.35,3126.35,3111.0,3111.65,40337,TCS,NaN,3113.9734566426737,3111.606351861378,58.42372829090104,3129.95,33.70839157159952,,,,,
2025-09-16T09:25:00.000000,3111.65,3115.45,3109.4,3115.45,984,TCS,NaN,3114.268765314139,3111.9557744194344,58.14282523608015,3129.95,34.47533441899737,,,,,
2025-09-16T09:30:00.000000,3115.45,3118.05,3114.1,3116.5,838,TCS,NaN,3114.7150122513112,3112.3688858358496,58.001484616234336,3129.95,35.572044655288906,,,,,
2025-09-16T09:35:00.000000,3116.5,3118.5,3113.0,3116.6,532,TCS,NaN,3115.092009801049,3112.753532578045,57.884836795556815,3129.95,36.1378653556323,,,,,
2025-09-16T09:40:00.000000,3116.6,3116.6,3113.25,3114.5,314,TCS,NaN,3114.973607840839,3112.9123023436773,57.465835466733445,3129.95,36.663270291665455,,,,,
2025-09-16T09:45:00.000000,3114.5,3117.0,3113.65,3117.0,453,TCS,NaN,3115.3788862726715,3113.2839112215247,57.393201589467196,3129.95,37.22186445638543,,,,,
2025-09-16T09:50:00.000000,3117.0,3120.1,3116.4,3120.1,540,TCS,NaN,3116.323109018137,3113.9035556559315,57.6762042284041,3129.95,38.24646220569016,,,,,
2025-09-16T09:55:00.000000,3120.1,3124.0,3120.0,3124.0,849,TCS,NaN,3117.8584872145098,3114.821414232665,58.32029652422922,3129.95,39.70772217469791,,,,,
2025-09-16T10:00:00.000000,3124.0,3127.65,3122.75,3126.25,469,TCS,NaN,3119.536789771608,3115.86037657515,59.106368324157394,3129.95,41.44608252426179,,,,,
2025-09-16T10:05:00.000000,3126.25,3129.0,3126.0,3126.85,971,TCS,NaN,3120.999431817286,3116.859433250136,59.87153033327929,3129.95,43.18608961701734,,,,,
2025-09-16T10:10:00.000000,3126.85,3126.9,3124.6,3125.05,395,TCS,NaN,3121.809545453829,3117.6040302273964,60.231864076977914,3129.95,44.18745819677578,,,,,
2025-09-16T10:15:00.000000,3125.05,3126.55,3125.05,3126.45,331,TCS,NaN,3122.737636363063,3118.408209297633,60.702123067763026,3129.95,45.117300449408624,,,,,
2025-09-16T10:20:00.000000,3126.45,3126.75,3125.0,3125.55,163,TCS,NaN,3123.3001090904504,3119.0574629978482,60.95355833168883,3129.95,46.00677265738581,,,,,
2025-09-16T10:25:00.000000,3125.55,3127.8,3125.55,3127.75,426,TCS,NaN,3124.1900872723604,3119.8476936344073,61.42104030942528,3129.95,46.97201227251441,,,,,
2025-09-16T10:30:00.000000,3127.75,3128.65,3125.45,3125.5,933,TCS,NaN,3124.4520698178885,3120.361539667643,61.40251504172474,3129.95,47.97970267762647,,,,,
2025-09-16T10:35:00.000000,3125.5,3127.15,3125.0,3126.2,150,TCS,NaN,3124.801655854311,3120.892308788766,61.47082731880611,3129.95,48.66812029713582,,,,,
2025-09-16T10:40:00.000000,3126.2,3126.4,3123.25,3124.5,587,TCS,NaN,3124.7413246834485,3121.22028071706,61.19642103327543,3129.95,48.37763510082176,,,,,
2025-09-16T10:45:00.000000,3124.5,3126.05,3123.1,3123.1,129,TCS,NaN,3124.413059746759,3121.3911642882367,60.68040881815068,3129.95,48.02976045077384,,,,,
2025-09-16T10:50:00.000000,3123.1,3126.0,3122.5,3126.0,155,TCS,NaN,3124.730447797407,3121.8101493529425,60.62075258938361,3129.95,47.38322686302221,,,,,
2025-09-16T10:55:00.000000,3126.0,3127.0,3125.0,3126.7,244,TCS,NaN,3125.1243582379257,3122.254681229948,60.660052265435795,3129.95,47.01654146045589,,,,,
2025-09-16T11:00:00.000000,3126.7,3127.65,3126.05,3127.35,304,TCS,NaN,3125.5694865903406,3122.7178920272254,60.78441919561218,3129.95,46.825247232937485,,,,,
2025-09-16T11:05:00.000000,3127.35,3127.45,3126.0,3126.05,29,TCS,NaN,3125.6655892722724,3123.0208109338414,60.60766726860383,3129.95,46.616817910770806,,,,,
2025-09-16T11:10:00.000000,3126.05,3126.9,3125.3,3126.55,62,TCS,NaN,3125.842471417818,3123.3416463034923,60.52558471629109,3129.95,45.98026306353728,,,,,
2025-09-16T11:15:00.000000,3126.55,3126.55,3125.25,3125.55,137,TCS,NaN,3125.7839771342547,3123.5424057304476,60.217470387097705,3129.95,45.35667493074512,,,,,
2025-09-16T11:20:00.000000,3126.6,3130.95,3125.65,3128.0,1743,TCS,NaN,3126.227181707404,3123.947641573134,60.33661933106741,3129.95,45.846488751510385,,,,,
2025-09-16T11:25:00.000000,3128.0,3129.35,3127.7,3128.5,67,TCS,NaN,3126.6817453659232,3124.361492339213,60.52165940242645,3129.95,46.301315870792415,,,,,
2025-09-16T11:30:00.000000,3128.5,3129.95,3128.25,3129.8,137,TCS,NaN,3127.305396292739,3124.8559021265573,60.889009944690585,3129.95,46.84770556814184,,,,,
2025-09-16T11:35:00.000000,3129.8,3130.0,3128.45,3129.7,124,TCS,NaN,3127.784317034191,3125.2962746605067,61.19323660354559,3129.95,47.36576066531137,,,,,
2025-09-16T11:40:00.000000,3129.7,3129.7,3127.65,3129.0,29,TCS,NaN,3128.0274536273528,3125.632976964097,61.264405104918254,3129.95,47.26293057955565,,,,,
2025-09-16T11:45:00.000000,3128.5,3128.6,3126.6,3128.6,119,TCS,NaN,3128.1419629018824,3125.9027063309973,61.20985258673968,3129.95,46.44043924780089,,,,,
2025-09-16T11:50:00.000000,3128.6,3130.0,3128.0,3130.0,113,TCS,NaN,3128.513570321506,3126.275187573634,61.42491333877492,3129.95,46.09449145532779,,,,,
2025-09-16T11:55:00.000000,3130.0,3130.0,3129.0,3129.0,105,TCS,NaN,3128.610856257205,3126.522897794213,61.30800536055367,3129.95,45.77325421945992,,,,,
2025-09-16T12:00:00.000000,3129.0,3131.0,3129.0,3131.0,245,TCS,NaN,3129.088685005764,3126.929907085648,61.58093603454639,3129.95,45.76749630461398,,,,,
2025-09-16T12:05:00.000000,3131.0,3131.25,3129.1,3131.25,192,TCS,NaN,3129.5209480046115,3127.322642805135,61.87315086041544,3129.95,45.83402876731926,,,,,
2025-09-16T12:10:00.000000,3131.25,3132.0,3131.25,3132.0,176,TCS,NaN,3130.016758403689,3127.7478570955773,62.27594205852576,3129.95,46.11085662042347,,,,,
2025-09-16T12:15:00.000000,3132.0,3134.0,3131.9,3131.9,581,TCS,NaN,3130.393406722951,3128.125324632343,62.60342838429012,3129.95,46.86927418801414,,,,,
2025-09-16T12:20:00.000000,3131.9,3136.55,3131.25,3136.0,1155,TCS,NaN,3131.5147253783607,3128.841204211221,63.571679063209444,3129.95,48.07058787025763,,,,,
2025-09-16T12:25:00.000000,3135.4,3135.85,3133.5,3134.8,423,TCS,NaN,3132.1717803026886,3129.382912919292,64.0255620704018,3129.95,49.18609343234088,,,,,
2025-09-16T12:30:00.000000,3134.8,3136.5,3134.8,3136.5,453,TCS,NaN,3133.037424242151,3130.0299208357196,64.69262111975459,3129.95,50.33963762871115,,,,,
2025-09-16T12:35:00.000000,3136.5,3138.15,3135.75,3138.0,376,TCS,NaN,3134.0299393937207,3130.754473487018,65.5024100137761,3129.95,51.68408039352862,,,,,
2025-09-16T12:40:00.000000,3138.0,3138.05,3136.5,3136.5,176,TCS,NaN,3134.5239515149765,3131.2767940791073,65.71567716299991,3129.95,52.93249153228769,,,,,
2025-09-16T12:45:00.000000,3136.5,3138.05,3134.45,3134.45,159,TCS,NaN,3134.5091612119813,3131.565267344643,65.27105963200641,3129.95,52.43370702612899,,,,,
2025-09-16T12:50:00.000000,3134.45,3136.0,3134.0,3135.0,888,TCS,NaN,3134.607328969585,3131.8775157678574,64.97177294719205,3129.95,51.64300565404272,,,,,
2025-09-16T12:55:00.000000,3135.0,3135.4,3134.15,3134.65,80,TCS,NaN,3134.615863175668,3132.129559788961,64.59052155616094,3129.95,50.908782951391174,,,,,
2025-09-16T13:00:00.000000,3134.65,3134.65,3132.85,3132.85,146,TCS,NaN,3134.2626905405345,3132.195054353601,63.701442748143506,3129.95,49.265306967306465,,,,,
2025-09-16T13:05:00.000000,3132.85,3134.65,3132.75,3134.65,51,TCS,NaN,3134.3401524324277,3132.418231230546,63.28767525583664,3129.95,47.66770676536549,,,,,
2025-09-16T13:10:00.000000,3134.65,3134.65,3132.85,3132.85,110,TCS,NaN,3134.042121945942,3132.4574829368603,62.40538908761632,3129.95,46.184220863563155,,,,,
2025-09-16T13:15:00.000000,3132.85,3134.05,3130.55,3131.8,266,TCS,NaN,3133.593697556754,3132.397711760782,61.332234703452606,3129.95,43.2409389163456,,,,,
2025-09-16T13:20:00.000000,3131.8,3131.8,3130.0,3131.0,537,TCS,NaN,3133.074958045403,3132.270647055256,60.156747984170636,3129.95,40.18852894975996,,,,,
2025-09-16T13:25:00.000000,3131.0,3131.8,3129.1,3130.0,108,TCS,NaN,3132.4599664363222,3132.0642245956874,58.8435516387912,3129.95,37.78289644280725,,,,,
2025-09-16T13:30:00.000000,3130.0,3130.25,3128.6,3129.2,298,TCS,NaN,3131.807973149058,3131.803840541534,57.46081063986837,3129.95,35.816842476832974,,,,,
2025-09-16T13:35:00.000000,3129.2,3129.2,3126.0,3126.0,448,TCS,NaN,3130.6463785192464,3131.276218674122,55.53623868399815,3129.95,35.166585316384484,,,,,
2025-09-16T13:40:00.000000,3126.0,3128.0,3126.0,3128.0,186,TCS,NaN,3130.117102815397,3130.978380612838,54.37447247283913,3129.95,34.56277509596803,,,,,
2025-09-16T13:45:00.000000,3128.0,3128.95,3127.05,3128.25,246,TCS,NaN,3129.7436822523177,3130.730346011671,53.392889148466885,3129.95,33.34953348249947,,,,,
2025-09-16T13:50:00.000000,3128.25,3128.25,3127.0,3127.1,52,TCS,NaN,3129.2149458018544,3130.4003145560646,52.25295220448583,3129.95,32.24691299787348,,,,,
2025-09-16T13:55:00.000000,3127.1,3128.25,3127.05,3127.15,185,TCS,NaN,3128.8019566414837,3130.104831414604,51.2372107344198,3129.95,31.223051119292204,,,,,
2025-09-16T14:00:00.000000,3127.15,3129.0,3127.15,3129.0,355,TCS,NaN,3128.841565313187,3130.0043921950946,50.87688873313106,3129.95,29.715429843483896,,,,,
2025-09-16T14:05:00.000000,3129.0,3129.65,3127.5,3128.7,267,TCS,NaN,3128.8132522505493,3129.88581108645,50.472987132845404,3129.95,27.858311070279562,,,,,
2025-09-16T14:10:00.000000,3128.7,3130.3,3127.5,3130.25,123,TCS,NaN,3129.1006018004396,3129.9189191695,50.55230254878,3129.95,26.039435946682577,,,,,
2025-09-16T14:15:00.000000,3130.25,3133.9,3130.25,3132.35,715,TCS,NaN,3129.7504814403515,3130.1399265177274,51.149149733049306,3129.95,26.16321252451943,,,,,
2025-09-16T14:20:00.000000,3132.35,3134.55,3131.3,3132.25,55,TCS,NaN,3130.250385152281,3130.3317513797524,51.657915195616255,3129.95,26.526425230268906,,,,,
2025-09-16T14:25:00.000000,3132.25,3132.25,3130.0,3131.5,45,TCS,NaN,3130.5003081218247,3130.437955799775,51.878543099497726,3129.95,25.983234833984152,,,,,
2025-09-16T14:30:00.000000,3131.5,3133.4,3129.75,3131.45,156,TCS,NaN,3130.6902464974596,3130.529959817977,52.061769798817295,3129.95,25.954445800862935,,,,,
2025-09-16T14:35:00.000000,3131.45,3135.0,3131.45,3135.0,283,TCS,NaN,3131.552197197968,3130.936327107252,53.08989580784876,3129.95,26.51013343348647,,,,,
2025-09-16T14:40:00.000000,3135.0,3135.0,3132.5,3132.5,127,TCS,NaN,3131.741757758374,3131.078479188411,53.24541320972918,3129.95,27.02612909235118,,,,,
2025-09-16T14:45:00.000000,3132.5,3135.0,3132.0,3132.5,887,TCS,NaN,3131.893406206699,3131.207708353101,53.38611943047813,3129.95,27.14043219819511,,,,,
2025-09-16T14:50:00.000000,3132.5,3134.2,3128.0,3132.8,996,TCS,NaN,3132.0747249653596,3131.352462139183,53.58971240957668,3129.95,25.431765401558646,,,,,
2025-09-16T14:55:00.000000,3132.8,3136.05,3132.25,3133.3,565,TCS,NaN,3132.3197799722875,3131.529511035621,53.90427962425184,3129.95,24.194640787745435,,,,,
2025-09-16T15:00:00.000000,3133.3,3145.0,3133.3,3144.2,2300,TCS,NaN,3134.69582397783,3132.6813736687463,55.91097051673666,3129.95,25.43393564281573,,,,,
2025-09-16T15:05:00.000000,3144.2,3150.0,3142.95,3147.7,1293,TCS,NaN,3137.296659182264,3134.046703335224,58.02846437195025,3129.95,27.334556039613826,,,,,
2025-09-16T15:10:00.000000,3147.7,3149.8,3145.05,3147.8,763,TCS,NaN,3139.3973273458114,3135.2970030320216,59.952373596312654,3129.95,29.099417836640633,,,,,
2025-09-16T15:15:00.000000,3147.8,3149.0,3144.85,3148.85,745,TCS,NaN,3141.287861876649,3136.529093665474,61.7802528035536,3129.95,30.648487480103018,,,,,
2025-09-16T15:20:00.000000,3148.85,3149.0,3145.6,3148.2,2360,TCS,NaN,3142.670289501319,3137.590085150431,63.228473792083065,3129.95,32.08690929188952,,,,,
2025-09-16T15:25:00.000000,3148.2,3149.8,3144.4,3148.0,718,TCS,NaN,3143.7362316010554,3138.5364410458465,64.47310090013617,3129.95,32.83701510687121,,,,,
2025-09-17T09:15:00.000000,3155.45,3155.45,3141.45,3149.95,7482,TCS,NaN,3144.9789852808444,3139.574037314406,65.79323473091827,3175.0,34.419736984470305,,,,,
2025-09-17T09:20:00.000000,3152.85,3166.0,3150.85,3166.0,2074,TCS,NaN,3149.1831882246756,3141.9763975585506,67.87992420150128,3175.0,36.863185856498134,,,,,
2025-09-17T09:25:00.000000,3166.0,3172.0,3161.1,3171.0,3140,TCS,NaN,3153.5465505797406,3144.61490687141,69.91625633499487,3175.0,39.4827849027561,,,,,
2025-09-17T09:30:00.000000,3171.0,3175.0,3164.25,3166.65,7913,TCS,NaN,3156.1672404637925,3146.618097155827,70.8566030784547,3175.0,42.06216919606844,,,,,
2025-09-17T09:35:00.000000,3166.65,3168.0,3161.25,3168.0,911,TCS,NaN,3158.533792371034,3148.5619065052974,71.77331480918832,3175.0,43.488637097901005,,,,,
2025-09-17T09:40:00.000000,3168.0,3170.0,3165.0,3165.2,406,TCS,NaN,3159.8670338968273,3150.0744604593615,72.05802372992194,3175.0,44.95568782171967,,,,,
2025-09-17T09:45:00.000000,3165.2,3167.0,3162.0,3163.45,814,TCS,NaN,3160.5836271174617,3151.2904185994194,71.99059419858241,3175.0,45.40143163833003,,,,,
2025-09-17T09:50:00.000000,3164.75,3166.5,3163.05,3165.5,1072,TCS,NaN,3161.566901693969,3152.582198726745,72.07815898573992,3175.0,45.8153366108968,,,,,
2025-09-17T09:55:00.000000,3165.5,3170.0,3165.45,3168.15,462,TCS,NaN,3162.883521355175,3153.99745338795,72.33917297891924,3175.0,46.53333460587317,,,,,
2025-09-17T10:00:00.000000,3168.15,3171.7,3167.15,3171.7,432,TCS,NaN,3164.64681708414,3155.606775807227,72.79661628974378,3175.0,47.35034603064114,,,,,
2025-09-17T10:05:00.000000,3171.7,3172.75,3166.05,3169.85,3435,TCS,NaN,3165.6874536673117,3156.9016143702065,72.84877131335388,3175.0,47.74616517592815,,,,,
2025-09-17T10:10:00.000000,3169.85,3172.8,3165.75,3165.75,551,TCS,NaN,3165.6999629338493,3157.7060130638242,72.16145449403463,3175.0,48.01153650096153,,,,,
2025-09-17T10:15:00.000000,3165.75,3171.4,3165.5,3170.25,312,TCS,NaN,3166.6099703470795,3158.8463755125676,71.9014384781339,3175.0,48.16787145345457,,,,,
2025-09-17T10:20:00.000000,3170.25,3174.2,3168.0,3173.9,544,TCS,NaN,3168.0679762776635,3160.214886829607,71.92255873685956,3175.0,48.637678358686045,,,,,
2025-09-17T10:25:00.000000,3173.9,3173.9,3170.2,3173.0,301,TCS,NaN,3169.0543810221307,3161.3771698450973,71.78471600809003,3175.0,49.073927627829555,,,,,
2025-09-17T10:30:00.000000,3173.0,3177.75,3171.75,3175.0,1649,TCS,NaN,3170.2435048177044,3162.6156089500887,71.80579112128284,3175.0,49.88969373402059,,,,,
2025-09-17T10:35:00.000000,3175.0,3181.0,3175.0,3178.95,1446,TCS,NaN,3171.9848038541636,3164.10055359099,72.08966423763495,3175.0,50.93935750794349,,,,,
2025-09-17T10:40:00.000000,3178.95,3182.0,3175.65,3176.0,10182,TCS,NaN,3172.7878430833307,3165.1823214463543,71.8196154399262,3175.0,51.99795522786104,,,,,
2025-09-17T10:45:00.000000,3176.0,3178.35,3172.1,3175.35,1462,TCS,NaN,3173.3002744666646,3166.106655860322,71.46150747872252,3175.0,51.6484432085192,,,,,
2025-09-17T10:50:00.000000,3175.35,3175.35,3172.05,3175.0,3772,TCS,NaN,3173.6402195733317,3166.915141691202,71.07330754242795,3175.0,51.30599030834331,,,,,
2025-09-17T10:55:00.000000,3175.0,3178.9,3174.05,3178.9,489,TCS,NaN,3174.6921756586653,3168.004674264729,71.05203096967661,3175.0,51.425612668170864,,,,,
2025-09-17T11:00:00.000000,3178.9,3179.4,3175.8,3176.95,297,TCS,NaN,3175.143740526932,3168.817885695208,70.6677106447758,3175.0,51.59440655251978,,,,,
2025-09-17T11:05:00.000000,3176.95,3178.4,3175.0,3177.0,190,TCS,NaN,3175.5149924215457,3169.561714268371,70.32467826605948,3175.0,51.43522458699807,,,,,
2025-09-17T11:10:00.000000,3176.3,3177.75,3168.8,3174.0,1595,TCS,NaN,3175.2119939372365,3169.965194789428,69.45277526643159,3175.0,49.22223751567333,,,,,
2025-09-17T11:15:00.000000,3174.0,3177.0,3170.9,3177.0,343,TCS,NaN,3175.569595149789,3170.604722535844,68.9837619468145,3175.0,47.16732094944321,,,,,
2025-09-17T11:20:00.000000,3177.0,3177.0,3172.3,3174.75,4661,TCS,NaN,3175.4056761198312,3170.9815659416763,68.15813750560656,3175.0,45.25918413794381,,,,,
2025-09-17T11:25:00.000000,3174.75,3175.95,3174.0,3174.0,327,TCS,NaN,3175.124540895865,3171.2559690378876,67.27958458848704,3175.0,43.48734281298009,,,,,
2025-09-17T11:30:00.000000,3174.0,3175.55,3171.0,3172.05,752,TCS,NaN,3174.509632716692,3171.328153670807,66.14646424333822,3175.0,40.87942526626144,,,,,
2025-09-17T11:35:00.000000,3172.05,3175.0,3171.85,3173.35,418,TCS,NaN,3174.2777061733536,3171.5119578825515,65.29748739395812,3175.0,38.45778754430842,,,,,
2025-09-17T11:40:00.000000,3173.35,3175.45,3172.0,3174.1,935,TCS,NaN,3174.242164938683,3171.7472344386833,64.63167882049343,3175.0,36.335983909492704,,,,,
2025-09-17T11:45:00.000000,3174.1,3174.1,3171.05,3174.0,1343,TCS,NaN,3174.193731950946,3171.952031307894,64.00932372908476,3175.0,34.04258073577558,,,,,
2025-09-17T11:50:00.000000,3174.0,3175.5,3173.0,3173.7,160,TCS,NaN,3174.094985560757,3172.1109375526307,63.3827336470907,3175.0,32.33666810843903,,,,,
2025-09-17T11:55:00.000000,3173.7,3174.35,3171.65,3171.75,334,TCS,NaN,3173.6259884486053,3172.0781250478462,62.40905411419528,3175.0,30.27711781118561,,,,,
2025-09-17T12:00:00.000000,3171.75,3173.45,3169.5,3170.1,1689,TCS,NaN,3172.9207907588843,3171.898295498042,61.20678574330073,3175.0,28.558528996292967,,,,,
2025-09-17T12:05:00.000000,3170.1,3171.7,3167.0,3167.0,513,TCS,NaN,3171.7366326071074,3171.452995907311,59.57944015565058,3175.0,27.667558890235,,,,,
2025-09-17T12:10:00.000000,3167.0,3171.85,3166.35,3169.95,1500,TCS,NaN,3171.379306085686,3171.3163599157374,58.66292199729526,3175.0,27.011770176180107,,,,,
2025-09-17T12:15:00.000000,3169.95,3172.0,3167.7,3170.1,4537,TCS,NaN,3171.1234448685486,3171.2057817415794,57.86079454722645,3175.0,26.34305385175149,,,,,
2025-09-17T12:20:00.000000,3170.1,3173.2,3169.0,3169.55,4575,TCS,NaN,3170.808755894839,3171.0552561287086,57.029976300113525,3175.0,25.240126139995443,,,,,
2025-09-17T12:25:00.000000,3169.55,3172.9,3169.55,3172.45,260,TCS,NaN,3171.137004715871,3171.1820510260986,56.81539243555674,3175.0,24.215978979079114,,,,,
2025-09-17T12:30:00.000000,3172.45,3173.9,3169.65,3169.8,414,TCS,NaN,3170.869603772697,3171.056410023726,56.10801149356194,3175.0,22.848947020071183,,,,,
2025-09-17T12:35:00.000000,3169.8,3171.75,3169.6,3169.6,331,TCS,NaN,3170.6156830181576,3170.9240091124784,55.430688162845335,3175.0,21.598680329476945,,,,,
2025-09-17T12:40:00.000000,3169.6,3171.25,3166.5,3170.1,623,TCS,NaN,3170.5125464145262,3170.849099193162,54.91944484175771,3175.0,21.509036553074814,,,,,
2025-09-17T12:45:00.000000,3170.1,3171.95,3170.05,3171.8,197,TCS,NaN,3170.770037131621,3170.9355447210564,54.795130831313884,3175.0,21.106862398974865,,,,,
2025-09-17T12:50:00.000000,3171.8,3172.0,3169.65,3169.65,180,TCS,NaN,3170.546029705297,3170.8186770191423,54.23173623368975,3175.0,20.8675448577883,,,,,
2025-09-17T12:55:00.000000,3169.65,3172.0,3169.65,3171.15,310,TCS,NaN,3170.6668237642375,3170.8487972901294,54.024935490688584,3175.0,20.645321426686486,,,,,
2025-09-17T13:00:00.000000,3171.15,3172.45,3169.8,3170.65,548,TCS,NaN,3170.66345901139,3170.8307248092087,53.72950372903011,3175.0,20.20092705517695,,,,,
2025-09-17T13:05:00.000000,3170.65,3174.0,3170.65,3174.0,445,TCS,NaN,3171.330767209112,3171.1188407356444,54.09869697313617,3175.0,19.011780009124788,,,,,
2025-09-17T13:10:00.000000,3174.0,3174.0,3172.15,3172.55,455,TCS,NaN,3171.5746137672895,3171.248946123313,54.10526766090333,3175.0,17.90757203779064,,,,,
2025-09-17T13:15:00.000000,3172.55,3173.95,3170.7,3171.25,441,TCS,NaN,3171.509691013832,3171.2490419302844,53.83011377288447,3175.0,17.52597838060873,,,,,
2025-09-17T13:20:00.000000,3171.25,3173.0,3171.25,3172.95,184,TCS,NaN,3171.7977528110655,3171.403674482077,53.91227770043097,3175.0,17.171641413225526,,,,,
2025-09-17T13:25:00.000000,3172.95,3172.95,3170.25,3171.85,231,TCS,NaN,3171.8082022488525,3171.444249529161,53.7401774646009,3175.0,17.27692917920372,,,,,
2025-09-17T13:30:00.000000,3171.85,3171.85,3170.0,3171.35,171,TCS,NaN,3171.716561799082,3171.4356813901463,53.47214207159971,3175.0,17.481496094353023,,,,,
2025-09-17T13:35:00.000000,3171.35,3172.45,3170.0,3170.05,324,TCS,NaN,3171.3832494392655,3171.3097103546784,52.94056216380644,3175.0,17.28229741435875,,,,,
2025-09-17T13:40:00.000000,3170.05,3171.75,3170.0,3170.0,306,TCS,NaN,3171.1065995514123,3171.1906457769805,52.448376889829966,3175.0,17.09732721150693,,,,,
2025-09-17T13:45:00.000000,3170.0,3171.75,3168.0,3170.3,630,TCS,NaN,3170.9452796411297,3171.1096779790732,52.0809751379811,3175.0,17.834461003948622,,,,,
2025-09-17T13:50:00.000000,3170.3,3172.0,3169.45,3172.0,490,TCS,NaN,3171.1562237129037,3171.190616344612,52.17572957234112,3175.0,18.339793173198245,,,,,
2025-09-17T13:55:00.000000,3172.0,3172.0,3170.05,3172.0,145,TCS,NaN,3171.324978970323,3171.26419667692,52.26145977485733,3175.0,18.809030187501467,,,,,
2025-09-17T14:00:00.000000,3172.0,3172.95,3168.15,3168.55,313,TCS,NaN,3170.7699831762584,3171.017451524473,51.47787307973521,3175.0,20.03775210331566,,,,,
2025-09-17T14:05:00.000000,3168.55,3170.0,3164.0,3166.95,2016,TCS,NaN,3170.0059865410067,3170.647683204066,50.440069509250264,3175.0,22.358089381891023,,,,,
2025-09-17T14:10:00.000000,3166.95,3167.8,3165.65,3166.85,2500,TCS,NaN,3169.374789232805,3170.3024392764237,49.480813318643726,3175.0,24.512688283425287,,,,,
2025-09-17T14:15:00.000000,3166.85,3170.9,3166.5,3170.05,471,TCS,NaN,3169.509831386244,3170.279490251294,49.48302445916812,3175.0,24.522954880413074,,,,,
2025-09-17T14:20:00.000000,3170.05,3171.95,3169.15,3170.3,278,TCS,NaN,3169.667865108995,3170.281354773904,49.54622661718859,3175.0,23.97617223925361,,,,,
2025-09-17T14:25:00.000000,3170.3,3172.25,3167.0,3171.0,363,TCS,NaN,3169.934292087196,3170.346686158094,49.77887404491704,3175.0,24.187484973799435,,,,,
2025-09-17T14:30:00.000000,3171.0,3171.95,3169.05,3171.95,213,TCS,NaN,3170.3374336697566,3170.4924419619038,50.223679500094484,3175.0,24.38370394159199,,,,,
2025-09-17T14:35:00.000000,3171.95,3171.95,3170.3,3171.5,46,TCS,NaN,3170.569946935805,3170.5840381471853,50.49401775375757,3175.0,24.56590726882793,,,,,
2025-09-17T14:40:00.000000,3171.5,3171.65,3170.2,3171.2,315,TCS,NaN,3170.695957548644,3170.6400346792593,50.647841350572875,3175.0,24.77155197311247,,,,,
2025-09-17T14:45:00.000000,3171.2,3174.75,3170.4,3173.65,18059,TCS,NaN,3171.286766038915,3170.913667890236,51.409220345041426,3175.0,23.2410717161338,,,,,
2025-09-17T14:50:00.000000,3173.65,3175.8,3171.6,3171.6,15499,TCS,NaN,3171.349412831132,3170.9760617183965,51.48670339556819,3175.0,21.818400935414598,,,,,
2025-09-17T14:55:00.000000,3171.4,3175.45,3171.4,3173.2,772,TCS,NaN,3171.7195302649056,3171.178237925815,51.94020257800886,3175.0,20.400938517228077,,,,,
2025-09-17T15:00:00.000000,3173.2,3174.7,3171.75,3173.3,4841,TCS,NaN,3172.0356242119246,3171.3711253871047,52.374009225086084,3175.0,19.084723414626307,,,,,
2025-09-17T15:05:00.000000,3173.3,3174.7,3171.7,3173.85,2922,TCS,NaN,3172.39849936954,3171.5964776246406,52.900422491654936,3175.0,17.835039462745755,,,,,
2025-09-17T15:10:00.000000,3173.85,3176.45,3170.35,3171.85,4465,TCS,NaN,3172.288799495632,3171.6195251133095,52.75712767538919,3175.0,17.549881218932136,,,,,
2025-09-17T15:15:00.000000,3171.85,3174.6,3170.0,3172.0,5278,TCS,NaN,3172.2310395965055,3171.6541137393724,52.66910939581895,3175.0,17.072707357744303,,,,,
2025-09-17T15:20:00.000000,3171.7,3173.0,3170.6,3172.0,2305,TCS,NaN,3172.1848316772043,3171.685557944884,52.58947380954111,3175.0,16.629617343784172,,,,,
2025-09-17T15:25:00.000000,3172.0,3174.9,3171.0,3174.9,1378,TCS,NaN,3172.7278653417634,3171.9777799498943,53.28721923559487,3175.0,17.11722245933997,,,,,
2025-09-18T09:15:00.000000,3186.8,3193.35,3186.0,3189.0,8305,TCS,NaN,3175.9822922734106,3173.525254499904,55.703999457451445,3202.95,20.829933583985024,,,,,
2025-09-18T09:20:00.000000,3189.0,3195.85,3183.3,3193.5,41384,TCS,NaN,3179.4858338187287,3175.341140454458,58.17202550525189,3202.95,23.239977340077324,,,,,
2025-09-18T09:25:00.000000,3193.5,3202.5,3192.45,3202.0,17849,TCS,NaN,3183.988667054983,3177.7646731404166,60.78977947537601,3202.95,26.080000150094005,,,,,
2025-09-18T09:30:00.000000,3201.9,3202.95,3194.0,3195.0,4463,TCS,NaN,3186.1909336439867,3179.3315210367423,61.827414578930316,3202.95,28.752424782091445,,,,,
2025-09-18T09:35:00.000000,3195.0,3195.0,3187.5,3189.0,2903,TCS,NaN,3186.752746915189,3180.2104736697656,61.872728681864466,3202.95,29.226827240978107,,,,,
2025-09-18T09:40:00.000000,3188.9,3194.4,3186.6,3194.4,4120,TCS,NaN,3188.2821975321513,3181.5004306088777,62.31786752936832,3202.95,29.42568737057038,,,,,
2025-09-18T09:45:00.000000,3194.4,3196.3,3191.0,3193.0,10764,TCS,NaN,3189.225758025721,3182.5458460080704,62.527489295723655,3202.95,29.871401341413293,,,,,
2025-09-18T09:50:00.000000,3193.0,3193.0,3188.05,3189.5,1164,TCS,NaN,3189.280606420577,3183.1780418255184,62.25126503122055,3202.95,29.486105495185775,,,,,
2025-09-18T09:55:00.000000,3190.8,3195.0,3189.5,3194.25,2793,TCS,NaN,3190.2744851364614,3184.184583477744,62.38492093126009,3202.95,29.434702067226475,,,,,
2025-09-18T10:00:00.000000,3194.25,3194.25,3188.45,3189.75,2973,TCS,NaN,3190.169588109169,3184.6905304343127,61.94583428929555,3202.95,29.100822121676,,,,,
2025-09-18T10:05:00.000000,3189.85,3189.85,3186.0,3187.1,1089,TCS,NaN,3189.555670487335,3184.9095731221023,61.244058294514886,3202.95,28.14463612806465,,,,,
2025-09-18T10:10:00.000000,3187.1,3187.1,3180.0,3180.6,2585,TCS,NaN,3187.764536389868,3184.517793747366,59.946184873248555,3202.95,26.33870659380649,,,,,
2025-09-18T10:15:00.000000,3180.6,3182.5,3179.5,3179.7,1189,TCS,NaN,3186.1516291118946,3184.0798124976054,58.68728400341074,3202.95,24.76031278090434,,,,,
2025-09-18T10:20:00.000000,3179.7,3181.2,3176.05,3180.0,2490,TCS,NaN,3184.921303289516,3183.7089204523686,57.58204257912756,3202.95,23.94759039393815,,,,,
2025-09-18T10:25:00.000000,3178.5,3179.8,3176.0,3177.9,690,TCS,NaN,3183.5170426316126,3183.1808367748804,56.36785437223342,3202.95,23.202123750363235,,,,,
2025-09-18T10:30:00.000000,3177.9,3181.5,3177.9,3180.5,903,TCS,NaN,3182.91363410529,3182.9371243408004,55.583917563410516,3202.95,22.09106943611903,,,,,
2025-09-18T10:35:00.000000,3180.5,3183.45,3180.05,3182.35,715,TCS,NaN,3182.800907284232,3182.8837494007275,55.09134220921667,3202.95,20.598150005005557,,,,,
2025-09-18T10:40:00.000000,3182.35,3183.2,3179.3,3179.3,399,TCS,NaN,3182.1007258273858,3182.5579540006615,54.2987273664833,3202.95,19.382972964245116,,,,,
2025-09-18T10:45:00.000000,3179.35,3182.55,3179.2,3180.0,2020,TCS,NaN,3181.6805806619086,3182.325412727874,53.67055984912755,3202.95,18.27848445187361,,,,,
2025-09-18T10:50:00.000000,3180.0,3180.0,3174.0,3178.05,1414,TCS,NaN,3180.954464529527,3181.936738843522,52.87501393479586,3202.95,18.369230536113747,,,,,
2025-09-18T10:55:00.000000,3178.05,3179.05,3176.0,3176.0,710,TCS,NaN,3179.9635716236216,3181.3970353122927,51.92396389060184,3202.95,18.453494757193873,,,,,
2025-09-18T11:00:00.000000,3176.0,3177.0,3173.5,3173.5,1740,TCS,NaN,3178.6708572988973,3180.6791230111753,50.79493295562705,3202.95,19.009597503060697,,,,,
2025-09-18T11:05:00.000000,3173.5,3176.95,3173.25,3173.25,694,TCS,NaN,3177.5866858391178,3180.0037481919776,49.74659873679624,3202.95,19.57274206324478,,,,,
2025-09-18T11:10:00.000000,3173.25,3176.5,3173.25,3176.25,758,TCS,NaN,3177.3193486712944,3179.6624983563433,49.27574064915475,3202.95,20.095662011987145,,,,,
2025-09-18T11:15:00.000000,3176.25,3176.25,3172.35,3174.7,1475,TCS,NaN,3176.7954789370356,3179.2113621421304,48.66073894368729,3202.95,20.76782701570297,,,,,
2025-09-18T11:20:00.000000,3174.7,3177.15,3173.7,3175.95,1609,TCS,NaN,3176.6263831496285,3178.914874674664,48.30603283250828,3202.95,21.049193851321206,,,,,
2025-09-18T11:25:00.000000,3175.65,3177.05,3172.75,3174.9,2927,TCS,NaN,3176.281106519703,3178.5498860678763,47.84635363545319,3202.95,21.527850794227056,,,,,
2025-09-18T11:30:00.000000,3174.85,3178.1,3172.0,3174.15,6485,TCS,NaN,3175.8548852157624,3178.149896425342,47.3296925930152,3202.95,21.553442503353512,,,,,
2025-09-18T11:35:00.000000,3174.65,3177.5,3171.5,3173.15,10822,TCS,NaN,3175.31390817261,3177.6953603866746,46.72584138520764,3202.95,21.70553119610252,,,,,
2025-09-18T11:40:00.000000,3173.15,3177.0,3173.15,3176.1,916,TCS,NaN,3175.471126538088,3177.55032762425,46.72388598491581,3202.95,21.846756410798026,,,,,
2025-09-18T11:45:00.000000,3176.1,3177.2,3173.15,3174.3,1019,TCS,NaN,3175.2369012304703,3177.2548432947724,46.45593489784457,3202.95,21.884630513962577,,,,,
2025-09-18T11:50:00.000000,3174.3,3174.7,3171.8,3173.85,909,TCS,NaN,3174.959520984376,3176.9453120861567,46.14719538496517,3202.95,22.314957951860578,,,,,
2025-09-18T11:55:00.000000,3173.85,3175.5,3172.9,3174.05,830,TCS,NaN,3174.777616787501,3176.682101896506,45.90859339278283,3202.95,22.317075539188494,,,,,
2025-09-18T12:00:00.000000,3174.05,3176.25,3174.0,3174.15,950,TCS,NaN,3174.6520934300006,3176.4519108150057,45.71439583266801,3202.95,21.95135565805012,,,,,
2025-09-18T12:05:00.000000,3174.15,3176.35,3172.0,3173.65,1305,TCS,NaN,3174.4516747440007,3176.197191650005,45.449755883372006,3202.95,22.24936458282832,,,,,
2025-09-18T12:10:00.000000,3173.9,3174.75,3168.65,3171.6,5912,TCS,NaN,3173.8813397952003,3175.7792651363684,44.8590059273145,3202.95,23.385179829066356,,,,,
2025-09-18T12:15:00.000000,3171.6,3175.45,3171.6,3174.4,5365,TCS,NaN,3173.9850718361604,3175.6538773966986,44.97367828376343,3202.95,24.091127750529363,,,,,
2025-09-18T12:20:00.000000,3174.4,3174.95,3172.0,3173.1,1386,TCS,NaN,3173.8080574689284,3175.4217067242716,44.84440456951986,3202.95,24.7466508204593,,,,,
2025-09-18T12:25:00.000000,3173.1,3175.5,3172.2,3172.2,338,TCS,NaN,3173.4864459751425,3175.1288242947926,44.569203149613514,3202.95,25.05836109388021,,,,,
2025-09-18T12:30:00.000000,3172.2,3174.0,3171.0,3171.0,400,TCS,NaN,3172.989156780114,3174.75347663163,44.11298623371598,3202.95,25.6936459209652,,,,,
2025-09-18T12:35:00.000000,3171.1,3178.0,3171.0,3175.45,1823,TCS,NaN,3173.481325424091,3174.816796937845,44.684283723415305,3202.95,24.399578752127805,,,,,
2025-09-18T12:40:00.000000,3175.45,3175.7,3171.4,3174.85,892,TCS,NaN,3173.755060339273,3174.819815398041,45.08516009629307,3202.95,23.19794495249308,,,,,
2025-09-18T12:45:00.000000,3174.75,3178.4,3174.1,3177.0,2505,TCS,NaN,3174.404048271418,3175.018013998219,45.86527680681842,3202.95,22.02601272516335,,,,,
2025-09-18T12:50:00.000000,3177.0,3177.0,3173.8,3173.8,748,TCS,NaN,3174.2832386171344,3174.9072854529263,45.95791356609472,3202.95,20.817804467582683,,,,,
2025-09-18T12:55:00.000000,3173.8,3176.0,3173.0,3176.0,266,TCS,NaN,3174.6265908937075,3175.0066231390238,46.45753988993996,3202.95,19.371401517129947,,,,,
2025-09-18T13:00:00.000000,3176.0,3176.0,3165.05,3167.75,2108,TCS,NaN,3173.251272714966,3174.3469301263854,45.695019857107276,3202.95,20.21896882799126,,,,,
2025-09-18T13:05:00.000000,3167.75,3174.75,3165.65,3171.75,7444,TCS,NaN,3172.951018171973,3174.110845569441,45.67969748255269,3202.95,21.005995616648196,,,,,
2025-09-18T13:10:00.000000,3173.2,3173.4,3169.65,3171.6,922,TCS,NaN,3172.6808145375785,3173.88258688131,45.64577348945025,3202.95,21.736806206115347,,,,,
2025-09-18T13:15:00.000000,3170.8,3171.6,3166.9,3166.95,696,TCS,NaN,3171.534651630063,3173.252351710282,45.037632153898016,3202.95,23.005841488804673,,,,,
2025-09-18T13:20:00.000000,3166.95,3168.45,3165.0,3165.0,882,TCS,NaN,3170.22772130405,3172.502137918438,44.27438256508982,3202.95,24.539000024960178,,,,,
2025-09-18T13:25:00.000000,3166.3,3169.5,3164.75,3169.5,1169,TCS,NaN,3170.0821770432403,3172.229216289489,44.32771737306232,3202.95,25.48192540395718,,,,,
2025-09-18T13:30:00.000000,3169.5,3171.0,3167.8,3169.05,1018,TCS,NaN,3169.8757416345925,3171.9401966268083,44.31969110901412,3202.95,25.699535247475676,,,,,
2025-09-18T13:35:00.000000,3169.75,3169.8,3166.8,3167.15,621,TCS,NaN,3169.330593307674,3171.504724206189,44.07416939611541,3202.95,26.13548615621706,,,,,
2025-09-18T13:40:00.000000,3167.15,3169.5,3165.95,3167.45,506,TCS,NaN,3168.9544746461393,3171.1361129147176,43.90486990880412,3202.95,26.73636124843623,,,,,
2025-09-18T13:45:00.000000,3167.45,3168.3,3165.0,3166.5,335,TCS,NaN,3168.463579716911,3170.7146481042887,43.6249844616664,3202.95,27.510339200748994,,,,,
2025-09-18T13:50:00.000000,3166.5,3167.8,3161.0,3164.2,3972,TCS,NaN,3167.6108637735288,3170.1224073675353,43.0760311904937,3202.95,29.001467699426875,,,,,
2025-09-18T13:55:00.000000,3164.2,3168.85,3161.1,3168.55,1612,TCS,NaN,3167.798691018823,3169.979461243214,43.37080751472257,3202.95,29.89128983765343,,,,,
2025-09-18T14:00:00.000000,3168.55,3170.2,3164.6,3166.65,580,TCS,NaN,3167.5689528150583,3169.676782948376,43.37726451555901,3202.95,30.1040859808154,,,,,
2025-09-18T14:05:00.000000,3168.0,3170.0,3165.05,3165.8,2642,TCS,NaN,3167.215162252047,3169.3243481348873,43.268415940930616,3202.95,30.301682399465808,,,,,
2025-09-18T14:10:00.000000,3165.8,3173.85,3165.8,3172.35,7442,TCS,NaN,3168.2421298016375,3169.599407395352,44.19889999051249,3202.95,28.898039216209675,,,,,
2025-09-18T14:15:00.000000,3172.35,3173.2,3170.0,3170.05,417,TCS,NaN,3168.60370384131,3169.640370359411,44.70709842152353,3202.95,27.594656260328982,,,,,
2025-09-18T14:20:00.000000,3170.05,3171.55,3168.0,3169.75,1667,TCS,NaN,3168.832963073048,3169.6503366903735,45.12352570218054,3202.95,26.96852119064302,,,,,
2025-09-18T14:25:00.000000,3169.75,3170.95,3166.7,3170.25,2928,TCS,NaN,3169.1163704584387,3169.7048515367032,45.57901738206831,3202.95,26.736219996249805,,,,,
2025-09-18T14:30:00.000000,3170.25,3171.9,3169.1,3170.1,718,TCS,NaN,3169.313096366751,3169.7407741242755,45.966331591058896,3202.95,26.120709673011316,,,,,
2025-09-18T14:35:00.000000,3170.1,3173.95,3169.45,3169.7,2536,TCS,NaN,3169.3904770934005,3169.737067385705,46.2469632075029,3202.95,24.746495471229363,,,,,
2025-09-18T14:40:00.000000,3169.7,3171.85,3169.0,3171.55,999,TCS,NaN,3169.8223816747204,3169.90187944155,46.8340950075868,3202.95,23.616736517551367,,,,,
2025-09-18T14:45:00.000000,3171.55,3174.2,3168.25,3173.0,4785,TCS,NaN,3170.4579053397765,3170.1835267650454,47.61299568336912,3202.95,22.148498768159847,,,,,
2025-09-18T14:50:00.000000,3173.0,3175.95,3169.8,3173.45,11832,TCS,NaN,3171.0563242718213,3170.480478877314,48.3945686650103,3202.95,21.346830054882766,,,,,
2025-09-18T14:55:00.000000,3173.45,3174.7,3171.7,3174.25,624,TCS,NaN,3171.695059417457,3170.82316261574,49.24140724561394,3202.95,20.602423392554048,,,,,
2025-09-18T15:00:00.000000,3174.25,3178.45,3172.9,3178.2,28624,TCS,NaN,3172.9960475339653,3171.4937841961273,50.61800197158561,3202.95,20.978671621085347,,,,,
2025-09-18T15:05:00.000000,3178.0,3179.8,3172.95,3175.55,67385,TCS,NaN,3173.5068380271723,3171.8625310873886,51.27016350972378,3202.95,21.6514294647132,,,,,
2025-09-18T15:10:00.000000,3175.55,3180.0,3175.1,3175.95,17540,TCS,NaN,3173.995470421738,3172.234119170353,51.92361208841986,3202.95,22.324108781490114,,,,,
2025-09-18T15:15:00.000000,3175.95,3180.85,3174.4,3179.4,15545,TCS,NaN,3175.0763763373902,3172.8855628821393,53.02091032274245,3202.95,23.15700297257576,,,,,
2025-09-18T15:20:00.000000,3179.4,3179.4,3172.75,3173.3,9474,TCS,NaN,3174.721101069912,3172.923238983763,52.83766365146301,3202.95,23.15289808795729,,,,,
2025-09-18T15:25:00.000000,3173.3,3177.0,3171.7,3177.0,3885,TCS,NaN,3175.1768808559295,3173.293853621603,53.197209003911276,3202.95,22.6853566425057,,,,,
2025-09-19T09:15:00.000000,3169.95,3176.25,3156.6,3160.0,3534,TCS,NaN,3172.1415046847437,3172.0853214741846,51.591207497379244,3176.25,23.623312920979064,,,,,
2025-09-19T09:20:00.000000,3160.0,3163.9,3151.2,3152.7,2077,TCS,NaN,3168.253203747795,3170.323019521986,49.64641058330985,3176.25,25.170898667834543,,,,,
2025-09-19T09:25:00.000000,3152.7,3154.05,3145.3,3151.4,1456,TCS,NaN,3164.882562998236,3168.6027450199877,47.808072897176025,3176.25,27.18616990967121,,,,,
2025-09-19T09:30:00.000000,3151.4,3152.25,3144.5,3150.9,1081,TCS,NaN,3162.086050398589,3166.993404563625,46.11340336445057,3176.25,29.127913152366887,,,,,
2025-09-19T09:35:00.000000,3150.9,3154.9,3148.6,3154.9,1278,TCS,NaN,3160.6488403188714,3165.89400414875,45.150858463752876,3176.25,30.157418826520132,,,,,
2025-09-19T09:40:00.000000,3154.9,3159.9,3153.45,3153.45,1766,TCS,NaN,3159.209072255097,3164.762731044318,44.16906349249329,3176.25,29.834212957211715,,,,,
2025-09-19T09:45:00.000000,3153.45,3159.9,3150.0,3159.25,576,TCS,NaN,3159.2172578040777,3164.261573676653,44.039684219278534,3176.25,29.984771769618295,,,,,
2025-09-19T09:50:00.000000,3159.25,3163.0,3158.3,3161.25,903,TCS,NaN,3159.623806243262,3163.9877942515027,44.15923893784626,3176.25,29.409541408858153,,,,,
2025-09-19T09:55:00.000000,3162.75,3162.75,3155.8,3155.8,187,TCS,NaN,3158.8590449946096,3163.243449319548,43.77964115868467,3176.25,29.220121184864247,,,,,
2025-09-19T10:00:00.000000,3155.8,3163.5,3155.8,3162.2,591,TCS,NaN,3159.5272359956875,3163.148590290498,44.149014782026406,3176.25,28.866940454108118,,,,,
2025-09-19T10:05:00.000000,3163.75,3166.45,3163.75,3164.5,575,TCS,NaN,3160.52178879655,3163.2714457186344,44.713424834634566,3176.25,27.859100131206628,,,,,
2025-09-19T10:10:00.000000,3164.5,3170.0,3164.0,3169.35,596,TCS,NaN,3162.28743103724,3163.824041562395,45.67540132515758,3176.25,26.183095215582405,,,,,
2025-09-19T10:15:00.000000,3168.0,3168.0,3163.3,3163.7,224,TCS,NaN,3162.569944829792,3163.8127650567226,45.990252036051714,3176.25,24.755282722846538,,,,,
2025-09-19T10:20:00.000000,3163.7,3166.55,3163.7,3166.45,564,TCS,NaN,3163.3459558638333,3164.0525136879296,46.53181582410013,3176.25,23.42945683673466,,,,,
2025-09-19T10:25:00.000000,3166.45,3169.25,3163.8,3166.55,302,TCS,NaN,3163.9867646910666,3164.2795578981177,47.03130391298517,3176.25,21.90234264516735,,,,,
2025-09-19T10:30:00.000000,3166.55,3167.0,3160.5,3161.25,286,TCS,NaN,3163.439411752853,3164.0041435437433,46.96339130145529,3176.25,20.867219441564565,,,,,
2025-09-19T10:35:00.000000,3161.3,3162.9,3160.05,3161.3,398,TCS,NaN,3163.0115294022826,3163.758312312494,46.90741634338426,3176.25,19.99486049082271,,,,,
2025-09-19T10:40:00.000000,3161.3,3163.15,3160.5,3160.55,517,TCS,NaN,3162.519223521826,3163.466647556813,46.781736657949985,3176.25,19.12294490610131,,,,,
2025-09-19T10:45:00.000000,3160.55,3162.0,3159.65,3161.55,375,TCS,NaN,3162.3253788174607,3163.29240686983,46.79143080057616,3176.25,18.500108386265747,,,,,
2025-09-19T10:50:00.000000,3161.55,3162.5,3160.9,3160.95,114,TCS,NaN,3162.0503030539685,3163.079460790754,46.73253756509882,3176.25,17.782581590057866,,,,,
2025-09-19T10:55:00.000000,3160.95,3162.0,3158.7,3158.7,190,TCS,NaN,3161.3802424431747,3162.6813279915946,46.42565512444368,3176.25,17.620948678557856,,,,,
2025-09-19T11:00:00.000000,3158.7,3160.45,3156.55,3159.1,523,TCS,NaN,3160.9241939545395,3162.3557527196313,46.206751258503466,3176.25,17.924163595723925,,,,,
2025-09-19T11:05:00.000000,3159.1,3159.15,3155.45,3158.95,220,TCS,NaN,3160.5293551636314,3162.0461388360286,45.99024260668694,3176.25,18.427539187648453,,,,,
2025-09-19T11:10:00.000000,3158.95,3159.8,3157.15,3159.35,72,TCS,NaN,3160.293484130905,3161.8010353054806,45.860846098318646,3176.25,18.674754718272105,,,,,
2025-09-19T11:15:00.000000,3159.35,3159.35,3155.05,3156.0,496,TCS,NaN,3159.434787304724,3161.273668459528,45.31458049553485,3176.25,19.34533334646491,,,,,
2025-09-19T11:20:00.000000,3156.0,3158.55,3155.35,3157.5,458,TCS,NaN,3159.0478298437793,3160.93060769048,45.085092339749515,3176.25,19.968013501215363,,,,,
2025-09-19T11:25:00.000000,3157.5,3157.75,3155.6,3155.8,241,TCS,NaN,3158.3982638750235,3160.464188809527,44.65832796681267,3176.25,20.546216502055074,,,,,
2025-09-19T11:30:00.000000,3157.5,3159.0,3155.0,3157.9,237,TCS,NaN,3158.2986111000187,3160.2310807359336,44.64889651973262,3176.25,20.575412021948747,,,,,
2025-09-19T11:35:00.000000,3157.9,3160.9,3157.0,3157.85,223,TCS,NaN,3158.208888880015,3160.014618850849,44.633129635545764,3176.25,19.882948423313728,,,,,
2025-09-19T11:40:00.000000,3157.85,3161.2,3156.75,3156.75,229,TCS,NaN,3157.917111104012,3159.7178353189533,44.45441537529539,3176.25,19.129346959408092,,,,,
2025-09-19T11:45:00.000000,3156.6,3161.0,3156.25,3158.5,397,TCS,NaN,3158.0336888832094,3159.60712301723,44.632680239863866,3176.25,18.58792863476906,,,,,
2025-09-19T11:50:00.000000,3158.5,3161.2,3155.6,3159.75,430,TCS,NaN,3158.3769511065675,3159.6201118338454,45.027943977963844,3176.25,18.294299941403064,,,,,
2025-09-19T11:55:00.000000,3159.75,3161.25,3157.5,3158.25,424,TCS,NaN,3158.351560885254,3159.4955562125865,45.12609437720937,3176.25,17.999285351538635,,,,,
2025-09-19T12:00:00.000000,3158.25,3159.0,3155.0,3155.0,368,TCS,NaN,3157.6812487082034,3159.0868692841696,44.70918164893907,3176.25,18.512227026452564,,,,,
2025-09-19T12:05:00.000000,3155.0,3157.2,3153.2,3153.45,478,TCS,NaN,3156.8349989665626,3158.574426621972,44.11502591763707,3176.25,19.47222631946021,,,,,
2025-09-19T12:10:00.000000,3153.45,3156.6,3153.25,3155.75,206,TCS,NaN,3156.61799917325,3158.3176605654294,44.05801769957025,3176.25,20.363654234395877,,,,,
2025-09-19T12:15:00.000000,3155.75,3156.2,3152.25,3153.15,170,TCS,NaN,3155.9243993386003,3157.8478732412996,43.63023649474415,3176.25,21.459235227969348,,,,,
2025-09-19T12:20:00.000000,3153.15,3156.35,3152.2,3155.15,99,TCS,NaN,3155.7695194708804,3157.602612037545,43.64572855386005,3176.25,22.391043430475833,,,,,
2025-09-19T12:25:00.000000,3155.15,3158.75,3155.15,3156.6,880,TCS,NaN,3155.935615576704,3157.5114654886775,43.936914722759674,3176.25,21.988499922202127,,,,,
2025-09-19T12:30:00.000000,3156.6,3157.65,3154.05,3154.1,84,TCS,NaN,3155.5684924613633,3157.201332262434,43.81025461053583,3176.25,21.978314311254746,,,,,
2025-09-19T12:35:00.000000,3154.1,3155.25,3153.2,3153.65,137,TCS,NaN,3155.1847939690906,3156.87848387494,43.62782114390012,3176.25,22.239177430394957,,,,,
2025-09-19T12:40:00.000000,3153.65,3157.5,3153.45,3155.9,765,TCS,NaN,3155.3278351752724,3156.7895307954,43.919764166003105,3176.25,21.392944023802066,,,,,
2025-09-19T12:45:00.000000,3155.9,3160.5,3155.9,3157.5,384,TCS,NaN,3155.762268140218,3156.8541189049092,44.485880339741584,3176.25,20.29222924773339,,,,,
2025-09-19T12:50:00.000000,3157.5,3160.0,3156.65,3157.0,257,TCS,NaN,3156.0098145121747,3156.867380822645,44.90488287087994,3176.25,19.270136955669617,,,,,
2025-09-19T12:55:00.000000,3157.0,3160.05,3156.0,3159.0,54,TCS,NaN,3156.6078516097396,3157.0612552933135,45.66343822350305,3176.25,18.049021722639935,,,,,
2025-09-19T13:00:00.000000,3159.0,3159.25,3157.5,3158.1,136,TCS,NaN,3156.9062812877914,3157.155686630285,46.16646832694667,3176.25,16.91512900625523,,,,,
2025-09-19T13:05:00.000000,3158.1,3160.05,3157.5,3160.05,140,TCS,NaN,3157.535025030233,3157.418806027532,46.98732645349201,3176.25,16.20315020798024,,,,,
2025-09-19T13:10:00.000000,3160.05,3160.05,3156.9,3158.75,465,TCS,NaN,3157.7780200241864,3157.539823661393,47.45235788800519,3176.25,15.25240403702635,,,,,
2025-09-19T13:15:00.000000,3158.75,3160.5,3157.25,3160.5,80,TCS,NaN,3158.322416019349,3157.808930601266,48.20138632123611,3176.25,14.575660252925426,,,,,
2025-09-19T13:20:00.000000,3160.5,3160.6,3158.0,3159.75,24,TCS,NaN,3158.607932815479,3157.9853914556966,48.71050808537204,3176.25,13.994773129503397,,,,,
2025-09-19T13:25:00.000000,3159.75,3165.0,3159.75,3162.5,861,TCS,NaN,3159.386346252383,3158.39581041427,49.66741192852146,3176.25,15.130628183823072,,,,,
2025-09-19T13:30:00.000000,3162.5,3165.75,3160.25,3161.25,495,TCS,NaN,3159.7590770019065,3158.6552821947907,50.24189649721828,3176.25,16.40564181065917,,,,,
2025-09-19T13:35:00.000000,3161.25,3162.0,3157.1,3157.1,108,TCS,NaN,3159.2272616015252,3158.513892904355,49.92932594605822,3176.25,16.013177765759373,,,,,
2025-09-19T13:40:00.000000,3157.1,3159.95,3157.1,3159.95,110,TCS,NaN,3159.37180928122,3158.644448094868,50.17176090956305,3176.25,15.648746866923846,,,,,
2025-09-19T13:45:00.000000,3159.95,3159.95,3157.15,3157.25,136,TCS,NaN,3158.947447424976,3158.5176800862437,49.91179454897423,3176.25,15.31034674657657,,,,,
2025-09-19T13:50:00.000000,3157.25,3160.6,3157.25,3159.75,836,TCS,NaN,3159.1079579399807,3158.6297091693123,50.113504832417824,3176.25,15.257135530186071,,,,,
2025-09-19T13:55:00.000000,3159.75,3160.7,3157.0,3159.4,483,TCS,NaN,3159.1663663519844,3158.6997356084657,50.23163982643726,3176.25,15.071016962451962,,,,,
2025-09-19T14:00:00.000000,3160.5,3164.15,3159.7,3163.0,1191,TCS,NaN,3159.9330930815877,3159.090668734969,50.92127415737525,3176.25,16.13913059220843,,,,,
2025-09-19T14:05:00.000000,3163.0,3163.45,3161.1,3163.15,365,TCS,NaN,3160.57647446527,3159.4596988499716,51.56796065783028,3176.25,17.13095039126801,,,,,
2025-09-19T14:10:00.000000,3163.15,3163.15,3161.5,3162.0,37,TCS,NaN,3160.8611795722163,3159.690635318156,51.90964429552326,3176.25,18.051925918966187,,,,,
2025-09-19T14:15:00.000000,3162.0,3164.2,3160.65,3160.65,929,TCS,NaN,3160.818943657773,3159.777850289233,51.940280728974905,3176.25,19.258444506808903,,,,,
2025-09-19T14:20:00.000000,3160.65,3162.35,3155.0,3155.8,1612,TCS,NaN,3159.8151549262184,3159.416227535666,51.12128925008734,3176.25,18.17666349101122,,,,,
2025-09-19T14:25:00.000000,3155.8,3158.6,3155.0,3156.2,264,TCS,NaN,3159.0921239409745,3159.123843214242,50.46066067275973,3176.25,17.172152547770512,,,,,
2025-09-19T14:30:00.000000,3156.2,3156.2,3152.3,3156.2,357,TCS,NaN,3158.5136991527797,3158.8580392856743,49.862949102796655,3176.25,17.186168856603437,,,,,
2025-09-19T14:35:00.000000,3156.2,3157.6,3154.05,3157.6,333,TCS,NaN,3158.330959322224,3158.7436720778855,49.625195139089676,3176.25,16.598429044081197,,,,,
2025-09-19T14:40:00.000000,3157.6,3162.95,3153.8,3162.7,2980,TCS,NaN,3159.204767457779,3159.1033382526234,50.32624324346607,3176.25,16.545443750276405,,,,,
2025-09-19T14:45:00.000000,3162.7,3164.2,3160.25,3161.9,374,TCS,NaN,3159.743813966223,3159.3575802296577,50.79797855409171,3176.25,16.821989036903894,,,,,
2025-09-19T14:50:00.000000,3161.9,3164.45,3161.65,3164.45,522,TCS,NaN,3160.6850511729785,3159.820527481507,51.62184011314365,3176.25,17.144373452624073,,,,,
2025-09-19T14:55:00.000000,3164.45,3165.0,3161.15,3161.5,224,TCS,NaN,3160.848040938383,3159.97320680137,51.77808414794874,3176.25,17.593253015795487,,,,,
2025-09-19T15:00:00.000000,3162.5,3166.7,3160.0,3166.7,784,TCS,NaN,3162.0184327507063,3160.5847334557907,52.65367828245059,3176.25,18.45511562401009,,,,,
2025-09-19T15:05:00.000000,3166.7,3167.6,3163.55,3165.6,362,TCS,NaN,3162.734746200565,3161.0406667779916,53.235577967864465,3176.25,19.478172388309854,,,,,
2025-09-19T15:10:00.000000,3165.6,3170.0,3165.3,3167.3,1451,TCS,NaN,3163.647796960452,3161.6096970709013,53.98532413839431,3176.25,20.97045397696484,,,,,
2025-09-19T15:15:00.000000,3167.3,3176.25,3167.15,3173.9,709,TCS,NaN,3165.6982375683615,3162.726997337183,55.374994655955874,3176.25,23.380718897290347,,,,,
2025-09-19T15:20:00.000000,3173.9,3177.3,3172.1,3173.6,1581,TCS,NaN,3167.278590054689,3163.715452124712,56.57149017838295,3176.25,25.75372912916003,,,,,
2025-09-19T15:25:00.000000,3173.6,3173.95,3165.35,3170.0,480,TCS,NaN,3167.8228720437514,3164.286774658829,56.95895829436871,3176.25,25.451085656021593,,,,,
2025-09-22T09:15:00.000000,3070.1,3100.5,3063.05,3086.95,40469,TCS,NaN,3151.648297635001,3157.2561587807536,53.10840788370161,3103.0,28.912088029514372,,,,,
2025-09-22T09:20:00.000000,3086.45,3092.0,3082.85,3090.15,10130,TCS,NaN,3139.348638108001,3151.1555988915943,49.85750684049434,3103.0,32.12587594775766,,,,,
2025-09-22T09:25:00.000000,3091.0,3102.65,3090.0,3101.1,10136,TCS,NaN,3131.698910486401,3146.6050899014494,47.66823563427841,3103.0,34.03438428089085,,,,,
2025-09-22T09:30:00.000000,3100.0,3103.0,3093.75,3100.9,11620,TCS,NaN,3125.539128389121,3142.4500817285902,45.68257041921436,3103.0,35.7719020290508,,,,,
2025-09-22T09:35:00.000000,3100.9,3102.0,3096.15,3101.85,9833,TCS,NaN,3120.8013027112966,3138.7591652078095,43.95356567305073,3103.0,37.385311366627896,,,,,
2025-09-22T09:40:00.000000,3101.85,3106.6,3099.3,3105.5,6636,TCS,NaN,3117.7410421690374,3135.7356047343724,42.65534371569972,3103.0,38.38009745024508,,,,,
2025-09-22T09:45:00.000000,3103.75,3105.9,3100.0,3101.1,5314,TCS,NaN,3114.41283373523,3132.586913394884,41.343106111196974,3103.0,39.303827385032456,,,,,
2025-09-22T09:50:00.000000,3101.1,3101.65,3094.35,3100.2,10264,TCS,NaN,3111.570266988184,3129.6426485408037,40.127266207982544,3103.0,40.368894441319746,,,,,
2025-09-22T09:55:00.000000,3100.2,3105.95,3100.0,3102.75,3304,TCS,NaN,3109.806213590547,3127.1978623098216,39.23626436293744,3103.0,40.844751244079966,,,,,
2025-09-22T10:00:00.000000,3102.75,3103.75,3099.0,3099.75,3135,TCS,NaN,3107.7949708724377,3124.702602099838,38.32028833407982,3103.0,41.330250393755605,,,,,
2025-09-22T10:05:00.000000,3099.75,3101.2,3098.0,3100.5,3676,TCS,NaN,3106.33597669795,3122.502365545307,37.55850540279894,3103.0,41.82694783197828,,,,,
2025-09-22T10:10:00.000000,3100.5,3101.6,3098.25,3100.0,2213,TCS,NaN,3105.06878135836,3120.456695950279,36.84871048719621,3103.0,42.23249216128033,,,,,
2025-09-22T10:15:00.000000,3100.0,3101.5,3098.05,3100.0,5807,TCS,NaN,3104.055025086688,3118.5969963184357,36.20651508736516,3103.0,42.61965212682576,,,,,
2025-09-22T10:20:00.000000,3100.0,3100.5,3096.35,3099.0,5343,TCS,NaN,3103.0440200693506,3116.815451198578,35.578894406391335,3103.0,43.073327398356064,,,,,
2025-09-22T10:25:00.000000,3098.6,3100.0,3095.4,3097.75,5969,TCS,NaN,3101.9852160554806,3115.082228362344,34.95067367975249,3103.0,43.54901736379836,,,,,
2025-09-22T10:30:00.000000,3096.0,3098.2,3090.05,3092.2,8388,TCS,NaN,3100.0281728443842,3113.0020257839487,34.126012701215934,3103.0,44.288852499013146,,,,,
2025-09-22T10:35:00.000000,3090.9,3093.2,3087.35,3090.3,7822,TCS,NaN,3098.0825382755074,3110.9382052581354,33.29701847582267,3103.0,45.118001741682725,,,,,
2025-09-22T10:40:00.000000,3090.3,3090.35,3086.05,3088.05,5096,TCS,NaN,3096.076030620406,3108.8574593255776,32.448925018609394,3103.0,45.95691109038956,,,,,
2025-09-22T10:45:00.000000,3088.05,3091.75,3085.95,3090.0,4867,TCS,NaN,3094.8608244963248,3107.143144841434,31.943867830271433,3103.0,46.45838532493705,,,,,
2025-09-22T10:50:00.000000,3090.0,3091.3,3087.0,3090.0,3626,TCS,NaN,3093.88865959706,3105.5846771285765,31.486911326537086,3103.0,46.92403997130258,,,,,
2025-09-22T10:55:00.000000,3089.0,3092.0,3089.0,3091.25,1961,TCS,NaN,3093.360927677648,3104.2815246623422,31.256398027695052,3103.0,47.20171677717979,,,,,
2025-09-22T11:00:00.000000,3091.25,3091.25,3087.1,3089.95,2212,TCS,NaN,3092.678742142118,3102.9786587839476,30.968444245126765,3103.0,47.599196597231035,,,,,
2025-09-22T11:05:00.000000,3089.95,3090.0,3085.0,3087.75,5509,TCS,NaN,3091.6929937136947,3101.594235258134,30.57435119594179,3103.0,48.12067793547715,,,,,
2025-09-22T11:10:00.000000,3087.75,3089.95,3085.3,3089.65,4487,TCS,NaN,3091.284394970956,3100.508395689213,30.52551649046553,3103.0,48.60491060670568,,,,,
2025-09-22T11:15:00.000000,3089.65,3089.75,3082.0,3083.8,4379,TCS,NaN,3089.7875159767646,3098.9894506265573,30.115664372871805,3103.0,49.29957409905783,,,,,
2025-09-22T11:20:00.000000,3083.7,3083.75,3080.0,3083.2,6952,TCS,NaN,3088.4700127814117,3097.554046024143,29.71010509059356,3103.0,50.085386542948854,,,,,
2025-09-22T11:25:00.000000,3083.2,3083.55,3078.3,3080.35,5497,TCS,NaN,3086.8460102251292,3095.9900418401303,29.179572358907794,3103.0,50.93273781605848,,,,,
2025-09-22T11:30:00.000000,3080.3,3082.0,3078.15,3080.95,6030,TCS,NaN,3085.6668081801035,3094.622765309209,28.80677020443187,3103.0,51.730239081153805,,,,,
2025-09-22T11:35:00.000000,3080.95,3081.9,3078.15,3080.25,3416,TCS,NaN,3084.583446544083,3093.3161502810995,28.4254352487099,3103.0,52.47077597017089,,,,,
2025-09-22T11:40:00.000000,3081.9,3084.3,3080.1,3083.05,4768,TCS,NaN,3084.2767572352664,3092.3828638919085,28.603769649814808,3103.0,52.371893295433516,,,,,
2025-09-22T11:45:00.000000,3083.05,3084.75,3082.05,3083.45,2855,TCS,NaN,3084.1114057882132,3091.5707853562803,28.83892189915645,3103.0,52.13404779746055,,,,,
2025-09-22T11:50:00.000000,3082.15,3083.1,3080.45,3082.85,2994,TCS,NaN,3083.8591246305705,3090.7779866875276,28.999469151868933,3103.0,52.092487259469074,,,,,
2025-09-22T11:55:00.000000,3082.85,3084.0,3080.9,3083.2,2534,TCS,NaN,3083.7272997044565,3090.089078806843,29.217255548540795,3103.0,51.740235765186114,,,,,
2025-09-22T12:00:00.000000,3083.15,3085.25,3081.05,3083.6,2316,TCS,NaN,3083.701839763565,3089.4991625516755,29.501413524675858,3103.0,50.97651288571235,,,,,
2025-09-22T12:05:00.000000,3083.6,3084.5,3080.7,3083.75,2870,TCS,NaN,3083.7114718108523,3088.976511410614,29.79303523052469,3103.0,50.31943202798919,,,,,
2025-09-22T12:10:00.000000,3082.5,3085.0,3080.1,3082.0,3084,TCS,NaN,3083.369177448682,3088.3422831005582,29.86165145790404,3103.0,49.8021421046069,,,,,
2025-09-22T12:15:00.000000,3081.05,3085.0,3080.3,3083.9,4056,TCS,NaN,3083.4753419589456,3087.9384391823255,30.37744095837723,3103.0,49.321801461466215,,,,,
2025-09-22T12:20:00.000000,3082.5,3085.9,3082.05,3082.7,1273,TCS,NaN,3083.3202735671566,3087.4622174384776,30.694417971098815,3103.0,48.49364822985113,,,,,
2025-09-22T12:25:00.000000,3084.0,3084.75,3080.8,3081.0,1016,TCS,NaN,3082.8562188537253,3086.874743125889,30.776896421460936,3103.0,47.960232811692705,,,,,
2025-09-22T12:30:00.000000,3082.05,3082.35,3080.5,3081.1,1905,TCS,NaN,3082.5049750829803,3086.3497664780807,30.877694516912364,3103.0,47.52180425593143,,,,,
2025-09-22T12:35:00.000000,3081.0,3083.35,3080.5,3082.2,1675,TCS,NaN,3082.443980066384,3085.9725149800734,31.263693627592286,3103.0,46.646320257317434,,,,,
2025-09-22T12:40:00.000000,3083.25,3085.5,3081.75,3085.0,1129,TCS,NaN,3082.955184053107,3085.8841045273393,32.298960093398904,3103.0,44.89906992145292,,,,,
2025-09-22T12:45:00.000000,3085.0,3085.75,3081.85,3082.6,2094,TCS,NaN,3082.8841472424856,3085.5855495703086,32.86359649963066,3103.0,43.17220470750332,,,,,
2025-09-22T12:50:00.000000,3082.6,3083.0,3080.0,3081.3,1303,TCS,NaN,3082.5673177939884,3085.195954154826,33.187661422114616,3103.0,42.06160247190629,,,,,
2025-09-22T12:55:00.000000,3081.3,3081.45,3077.9,3079.0,3460,TCS,NaN,3081.8538542351907,3084.632685595296,33.17328366154155,3103.0,41.527535493454856,,,,,
2025-09-22T13:00:00.000000,3079.0,3079.95,3075.6,3077.8,1181,TCS,NaN,3081.043083388153,3084.01153235936,33.010346523264644,3103.0,41.50766035306803,,,,,
2025-09-22T13:05:00.000000,3077.8,3079.0,3075.0,3075.0,3428,TCS,NaN,3079.834466710522,3083.192302144873,32.54250330039724,3103.0,41.60597534216553,,,,,
2025-09-22T13:10:00.000000,3075.1,3077.0,3075.0,3075.7,538,TCS,NaN,3079.0075733684175,3082.511183768066,32.31085001651845,3103.0,41.69726783204177,,,,,
2025-09-22T13:15:00.000000,3075.7,3076.6,3074.95,3075.6,1195,TCS,NaN,3078.326058694734,3081.8828943346057,32.088965777222384,3103.0,41.79298148458462,,,,,
2025-09-22T13:20:00.000000,3075.0,3075.75,3071.8,3073.55,1591,TCS,NaN,3077.3708469557873,3081.125358486005,31.641345207250815,3103.0,42.5082588758667,,,,,
2025-09-22T13:25:00.000000,3073.55,3075.65,3070.45,3075.65,1542,TCS,NaN,3077.02667756463,3080.627598623641,31.838507038272798,3103.0,43.40081673687631,,,,,
2025-09-22T13:30:00.000000,3075.65,3075.9,3072.4,3073.3,832,TCS,NaN,3076.281342051704,3079.961453294219,31.71197712849733,3103.0,44.08504889441243,,,,,
2025-09-22T13:35:00.000000,3074.1,3074.8,3072.5,3074.55,2225,TCS,NaN,3075.9350736413635,3079.4695029947447,31.938959835920794,3103.0,44.72040732641027,,,,,
2025-09-22T13:40:00.000000,3074.55,3074.55,3072.55,3074.0,968,TCS,NaN,3075.5480589130907,3078.972275449768,32.066832276220836,3103.0,45.310383013265394,,,,,
2025-09-22T13:45:00.000000,3073.1,3074.0,3070.5,3071.5,1094,TCS,NaN,3074.7384471304727,3078.292977681607,31.850975339635905,3103.0,46.25438545578966,,,,,
2025-09-22T13:50:00.000000,3071.5,3072.2,3070.4,3071.7,1312,TCS,NaN,3074.130757704378,3077.6936160741884,31.715387905171564,3103.0,47.149203013886336,,,,,
2025-09-22T13:55:00.000000,3071.7,3072.0,3070.0,3071.45,1685,TCS,NaN,3073.5946061635022,3077.1260146128984,31.55828710743668,3103.0,48.056191501520345,,,,,
2025-09-22T14:00:00.000000,3071.4,3072.0,3070.2,3071.5,937,TCS,NaN,3073.1756849308017,3076.6145587389988,31.433147276282735,3103.0,48.89839509718049,,,,,
2025-09-22T14:05:00.000000,3071.5,3075.9,3070.5,3075.0,1189,TCS,NaN,3073.5405479446413,3076.467780671817,32.391873817490506,3103.0,47.09842832043834,,,,,
2025-09-22T14:10:00.000000,3075.0,3075.0,3072.55,3073.15,803,TCS,NaN,3073.462438355713,3076.1661642471063,32.92681270328457,3103.0,45.42703059917777,,,,,
2025-09-22T14:15:00.000000,3073.05,3073.85,3071.3,3072.0,1153,TCS,NaN,3073.1699506845703,3075.787422042824,33.21782108256017,3103.0,44.29763423294509,,,,,
2025-09-22T14:20:00.000000,3071.3,3072.05,3070.0,3070.05,1855,TCS,NaN,3072.5459605476563,3075.265838220749,33.177093713774156,3103.0,43.65064525544403,,,,,
2025-09-22T14:25:00.000000,3070.0,3071.45,3069.0,3069.0,4551,TCS,NaN,3071.836768438125,3074.6962165643176,32.987449944534625,3103.0,43.337064392280794,,,,,
2025-09-22T14:30:00.000000,3069.0,3069.4,3066.25,3067.5,2118,TCS,NaN,3070.9694147505,3074.0420150584705,32.60795003599954,3103.0,43.719714914366016,,,,,
2025-09-22T14:35:00.000000,3067.5,3070.7,3066.1,3068.5,5661,TCS,NaN,3070.4755318004,3073.5381955077005,32.588165993489945,3103.0,43.29677953345443,,,,,
2025-09-22T14:40:00.000000,3068.5,3069.3,3066.05,3067.35,4397,TCS,NaN,3069.85042544032,3072.9756322797275,32.397620322532426,3103.0,42.91749763699123,,,,,
2025-09-22T14:45:00.000000,3066.1,3068.85,3065.0,3068.85,6889,TCS,NaN,3069.650340352256,3072.6005747997524,32.70691154004886,3103.0,42.849010214570114,,,,,
2025-09-22T14:50:00.000000,3068.85,3070.7,3067.25,3070.0,3832,TCS,NaN,3069.7202722818047,3072.3641589088656,33.33454686080637,3103.0,41.68666459982348,,,,,
2025-09-22T14:55:00.000000,3070.0,3073.45,3069.0,3072.0,1382,TCS,NaN,3070.176217825444,3072.3310535535143,34.45781265709736,3103.0,39.270856944115216,,,,,
2025-09-22T15:00:00.000000,3072.0,3075.5,3070.5,3075.0,4878,TCS,NaN,3071.140974260355,3072.573685048649,36.17614882933999,3103.0,36.72131543465664,,,,,
2025-09-22T15:05:00.000000,3075.0,3076.35,3072.0,3074.85,5959,TCS,NaN,3071.882779408284,3072.780622771499,37.69492444877209,3103.0,34.66537496389715,,,,,
2025-09-22T15:10:00.000000,3074.65,3075.75,3072.5,3073.0,6300,TCS,NaN,3072.106223526627,3072.800566155908,38.636764536352175,3103.0,32.7562873839062,,,,,
2025-09-22T15:15:00.000000,3073.0,3075.8,3070.25,3072.5,16011,TCS,NaN,3072.1849788213017,3072.7732419599165,39.376879491246115,3103.0,30.789502668809796,,,,,
2025-09-22T15:20:00.000000,3073.75,3075.85,3073.0,3075.8,3248,TCS,NaN,3072.9079830570413,3073.048401781742,40.80926733037682,3103.0,28.941337786593014,,,,,
2025-09-22T15:25:00.000000,3075.8,3077.15,3075.0,3077.15,3332,TCS,NaN,3073.756386445633,3073.4212743470384,42.37340351854268,3103.0,27.087468451366497,,,,,
2025-09-23T09:15:00.000000,3074.0,3080.95,3068.0,3077.15,8575,TCS,NaN,3074.4351091565063,3073.7602494063985,43.78857435545465,3080.95,27.17554976669577,,,,,
2025-09-23T09:20:00.000000,3077.15,3077.15,3071.0,3076.4,3561,TCS,NaN,3074.828087325205,3074.0002267330897,44.8603297659183,3080.95,27.257339559501524,,,,,
2025-09-23T09:25:00.000000,3076.4,3077.2,3064.0,3064.35,6098,TCS,NaN,3072.732469860164,3073.122933393718,43.74145838901438,3080.95,28.667873883909806,,,,,
2025-09-23T09:30:00.000000,3064.35,3064.65,3057.5,3058.85,3862,TCS,NaN,3069.9559758881314,3071.8253939942892,42.21269809407459,3080.95,30.760345414069963,,,,,
2025-09-23T09:35:00.000000,3058.85,3061.3,3056.0,3060.75,5478,TCS,NaN,3068.1147807105053,3070.8185399948084,41.22501977981131,3080.95,32.85010898119186,,,,,
2025-09-23T09:40:00.000000,3060.75,3060.75,3056.0,3056.8,2009,TCS,NaN,3065.8518245684045,3069.5441272680077,39.98592076862356,3080.95,34.790603722090765,,,,,
2025-09-23T09:45:00.000000,3056.8,3057.6,3052.7,3052.7,2468,TCS,NaN,3063.2214596547237,3068.012842970916,38.56129249524398,3080.95,36.909144401882145,,,,,
2025-09-23T09:50:00.000000,3052.7,3055.3,3052.25,3054.65,1221,TCS,NaN,3061.507167723779,3066.7980390644693,37.662871754462124,3080.95,38.91704389393993,,,,,
2025-09-23T09:55:00.000000,3054.65,3060.0,3053.25,3059.9,10017,TCS,NaN,3061.1857341790233,3066.170944604063,37.77388022655059,3080.95,38.981721975690775,,,,,
2025-09-23T10:00:00.000000,3059.1,3060.0,3058.25,3059.5,809,TCS,NaN,3060.8485873432187,3065.564495094603,37.833247049579306,3080.95,39.04178019445941,,,,,
2025-09-23T10:05:00.000000,3059.5,3060.0,3058.25,3059.1,4232,TCS,NaN,3060.498869874575,3064.9768137223664,37.84373942298049,3080.95,39.09754854045887,,,,,
2025-09-23T10:10:00.000000,3059.1,3060.1,3054.7,3057.0,4200,TCS,NaN,3059.79909589966,3064.251648838515,37.626883936688145,3080.95,39.69054033435873,,,,,
2025-09-23T10:15:00.000000,3058.2,3059.55,3056.25,3057.0,1322,TCS,NaN,3059.239276719728,3063.5924080350137,37.430681353852215,3080.95,40.24117557155146,,,,,
2025-09-23T10:20:00.000000,3057.0,3058.2,3055.95,3057.3,2088,TCS,NaN,3058.8514213757826,3063.0203709409216,37.31619351182953,3080.95,40.7982786878375,,,,,
2025-09-23T10:25:00.000000,3057.3,3058.15,3055.85,3057.0,2000,TCS,NaN,3058.4811371006263,3062.4730644917468,37.17486185973847,3080.95,41.331758218240495,,,,,
2025-09-23T10:30:00.000000,3057.0,3058.45,3056.25,3056.95,1046,TCS,NaN,3058.174909680501,3061.9709677197698,37.0403024425078,3080.95,41.68013368831372,,,,,
2025-09-23T10:35:00.000000,3056.95,3060.35,3056.45,3060.15,1595,TCS,NaN,3058.569927744401,3061.8054251997905,37.646589786534385,3080.95,41.10044175068209,,,,,
2025-09-23T10:40:00.000000,3060.15,3060.15,3058.0,3059.6,2927,TCS,NaN,3058.7759421955207,3061.6049319998097,38.10604191300893,3080.95,40.56215638002415,,,,,
2025-09-23T10:45:00.000000,3059.6,3060.45,3059.0,3060.0,1364,TCS,NaN,3059.0207537564165,3061.459029090736,38.61268483809706,3080.95,39.91358749980392,,,,,
2025-09-23T10:50:00.000000,3060.0,3060.0,3058.65,3059.0,1918,TCS,NaN,3059.016603005133,3061.2354809915782,38.894150572325294,3080.95,39.40536608915296,,,,,
2025-09-23T10:55:00.000000,3059.0,3060.0,3059.0,3059.9,1312,TCS,NaN,3059.1932824041064,3061.1140736287075,39.37036233549119,3080.95,38.93344620783422,,,,,
2025-09-23T11:00:00.000000,3059.9,3061.0,3058.65,3059.0,2599,TCS,NaN,3059.154625923285,3060.9218851170067,39.629355572907016,3080.95,37.927540626527964,,,,,
2025-09-23T11:05:00.000000,3059.0,3060.35,3058.65,3059.6,1251,TCS,NaN,3059.243700738628,3060.801713742733,40.02180540219703,3080.95,36.99348544388645,,,,,
2025-09-23T11:10:00.000000,3059.6,3060.15,3058.0,3059.0,1692,TCS,NaN,3059.194960590902,3060.637921584303,40.252084341560035,3080.95,36.35786878856555,,,,,
2025-09-23T11:15:00.000000,3059.0,3059.95,3056.0,3056.25,3011,TCS,NaN,3058.6059684727215,3060.2390196220936,39.939864210314944,3080.95,36.410397257402934,,,,,
2025-09-23T11:20:00.000000,3056.25,3058.55,3056.25,3057.4,804,TCS,NaN,3058.3647747781774,3059.980926929176,39.98645002350374,3080.95,36.45917369275194,,,,,
2025-09-23T11:25:00.000000,3057.4,3058.0,3056.1,3057.25,507,TCS,NaN,3058.141819822542,3059.732660844705,39.99917469613228,3080.95,36.55285033679731,,,,,
2025-09-23T11:30:00.000000,3056.15,3057.75,3056.0,3057.15,530,TCS,NaN,3057.9434558580338,3059.4978734951865,39.989838115648666,3080.95,36.67393552223295,,,,,
2025-09-23T11:35:00.000000,3057.15,3057.55,3056.0,3057.0,390,TCS,NaN,3057.754764686427,3059.270794086533,39.94818741294492,3080.95,36.78637176585176,,,,,
2025-09-23T11:40:00.000000,3057.0,3058.9,3056.0,3057.4,1396,TCS,NaN,3057.6838117491416,3059.100721896848,40.051420963441835,3080.95,35.831873584597524,,,,,
2025-09-23T11:45:00.000000,3057.4,3059.0,3056.65,3056.9,760,TCS,NaN,3057.5270493993135,3058.900656269862,40.02016313786447,3080.95,34.87078055471708,,,,,
2025-09-23T11:50:00.000000,3057.95,3058.8,3056.45,3057.2,909,TCS,NaN,3057.4616395194507,3058.74605115442,40.10782051763838,3080.95,34.07780754685148,,,,,
2025-09-23T11:55:00.000000,3058.65,3059.9,3057.6,3058.95,518,TCS,NaN,3057.7593116155604,3058.7645919585634,40.820405102338476,3080.95,32.492288191641876,,,,,
2025-09-23T12:00:00.000000,3059.15,3062.0,3057.6,3060.95,1028,TCS,NaN,3058.397449292448,3058.963265416876,42.07260842904876,3080.95,30.64071573436277,,,,,
2025-09-23T12:05:00.000000,3060.95,3064.0,3060.9,3063.0,650,TCS,NaN,3059.3179594339585,3059.330241288069,43.72475925806937,3080.95,29.88688309225818,,,,,
2025-09-23T12:10:00.000000,3063.0,3065.15,3061.6,3065.0,1628,TCS,NaN,3060.454367547167,3059.8456738982445,45.64724486734262,3080.95,29.656214883874082,,,,,
2025-09-23T12:15:00.000000,3065.0,3065.4,3062.0,3062.25,1738,TCS,NaN,3060.8134940377336,3060.0642489984043,46.52965674163301,3080.95,29.540958757139798,,,,,
2025-09-23T12:20:00.000000,3062.2,3064.15,3062.0,3062.0,735,TCS,NaN,3061.050795230187,3060.2402263621857,47.256922075637696,3080.95,29.433935210886535,,,,,
2025-09-23T12:25:00.000000,3062.0,3063.25,3061.5,3061.75,2605,TCS,NaN,3061.1906361841493,3060.3774785110777,47.840478205164615,3080.95,28.950732005653688,,,,,
2025-09-23T12:30:00.000000,3061.75,3064.45,3059.55,3063.1,1555,TCS,NaN,3061.5725089473194,3060.624980464616,48.71219484206431,3080.95,27.189061607292995,,,,,
2025-09-23T12:35:00.000000,3063.1,3069.35,3063.1,3068.0,1930,TCS,NaN,3062.8580071578554,3061.2954367860143,50.452480666064126,3080.95,27.525675752115948,,,,,
2025-09-23T12:40:00.000000,3068.0,3068.85,3065.0,3065.5,793,TCS,NaN,3063.3864057262845,3061.6776698054678,51.30484177407259,3080.95,27.838246029451543,,,,,
2025-09-23T12:45:00.000000,3065.5,3065.55,3062.8,3063.0,539,TCS,NaN,3063.3091245810274,3061.7978816413342,51.461276495611784,3080.95,26.8979438852754,,,,,
2025-09-23T12:50:00.000000,3063.0,3064.95,3062.0,3064.8,874,TCS,NaN,3063.6072996648218,3062.070801492122,51.951040716665545,3080.95,25.626239693677878,,,,,
2025-09-23T12:55:00.000000,3064.8,3065.2,3061.05,3063.25,968,TCS,NaN,3063.5358397318573,3062.1780013564744,52.03179320010873,3080.95,23.988874716423574,,,,,
2025-09-23T13:00:00.000000,3063.25,3064.65,3061.25,3063.3,434,TCS,NaN,3063.488671785486,3062.2800012331586,52.11532783423167,3080.95,22.46846438040172,,,,,
2025-09-23T13:05:00.000000,3063.3,3063.8,3061.05,3061.8,540,TCS,NaN,3063.1509374283887,3062.236364757417,51.83818538923635,3080.95,20.953205359676605,,,,,
2025-09-23T13:10:00.000000,3061.8,3062.15,3060.15,3061.0,403,TCS,NaN,3062.720749942711,3062.123967961288,51.40631186569464,3080.95,19.82956191874666,,,,,
2025-09-23T13:15:00.000000,3061.0,3061.25,3060.0,3060.8,401,TCS,NaN,3062.336599954169,3062.0036072375347,50.969172158359406,3080.95,18.863023547952483,,,,,
2025-09-23T13:20:00.000000,3060.8,3062.1,3060.0,3061.2,1090,TCS,NaN,3062.109279963335,3061.9305520341222,50.68358085005725,3080.95,17.557684429254657,,,,,
2025-09-23T13:25:00.000000,3060.5,3063.95,3060.0,3061.5,581,TCS,NaN,3061.9874239706683,3061.891410940111,50.51054444697343,3080.95,17.281666244131806,,,,,
2025-09-23T13:30:00.000000,3061.6,3069.05,3061.5,3067.3,1914,TCS,NaN,3063.0499391765347,3062.3831008546467,51.639488491831074,3080.95,18.759410409182433,,,,,
2025-09-23T13:35:00.000000,3067.3,3068.95,3066.45,3067.85,357,TCS,NaN,3064.009951341228,3062.8800916860423,52.755001934199925,3080.95,20.131601419586588,,,,,
2025-09-23T13:40:00.000000,3067.85,3068.9,3066.45,3067.5,592,TCS,NaN,3064.7079610729825,3063.3000833509477,53.65765439162473,3080.95,21.405778786390442,,,,,
2025-09-23T13:45:00.000000,3067.5,3071.15,3067.05,3070.0,990,TCS,NaN,3065.766368858386,3063.90916668268,54.90476745175253,3080.95,23.183516605124787,,,,,
2025-09-23T13:50:00.000000,3070.0,3073.65,3069.7,3070.0,1362,TCS,NaN,3066.613095086709,3064.462878802436,56.0331078394872,3080.95,25.36502984619785,,,,,
2025-09-23T13:55:00.000000,3070.0,3071.25,3067.1,3067.4,708,TCS,NaN,3066.7704760693673,3064.7298898203962,56.252122562407614,3080.95,25.91749839954124,,,,,
2025-09-23T14:00:00.000000,3067.4,3072.7,3067.4,3072.0,685,TCS,NaN,3067.8163808554937,3065.390808927633,57.21916854200219,3080.95,26.786853851853557,,,,,
2025-09-23T14:05:00.000000,3072.0,3076.4,3070.55,3072.05,1198,TCS,NaN,3068.663104684395,3065.9961899342115,58.10135497358817,3080.95,28.346214739126406,,,,,
2025-09-23T14:10:00.000000,3072.0,3074.7,3069.35,3069.35,645,TCS,NaN,3068.800483747516,3066.301081758374,58.16319206047053,3080.95,29.198969116363433,,,,,
2025-09-23T14:15:00.000000,3069.3,3071.35,3067.4,3068.8,804,TCS,NaN,3068.800386998013,3066.5282561439763,58.079944750237814,3080.95,29.09543487975267,,,,,
2025-09-23T14:20:00.000000,3068.65,3071.0,3066.0,3069.9,672,TCS,NaN,3069.02030959841,3066.8347783127056,58.21149539363015,3080.95,28.409611659683897,,,,,
2025-09-23T14:25:00.000000,3069.05,3072.45,3067.2,3067.3,2668,TCS,NaN,3068.676247678728,3066.877071193369,57.68145123695997,3080.95,28.159397922637975,,,,,
2025-09-23T14:30:00.000000,3067.3,3070.0,3067.3,3068.8,652,TCS,NaN,3068.7009981429824,3067.0518829030625,57.5016926088913,3080.95,27.92705659538105,,,,,
2025-09-23T14:35:00.000000,3068.8,3072.4,3066.0,3067.25,545,TCS,NaN,3068.410798514386,3067.0698935482387,56.97303775260749,3080.95,28.32444366582661,,,,,
2025-09-23T14:40:00.000000,3067.2,3068.65,3066.0,3067.65,531,TCS,NaN,3068.2586388115087,3067.122630498399,56.58068705092526,3080.95,28.69344594552606,,,,,
2025-09-23T14:45:00.000000,3067.65,3068.25,3062.6,3062.6,1137,TCS,NaN,3067.126911049207,3066.7114822712715,55.20169792474542,3080.95,27.528466269706197,,,,,
2025-09-23T14:50:00.000000,3062.6,3064.95,3062.0,3063.1,336,TCS,NaN,3066.321528839366,3066.383165701156,54.07111013989221,3080.95,26.212521701998558,,,,,
2025-09-23T14:55:00.000000,3063.1,3064.95,3062.1,3063.75,377,TCS,NaN,3065.8072230714924,3066.143787001051,53.20398399268538,3080.95,24.990573174841465,,,,,
2025-09-23T15:00:00.000000,3063.75,3069.15,3060.0,3063.15,2469,TCS,NaN,3065.275778457194,3065.8716245464097,52.299986301232764,3080.95,25.099098683739594,,,,,
2025-09-23T15:05:00.000000,3063.15,3063.3,3060.0,3061.45,1833,TCS,NaN,3064.510622765755,3065.4696586785544,51.155551465375346,3080.95,25.199872370573576,,,,,
2025-09-23T15:10:00.000000,3061.45,3066.75,3058.0,3062.65,3028,TCS,NaN,3064.138498212604,3065.213326071413,50.4401360563572,3080.95,26.103282559397485,,,,,
2025-09-23T15:15:00.000000,3062.65,3069.0,3058.8,3062.8,1935,TCS,NaN,3063.8707985700835,3064.993932792194,49.83320602737215,3080.95,27.376168918611913,,,,,
2025-09-23T15:20:00.000000,3062.8,3065.0,3060.75,3065.0,1744,TCS,NaN,3064.096638856067,3064.99448435654,49.849481379589754,3080.95,28.55813482359674,,,,,
2025-09-23T15:25:00.000000,3064.7,3067.1,3062.0,3066.95,1654,TCS,NaN,3064.6673110848533,3065.1722585059456,50.30224445949489,3080.95,30.038974007759084,,,,,
2025-09-24T09:15:00.000000,3049.95,3058.4,3046.0,3046.3,3809,TCS,NaN,3060.9938488678827,3063.456598641769,48.049357502984705,3058.4,29.062825238170443,,,,,
2025-09-24T09:20:00.000000,3046.3,3046.3,3040.0,3043.85,5328,TCS,NaN,3057.565079094306,3061.6741805834263,45.85520800850503,3058.4,29.057384646759903,,,,,
2025-09-24T09:25:00.000000,3043.85,3046.2,3043.1,3044.5,1558,TCS,NaN,3054.9520632754447,3060.1128914394785,43.99315484124492,3058.4,29.052332669021546,,,,,
2025-09-24T09:30:00.000000,3044.65,3046.05,3039.35,3043.55,1572,TCS,NaN,3052.6716506203556,3058.60717403589,42.24225698848802,3058.4,29.54755804171319,,,,,
2025-09-24T09:35:00.000000,3043.55,3044.55,3041.05,3043.9,393,TCS,NaN,3050.9173204962844,3057.2701582144455,40.731605577269356,3058.4,30.007410173498293,,,,,
2025-09-24T09:40:00.000000,3043.9,3044.2,3040.6,3041.35,899,TCS,NaN,3049.0038563970274,3055.8228711040415,39.17572765706047,3058.4,30.496284303624616,,,,,
2025-09-24T09:45:00.000000,3041.35,3044.1,3040.25,3042.05,348,TCS,NaN,3047.613085117622,3054.570791912765,37.924754883098885,3058.4,31.000786342488464,,,,,
2025-09-24T09:50:00.000000,3042.05,3045.5,3041.9,3043.05,779,TCS,NaN,3046.7004680940977,3053.5234471934227,37.021149115188855,3058.4,31.016774419683347,,,,,
2025-09-24T09:55:00.000000,3043.05,3049.35,3043.05,3048.0,384,TCS,NaN,3046.960374475278,3053.0213156303844,37.20742144384485,3058.4,29.906714033073026,,,,,
2025-09-24T10:00:00.000000,3048.0,3048.65,3045.7,3048.65,203,TCS,NaN,3047.2982995802226,3052.6239233003494,37.49453058162913,3058.4,28.875943674077728,,,,,
2025-09-24T10:05:00.000000,3048.65,3050.0,3047.0,3047.15,567,TCS,NaN,3047.268639664178,3052.1262939094086,37.5694317732746,3058.4,27.534968922556715,,,,,
2025-09-24T10:10:00.000000,3047.15,3049.6,3045.6,3045.6,820,TCS,NaN,3046.9349117313423,3051.5329944630985,37.45138555305525,3058.4,26.607006778584033,,,,,
2025-09-24T10:15:00.000000,3045.6,3054.35,3045.6,3048.45,899,TCS,NaN,3047.2379293850736,3051.2527222391805,37.90045023531233,3058.4,24.918735232124817,,,,,
2025-09-24T10:20:00.000000,3049.55,3050.25,3048.4,3048.8,220,TCS,NaN,3047.550343508059,3051.029747490164,38.372723471133945,3058.4,23.35105451041269,,,,,
2025-09-24T10:25:00.000000,3048.8,3052.1,3048.8,3051.0,678,TCS,NaN,3048.2402748064474,3051.0270431728763,39.20818354164717,3058.4,22.343112663121,,,,,
2025-09-24T10:30:00.000000,3051.0,3053.25,3050.9,3050.9,337,TCS,NaN,3048.772219845158,3051.015493793524,39.94765129720335,3058.4,21.67592617475498,,,,,
2025-09-24T10:35:00.000000,3050.9,3051.2,3047.5,3047.5,691,TCS,NaN,3048.5177758761265,3050.695903448658,40.088274253205725,3058.4,20.140085921707403,,,,,
2025-09-24T10:40:00.000000,3047.5,3048.65,3046.0,3046.0,275,TCS,NaN,3048.014220700901,3050.2690031351435,40.00586569241179,3058.4,19.088241835793315,,,,,
2025-09-24T10:45:00.000000,3046.0,3047.0,3045.55,3046.0,233,TCS,NaN,3047.611376560721,3049.8809119410394,39.93130556597918,3058.4,18.224196580386437,,,,,
2025-09-24T10:50:00.000000,3046.0,3046.0,3044.25,3044.5,339,TCS,NaN,3046.989101248577,3049.3917381282176,39.646998383090974,3058.4,17.749543039004518,,,,,
2025-09-24T10:55:00.000000,3044.5,3045.75,3044.0,3045.6,92,TCS,NaN,3046.7112809988616,3049.047034662016,39.65300437590639,3058.4,17.372655380855193,,,,,
2025-09-24T11:00:00.000000,3045.6,3045.8,3043.75,3044.7,238,TCS,NaN,3046.3090247990895,3048.6518496927415,39.51779787272683,3058.4,17.090034031725498,,,,,
2025-09-24T11:05:00.000000,3044.7,3045.8,3042.8,3043.45,251,TCS,NaN,3045.7372198392713,3048.1789542661286,39.20360327832066,3058.4,17.08871994534216,,,,,
2025-09-24T11:10:00.000000,3043.45,3045.75,3042.0,3045.75,613,TCS,NaN,3045.739775871417,3047.958140241935,39.493604746067874,3058.4,17.305942628355258,,,,,
2025-09-24T11:15:00.000000,3045.8,3047.45,3045.0,3047.25,492,TCS,NaN,3046.0418206971335,3047.8937638563043,40.098451805248914,3058.4,16.839855197612806,,,,,
2025-09-24T11:20:00.000000,3047.25,3047.95,3043.0,3043.65,863,TCS,NaN,3045.563456557707,3047.507967142095,40.04045049153235,3058.4,16.979033172187144,,,,,
2025-09-24T11:25:00.000000,3043.7,3044.15,3041.3,3041.9,638,TCS,NaN,3044.830765246166,3046.998151947359,39.73351340584721,3058.4,17.54867108243755,,,,,
2025-09-24T11:30:00.000000,3041.9,3045.75,3041.9,3043.2,435,TCS,NaN,3044.5046121969326,3046.65286540669,39.7647888630253,3058.4,17.439885906481013,,,,,
2025-09-24T11:35:00.000000,3043.2,3047.9,3043.05,3046.85,243,TCS,NaN,3044.9736897575463,3046.670786733355,40.56025725245844,3058.4,16.562240990837395,,,,,
2025-09-24T11:40:00.000000,3046.85,3046.85,3043.05,3043.5,175,TCS,NaN,3044.678951806037,3046.382533393959,40.74261386011801,3058.4,15.747284997739746,,,,,
2025-09-24T11:45:00.000000,3043.45,3046.25,3043.15,3045.7,700,TCS,NaN,3044.8831614448295,3046.320484903599,41.32714765293097,3058.4,14.990540147006216,,,,,
2025-09-24T11:50:00.000000,3045.7,3046.65,3043.6,3044.35,323,TCS,NaN,3044.7765291558635,3046.141349912363,41.64094806232676,3058.4,14.127781658733369,,,,,
2025-09-24T11:55:00.000000,3044.35,3045.95,3043.6,3044.95,200,TCS,NaN,3044.8112233246907,3046.033045374875,42.04371760525899,3058.4,13.326648776765724,,,,,
2025-09-24T12:00:00.000000,3044.95,3045.05,3041.0,3042.7,552,TCS,NaN,3044.3889786597524,3045.7300412498867,42.04371274735831,3058.4,13.542640181656493,,,,,
2025-09-24T12:05:00.000000,3042.7,3044.85,3042.25,3042.3,401,TCS,NaN,3043.971182927802,3045.4182193180786,41.980765076215185,3058.4,13.743203629055063,,,,,
2025-09-24T12:10:00.000000,3042.3,3045.75,3042.0,3045.75,733,TCS,NaN,3044.3269463422416,3045.448381198253,42.63507438477698,3058.4,13.491938275845412,,,,,
2025-09-24T12:15:00.000000,3045.8,3047.05,3045.0,3046.55,441,TCS,NaN,3044.7715570737932,3045.5485283620483,43.377277011582635,3058.4,12.662687589811828,,,,,
2025-09-24T12:20:00.000000,3045.35,3049.0,3045.0,3048.9,545,TCS,NaN,3045.597245659035,3045.853207601862,44.46839027036852,3058.4,12.416604758496947,,,,,
2025-09-24T12:25:00.000000,3048.9,3048.9,3046.0,3048.0,357,TCS,NaN,3046.0777965272277,3046.048370547147,45.27092851252331,3058.4,12.188099272275986,,,,,
2025-09-24T12:30:00.000000,3048.0,3049.0,3046.2,3046.2,382,TCS,NaN,3046.102237221782,3046.062155042861,45.64052201639956,3058.4,12.017662646209809,,,,,
2025-09-24T12:35:00.000000,3046.2,3050.45,3045.85,3048.45,7298,TCS,NaN,3046.5717897774257,3046.2792318571464,46.396138270574035,3058.4,12.447932844183498,,,,,
2025-09-24T12:40:00.000000,3048.45,3048.45,3045.75,3046.1,202,TCS,NaN,3046.4774318219406,3046.262938051951,46.62509052851855,3058.4,12.790651140396246,,,,,
2025-09-24T12:45:00.000000,3046.1,3046.85,3043.25,3044.65,492,TCS,NaN,3046.1119454575523,3046.1163073199555,46.5724082240523,3058.4,11.931259618728314,,,,,
2025-09-24T12:50:00.000000,3044.65,3046.65,3044.65,3046.4,547,TCS,NaN,3046.169556366042,3046.142097563596,46.872658971190745,3058.4,11.133253205750949,,,,,
2025-09-24T12:55:00.000000,3046.4,3046.4,3044.35,3045.65,204,TCS,NaN,3046.0656450928336,3046.097361421451,47.000741684875344,3058.4,10.540576872136173,,,,,
2025-09-24T13:00:00.000000,3045.65,3048.0,3044.5,3048.0,124,TCS,NaN,3046.452516074267,3046.2703285649554,47.5743154797686,3058.4,10.373212029321795,,,,,
2025-09-24T13:05:00.000000,3048.0,3048.0,3046.05,3047.55,668,TCS,NaN,3046.6720128594134,3046.3866623317776,47.99843211132867,3058.4,10.217801818137017,,,,,
2025-09-24T13:10:00.000000,3047.55,3049.5,3046.6,3049.15,847,TCS,NaN,3047.167610287531,3046.6378748470706,48.68864339658736,3058.4,10.758519724482536,,,,,
2025-09-24T13:15:00.000000,3049.15,3051.65,3047.6,3049.6,887,TCS,NaN,3047.6540882300246,3046.9071589518826,49.397998534995615,3058.4,12.076057830025453,,,,,
2025-09-24T13:20:00.000000,3049.6,3050.5,3049.2,3050.2,113,TCS,NaN,3048.1632705840198,3047.206508138075,50.15592493315722,3058.4,13.299486070886733,,,,,
2025-09-24T13:25:00.000000,3050.2,3050.2,3047.3,3048.45,106,TCS,NaN,3048.2206164672157,3047.3195528527954,50.402999473983215,3058.4,13.285706439755225,,,,,
2025-09-24T13:30:00.000000,3048.45,3051.25,3048.05,3048.95,444,TCS,NaN,3048.3664931737726,3047.467775320723,50.73505356790519,3058.4,13.701357741960306,,,,,
2025-09-24T13:35:00.000000,3048.8,3050.95,3048.45,3050.95,423,TCS,NaN,3048.883194539018,3047.7843412006573,51.44871759266674,3058.4,14.087319665436453,,,,,
2025-09-24T13:40:00.000000,3050.95,3050.95,3048.45,3050.0,768,TCS,NaN,3049.106555631214,3047.9857647278704,51.83973429184433,3058.4,14.445712880092875,,,,,
2025-09-24T13:45:00.000000,3048.9,3050.2,3046.25,3047.8,497,TCS,NaN,3048.8452445049716,3047.968877025337,51.64980159056873,3058.4,13.47681710723308,,,,,
2025-09-24T13:50:00.000000,3047.8,3049.2,3045.8,3047.3,352,TCS,NaN,3048.5361956039774,3047.908070023034,51.36148668307831,3058.4,12.686191613632735,,,,,
2025-09-24T13:55:00.000000,3047.55,3049.05,3043.5,3043.5,590,TCS,NaN,3047.528956483182,3047.5073363845763,50.326249506899,3058.4,13.012719843782687,,,,,
2025-09-24T14:00:00.000000,3043.5,3045.6,3043.0,3045.6,359,TCS,NaN,3047.1431651865455,3047.3339421677965,49.90260015518065,3058.4,13.519218432960729,,,,,
2025-09-24T14:05:00.000000,3045.6,3046.1,3043.0,3043.2,1342,TCS,NaN,3046.3545321492365,3046.9581292434514,49.08133097493804,3058.4,13.68310227576672,,,,,
2025-09-24T14:10:00.000000,3043.2,3045.75,3042.65,3044.55,878,TCS,NaN,3045.9936257193895,3046.7392084031376,48.65841475231103,3058.4,13.99295727394196,,,,,
2025-09-24T14:15:00.000000,3042.85,3044.8,3042.85,3043.0,178,TCS,NaN,3045.3949005755117,3046.3992803664887,47.99474325543062,3058.4,14.28067977224754,,,,,
2025-09-24T14:20:00.000000,3043.0,3044.0,3042.0,3042.0,909,TCS,NaN,3044.7159204604095,3045.999345787717,47.219934046104434,3058.4,14.950571350109202,,,,,
2025-09-24T14:25:00.000000,3042.0,3043.95,3041.3,3042.0,267,TCS,NaN,3044.1727363683276,3045.6357688979247,46.518916190047406,3058.4,15.886093017850865,,,,,
2025-09-24T14:30:00.000000,3042.0,3043.0,3041.1,3041.3,343,TCS,NaN,3043.5981890946623,3045.2416080890225,45.753996067770586,3058.4,16.844121743874943,,,,,
2025-09-24T14:35:00.000000,3041.3,3044.5,3041.2,3042.35,3855,TCS,NaN,3043.3485512757297,3044.9787346263843,45.37050955904973,3058.4,16.59677102454793,,,,,
2025-09-24T14:40:00.000000,3042.35,3043.5,3040.0,3040.3,4722,TCS,NaN,3042.738841020584,3044.553395114895,44.62730202501483,3058.4,16.96036270379644,,,,,
2025-09-24T14:45:00.000000,3040.3,3044.15,3040.0,3040.6,16305,TCS,NaN,3042.311072816467,3044.1939955589955,44.04686541510249,3058.4,16.83754963336603,,,,,
2025-09-24T14:50:00.000000,3040.6,3042.0,3040.0,3040.0,529,TCS,NaN,3041.8488582531736,3043.8127232354504,43.40336876414851,3058.4,16.72350892510922,,,,,
2025-09-24T14:55:00.000000,3040.0,3041.2,3034.3,3036.45,6583,TCS,NaN,3040.7690866025387,3043.1433847595003,42.215816910802864,3058.4,18.737309906436945,,,,,
2025-09-24T15:00:00.000000,3036.45,3039.0,3034.0,3038.0,8242,TCS,NaN,3040.215269282031,3042.6758043268187,41.62942722071716,3058.4,20.683828397702598,,,,,
2025-09-24T15:05:00.000000,3038.0,3038.0,3035.0,3036.0,208,TCS,NaN,3039.3722154256247,3042.0689130243804,40.77789727644338,3058.4,22.491309853877844,,,,,
2025-09-24T15:10:00.000000,3036.0,3037.7,3034.35,3037.15,1015,TCS,NaN,3038.9277723405,3041.621739113073,40.35820416259605,3058.4,24.34953088600172,,,,,
2025-09-24T15:15:00.000000,3037.15,3037.15,3035.0,3035.1,687,TCS,NaN,3038.1622178723997,3041.0288537391575,39.64923930091954,3058.4,26.075021844402464,,,,,
2025-09-24T15:20:00.000000,3035.1,3036.9,3034.5,3036.85,1256,TCS,NaN,3037.8997742979195,3040.648957944689,39.521220799371605,3058.4,27.82412121351447,,,,,
2025-09-24T15:25:00.000000,3036.85,3038.2,3035.0,3036.0,1032,TCS,NaN,3037.5198194383356,3040.2263254042628,39.258235825229264,3058.4,28.366868805460978,,,,,
2025-09-25T09:15:00.000000,3024.95,3030.3,3017.0,3027.1,18174,TCS,NaN,3035.4358555506683,3039.0330230947843,37.92573730875398,3030.35,31.638010796219834,,,,,
2025-09-25T09:20:00.000000,3027.8,3030.35,3023.1,3027.95,2127,TCS,NaN,3033.9386844405344,3038.025475540713,36.94188434643253,3030.35,34.653214769051246,,,,,
2025-09-25T09:25:00.000000,3028.2,3029.25,3020.6,3021.85,4053,TCS,NaN,3031.5209475524275,3036.5549777642846,35.54173246693023,3030.35,37.617362056334386,,,,,
2025-09-25T09:30:00.000000,3021.85,3024.65,3020.25,3022.8,2768,TCS,NaN,3029.7767580419422,3035.3045252402585,34.50835920691371,3030.35,40.39208302446718,,,,,
2025-09-25T09:35:00.000000,3022.85,3024.5,3019.9,3023.25,4401,TCS,NaN,3028.471406433554,3034.208659309326,33.68690212787107,3030.35,42.99197961028766,,,,,
2025-09-25T09:40:00.000000,3022.0,3028.65,3021.8,3027.0,1405,TCS,NaN,3028.177125146843,3033.5533266448415,33.821483284296654,3030.35,43.50256321697155,,,,,
2025-09-25T09:45:00.000000,3027.0,3028.1,3023.0,3023.0,1874,TCS,NaN,3027.1417001174746,3032.5939333134925,33.5254060460013,3030.35,43.97667656603517,,,,,
2025-09-25T09:50:00.000000,3023.0,3023.2,3019.35,3020.85,2115,TCS,NaN,3025.8833600939797,3031.526303012266,33.06017214562551,3030.35,44.891565658157994,,,,,
2025-09-25T09:55:00.000000,3020.85,3023.8,3019.75,3021.0,1051,TCS,NaN,3024.906688075184,3030.5693663747875,32.67352482586877,3030.35,45.48297769845674,,,,,
2025-09-25T10:00:00.000000,3021.0,3022.2,3019.55,3020.0,1600,TCS,NaN,3023.925350460147,3029.6085148861703,32.22718063289046,3030.35,46.059595024583345,,,,,
2025-09-25T10:05:00.000000,3020.0,3021.0,3017.5,3018.75,1452,TCS,NaN,3022.8902803681176,3028.6213771692455,31.703588508284014,3030.35,46.87057348213238,,,,,
2025-09-25T10:10:00.000000,3018.75,3018.75,3013.95,3017.0,4139,TCS,NaN,3021.7122242944943,3027.5648883356776,31.06835844922705,3030.35,48.03161824697266,,,,,
2025-09-25T10:15:00.000000,3017.0,3017.0,3014.05,3015.2,1743,TCS,NaN,3020.4097794355953,3026.440807577889,30.33708085684612,3030.35,49.10973124289579,,,,,
2025-09-25T10:20:00.000000,3015.2,3015.75,3011.05,3012.45,3625,TCS,NaN,3018.817823548476,3025.168915979899,29.458259505015395,3030.35,50.41684543344765,,,,,
2025-09-25T10:25:00.000000,3011.3,3011.3,3009.5,3010.0,4205,TCS,NaN,3017.0542588387807,3023.7899236180897,28.491159380467792,3030.35,51.77194208155269,,,,,
2025-09-25T10:30:00.000000,3010.8,3011.2,3006.4,3008.0,2226,TCS,NaN,3015.2434070710246,3022.354476016445,27.48757905695834,3030.35,53.283130154385375,,,,,
2025-09-25T10:35:00.000000,3008.0,3008.8,3001.65,3002.95,8196,TCS,NaN,3012.78472565682,3020.5904327422227,26.306346531024985,3030.35,54.996264817122174,,,,,
2025-09-25T10:40:00.000000,3002.95,3006.2,3001.1,3005.5,14414,TCS,NaN,3011.3277805254556,3019.2185752202026,25.884175929171786,3030.35,56.61884621882525,,,,,
2025-09-25T10:45:00.000000,3005.5,3007.45,3004.0,3006.4,1728,TCS,NaN,3010.3422244203643,3018.0532502001843,25.721648760682672,3030.35,57.54468030422909,,,,,
2025-09-25T10:50:00.000000,3006.4,3007.95,3005.5,3007.55,2697,TCS,NaN,3009.7837795362916,3017.098409272895,25.856225848921977,3030.35,58.170236382450035,,,,,
2025-09-25T10:55:00.000000,3006.5,3006.5,3001.0,3003.8,6670,TCS,NaN,3008.5870236290334,3015.889462975359,25.666689643632218,3030.35,59.13091163087397,,,,,
2025-09-25T11:00:00.000000,3003.8,3006.35,3002.0,3005.7,2908,TCS,NaN,3008.0096189032265,3014.9631481594174,25.94239034207944,3030.35,60.02296721869619,,,,,
2025-09-25T11:05:00.000000,3005.7,3008.0,3004.75,3008.0,988,TCS,NaN,3008.007695122581,3014.3301346903795,26.69814343542618,3030.35,60.08046977855758,,,,,
2025-09-25T11:10:00.000000,3008.0,3008.1,3005.0,3007.0,4490,TCS,NaN,3007.806156098065,3013.663758809436,27.273282188921964,3030.35,60.08691044657994,,,,,
2025-09-25T11:15:00.000000,3007.05,3007.9,3005.85,3006.1,1138,TCS,NaN,3007.464924878452,3012.9761443722145,27.69511171124768,3030.35,60.09289106688642,,,,,
2025-09-25T11:20:00.000000,3007.45,3008.0,3006.0,3007.05,825,TCS,NaN,3007.3819399027616,3012.4374039747404,28.302340741220046,3030.35,60.04446677468385,,,,,
2025-09-25T11:25:00.000000,3007.05,3007.2,3004.0,3005.35,1122,TCS,NaN,3006.9755519222094,3011.793094522491,28.648463960584685,3030.35,60.26691346128789,,,,,
2025-09-25T11:30:00.000000,3005.35,3005.35,3001.5,3002.1,3181,TCS,NaN,3006.0004415377675,3010.9119041113554,28.614149611656742,3030.35,60.76414769706595,,,,,
2025-09-25T11:35:00.000000,3002.1,3003.65,3001.4,3002.95,872,TCS,NaN,3005.390353230214,3010.1880946466867,28.79601008333148,3030.35,61.236950792541755,,,,,
2025-09-25T11:40:00.000000,3002.95,3003.1,3001.0,3002.45,2874,TCS,NaN,3004.802282584171,3009.4846314969877,28.904254384635788,3030.35,61.72255923321733,,,,,
2025-09-25T11:45:00.000000,3002.45,3004.85,3001.75,3004.85,1052,TCS,NaN,3004.811826067337,3009.063301360898,29.609414358795313,3030.35,61.140239443169335,,,,,
2025-09-25T11:50:00.000000,3004.8,3004.85,3000.05,3001.45,2314,TCS,NaN,3004.1394608538694,3008.371183055362,29.82587968099978,3030.35,60.87351023969232,,,,,
2025-09-25T11:55:00.000000,3001.45,3001.95,2997.1,2998.0,14746,TCS,NaN,3002.9115686830955,3007.4283482321475,29.664792526604643,3030.35,61.032743105728414,,,,,
2025-09-25T12:00:00.000000,2998.2,2998.2,2995.0,2995.5,4427,TCS,NaN,3001.4292549464762,3006.343952938316,29.293898798748714,3030.35,61.42569732132189,,,,,
2025-09-25T12:05:00.000000,2995.5,2996.9,2993.4,2993.4,4769,TCS,NaN,2999.823403957181,3005.1672299439233,28.784948710690717,3030.35,61.96005356858552,,,,,
2025-09-25T12:10:00.000000,2993.3,2996.55,2992.5,2994.1,8160,TCS,NaN,2998.678723165745,3004.1611181308394,28.50359820719793,3030.35,62.54769559839702,,,,,
2025-09-25T12:15:00.000000,2994.1,2996.2,2992.55,2993.9,2251,TCS,NaN,2997.722978532596,3003.228289209854,28.230463842287538,3030.35,63.0933631975077,,,,,
2025-09-25T12:20:00.000000,2993.85,2994.2,2990.0,2993.9,4194,TCS,NaN,2996.9583828260766,3002.380262918049,27.98334227403528,3030.35,63.85385568402462,,,,,
2025-09-25T12:25:00.000000,2993.9,2995.75,2992.5,2995.5,1697,TCS,NaN,2996.6667062608612,3001.754784470954,28.223523114171524,3030.35,63.66189706171294,,,,,
2025-09-25T12:30:00.000000,2995.2,2996.2,2991.5,2993.6,7397,TCS,NaN,2996.053365008689,3001.01344042814,28.216336907569005,3030.35,63.61644816265937,,,,,
2025-09-25T12:35:00.000000,2993.55,2993.85,2990.5,2990.5,2424,TCS,NaN,2994.9426920069513,3000.0576731164906,27.889372035563824,3030.35,63.7037361081924,,,,,
2025-09-25T12:40:00.000000,2990.5,2991.0,2981.0,2983.05,8147,TCS,NaN,2992.564153605561,2998.5115210149916,27.035848680130815,3030.35,64.62377253629597,,,,,
2025-09-25T12:45:00.000000,2983.7,2985.0,2979.5,2981.3,6941,TCS,NaN,2990.3113228844486,2996.946837286356,26.161944844006758,3030.35,65.56799056963179,,,,,
2025-09-25T12:50:00.000000,2981.3,2983.25,2978.4,2983.25,3324,TCS,NaN,2988.899058307559,2995.7016702603237,25.867166234386637,3030.35,66.50920961904671,,,,,
2025-09-25T12:55:00.000000,2983.1,2983.85,2980.0,2982.0,2369,TCS,NaN,2987.519246646047,2994.4560638730213,25.50835718068044,3030.35,67.08494388438352,,,,,
2025-09-25T13:00:00.000000,2982.0,2984.8,2981.25,2984.1,2666,TCS,NaN,2986.8353973168378,2993.5146035209286,25.70680810737344,3030.35,67.14189806080697,,,,,
2025-09-25T13:05:00.000000,2984.1,2985.2,2981.75,2984.4,9503,TCS,NaN,2986.3483178534702,2992.6860032008444,25.96035735948289,3030.35,66.99004808360432,,,,,
2025-09-25T13:10:00.000000,2984.4,2989.05,2984.4,2987.4,5350,TCS,NaN,2986.5586542827764,2992.205457455313,26.896448209082116,3030.35,65.07675404283091,,,,,
2025-09-25T13:15:00.000000,2987.4,2987.4,2983.0,2983.1,1645,TCS,NaN,2985.866923426221,2991.377688595739,27.273501599332082,3030.35,63.53763586304625,,,,,
2025-09-25T13:20:00.000000,2983.1,2985.3,2980.0,2980.3,3710,TCS,NaN,2984.753538740977,2990.3706259961264,27.355603753660027,3030.35,62.567209334964595,,,,,
2025-09-25T13:25:00.000000,2981.7,2981.7,2979.0,2980.0,2846,TCS,NaN,2983.8028309927818,2989.4278418146605,27.40290645668253,3030.35,61.80632554842656,,,,,
2025-09-25T13:30:00.000000,2980.0,2982.2,2979.0,2980.8,2323,TCS,NaN,2983.2022647942254,2988.6434925587823,27.638805629775206,3030.35,60.875341368240534,,,,,
2025-09-25T13:35:00.000000,2980.8,2980.9,2976.0,2977.0,5153,TCS,NaN,2981.96181183538,2987.5849932352567,27.494565566402986,3030.35,60.44225206298461,,,,,
2025-09-25T13:40:00.000000,2977.0,2978.1,2975.0,2976.4,3515,TCS,NaN,2980.849449468304,2986.5681756684153,27.31200074495587,3030.35,60.171153789924695,,,,,
2025-09-25T13:45:00.000000,2976.4,2980.0,2976.4,2976.5,3215,TCS,NaN,2979.979559574643,2985.6528869712865,27.173343720306736,3030.35,59.061129671735365,,,,,
2025-09-25T13:50:00.000000,2976.5,2977.45,2972.5,2974.0,5116,TCS,NaN,2978.7836476597145,2984.5935336102607,26.8225280612846,3030.35,58.603785203538,,,,,
2025-09-25T13:55:00.000000,2974.0,2975.85,2970.0,2970.5,3231,TCS,NaN,2977.1269181277717,2983.3123032820554,26.233868429107318,3030.35,58.48676111631806,,,,,
2025-09-25T14:00:00.000000,2970.6,2971.0,2963.0,2964.4,6304,TCS,NaN,2974.5815345022174,2981.593002983687,25.336820928994314,3030.35,59.039843202824294,,,,,
2025-09-25T14:05:00.000000,2964.4,2966.0,2963.05,2963.05,4685,TCS,NaN,2972.275227601774,2979.9072754397152,24.45744235509528,3030.35,59.55341942600865,,,,,
2025-09-25T14:10:00.000000,2963.7,2964.0,2960.05,2963.25,4214,TCS,NaN,2970.4701820814194,2978.3929776724685,23.715395025347654,3030.35,60.263469964460214,,,,,
2025-09-25T14:15:00.000000,2962.6,2965.65,2962.6,2964.45,4258,TCS,NaN,2969.2661456651354,2977.1254342476986,23.37363014907244,3030.35,60.26719792245701,,,,,
2025-09-25T14:20:00.000000,2964.45,2965.45,2961.5,2962.55,8290,TCS,NaN,2967.9229165321085,2975.800394770635,22.937649644367053,3030.35,60.376740017804444,,,,,
2025-09-25T14:25:00.000000,2962.55,2965.4,2961.25,2962.65,4581,TCS,NaN,2966.868333225687,2974.604904336941,22.57207172080835,3030.35,60.50322292403501,,,,,
2025-09-25T14:30:00.000000,2962.85,2964.9,2961.0,2963.0,4580,TCS,NaN,2966.0946665805495,2973.549913033583,22.34825664023624,3030.35,60.646843705115096,,,,,
2025-09-25T14:35:00.000000,2963.0,2965.95,2961.5,2965.9,3157,TCS,NaN,2966.05573326444,2972.854466394166,22.983089856481016,3030.35,60.29328031629807,,,,,
2025-09-25T14:40:00.000000,2965.95,2965.95,2962.35,2962.6,5384,TCS,NaN,2965.3645866115517,2971.922242176515,23.228681536653554,3030.35,59.964971455253696,,,,,
2025-09-25T14:45:00.000000,2962.6,2965.9,2962.3,2964.2,15303,TCS,NaN,2965.1316692892415,2971.220220160468,23.865560118137363,3030.35,59.66742715585099,,,,,
2025-09-25T14:50:00.000000,2964.2,2965.2,2960.0,2962.4,34489,TCS,NaN,2964.585335431393,2970.418381964062,24.253237406410232,3030.35,59.71548315905802,,,,,
2025-09-25T14:55:00.000000,2962.4,2962.7,2960.0,2961.2,5883,TCS,NaN,2963.9082683451143,2969.580347240056,24.483318098413637,3030.35,59.7601065906074,,,,,
2025-09-25T15:00:00.000000,2961.2,2961.7,2957.0,2959.0,10725,TCS,NaN,2962.9266146760915,2968.61849749096,24.482731147377287,3030.35,60.18257282693389,,,,,
2025-09-25T15:05:00.000000,2959.0,2966.05,2956.25,2964.85,55816,TCS,NaN,2963.311291740873,2968.275906809964,25.85254899353681,3030.35,58.52076988864743,,,,,
2025-09-25T15:10:00.000000,2964.7,2967.9,2960.8,2961.95,53600,TCS,NaN,2963.0390333926985,2967.7008243726946,26.750180702151393,3030.35,56.25744314345804,,,,,
2025-09-25T15:15:00.000000,2961.95,2965.5,2955.4,2956.5,79248,TCS,NaN,2961.7312267141588,2966.6825676115404,27.033390724405415,3030.35,55.13818847432263,,,,,
2025-09-25T15:20:00.000000,2956.5,2957.7,2951.1,2952.0,28361,TCS,NaN,2959.784981371327,2965.347788737764,26.942006876289533,3030.35,54.688008343839535,,,,,
2025-09-25T15:25:00.000000,2952.8,2959.3,2951.0,2959.25,8083,TCS,NaN,2959.6779850970615,2964.793444307058,28.095920434494058,3030.35,53.70975377830823,,,,,
2025-09-26T09:15:00.000000,2940.0,2952.0,2937.25,2940.0,14422,TCS,NaN,2955.742388077649,2962.539494824598,27.896329430422707,2952.0,54.18308938392771,,,,,
2025-09-26T09:20:00.000000,2940.65,2945.0,2930.0,2936.0,11714,TCS,NaN,2951.793910462119,2960.1268134769075,27.543389476642385,2952.0,55.06722957293736,,,,,
2025-09-26T09:25:00.000000,2936.0,2943.0,2935.85,2942.0,3540,TCS,NaN,2949.835128369695,2958.4789213426434,27.953817648507016,2952.0,55.88821689130346,,,,,
2025-09-26T09:30:00.000000,2942.0,2942.05,2933.6,2935.05,11876,TCS,NaN,2946.8781026957563,2956.349019402403,27.985493633725795,2952.0,56.77826345143183,,,,,
2025-09-26T09:35:00.000000,2933.65,2935.0,2930.05,2931.95,4080,TCS,NaN,2943.892482156605,2954.1309267294573,27.876657369077325,2952.0,57.79301303765872,,,,,
2025-09-26T09:40:00.000000,2932.0,2932.0,2921.0,2921.0,8335,TCS,NaN,2939.313985725284,2951.1190242995067,27.36254846941255,2952.0,59.12095245703782,,,,,
2025-09-26T09:45:00.000000,2921.0,2933.45,2920.0,2933.45,5277,TCS,NaN,2938.141188580227,2949.512749363188,28.123159008547375,2952.0,59.96208960221407,,,,,
2025-09-26T09:50:00.000000,2933.45,2936.1,2930.0,2932.0,2662,TCS,NaN,2936.9129508641818,2947.9206812392617,28.742656587806472,2952.0,60.038845323527276,,,,,
2025-09-26T09:55:00.000000,2932.0,2936.15,2929.4,2932.4,11839,TCS,NaN,2936.0103606913453,2946.5097102175105,29.34065688905444,2952.0,60.14872874361658,,,,,
2025-09-26T10:00:00.000000,2932.4,2934.15,2927.05,2928.05,3782,TCS,NaN,2934.4182885530763,2944.831554743191,29.661912204680238,2952.0,60.402482080975744,,,,,
2025-09-26T10:05:00.000000,2928.05,2929.25,2925.1,2927.0,2198,TCS,NaN,2932.934630842461,2943.210504311992,29.90010115914006,2952.0,60.76016416089541,,,,,
2025-09-26T10:10:00.000000,2927.0,2931.15,2924.0,2929.4,4751,TCS,NaN,2932.2277046739687,2941.9550039199926,30.372774052642058,2952.0,60.53615426884454,,,,,
2025-09-26T10:15:00.000000,2929.0,2929.35,2924.25,2925.1,4989,TCS,NaN,2930.802163739175,2940.422730836357,30.56360803807097,2952.0,60.32814508336873,,,,,
2025-09-26T10:20:00.000000,2924.2,2931.2,2923.55,2925.7,174484,TCS,NaN,2929.78173099134,2939.0843007603244,30.804562680546002,2952.0,59.56673952376029,,,,,
2025-09-26T10:25:00.000000,2925.7,2927.3,2924.1,2925.85,3001,TCS,NaN,2928.995384793072,2937.881182509386,31.040709689141696,2952.0,58.859720075552445,,,,,
2025-09-26T10:30:00.000000,2925.85,2930.45,2925.85,2930.45,1838,TCS,NaN,2929.2863078344576,2937.205620463078,31.800420173484195,2952.0,57.23426160185146,,,,,
2025-09-26T10:35:00.000000,2930.05,2931.0,2928.25,2930.1,1325,TCS,NaN,2929.4490462675662,2936.5596549664347,32.46179275820498,2952.0,55.56200277323406,,,,,
2025-09-26T10:40:00.000000,2930.1,2931.0,2929.0,2929.8,1182,TCS,NaN,2929.519237014053,2935.945140878577,33.03651224438389,2952.0,54.00919100380363,,,,,
2025-09-26T10:45:00.000000,2929.8,2930.95,2928.1,2930.1,2151,TCS,NaN,2929.6353896112423,2935.4137644350703,33.5966750085583,2952.0,52.712983497354436,,,,,
2025-09-26T10:50:00.000000,2930.1,2930.1,2926.0,2926.8,1286,TCS,NaN,2929.068311688994,2934.630694940973,33.82494481526431,2952.0,51.83866590285455,,,,,
2025-09-26T10:55:00.000000,2926.0,2926.3,2924.0,2924.95,4249,TCS,NaN,2928.244649351195,2933.750631764521,33.88269707158789,2952.0,51.31874611173513,,,,,
2025-09-26T11:00:00.000000,2924.95,2924.95,2920.0,2921.05,6453,TCS,NaN,2926.805719480956,2932.5960288768374,33.640824177156205,2952.0,51.34614712225577,,,,,
2025-09-26T11:05:00.000000,2921.05,2921.1,2919.15,2920.0,6590,TCS,NaN,2925.444575584765,2931.4509353425797,33.346324716325654,2952.0,51.47038978816748,,,,,
2025-09-26T11:10:00.000000,2920.65,2923.2,2920.0,2921.1,1848,TCS,NaN,2924.575660467812,2930.509941220527,33.26376420846304,2952.0,50.81155749322892,,,,,
2025-09-26T11:15:00.000000,2920.5,2921.05,2916.8,2917.7,3342,TCS,NaN,2923.2005283742496,2929.3454011095696,32.92705446409091,2952.0,50.62919612831335,,,,,
2025-09-26T11:20:00.000000,2917.7,2918.15,2915.35,2915.95,4672,TCS,NaN,2921.7504226993997,2928.127637372336,32.49544248129375,2952.0,50.638517779551755,,,,,
2025-09-26T11:25:00.000000,2915.95,2917.0,2915.0,2917.0,2213,TCS,NaN,2920.80033815952,2927.116033974851,32.29698143313332,2952.0,50.69082152551807,,,,,
2025-09-26T11:30:00.000000,2917.0,2917.45,2912.2,2912.4,4719,TCS,NaN,2919.120270527616,2925.7782127044097,31.777736927923808,2952.0,51.074895094305326,,,,,
2025-09-26T11:35:00.000000,2912.4,2915.0,2912.1,2913.0,61230,TCS,NaN,2917.896216422093,2924.616557004009,31.42086216293832,2952.0,51.44314935855168,,,,,
2025-09-26T11:40:00.000000,2913.0,2915.0,2912.7,2914.0,2705,TCS,NaN,2917.1169731376744,2923.65141545819,31.291727619455493,2952.0,51.78509974678043,,,,,
2025-09-26T11:45:00.000000,2914.0,2915.4,2912.7,2915.15,2937,TCS,NaN,2916.7235785101398,2922.8785595074455,31.400176443920333,2952.0,51.914251392759695,,,,,
2025-09-26T11:50:00.000000,2915.15,2917.4,2913.75,2916.0,7181,TCS,NaN,2916.578862808112,2922.2532359158595,31.667012635469593,2952.0,51.120067591925654,,,,,
2025-09-26T11:55:00.000000,2915.35,2917.6,2915.0,2917.0,9510,TCS,NaN,2916.6630902464894,2921.775669014418,32.1098973036112,2952.0,50.293173425258374,,,,,
2025-09-26T12:00:00.000000,2917.0,2917.45,2912.65,2914.0,4160,TCS,NaN,2916.1304721971915,2921.068790013107,32.185154148860036,2952.0,49.96214424678565,,,,,
2025-09-26T12:05:00.000000,2914.0,2917.0,2913.4,2916.8,2407,TCS,NaN,2916.264377757753,2920.680718193734,32.80540511191104,2952.0,49.654760009632405,,,,,
2025-09-26T12:10:00.000000,2916.8,2917.0,2913.0,2914.0,4743,TCS,NaN,2915.8115022062025,2920.0733801761216,33.05284099418999,2952.0,49.44531989657384,,,,,
2025-09-26T12:15:00.000000,2914.0,2917.9,2914.0,2917.8,3476,TCS,NaN,2916.209201764962,2919.8667092510195,33.95744906355867,2952.0,48.77621252187761,,,,,
2025-09-26T12:20:00.000000,2917.8,2920.65,2916.25,2920.65,2544,TCS,NaN,2917.09736141197,2919.9379175009267,35.22477412882026,2952.0,46.85720989259694,,,,,
2025-09-26T12:25:00.000000,2919.0,2922.15,2919.0,2921.0,2259,TCS,NaN,2917.877889129576,2920.0344704553877,36.42531105960278,2952.0,44.45882981095623,,,,,
2025-09-26T12:30:00.000000,2920.95,2921.0,2919.3,2920.5,1748,TCS,NaN,2918.402311303661,2920.0767913230798,37.43750995457456,2952.0,42.23176259228986,,,,,
2025-09-26T12:35:00.000000,2920.5,2920.55,2919.0,2920.0,2291,TCS,NaN,2918.7218490429286,2920.069810293709,38.27625799502183,2952.0,40.26384140650337,,,,,
2025-09-26T12:40:00.000000,2920.0,2921.0,2918.0,2918.3,3008,TCS,NaN,2918.637479234343,2919.908918448826,38.77427336774205,2952.0,38.77053514614225,,,,,
2025-09-26T12:45:00.000000,2918.25,2920.65,2916.8,2919.8,2135,TCS,NaN,2918.8699833874743,2919.89901677166,39.51153387811985,2952.0,37.76493338964317,,,,,
2025-09-26T12:50:00.000000,2919.8,2920.6,2918.8,2919.0,2288,TCS,NaN,2918.8959867099793,2919.8172879742365,40.04703441350329,2952.0,36.83116033003688,,,,,
2025-09-26T12:55:00.000000,2919.0,2920.4,2917.15,2917.15,2959,TCS,NaN,2918.5467893679834,2919.574807249306,40.23555310961113,2952.0,36.477377674993946,,,,,
2025-09-26T13:00:00.000000,2917.15,2918.4,2914.1,2914.1,4643,TCS,NaN,2917.657431494387,2919.0770974993693,39.97010074748703,2952.0,36.925613103201776,,,,,
2025-09-26T13:05:00.000000,2914.7,2915.5,2914.0,2914.7,2464,TCS,NaN,2917.0659451955094,2918.679179544881,39.86431325480864,2952.0,37.36475057600292,,,,,
2025-09-26T13:10:00.000000,2914.7,2914.8,2912.5,2912.5,2440,TCS,NaN,2916.1527561564076,2918.117435949892,39.46590846245637,2952.0,38.110108502699816,,,,,
2025-09-26T13:15:00.000000,2912.5,2913.5,2911.2,2913.0,4814,TCS,NaN,2915.522204925126,2917.6522144999017,39.225664828880795,2952.0,39.07037095939218,,,,,
2025-09-26T13:20:00.000000,2912.05,2913.25,2910.1,2910.9,6086,TCS,NaN,2914.597763940101,2917.0383768180923,38.72144468425494,2952.0,40.17486856678853,,,,,
2025-09-26T13:25:00.000000,2910.9,2911.6,2910.0,2910.2,3250,TCS,NaN,2913.7182111520806,2916.4167061982657,38.17335610488921,2952.0,41.21991103132739,,,,,
2025-09-26T13:30:00.000000,2910.2,2910.2,2904.0,2904.3,9145,TCS,NaN,2911.8345689216644,2915.315187452969,37.03335663959016,2952.0,43.09058642857925,,,,,
2025-09-26T13:35:00.000000,2904.25,2905.0,2902.0,2902.2,3598,TCS,NaN,2909.9076551373314,2914.1228976845173,35.81999179482982,2952.0,45.03948351035445,,,,,
2025-09-26T13:40:00.000000,2903.6,2907.65,2902.05,2904.95,5909,TCS,NaN,2908.916124109865,2913.2889978950157,35.394380498243045,2952.0,45.450541755185476,,,,,
2025-09-26T13:45:00.000000,2904.7,2906.0,2903.1,2904.0,3419,TCS,NaN,2907.932899287892,2912.4445435409234,34.909216115667135,2952.0,45.83223869681428,,,,,
2025-09-26T13:50:00.000000,2904.0,2904.0,2900.0,2902.0,11527,TCS,NaN,2906.7463194303136,2911.4950395826577,34.2664356744117,2952.0,46.66077038034192,,,,,
2025-09-26T13:55:00.000000,2902.0,2904.1,2900.05,2900.8,2950,TCS,NaN,2905.557055544251,2910.5227632569618,33.5678163450377,2952.0,47.37767210936367,,,,,
2025-09-26T14:00:00.000000,2901.0,2902.0,2895.0,2896.05,16335,TCS,NaN,2903.655644435401,2909.207057506329,32.533382523742794,2952.0,48.66919711969691,,,,,
2025-09-26T14:05:00.000000,2896.05,2896.05,2892.0,2892.3,3400,TCS,NaN,2901.384515548321,2907.670052278481,31.342989621031496,2952.0,50.15123610680378,,,,,
2025-09-26T14:10:00.000000,2892.3,2897.5,2892.0,2895.4,3281,TCS,NaN,2900.1876124386567,2906.554592980437,30.98815883969966,2952.0,50.84614753103829,,,,,
2025-09-26T14:15:00.000000,2895.4,2895.55,2892.2,2894.25,2362,TCS,NaN,2899.0000899509255,2905.4359936185792,30.571114902765718,2952.0,51.49142242497034,,,,,
2025-09-26T14:20:00.000000,2894.25,2897.65,2893.8,2896.45,2919,TCS,NaN,2898.4900719607404,2904.6190851077995,30.68264667889583,2952.0,51.10402224465166,,,,,
2025-09-26T14:25:00.000000,2896.2,2899.05,2895.2,2897.45,3217,TCS,NaN,2898.2820575685923,2903.9673500979993,30.99875266972183,2952.0,50.134962203840416,,,,,
2025-09-26T14:30:00.000000,2897.45,2899.35,2895.5,2898.6,2574,TCS,NaN,2898.3456460548737,2903.4794091799995,31.53229470157979,2952.0,49.10447870965138,,,,,
2025-09-26T14:35:00.000000,2898.6,2899.8,2895.0,2898.5,2549,TCS,NaN,2898.376516843899,2903.026735618181,32.00221477848858,2952.0,48.25465636117052,,,,,
2025-09-26T14:40:00.000000,2898.5,2899.35,2893.85,2895.75,4057,TCS,NaN,2897.851213475119,2902.3652141983466,32.086538425358846,2952.0,47.710383438495214,,,,,
2025-09-26T14:45:00.000000,2895.8,2898.5,2893.4,2897.8,3533,TCS,NaN,2897.840970780095,2901.9501947257695,32.629633063483055,2952.0,47.300341016211334,,,,,
2025-09-26T14:50:00.000000,2897.7,2899.0,2895.0,2895.4,2952,TCS,NaN,2897.3527766240763,2901.3547224779722,32.8175568949576,2952.0,46.65387402690783,,,,,
2025-09-26T14:55:00.000000,2895.1,2897.55,2895.0,2896.3,3268,TCS,NaN,2897.142221299261,2900.895202252702,33.19267627451805,2952.0,46.053583251126,,,,,
2025-09-26T15:00:00.000000,2896.4,2897.0,2894.4,2896.1,4120,TCS,NaN,2896.933777039409,2900.4592747751835,33.50469922593097,2952.0,45.651355835981406,,,,,
2025-09-26T15:05:00.000000,2896.1,2899.0,2894.2,2895.55,3966,TCS,NaN,2896.657021631527,2900.012977068349,33.708400088576276,2952.0,44.153103006338185,,,,,
2025-09-26T15:10:00.000000,2895.55,2899.0,2894.25,2898.0,5718,TCS,NaN,2896.9256173052217,2899.8299791530444,34.492972562543244,2952.0,42.7618682359552,,,,,
2025-09-26T15:15:00.000000,2898.0,2902.0,2897.0,2900.1,4967,TCS,NaN,2897.5604938441775,2899.854526502768,35.66121450219397,2952.0,40.01632967057585,,,,,
2025-09-26T15:20:00.000000,2899.4,2905.5,2899.0,2905.0,8191,TCS,NaN,2899.048395075342,2900.322296820698,37.59242114593931,2952.0,38.117326936586494,,,,,
2025-09-26T15:25:00.000000,2905.0,2906.35,2898.75,2905.8,23827,TCS,NaN,2900.3987160602737,2900.8202698369982,39.46316893143254,2952.0,36.617470823020675,,,,,
2025-09-29T09:15:00.000000,2911.15,2917.55,2902.1,2908.85,9901,TCS,NaN,2902.088972848219,2901.550245306362,41.594727248446674,2918.95,37.455577580332324,,,,,
2025-09-29T09:20:00.000000,2908.75,2912.5,2907.0,2911.8,3940,TCS,NaN,2904.031178278575,2902.4820411876017,43.890064229357336,2918.95,38.23381956926458,,,,,
2025-09-29T09:25:00.000000,2912.05,2915.95,2909.05,2915.65,1987,TCS,NaN,2906.35494262286,2903.6791283523653,46.37269044186003,2918.95,39.39419173290901,,,,,
2025-09-29T09:30:00.000000,2915.65,2917.75,2913.7,2917.55,2803,TCS,NaN,2908.593954098288,2904.9401166839684,48.796093487618286,2918.95,40.674894605574764,,,,,
2025-09-29T09:35:00.000000,2917.3,2918.95,2911.0,2912.6,2568,TCS,NaN,2909.3951632786307,2905.6364697126987,49.976049248670854,2918.95,40.83363120267829,,,,,
2025-09-29T09:40:00.000000,2912.6,2919.7,2910.5,2919.45,3882,TCS,NaN,2911.4061306229046,2906.8922451933627,51.71181479402452,2918.95,41.08993102977807,,,,,
2025-09-29T09:45:00.000000,2919.45,2919.9,2915.65,2918.0,1236,TCS,NaN,2912.7249044983237,2907.9020410848752,53.02521481283811,2918.95,41.358131389268955,,,,,
2025-09-29T09:50:00.000000,2918.0,2919.0,2913.35,2919.0,1677,TCS,NaN,2913.979923598659,2908.9109464407957,54.30734013920286,2918.95,40.71615643591929,,,,,
2025-09-29T09:55:00.000000,2919.0,2921.8,2917.0,2918.5,2670,TCS,NaN,2914.883938878927,2909.7826785825414,55.37147676572879,2918.95,40.61012648697806,,,,,
2025-09-29T10:00:00.000000,2918.5,2919.8,2916.1,2919.7,1585,TCS,NaN,2915.8471511031416,2910.6842532568558,56.45808373256065,2918.95,40.174261188753306,,,,,
2025-09-29T10:05:00.000000,2919.7,2919.7,2916.95,2918.55,1153,TCS,NaN,2916.3877208825133,2911.3993211425964,57.203240811093934,2918.95,39.76952912611603,,,,,
2025-09-29T10:10:00.000000,2918.55,2921.0,2917.1,2920.5,903,TCS,NaN,2917.2101767060108,2912.2266555841784,58.094981735344845,2918.95,39.645282648647104,,,,,
2025-09-29T10:15:00.000000,2920.5,2923.9,2918.35,2923.75,2277,TCS,NaN,2918.518141364809,2913.274232349253,59.22966333008642,2918.95,40.036355921367154,,,,,
2025-09-29T10:20:00.000000,2923.75,2926.8,2921.65,2926.65,1670,TCS,NaN,2920.144513091847,2914.4902112265936,60.513455227381435,2918.95,40.82951151317913,,,,,
2025-09-29T10:25:00.000000,2926.65,2926.65,2920.0,2921.0,2514,TCS,NaN,2920.3156104734776,2915.0820102059943,60.57466930540189,2918.95,40.886070314637315,,,,,
2025-09-29T10:30:00.000000,2921.0,2927.65,2920.85,2927.05,1321,TCS,NaN,2921.662488378782,2916.1700092781766,61.20293852545248,2918.95,41.103235055269366,,,,,
2025-09-29T10:35:00.000000,2927.05,2928.8,2925.15,2926.7,842,TCS,NaN,2922.6699907030256,2917.1272811619788,61.71024203941717,2918.95,41.49161358945778,,,,,
2025-09-29T10:40:00.000000,2926.7,2928.0,2925.2,2926.25,1388,TCS,NaN,2923.3859925624206,2917.9566192381626,62.08649217408684,2918.95,41.85225079977558,,,,,
2025-09-29T10:45:00.000000,2926.25,2927.2,2924.05,2925.75,1500,TCS,NaN,2923.8587940499365,2918.6651083983297,62.330701390449974,2918.95,41.6502156707945,,,,,
2025-09-29T10:50:00.000000,2925.75,2926.25,2921.8,2922.0,1546,TCS,NaN,2923.4870352399494,2918.968280362118,61.87111164756374,2918.95,40.49403661672435,,,,,
2025-09-29T10:55:00.000000,2922.0,2922.8,2918.4,2918.4,2289,TCS,NaN,2922.4696281919596,2918.9166185110166,60.893659043451244,2918.95,38.19282742025411,,,,,
2025-09-29T11:00:00.000000,2918.4,2922.1,2918.3,2922.0,1020,TCS,NaN,2922.375702553568,2919.196925919106,60.467662876599114,2918.95,36.02257803970888,,,,,
2025-09-29T11:05:00.000000,2922.0,2922.5,2921.1,2922.0,628,TCS,NaN,2922.3005620428544,2919.4517508355507,60.082237773256715,2918.95,34.1276540795185,,,,,
2025-09-29T11:10:00.000000,2922.0,2922.3,2919.3,2919.3,666,TCS,NaN,2921.7004496342834,2919.437955305046,59.305687708582745,2918.95,31.731947962897387,,,,,
2025-09-29T11:15:00.000000,2919.3,2920.35,2916.2,2916.2,2780,TCS,NaN,2920.600359707427,2919.1435957318604,58.15985015184948,2918.95,30.365194897609907,,,,,
2025-09-29T11:20:00.000000,2916.5,2917.8,2916.15,2917.0,705,TCS,NaN,2919.8802877659414,2918.9487233926,57.24517590054323,2918.95,29.11024920742152,,,,,
2025-09-29T11:25:00.000000,2917.0,2917.6,2916.45,2916.5,482,TCS,NaN,2919.204230212753,2918.726112175091,56.34318741138959,2918.95,27.94494249510374,,,,,
2025-09-29T11:30:00.000000,2916.5,2917.0,2912.75,2914.0,1560,TCS,NaN,2918.1633841702023,2918.296465613719,55.16424284129713,2918.95,27.879125424328485,,,,,
2025-09-29T11:35:00.000000,2913.4,2914.0,2907.3,2907.5,2664,TCS,NaN,2916.030707336162,2917.314968739745,53.33326994004105,2918.95,28.8897000358672,,,,,
2025-09-29T11:40:00.000000,2907.5,2908.15,2903.9,2907.15,4086,TCS,NaN,2914.2545658689296,2916.3908806724953,51.64082437088171,2918.95,30.33064953999324,,,,,
2025-09-29T11:45:00.000000,2907.15,2907.45,2902.75,2902.75,890,TCS,NaN,2911.953652695144,2915.1508006113595,49.68892861858009,2918.95,31.82270669059435,,,,,
2025-09-29T11:50:00.000000,2902.75,2906.5,2902.0,2906.4,1689,TCS,NaN,2910.842922156115,2914.355273283054,48.577824102407654,2918.95,33.30880013661734,,,,,
2025-09-29T11:55:00.000000,2906.4,2906.6,2903.0,2903.9,992,TCS,NaN,2909.454337724892,2913.4047938936856,47.324085921001966,2918.95,34.64372845916967,,,,,
2025-09-29T12:00:00.000000,2903.9,2904.8,2900.3,2903.0,2749,TCS,NaN,2908.1634701799135,2912.4589035397144,46.10236144178627,2918.95,36.250837728669886,,,,,
2025-09-29T12:05:00.000000,2903.0,2903.7,2901.5,2902.65,710,TCS,NaN,2907.060776143931,2911.567185036104,44.96172350046555,2918.95,37.74315347892008,,,,,
2025-09-29T12:10:00.000000,2902.65,2902.9,2897.6,2899.0,3769,TCS,NaN,2905.4486209151446,2910.4247136691856,43.580039261107096,2918.95,39.59489125437148,,,,,
2025-09-29T12:15:00.000000,2899.0,2902.85,2897.6,2900.8,1411,TCS,NaN,2904.5188967321155,2909.5497396992596,42.68795096279803,2918.95,41.31436204586207,,,,,
2025-09-29T12:20:00.000000,2900.8,2903.85,2900.6,2903.5,497,TCS,NaN,2904.3151173856922,2908.999763362963,42.38395296951026,2918.95,42.404699202237985,,,,,
2025-09-29T12:25:00.000000,2903.2,2905.65,2901.5,2902.6,803,TCS,NaN,2903.9720939085537,2908.417966693603,42.00351350022462,2918.95,42.55091611934161,,,,,
2025-09-29T12:30:00.000000,2902.6,2902.9,2898.1,2899.75,1033,TCS,NaN,2903.127675126843,2907.629969721457,41.34042691807811,2918.95,43.22672804083105,,,,,
2025-09-29T12:35:00.000000,2899.0,2901.5,2896.0,2896.6,626,TCS,NaN,2901.8221401014744,2906.6272452013245,40.42662260663806,2918.95,44.138825784092155,,,,,
2025-09-29T12:40:00.000000,2896.6,2897.9,2896.0,2896.5,977,TCS,NaN,2900.7577120811793,2905.706586546659,39.59015708773925,2918.95,44.985773688548896,,,,,
2025-09-29T12:45:00.000000,2896.85,2899.4,2896.15,2898.25,630,TCS,NaN,2900.2561696649436,2905.028715042417,39.20418954465167,2918.95,45.05523885717406,,,,,
2025-09-29T12:50:00.000000,2897.0,2901.75,2896.85,2901.4,627,TCS,NaN,2900.484935731955,2904.698831856743,39.46547132853413,2918.95,44.09874062803359,,,,,
2025-09-29T12:55:00.000000,2901.4,2902.45,2900.15,2901.95,1444,TCS,NaN,2900.777948585564,2904.4489380515843,39.8033497021872,2918.95,42.924114975816074,,,,,
2025-09-29T13:00:00.000000,2901.95,2905.5,2900.0,2903.35,1125,TCS,NaN,2901.292358868451,2904.349034592349,40.3690457518829,2918.95,40.69318355198182,,,,,
2025-09-29T13:05:00.000000,2903.35,2903.35,2898.9,2902.7,1239,TCS,NaN,2901.5738870947607,2904.199122356681,40.77895767701274,2918.95,38.91377386619443,,,,,
2025-09-29T13:10:00.000000,2902.7,2905.7,2902.1,2905.7,201,TCS,NaN,2902.3991096758086,2904.335565778801,41.6986671402258,2918.95,36.46502712966264,,,,,
2025-09-29T13:15:00.000000,2905.7,2905.85,2902.25,2902.35,376,TCS,NaN,2902.389287740647,2904.15505979891,41.99609396008069,2918.95,34.1420415962257,,,,,
2025-09-29T13:20:00.000000,2902.35,2905.0,2902.35,2904.95,1012,TCS,NaN,2902.9014301925176,2904.227327089918,42.712505311772425,2918.95,31.98498360089141,,,,,
2025-09-29T13:25:00.000000,2904.95,2905.5,2903.65,2905.0,354,TCS,NaN,2903.3211441540143,2904.2975700817437,43.36914739696788,2918.95,29.797925423321686,,,,,
2025-09-29T13:30:00.000000,2905.65,2906.4,2904.1,2904.9,363,TCS,NaN,2903.6369153232113,2904.352336437949,43.945412995475614,2918.95,27.903938767105988,,,,,
2025-09-29T13:35:00.000000,2904.5,2906.15,2903.65,2904.0,524,TCS,NaN,2903.709532258569,2904.320305852681,44.30062779292284,2918.95,25.967467129181284,,,,,
2025-09-29T13:40:00.000000,2904.0,2905.25,2899.05,2900.0,1082,TCS,NaN,2902.9676258068553,2903.9275507751645,43.96566615159421,2918.95,25.565403601695127,,,,,
2025-09-29T13:45:00.000000,2900.0,2903.75,2900.0,2901.7,300,TCS,NaN,2902.714100645484,2903.7250461592403,44.01257829082477,2918.95,25.19205889760084,,,,,
2025-09-29T13:50:00.000000,2901.7,2904.1,2901.5,2902.9,998,TCS,NaN,2902.7512805163874,2903.6500419629456,44.29331468504984,2918.95,24.689246005661857,,,,,
2025-09-29T13:55:00.000000,2902.9,2903.55,2900.4,2902.75,641,TCS,NaN,2902.75102441311,2903.5682199663142,44.52035613809337,2918.95,24.560957856310306,,,,,
2025-09-29T14:00:00.000000,2902.75,2905.0,2902.35,2904.95,287,TCS,NaN,2903.1908195304877,2903.6938363330128,45.167235060830244,2918.95,23.774924033520982,,,,,
2025-09-29T14:05:00.000000,2904.95,2905.0,2902.2,2902.7,342,TCS,NaN,2903.0926556243903,2903.6034875754663,45.32549606445066,2918.95,23.096858027495877,,,,,
2025-09-29T14:10:00.000000,2902.7,2904.4,2901.6,2904.0,960,TCS,NaN,2903.2741244995123,2903.639534159515,45.72980606084721,2918.95,22.680863359319876,,,,,
2025-09-29T14:15:00.000000,2904.0,2906.9,2903.3,2906.0,446,TCS,NaN,2903.8192995996096,2903.854121963195,46.47363328791866,2918.95,21.16060114545933,,,,,
2025-09-29T14:20:00.000000,2906.0,2908.25,2905.8,2906.55,870,TCS,NaN,2904.365439679688,2904.099201784723,47.24741160291654,2918.95,20.077899133086852,,,,,
2025-09-29T14:25:00.000000,2906.55,2908.0,2903.0,2903.0,387,TCS,NaN,2904.0923517437504,2903.9992743497482,47.236708914250535,2918.95,19.276246321036048,,,,,
2025-09-29T14:30:00.000000,2903.0,2903.0,2901.3,2902.0,676,TCS,NaN,2903.6738813950005,2903.817522136135,47.048288184491525,2918.95,19.078404406519475,,,,,
2025-09-29T14:35:00.000000,2902.0,2905.1,2901.7,2903.05,628,TCS,NaN,2903.5491051160006,2903.7477473964864,47.102426870485836,2918.95,18.058666100814616,,,,,
2025-09-29T14:40:00.000000,2903.05,2903.05,2900.1,2901.3,1218,TCS,NaN,2903.0992840928006,2903.5252249058967,46.825899451662295,2918.95,17.62959235416218,,,,,
2025-09-29T14:45:00.000000,2901.3,2901.6,2899.0,2899.35,2304,TCS,NaN,2902.3494272742405,2903.145659005361,46.24188684231924,2918.95,17.566456675127995,,,,,
2025-09-29T14:50:00.000000,2899.35,2900.0,2897.1,2898.4,51967,TCS,NaN,2901.5595418193925,2902.714235459419,45.55868405856754,2918.95,18.044907393364138,,,,,
2025-09-29T14:55:00.000000,2898.4,2900.0,2897.35,2899.75,2755,TCS,NaN,2901.197633455514,2902.4447595085626,45.27485256222763,2918.95,18.4891830602977,,,,,
2025-09-29T15:00:00.000000,2899.7,2899.7,2895.0,2896.7,3601,TCS,NaN,2900.298106764411,2901.922508644148,44.51954535972968,2918.95,19.522172623059422,,,,,
2025-09-29T15:05:00.000000,2896.7,2896.8,2893.15,2895.75,2871,TCS,NaN,2899.3884854115286,2901.36137149468,43.69532015215059,2918.95,20.905789729955057,,,,,
2025-09-29T15:10:00.000000,2895.75,2896.9,2894.1,2894.8,1928,TCS,NaN,2898.470788329223,2900.764883176982,42.80987208820901,2918.95,22.139661050250844,,,,,
2025-09-29T15:15:00.000000,2895.95,2898.25,2892.5,2894.45,11840,TCS,NaN,2897.6666306633783,2900.1908028881653,41.956433456199356,2918.95,23.644161239551078,,,,,
2025-09-29T15:20:00.000000,2894.45,2901.55,2893.4,2900.8,5593,TCS,NaN,2898.2933045307027,2900.2461844437867,42.68260347090971,2918.95,23.477488285921744,,,,,
2025-09-29T15:25:00.000000,2900.8,2906.55,2896.05,2905.2,4458,TCS,NaN,2899.674643624562,2900.6965313125334,44.063343028525395,2918.95,22.00825660558518,,,,,
2025-09-30T09:15:00.000000,2919.8,2919.8,2906.0,2907.15,3759,TCS,NaN,2901.1697148996495,2901.283210284121,45.58625190822645,2919.8,23.161125332748174,,,,,
2025-09-30T09:20:00.000000,2908.0,2911.3,2901.0,2902.6,2349,TCS,NaN,2901.4557719197196,2901.40291844011,46.1388300560331,2919.8,22.96323712963764,,,,,
2025-09-30T09:25:00.000000,2904.7,2904.95,2899.4,2900.7,1633,TCS,NaN,2901.304617535776,2901.3390167637367,46.34055077592828,2919.8,22.414715647484204,,,,,
2025-09-30T09:30:00.000000,2900.7,2902.25,2899.1,2900.0,1257,TCS,NaN,2901.043694028621,2901.2172879670334,46.41456701460484,2919.8,21.835442460150684,,,,,
2025-09-30T09:35:00.000000,2900.0,2900.1,2897.25,2898.6,2138,TCS,NaN,2900.5549552228968,2900.979352697303,46.264412678149654,2919.8,20.86165474330658,,,,,
2025-09-30T09:40:00.000000,2898.6,2902.0,2897.0,2899.4,2138,TCS,NaN,2900.3239641783175,2900.8357751793665,46.28046058729991,2919.8,20.32301412236961,,,,,
2025-09-30T09:45:00.000000,2899.4,2901.5,2898.7,2901.4,1124,TCS,NaN,2900.539171342654,2900.8870683448786,46.66343860196789,2919.8,19.822847831499566,,,,,
2025-09-30T09:50:00.000000,2901.4,2902.0,2900.4,2901.6,1227,TCS,NaN,2900.751337074123,2900.951880313526,47.04647268682511,2919.8,19.462002310735915,,,,,
2025-09-30T09:55:00.000000,2901.6,2908.9,2901.3,2907.7,1673,TCS,NaN,2902.1410696592984,2901.5653457395692,48.34285700352489,2919.8,20.33927886693726,,,,,
2025-09-30T10:00:00.000000,2907.5,2909.8,2905.95,2908.3,1513,TCS,NaN,2903.372855727439,2902.177587035972,49.59435775735772,2919.8,21.286564296318797,,,,,
2025-09-30T10:05:00.000000,2908.3,2909.75,2904.7,2905.55,842,TCS,NaN,2903.8082845819513,2902.484170032702,50.177360763771816,2919.8,21.79296009713835,,,,,
2025-09-30T10:10:00.000000,2905.55,2905.9,2902.9,2905.0,1314,TCS,NaN,2904.046627665561,2902.712881847911,50.59974948477464,2919.8,21.738835509944437,,,,,
2025-09-30T10:15:00.000000,2905.0,2907.0,2902.6,2907.0,541,TCS,NaN,2904.637302132449,2903.1026198617374,51.29303320486058,2919.8,21.89314180166325,,,,,
2025-09-30T10:20:00.000000,2907.0,2907.45,2905.2,2907.4,427,TCS,NaN,2905.189841705959,2903.4932907833977,51.98152841863421,2919.8,22.12191463286694,,,,,
2025-09-30T10:25:00.000000,2907.4,2907.4,2902.3,2903.55,626,TCS,NaN,2904.8618733647672,2903.498446166725,51.84300880036142,2919.8,21.45503743943621,,,,,
2025-09-30T10:30:00.000000,2903.55,2905.15,2902.4,2904.75,851,TCS,NaN,2904.839498691814,2903.6122237879317,51.92427530872627,2919.8,20.835794331250533,,,,,
2025-09-30T10:35:00.000000,2904.75,2905.35,2903.0,2904.3,1097,TCS,NaN,2904.731598953451,2903.6747488981196,51.910480318452464,2919.8,20.309432862334038,,,,,
2025-09-30T10:40:00.000000,2904.3,2906.1,2902.95,2905.85,533,TCS,NaN,2904.9552791627607,2903.8724989982907,52.17642942604827,2919.8,20.009645398463014,,,,,
2025-09-30T10:45:00.000000,2905.85,2905.85,2902.0,2902.0,634,TCS,NaN,2904.3642233302085,2903.7022718166277,51.69004643156771,2919.8,19.399219618886,,,,,
2025-09-30T10:50:00.000000,2902.0,2904.0,2901.15,2903.7,1327,TCS,NaN,2904.2313786641666,2903.702065287843,51.56367714660139,2919.8,18.536661493168285,,,,,
2025-09-30T10:55:00.000000,2903.7,2904.5,2903.0,2903.0,609,TCS,NaN,2903.985102931333,2903.6382411707664,51.32054144953004,2919.8,17.887900121183765,,,,,
2025-09-30T11:00:00.000000,2903.0,2905.95,2903.0,2905.95,1266,TCS,NaN,2904.3780823450666,2903.848401064333,51.628097248518884,2919.8,17.718732260527382,,,,,
2025-09-30T11:05:00.000000,2905.95,2907.1,2905.0,2907.0,825,TCS,NaN,2904.902465876053,2904.1349100584844,52.07940041814907,2919.8,17.888220510344055,,,,,
2025-09-30T11:10:00.000000,2907.0,2908.8,2905.95,2908.0,716,TCS,NaN,2905.5219727008425,2904.4862818713495,52.651392308896206,2919.8,18.498353713300112,,,,,
2025-09-30T11:15:00.000000,2908.0,2908.4,2906.0,2907.05,346,TCS,NaN,2905.827578160674,2904.7193471557725,52.95463454451011,2919.8,19.064905973187876,,,,,
2025-09-30T11:20:00.000000,2907.05,2908.15,2904.1,2905.0,876,TCS,NaN,2905.662062528539,2904.744861050702,52.78986307393702,2919.8,18.749037527606166,,,,,
2025-09-30T11:25:00.000000,2905.0,2905.35,2903.0,2904.0,330,TCS,NaN,2905.329650022831,2904.677146409729,52.437944747364476,2919.8,18.005879584354577,,,,,
2025-09-30T11:30:00.000000,2904.0,2904.3,2903.0,2903.0,1517,TCS,NaN,2904.8637200182648,2904.524678554299,51.919155050326104,2919.8,17.315804351335245,,,,,
2025-09-30T11:35:00.000000,2904.0,2905.15,2903.0,2903.95,5295,TCS,NaN,2904.6809760146116,2904.472435049363,51.66183440377187,2919.8,16.982207845839635,,,,,
2025-09-30T11:40:00.000000,2903.95,2904.35,2903.0,2903.0,666,TCS,NaN,2904.3447808116894,2904.338577317603,51.22616092870798,2919.8,16.67243966216514,,,,,
2025-09-30T11:45:00.000000,2903.0,2904.55,2903.0,2903.0,502,TCS,NaN,2904.0758246493515,2904.216888470548,50.831980165554945,2919.8,16.463681459468273,,,,,
2025-09-30T11:50:00.000000,2903.0,2904.1,2903.0,2903.0,2988,TCS,NaN,2903.860659719481,2904.1062622459526,50.475340427464104,2919.8,16.26983455696404,,,,,
2025-09-30T11:55:00.000000,2903.0,2904.1,2902.6,2903.0,7346,TCS,NaN,2903.688527775585,2904.005692950866,50.152666378715246,2919.8,15.858361313276353,,,,,
2025-09-30T12:00:00.000000,2903.0,2904.1,2903.0,2903.1,3705,TCS,NaN,2903.570822220468,2903.92335722806,49.89141342106532,2919.8,15.476279015566362,,,,,
2025-09-30T12:05:00.000000,2903.1,2904.05,2902.1,2902.1,8168,TCS,NaN,2903.2766577763746,2903.7575974800548,49.377133482832754,2919.8,14.575281710981683,,,,,
2025-09-30T12:10:00.000000,2902.1,2903.1,2900.0,2901.35,1469,TCS,NaN,2902.8913262210995,2903.5387249818677,48.71116001103479,2919.8,14.418049376208575,,,,,
2025-09-30T12:15:00.000000,2901.35,2902.75,2900.25,2902.75,330,TCS,NaN,2902.8630609768798,2903.467022710789,48.58560112000675,2919.8,14.272047922490689,,,,,
2025-09-30T12:20:00.000000,2902.75,2905.4,2902.75,2904.75,263,TCS,NaN,2903.240448781504,2903.583657009808,49.063001509380804,2919.8,13.798789829013026,,,,,
2025-09-30T12:25:00.000000,2904.75,2905.0,2903.0,2903.55,564,TCS,NaN,2903.3023590252033,2903.580597281644,49.133417845684164,2919.8,13.35933588506948,,,,,
2025-09-30T12:30:00.000000,2903.55,2906.0,2901.85,2905.5,812,TCS,NaN,2903.7418872201624,2903.755088437858,49.72430535965828,2919.8,12.491637911362746,,,,,
2025-09-30T12:35:00.000000,2905.5,2906.15,2905.0,2905.85,3970,TCS,NaN,2904.16350977613,2903.945534943507,50.347689237189684,2919.8,11.603309809223003,,,,,
2025-09-30T12:40:00.000000,2905.85,2906.85,2905.0,2906.85,519,TCS,NaN,2904.700807820904,2904.20957722137,51.16300782310596,2919.8,11.158698277441298,,,,,
2025-09-30T12:45:00.000000,2906.85,2907.1,2905.0,2906.1,672,TCS,NaN,2904.9806462567235,2904.381433837609,51.639955364230566,2919.8,10.88412918535872,,,,,
2025-09-30T12:50:00.000000,2906.1,2906.75,2905.0,2905.0,326,TCS,NaN,2904.9845170053786,2904.4376671250993,51.705661674599476,2919.8,10.629172171282042,,,,,
2025-09-30T12:55:00.000000,2905.0,2906.0,2905.0,2905.5,3586,TCS,NaN,2905.087613604303,2904.5342428409995,51.91215912079581,2919.8,10.392426372496555,,,,,
2025-09-30T13:00:00.000000,2905.5,2907.0,2905.0,2906.3,2226,TCS,NaN,2905.3300908834426,2904.6947662190905,52.33120035441395,2919.8,10.786553763793037,,,,,
2025-09-30T13:05:00.000000,2906.3,2907.9,2906.3,2907.9,971,TCS,NaN,2905.844072706754,2904.986151108264,53.135620873451956,2919.8,11.647889463937872,,,,,
2025-09-30T13:10:00.000000,2907.9,2908.0,2906.0,2907.0,381,TCS,NaN,2906.0752581654033,2905.16922828024,53.52592379050347,2919.8,12.195394393405612,,,,,
2025-09-30T13:15:00.000000,2907.0,2907.25,2905.5,2907.1,301,TCS,NaN,2906.2802065323226,2905.3447529820364,53.907275277561396,2919.8,12.285540825123627,,,,,
2025-09-30T13:20:00.000000,2907.1,2907.2,2905.0,2905.0,547,TCS,NaN,2906.0241652258583,2905.313411801851,53.51007306713047,2919.8,11.962430660314682,,,,,
2025-09-30T13:25:00.000000,2905.0,2906.0,2905.0,2905.0,7567,TCS,NaN,2905.8193321806866,2905.2849198198646,53.15069963864535,2919.8,11.66239979299209,,,,,
2025-09-30T13:30:00.000000,2905.0,2906.15,2905.0,2905.1,3052,TCS,NaN,2905.6754657445495,2905.2681089271496,52.86109985501185,2919.8,11.496895752448731,,,,,
2025-09-30T13:35:00.000000,2905.1,2906.2,2905.0,2905.0,3490,TCS,NaN,2905.5403725956394,2905.243735388318,52.56121862648022,2919.8,11.382870729309527,,,,,
2025-09-30T13:40:00.000000,2905.0,2905.85,2903.3,2904.65,5485,TCS,NaN,2905.3622980765117,2905.189759443925,52.15242855268892,2919.8,11.30052375674177,,,,,
2025-09-30T13:45:00.000000,2904.55,2904.65,2902.2,2903.9,363,TCS,NaN,2905.069838461209,2905.0725085853865,51.49388905738112,2919.8,11.9498593492321,,,,,
2025-09-30T13:50:00.000000,2903.9,2903.9,2902.0,2902.0,1082,TCS,NaN,2904.4558707689675,2904.7931896230784,50.267904565013616,2919.8,12.676109778365305,,,,,
2025-09-30T13:55:00.000000,2902.0,2902.9,2900.0,2901.55,1340,TCS,NaN,2903.874696615174,2904.4983542027985,49.026394955924,2919.8,14.403589578611966,,,,,
2025-09-30T14:00:00.000000,2901.55,2902.35,2900.1,2901.5,755,TCS,NaN,2903.399757292139,2904.2257765479985,47.88792999449851,2919.8,16.007677964555295,,,,,
2025-09-30T14:05:00.000000,2901.5,2903.0,2900.0,2901.5,1799,TCS,NaN,2903.019805833711,2903.9779786799986,46.857890267494504,2919.8,16.846114932791092,,,,,
2025-09-30T14:10:00.000000,2901.5,2901.5,2897.4,2899.2,3186,TCS,NaN,2902.2558446669686,2903.5436169818167,45.26899832266725,2919.8,18.775240057381676,,,,,
2025-09-30T14:15:00.000000,2899.2,2900.0,2897.0,2897.8,963,TCS,NaN,2901.364675733575,2903.0214699834696,43.51901940821848,2919.8,20.709424245504316,,,,,
2025-09-30T14:20:00.000000,2897.8,2902.0,2890.8,2897.3,10523,TCS,NaN,2900.55174058686,2902.5013363486087,41.83290807472494,2919.8,23.947592423026407,,,,,
2025-09-30T14:25:00.000000,2897.3,2897.3,2892.5,2894.5,662,TCS,NaN,2899.341392469488,2901.773942135099,39.82827542456461,2919.8,26.954462873582635,,,,,
2025-09-30T14:30:00.000000,2894.5,2894.5,2890.1,2891.5,1413,TCS,NaN,2897.77311397559,2900.8399473955446,37.651182234673506,2919.8,30.09435561507716,,,,,
2025-09-30T14:35:00.000000,2891.5,2895.6,2888.8,2893.25,4549,TCS,NaN,2896.868491180472,2900.149952177768,36.499078838229984,2919.8,33.170345386268416,,,,,
2025-09-30T14:40:00.000000,2894.0,2895.7,2893.15,2894.15,933,TCS,NaN,2896.324792944378,2899.604501979789,35.840734005007896,2919.8,35.94803408797287,,,,,
2025-09-30T14:45:00.000000,2895.35,2899.8,2892.5,2896.05,7683,TCS,NaN,2896.269834355502,2899.2813654361717,35.98035682822268,2919.8,35.834802229627485,,,,,
2025-09-30T14:50:00.000000,2896.05,2896.05,2893.05,2895.4,902,TCS,NaN,2896.095867484402,2898.9285140328834,35.968731636233265,2919.8,35.729658361163914,,,,,
2025-09-30T14:55:00.000000,2895.4,2896.0,2892.2,2893.3,1082,TCS,NaN,2895.5366939875216,2898.4168309389847,35.55178270765252,2919.8,35.86663279483216,,,,,
2025-09-30T15:00:00.000000,2893.3,2893.4,2888.0,2888.6,3206,TCS,NaN,2894.149355190017,2897.5243917627135,34.50389652912257,2919.8,36.93037960736268,,,,,
2025-09-30T15:05:00.000000,2888.1,2890.0,2886.0,2888.4,1635,TCS,NaN,2892.999484152014,2896.694901602467,33.532167807995606,2919.8,38.26051301238355,,,,,
2025-09-30T15:10:00.000000,2886.75,2889.0,2886.05,2889.0,1616,TCS,NaN,2892.199587321611,2895.9953650931516,32.88105728101797,2919.8,39.49563688847435,,,,,
2025-09-30T15:15:00.000000,2889.0,2890.0,2887.55,2889.0,2481,TCS,NaN,2891.559669857289,2895.359422811956,32.29195728041916,2919.8,40.048880106493534,,,,,
2025-09-30T15:20:00.000000,2889.0,2890.0,2887.5,2890.0,2565,TCS,NaN,2891.2477358858314,2894.8722025563234,32.16126560201045,2919.8,40.573416878075015,,,,,
2025-09-30T15:25:00.000000,2890.0,2895.0,2888.05,2895.0,2268,TCS,NaN,2891.998188708665,2894.8838205057486,33.601011638763616,2919.8,38.57560645082945,,,,,
2025-10-01T09:15:00.000000,2889.0,2897.15,2888.85,2890.0,5947,TCS,NaN,2891.598550966932,2894.439836823408,33.98866830810367,2897.15,35.92801467250693,,,,,
2025-10-01T09:20:00.000000,2888.8,2890.0,2882.5,2889.6,4992,TCS,NaN,2891.1988407735457,2893.9998516576434,34.277675934115585,2897.15,35.148175038218724,,,,,
2025-10-01T09:25:00.000000,2889.2,2892.75,2886.0,2892.15,1781,TCS,NaN,2891.3890726188365,2893.83168332513,35.17278872407008,2897.15,33.529855696529346,,,,,
2025-10-01T09:30:00.000000,2892.15,2894.85,2889.2,2889.2,2321,TCS,NaN,2890.951258095069,2893.4106212046636,35.49884932882041,2897.15,31.415761682717157,,,,,
2025-10-01T09:35:00.000000,2889.2,2892.1,2888.0,2889.2,1928,TCS,NaN,2890.6010064760553,2893.027837458785,35.79385654264214,2897.15,29.75959963508807,,,,,
2025-10-01T09:40:00.000000,2889.2,2893.95,2888.0,2889.25,9591,TCS,NaN,2890.3308051808444,2892.684397689805,36.07410739601919,2897.15,27.687333733803467,,,,,
2025-10-01T09:45:00.000000,2889.9,2893.45,2888.0,2890.7,9353,TCS,NaN,2890.4046441446753,2892.5039978998225,36.7156804755585,2897.15,25.763086825467763,,,,,
2025-10-01T09:50:00.000000,2890.7,2890.7,2881.05,2883.0,6974,TCS,NaN,2888.92371531574,2891.6399980907477,36.17277406843546,2897.15,25.617273387057228,,,,,
2025-10-01T09:55:00.000000,2883.0,2883.0,2880.4,2881.75,5504,TCS,NaN,2887.4889722525922,2890.7409073552253,35.54582897858116,2897.15,25.606003540102623,,,,,
2025-10-01T10:00:00.000000,2881.75,2881.9,2875.0,2878.4,7040,TCS,NaN,2885.671177802074,2889.6190066865684,34.64858885210713,2897.15,26.497033134551916,,,,,
2025-10-01T10:05:00.000000,2878.4,2878.65,2874.5,2875.7,8715,TCS,NaN,2883.676942241659,2888.353642442335,33.6072417855242,2897.15,27.39785029304212,,,,,
2025-10-01T10:10:00.000000,2875.7,2878.5,2874.1,2877.0,7267,TCS,NaN,2882.3415537933274,2887.3214931293955,32.996775272473535,2897.15,28.295660550703044,,,,,
2025-10-01T10:15:00.000000,2877.0,2877.4,2875.0,2875.3,1412,TCS,NaN,2880.933243034662,2886.2286301176323,32.2879668363948,2897.15,29.129341504245335,,,,,
2025-10-01T10:20:00.000000,2875.3,2875.3,2872.0,2872.5,3023,TCS,NaN,2879.2465944277296,2884.980572834211,31.411112841911848,2897.15,30.37200176966262,,,,,
2025-10-01T10:25:00.000000,2872.5,2874.5,2869.0,2874.5,6368,TCS,NaN,2878.297275542184,2884.0277934856467,31.125373061356136,2897.15,31.92802137030848,,,,,
2025-10-01T10:30:00.000000,2874.5,2876.9,2872.8,2876.0,5232,TCS,NaN,2877.837820433747,2883.2979940778605,31.228202183216972,2897.15,32.46908771132197,,,,,
2025-10-01T10:35:00.000000,2876.9,2876.9,2871.65,2872.2,1178,TCS,NaN,2876.7102563469975,2882.2890855253277,30.93376901143739,2897.15,33.149311593306216,,,,,
2025-10-01T10:40:00.000000,2872.2,2872.35,2868.95,2870.0,1807,TCS,NaN,2875.368205077598,2881.171895932116,30.471725871956618,2897.15,34.171396077700514,,,,,
2025-10-01T10:45:00.000000,2870.0,2870.5,2867.55,2869.0,1736,TCS,NaN,2874.0945640620785,2880.065359938287,29.967969777095657,2897.15,35.30808483359086,,,,,
2025-10-01T10:50:00.000000,2869.0,2874.75,2868.95,2874.5,1185,TCS,NaN,2874.1756512496627,2879.5594181257156,30.72141263945966,2897.15,34.85767693670777,,,,,
2025-10-01T10:55:00.000000,2874.5,2879.75,2873.5,2879.1,1325,TCS,NaN,2875.16052099973,2879.5176528415595,32.18751349527045,2897.15,33.04728400552764,,,,,
2025-10-01T11:00:00.000000,2879.1,2884.2,2877.1,2883.0,3387,TCS,NaN,2876.728416799784,2879.8342298559633,34.06814670517189,2897.15,30.99677491335056,,,,,
2025-10-01T11:05:00.000000,2883.0,2885.9,2882.0,2885.35,811,TCS,NaN,2878.452733439827,2880.335663505421,36.06943844486449,2897.15,29.430720585316482,,,,,
2025-10-01T11:10:00.000000,2885.35,2885.7,2880.6,2881.75,1465,TCS,NaN,2879.112186751862,2880.464239550383,37.36866036218223,2897.15,27.649107616845903,,,,,
2025-10-01T11:15:00.000000,2881.75,2889.0,2881.55,2884.4,5429,TCS,NaN,2880.1697494014893,2880.8220359548936,38.88776718984526,2897.15,26.65240537462464,,,,,
2025-10-01T11:20:00.000000,2884.4,2888.9,2884.4,2887.3,1156,TCS,NaN,2881.5957995211916,2881.410941777176,40.60879937754407,2897.15,25.726896149704892,,,,,
2025-10-01T11:25:00.000000,2887.3,2890.0,2887.0,2889.75,2135,TCS,NaN,2883.2266396169534,2882.169037979251,42.43742472980895,2897.15,25.088973297964177,,,,,
2025-10-01T11:30:00.000000,2890.0,2893.7,2889.5,2891.0,1164,TCS,NaN,2884.7813116935627,2882.9718527084096,44.226300033800364,2897.15,25.18100378543399,,,,,
2025-10-01T11:35:00.000000,2891.0,2893.0,2891.0,2891.15,777,TCS,NaN,2886.0550493548503,2883.715320644009,45.861489881885134,2897.15,25.266460666655956,,,,,
2025-10-01T11:40:00.000000,2891.15,2893.0,2891.0,2893.0,524,TCS,NaN,2887.4440394838803,2884.5593824036446,47.54905294644762,2897.15,25.345813484933498,,,,,
2025-10-01T11:45:00.000000,2893.0,2898.5,2892.7,2898.0,62572,TCS,NaN,2889.555231587104,2885.781256730586,49.566497477402265,2897.15,26.34576898962064,,,,,
2025-10-01T11:50:00.000000,2898.0,2899.0,2895.9,2899.0,1667,TCS,NaN,2891.444185269683,2886.9829606641692,51.479844084416804,2897.15,27.34774351210826,,,,,
2025-10-01T11:55:00.000000,2899.0,2899.8,2897.0,2899.05,588,TCS,NaN,2892.9653482157464,2888.079964240154,53.21556033626927,2897.15,28.399022813319796,,,,,
2025-10-01T12:00:00.000000,2899.05,2899.8,2897.9,2899.75,450,TCS,NaN,2894.322278572597,2889.1408765819583,54.85349244195389,2897.15,29.37521073587337,,,,,
2025-10-01T12:05:00.000000,2899.5,2901.9,2898.4,2900.1,1976,TCS,NaN,2895.4778228580776,2890.137160529053,56.37049635961878,2897.15,30.610779206302077,,,,,
2025-10-01T12:10:00.000000,2900.1,2904.0,2900.0,2900.5,664,TCS,NaN,2896.482258286462,2891.0792368445937,57.785001049005544,2897.15,32.05859261728084,,,,,
2025-10-01T12:15:00.000000,2900.5,2901.0,2896.6,2897.7,1245,TCS,NaN,2896.7258066291697,2891.681124404176,58.37217807355041,2897.15,32.099814428395504,,,,,
2025-10-01T12:20:00.000000,2897.7,2897.7,2895.1,2896.15,623,TCS,NaN,2896.610645303336,2892.0873858219784,58.55396352465423,2897.15,31.623375055384237,,,,,
2025-10-01T12:25:00.000000,2896.15,2897.7,2893.1,2897.7,1117,TCS,NaN,2896.8285162426687,2892.597623474526,58.93858202850604,2897.15,30.53261914799624,,,,,
2025-10-01T12:30:00.000000,2897.7,2897.7,2892.7,2893.75,622,TCS,NaN,2896.2128129941348,2892.7023849768416,58.46559191199014,2897.15,29.392223806656965,,,,,
2025-10-01T12:35:00.000000,2893.75,2895.25,2892.8,2895.0,492,TCS,NaN,2895.9702503953076,2892.911259069856,58.2341689958087,2897.15,28.333285275413353,,,,,
2025-10-01T12:40:00.000000,2895.0,2896.0,2893.1,2893.1,684,TCS,NaN,2895.396200316246,2892.9284173362325,57.65992751090294,2897.15,27.547065894055546,,,,,
2025-10-01T12:45:00.000000,2893.1,2899.05,2891.7,2898.55,1216,TCS,NaN,2896.026960252997,2893.439470305666,57.934083889484725,2897.15,27.54874553961551,,,,,
2025-10-01T12:50:00.000000,2898.55,2899.2,2896.6,2898.9,662,TCS,NaN,2896.6015682023976,2893.93588209606,58.22691158940952,2897.15,27.5840370066604,,,,,
2025-10-01T12:55:00.000000,2898.9,2900.0,2897.15,2897.65,1034,TCS,NaN,2896.8112545619183,2894.2735291782365,58.23723617068656,2897.15,27.802338179995264,,,,,
2025-10-01T13:00:00.000000,2897.65,2899.7,2895.2,2897.0,6589,TCS,NaN,2896.8490036495346,2894.521390162033,58.113506857986756,2897.15,27.197381967033152,,,,,
2025-10-01T13:05:00.000000,2897.0,2899.0,2897.0,2899.0,451,TCS,NaN,2897.2792029196276,2894.9285365109395,58.303122889653864,2897.15,26.635636912139763,,,,,
2025-10-01T13:10:00.000000,2899.0,2901.0,2898.0,2900.95,2022,TCS,NaN,2898.013362335702,2895.4759422826723,58.74701096359865,2897.15,26.651861512458204,,,,,
2025-10-01T13:15:00.000000,2900.95,2902.0,2898.0,2901.65,1028,TCS,NaN,2898.7406898685617,2896.0372202569747,59.24372285736579,2897.15,26.916936568908522,,,,,
2025-10-01T13:20:00.000000,2901.65,2902.6,2900.0,2901.0,548,TCS,NaN,2899.192551894849,2896.4883820517953,59.53320179191857,2897.15,27.312277451515598,,,,,
2025-10-01T13:25:00.000000,2901.0,2904.0,2901.0,2903.7,2017,TCS,NaN,2900.0940415158793,2897.14398368345,60.172632404460195,2897.15,28.01755675765302,,,,,
2025-10-01T13:30:00.000000,2903.7,2903.75,2901.2,2901.65,872,TCS,NaN,2900.4052332127035,2897.553621530409,60.25188329114099,2897.15,28.67245897049491,,,,,
2025-10-01T13:35:00.000000,2901.65,2903.65,2898.4,2900.2,2150,TCS,NaN,2900.364186570163,2897.794201391281,59.993277558467305,2897.15,27.910274845911523,,,,,
2025-10-01T13:40:00.000000,2900.2,2902.2,2900.2,2901.95,632,TCS,NaN,2900.6813492561305,2898.172001264801,60.03757068446093,2897.15,27.202532444512663,,,,,
2025-10-01T13:45:00.000000,2901.95,2902.0,2900.1,2901.75,611,TCS,NaN,2900.895079404904,2898.497273877092,60.0292926905353,2897.15,26.49680308383208,,,,,
2025-10-01T13:50:00.000000,2901.75,2902.2,2897.35,2899.5,913,TCS,NaN,2900.6160635239235,2898.5884307973565,59.49455294818702,2897.15,24.620475989796088,,,,,
2025-10-01T13:55:00.000000,2899.5,2900.0,2896.7,2898.0,719,TCS,NaN,2900.0928508191387,2898.534937088506,58.688521058791984,2897.15,23.101590907023873,,,,,
2025-10-01T14:00:00.000000,2897.55,2899.0,2897.55,2899.0,479,TCS,NaN,2899.874280655311,2898.5772155350055,58.15854321374157,2897.15,21.691197615878245,,,,,
2025-10-01T14:05:00.000000,2899.0,2902.0,2898.7,2901.9,2155,TCS,NaN,2900.279424524249,2898.879286850005,58.20468780945464,2897.15,21.088243137669934,,,,,
2025-10-01T14:10:00.000000,2901.9,2902.95,2896.25,2901.3,8088,TCS,NaN,2900.4835396193994,2899.0993516818226,58.103663222293214,2897.15,19.637054193086843,,,,,
2025-10-01T14:15:00.000000,2901.3,2908.55,2899.2,2908.55,5024,TCS,NaN,2902.0968316955195,2899.9585015289294,59.03108550910488,2897.15,19.860573561496953,,,,,
2025-10-01T14:20:00.000000,2908.55,2915.45,2908.5,2911.25,3768,TCS,NaN,2903.9274653564157,2900.985001389936,60.14889367054485,2897.15,21.3734065562374,,,,,
2025-10-01T14:25:00.000000,2911.25,2914.0,2909.95,2912.85,1156,TCS,NaN,2905.7119722851326,2902.0636376272146,61.313050723495294,2897.15,22.778180051353523,,,,,
2025-10-01T14:30:00.000000,2912.85,2918.75,2912.05,2918.75,9751,TCS,NaN,2908.319577828106,2903.5805796611044,62.837212437924606,2897.15,24.75175719080888,,,,,
2025-10-01T14:35:00.000000,2918.75,2922.8,2918.45,2919.3,10769,TCS,NaN,2910.515662262485,2905.0096178737313,64.2543429910038,2897.15,27.035363058469446,,,,,
2025-10-01T14:40:00.000000,2919.3,2924.0,2918.3,2920.65,2877,TCS,NaN,2912.542529809988,2906.4314707943013,65.63110059401447,2897.15,29.276537406237185,,,,,
2025-10-01T14:45:00.000000,2920.65,2924.0,2920.65,2924.0,974,TCS,NaN,2914.8340238479905,2908.0286098130014,67.09254879362115,2897.15,31.357627872021514,,,,,
2025-10-01T14:50:00.000000,2924.0,2924.4,2921.3,2922.0,1098,TCS,NaN,2916.2672190783924,2909.2987361936375,67.92086087061888,2897.15,33.334235683453194,,,,,
2025-10-01T14:55:00.000000,2922.0,2923.0,2913.0,2916.95,8513,TCS,NaN,2916.4037752627137,2909.9943056305797,67.59962165132,2897.15,32.33680828536855,,,,,
2025-10-01T15:00:00.000000,2916.95,2921.85,2911.55,2917.6,43472,TCS,NaN,2916.643020210171,2910.685732391436,67.37699918703096,2897.15,31.02850400169058,,,,,
2025-10-01T15:05:00.000000,2917.4,2920.85,2911.25,2914.0,43353,TCS,NaN,2916.114416168137,2910.98702944676,66.50882805715943,2897.15,29.733128591077865,,,,,
2025-10-01T15:10:00.000000,2914.0,2917.45,2908.35,2909.1,51839,TCS,NaN,2914.7115329345093,2910.8154813152364,64.9694014294604,2897.15,27.77777035471208,,,,,
2025-10-01T15:15:00.000000,2909.0,2919.15,2908.6,2916.35,102758,TCS,NaN,2915.0392263476074,2911.3186193774877,64.41823911520899,2897.15,26.350102052535,,,,,
2025-10-01T15:20:00.000000,2912.8,2916.45,2909.1,2911.2,55680,TCS,NaN,2914.271381078086,2911.307835797716,63.24414144168626,2897.15,25.024410057656286,,,,,
2025-10-01T15:25:00.000000,2911.2,2918.0,2911.2,2915.0,7467,TCS,NaN,2914.417104862469,2911.643487088833,62.57857011299349,2897.15,24.159360169731354,,,,,
2025-10-03T09:15:00.000000,2920.05,2924.4,2900.65,2906.3,7262,TCS,NaN,2912.793683889975,2911.1577155353025,61.0306219654803,2924.4,23.845392820228938,,,,,
2025-10-03T09:20:00.000000,2906.3,2908.7,2900.1,2905.7,2512,TCS,NaN,2911.37494711198,2910.661559577548,59.5730030833124,2924.4,23.64548219721441,,,,,
2025-10-03T09:25:00.000000,2905.7,2907.8,2904.65,2907.8,1058,TCS,NaN,2910.659957689584,2910.401417797771,58.49460866992343,2924.4,23.4598509044152,,,,,
2025-10-03T09:30:00.000000,2907.8,2908.5,2903.0,2906.0,2300,TCS,NaN,2909.7279661516673,2910.0012889070645,57.329760596697355,2924.4,23.584659495833886,,,,,
2025-10-03T09:35:00.000000,2906.0,2909.45,2905.6,2908.3,1318,TCS,NaN,2909.442372921334,2909.8466262791494,56.550201869720446,2924.4,23.4175834220805,,,,,
2025-10-03T09:40:00.000000,2908.3,2912.1,2907.3,2912.0,1587,TCS,NaN,2909.953898337067,2910.0423875264996,56.256479275669605,2924.4,22.51073131776886,,,,,
2025-10-03T09:45:00.000000,2912.0,2918.45,2911.85,2918.0,1654,TCS,NaN,2911.5631186696537,2910.7658068422725,56.563442619137916,2924.4,21.58426859043873,,,,,
2025-10-03T09:50:00.000000,2918.0,2918.0,2912.0,2913.05,735,TCS,NaN,2911.860494935723,2910.9734607657024,56.25776464671014,2924.4,20.723981772203608,,,,,
2025-10-03T09:55:00.000000,2913.05,2915.0,2911.4,2913.85,1024,TCS,NaN,2912.2583959485787,2911.234964332457,56.05942882205606,2924.4,19.771322416345736,,,,,
2025-10-03T10:00:00.000000,2913.85,2913.85,2908.3,2908.85,923,TCS,NaN,2911.576716758863,2911.0181493931427,55.33324724368395,2924.4,18.587781165437168,,,,,
2025-10-03T10:05:00.000000,2908.85,2909.95,2907.0,2907.0,377,TCS,NaN,2910.66137340709,2910.652863084675,54.48934848580891,2924.4,17.78353860948355,,,,,
2025-10-03T10:10:00.000000,2907.0,2907.0,2903.05,2903.05,1126,TCS,NaN,2909.1390987256723,2909.961693713341,53.348661918920115,2924.4,17.847092094566698,,,,,
2025-10-03T10:15:00.000000,2903.05,2903.8,2900.7,2900.7,1287,TCS,NaN,2907.4512789805376,2909.1197215575826,52.10700221348422,2924.4,18.328600203473943,,,,,
2025-10-03T10:20:00.000000,2900.7,2901.75,2897.1,2898.0,1635,TCS,NaN,2905.5610231844303,2908.1088377796204,50.75247417745854,2924.4,19.35279090672044,,,,,
2025-10-03T10:25:00.000000,2898.0,2903.0,2896.85,2903.0,1340,TCS,NaN,2905.048818547544,2907.644397981473,50.161059104368285,2924.4,19.938826498117283,,,,,
2025-10-03T10:30:00.000000,2903.0,2906.0,2902.0,2902.6,709,TCS,NaN,2904.5590548380355,2907.1858163467937,49.587152212191995,2924.4,19.65808066175759,,,,,
2025-10-03T10:35:00.000000,2902.6,2902.6,2898.0,2900.0,956,TCS,NaN,2903.6472438704286,2906.532560315267,48.81487688645319,2924.4,20.087606586473804,,,,,
2025-10-03T10:40:00.000000,2900.0,2900.0,2897.0,2897.2,321,TCS,NaN,2902.3577950963427,2905.6841457411515,47.85836293269349,2924.4,20.645960337316325,,,,,
2025-10-03T10:45:00.000000,2897.2,2898.6,2891.7,2898.6,1584,TCS,NaN,2901.6062360770743,2905.040132491956,47.19089445508657,2924.4,21.9182393466065,,,,,
2025-10-03T10:50:00.000000,2898.6,2900.95,2897.1,2898.9,638,TCS,NaN,2901.0649888616595,2904.4819386290505,46.63078123778005,2924.4,22.453533220175533,,,,,
2025-10-03T10:55:00.000000,2898.9,2899.15,2897.0,2898.6,671,TCS,NaN,2900.5719910893276,2903.9472169355004,46.09135298141448,2924.4,22.965641757170008,,,,,
2025-10-03T11:00:00.000000,2898.6,2898.7,2896.1,2896.1,1335,TCS,NaN,2899.677592871462,2903.2338335777276,45.3327893707449,2924.4,23.58251515140921,,,,,
2025-10-03T11:05:00.000000,2897.0,2898.0,2894.65,2894.65,947,TCS,NaN,2898.6720742971697,2902.4534850706614,44.495747587950824,2924.4,24.38258200462823,,,,,
2025-10-03T11:10:00.000000,2894.65,2895.8,2894.5,2894.5,411,TCS,NaN,2897.837659437736,2901.7304409733283,43.72240379603935,2924.4,25.1495167363584,,,,,
2025-10-03T11:15:00.000000,2894.5,2899.6,2894.0,2899.6,909,TCS,NaN,2898.1901275501887,2901.5367645212077,43.896685356365204,2924.4,24.671587324658667,,,,,
2025-10-03T11:20:00.000000,2899.6,2901.05,2898.95,2899.5,535,TCS,NaN,2898.4521020401507,2901.351604110189,44.04119582881665,2924.4,23.819732481260935,,,,,
2025-10-03T11:25:00.000000,2899.5,2900.6,2897.8,2899.4,568,TCS,NaN,2898.6416816321207,2901.174185554717,44.157846430640035,2924.4,23.275290038592203,,,,,
2025-10-03T11:30:00.000000,2899.4,2900.0,2898.0,2900.0,471,TCS,NaN,2898.9133453056966,2901.067441413379,44.370904450242506,2924.4,22.769736341828377,,,,,
2025-10-03T11:35:00.000000,2900.0,2900.0,2897.4,2897.7,135,TCS,NaN,2898.6706762445574,2900.761310375799,44.21696351019549,2924.4,22.440236562817496,,,,,
2025-10-03T11:40:00.000000,2897.7,2897.7,2896.3,2896.3,305,TCS,NaN,2898.196540995646,2900.3557367052717,43.87848932328218,2924.4,22.39220489165794,,,,,
2025-10-03T11:45:00.000000,2896.3,2899.4,2895.5,2899.0,836,TCS,NaN,2898.3572327965167,2900.2324879138832,44.093464670884494,2924.4,21.752598036412788,,,,,
2025-10-03T11:50:00.000000,2899.0,2902.5,2899.0,2902.5,1163,TCS,NaN,2899.1857862372135,2900.4386253762573,44.87313318410151,2924.4,20.199056913501156,,,,,
2025-10-03T11:55:00.000000,2902.5,2902.5,2901.0,2901.1,182,TCS,NaN,2899.568628989771,2900.498750342052,45.34534850700901,2924.4,18.756483013654645,,,,,
2025-10-03T12:00:00.000000,2901.1,2902.85,2896.4,2896.8,796,TCS,NaN,2899.0149031918168,2900.1625003109566,45.13598923633687,2924.4,18.626252126132414,,,,,
2025-10-03T12:05:00.000000,2896.8,2900.9,2896.8,2900.9,1210,TCS,NaN,2899.3919225534532,2900.2295457372334,45.602072936390606,2924.4,18.505323444861773,,,,,
2025-10-03T12:10:00.000000,2900.7,2902.9,2899.0,2900.1,558,TCS,NaN,2899.5335380427628,2900.2177688520305,45.90556353861213,2924.4,17.736057765901027,,,,,
2025-10-03T12:15:00.000000,2900.1,2900.6,2895.5,2895.5,777,TCS,NaN,2898.72683043421,2899.788880774573,45.56140342751349,2924.4,17.872555108609404,,,,,
2025-10-03T12:20:00.000000,2895.5,2896.0,2893.0,2893.7,973,TCS,NaN,2897.721464347368,2899.2353461587027,45.036008272369244,2924.4,18.51779257352505,,,,,
2025-10-03T12:25:00.000000,2893.7,2895.5,2893.2,2895.0,381,TCS,NaN,2897.1771714778943,2898.8503146897297,44.78725987848711,2924.4,19.116941648089583,,,,,
2025-10-03T12:30:00.000000,2895.0,2895.4,2893.05,2893.4,214,TCS,NaN,2896.4217371823156,2898.3548315361177,44.36029053946192,2924.4,19.705909548855523,,,,,
2025-10-03T12:35:00.000000,2893.4,2895.85,2892.05,2895.1,819,TCS,NaN,2896.1573897458525,2898.058937760107,44.28149292808708,2924.4,20.475517440472963,,,,,
2025-10-03T12:40:00.000000,2895.1,2896.25,2894.4,2896.2,1995,TCS,NaN,2896.165911796682,2897.889943418279,44.405529339660816,2924.4,21.020949545477784,,,,,
2025-10-03T12:45:00.000000,2896.2,2896.2,2894.1,2895.9,1588,TCS,NaN,2896.1127294373455,2897.7090394711627,44.47192923254256,2924.4,21.601629690761452,,,,,
2025-10-03T12:50:00.000000,2895.9,2897.1,2894.2,2896.8,978,TCS,NaN,2896.2501835498765,2897.626399519239,44.70441865425086,2924.4,21.72933010503085,,,,,
2025-10-03T12:55:00.000000,2896.8,2899.75,2896.2,2899.0,576,TCS,NaN,2896.800146839901,2897.751272290217,45.31861481645482,2924.4,20.755747283419957,,,,,
2025-10-03T13:00:00.000000,2899.0,2899.9,2897.5,2897.8,731,TCS,NaN,2897.000117471921,2897.7557020820154,45.655974941891124,2924.4,19.793817475596402,,,,,
2025-10-03T13:05:00.000000,2899.3,2900.0,2899.3,2900.0,422,TCS,NaN,2897.6000939775367,2897.9597291654686,46.35713399924299,2924.4,18.859568314027463,,,,,
2025-10-03T13:10:00.000000,2900.0,2901.25,2899.35,2899.35,259,TCS,NaN,2897.950075182029,2898.086117423153,46.86420296227454,2924.4,17.545282543626918,,,,,
2025-10-03T13:15:00.000000,2899.35,2899.7,2896.35,2898.0,299,TCS,NaN,2897.960060145623,2898.078288566503,47.06021863188408,2924.4,17.32144421947499,,,,,
2025-10-03T13:20:00.000000,2898.0,2898.2,2896.6,2897.55,241,TCS,NaN,2897.8780481164986,2898.0302623331845,47.14995608862961,2924.4,17.1135943470482,,,,,
2025-10-03T13:25:00.000000,2897.55,2897.55,2895.0,2896.95,1314,TCS,NaN,2897.692438493199,2897.9320566665315,47.11095857254238,2924.4,17.433403387495705,,,,,
2025-10-03T13:30:00.000000,2896.95,2897.6,2895.5,2897.3,268,TCS,NaN,2897.613950794559,2897.874596969574,47.15808593838393,2924.4,17.705920268738954,,,,,
2025-10-03T13:35:00.000000,2897.3,2898.6,2896.05,2897.1,457,TCS,NaN,2897.5111606356472,2897.804179063249,47.15584290878192,2924.4,17.463885276483023,,,,,
2025-10-03T13:40:00.000000,2897.1,2899.1,2896.6,2898.2,1084,TCS,NaN,2897.6489285085177,2897.840162784772,47.432673794835495,2924.4,16.995298626981327,,,,,
2025-10-03T13:45:00.000000,2898.2,2898.2,2895.25,2896.0,271,TCS,NaN,2897.319142806814,2897.672875258884,47.17498245454652,2924.4,17.068621602825782,,,,,
2025-10-03T13:50:00.000000,2896.0,2897.1,2895.05,2896.75,404,TCS,NaN,2897.205314245451,2897.5889775080764,47.14005551857349,2924.4,17.210405553044293,,,,,
2025-10-03T13:55:00.000000,2896.75,2896.75,2895.55,2895.8,293,TCS,NaN,2896.924251396361,2897.4263431891604,46.89065665916513,2924.4,17.342062078247192,,,,,
2025-10-03T14:00:00.000000,2895.8,2897.5,2895.0,2896.6,1306,TCS,NaN,2896.8594011170885,2897.351221081055,46.88918172822894,2924.4,17.022990121591512,,,,,
2025-10-03T14:05:00.000000,2896.6,2897.0,2896.4,2896.4,74,TCS,NaN,2896.7675208936707,2897.2647464373226,46.83742878082105,2924.4,16.726709018982664,,,,,
2025-10-03T14:10:00.000000,2896.4,2896.4,2893.0,2894.45,1424,TCS,NaN,2896.3040167149366,2897.008860397566,46.322677953047204,2924.4,17.785623222428224,,,,,
2025-10-03T14:15:00.000000,2894.45,2896.6,2893.1,2896.5,4039,TCS,NaN,2896.3432133719493,2896.9626003614235,46.454676018861754,2924.4,18.64300885979071,,,,,
2025-10-03T14:20:00.000000,2896.5,2896.95,2895.0,2895.5,724,TCS,NaN,2896.1745706975594,2896.829636692203,46.331950809955025,2924.4,19.210838491660933,,,,,
2025-10-03T14:25:00.000000,2895.5,2897.2,2895.5,2897.0,268,TCS,NaN,2896.3396565580474,2896.8451242656392,46.63486593372466,2924.4,19.569992689575482,,,,,
2025-10-03T14:30:00.000000,2897.0,2898.05,2896.0,2896.2,357,TCS,NaN,2896.311725246438,2896.7864766051266,46.703596462815824,2924.4,19.33787848001932,,,,,
2025-10-03T14:35:00.000000,2896.2,2902.9,2896.2,2901.35,1192,TCS,NaN,2897.3193801971506,2897.201342368297,47.92836125566363,2924.4,19.12913601083617,,,,,
2025-10-03T14:40:00.000000,2901.35,2905.0,2901.35,2904.5,1949,TCS,NaN,2898.7555041577207,2897.8648566984516,49.54675979699318,2924.4,19.62789587360778,,,,,
2025-10-03T14:45:00.000000,2904.5,2905.0,2902.05,2903.25,1211,TCS,NaN,2899.6544033261766,2898.3544151804103,50.679675292444244,2924.4,20.09103003189571,,,,,
2025-10-03T14:50:00.000000,2903.25,2905.0,2901.5,2905.0,302,TCS,NaN,2900.7235226609414,2898.9585592549183,51.979215639734285,2924.4,20.21447723866212,,,,,
2025-10-03T14:55:00.000000,2905.0,2905.0,2902.4,2904.2,1363,TCS,NaN,2901.418818128753,2899.4350538681074,52.93752742710773,2924.4,20.329106787802356,,,,,
2025-10-03T15:00:00.000000,2904.2,2904.9,2901.65,2903.05,1203,TCS,NaN,2901.7450545030024,2899.763685334643,53.49678600716805,2924.4,19.991082499279145,,,,,
2025-10-03T15:05:00.000000,2903.05,2904.15,2901.25,2902.4,925,TCS,NaN,2901.8760436024018,2900.003350304221,53.830650933268636,2924.4,19.441864030018543,,,,,
2025-10-03T15:10:00.000000,2902.4,2902.55,2900.05,2900.25,885,TCS,NaN,2901.550834881921,2900.025773003837,53.5970515510482,2924.4,18.255503674845095,,,,,
2025-10-03T15:15:00.000000,2900.25,2903.7,2900.0,2900.9,4928,TCS,NaN,2901.420667905537,2900.105248185306,53.52983280015224,2924.4,17.709506823660803,,,,,
2025-10-03T15:20:00.000000,2900.9,2904.25,2900.05,2903.0,885,TCS,NaN,2901.7365343244296,2900.3684074411876,53.90741147804105,2924.4,17.455348864612777,,,,,
2025-10-03T15:25:00.000000,2903.0,2905.0,2901.65,2905.0,1068,TCS,NaN,2902.3892274595437,2900.7894613101707,54.617776061079205,2924.4,17.556346110026208,,,,,
2025-10-06T09:15:00.000000,2902.0,2923.05,2895.95,2917.35,12688,TCS,NaN,2905.3813819676348,2902.294964827428,56.64849578190101,2926.0,21.054857398866268,,,,,
2025-10-06T09:20:00.000000,2917.35,2920.0,2910.0,2914.55,4140,TCS,NaN,2907.215105574108,2903.4090589340253,57.875843547987074,2926.0,24.303475024217757,,,,,
2025-10-06T09:25:00.000000,2913.25,2923.9,2913.0,2923.9,3640,TCS,NaN,2910.552084459286,2905.2718717582047,59.66148779279139,2926.0,27.626802125742444,,,,,
2025-10-06T09:30:00.000000,2923.9,2926.0,2918.0,2919.1,4114,TCS,NaN,2912.261667567429,2906.528974325641,60.445201301758594,2926.0,30.857062381634503,,,,,
2025-10-06T09:35:00.000000,2919.1,2922.85,2915.35,2919.8,2623,TCS,NaN,2913.769334053943,2907.735431205128,61.208059434253535,2926.0,32.79443909933645,,,,,
2025-10-06T09:40:00.000000,2919.8,2933.7,2918.0,2933.5,4360,TCS,NaN,2917.7154672431543,2910.0776647319344,62.71074606736003,2926.0,35.41884215063032,,,,,
2025-10-06T09:45:00.000000,2933.0,2938.3,2932.7,2937.75,7811,TCS,NaN,2921.7223737945233,2912.593331574486,64.25193818808565,2926.0,38.09853070892747,,,,,
2025-10-06T09:50:00.000000,2937.75,2937.75,2931.2,2931.2,3462,TCS,NaN,2923.6178990356184,2914.2848468858965,64.73792959552236,2926.0,40.121149850471134,,,,,
2025-10-06T09:55:00.000000,2931.2,2940.0,2930.9,2940.0,2995,TCS,NaN,2926.8943192284946,2916.6225880780876,65.61216948462341,2926.0,42.13699679267624,,,,,
2025-10-06T10:00:00.000000,2940.0,2943.3,2937.9,2939.75,3699,TCS,NaN,2929.465455382796,2918.7250800709885,66.37122742303862,2926.0,44.19682427443018,,,,,
2025-10-06T10:05:00.000000,2939.75,2945.0,2937.0,2945.0,3880,TCS,NaN,2932.5723643062365,2921.113709155444,67.29200276252814,2926.0,46.20091900541788,,,,,
2025-10-06T10:10:00.000000,2945.0,2947.05,2942.55,2946.5,3850,TCS,NaN,2935.357891444989,2923.4215537776768,68.18857402488885,2926.0,48.16918077718625,,,,,
2025-10-06T10:15:00.000000,2946.35,2952.0,2945.6,2949.5,6198,TCS,NaN,2938.1863131559912,2925.79232161607,69.12518217775094,2926.0,50.228225192682316,,,,,
2025-10-06T10:20:00.000000,2949.5,2954.0,2947.7,2952.95,4188,TCS,NaN,2941.1390505247928,2928.2612014691545,70.10955132514596,2926.0,52.223945747593646,,,,,
2025-10-06T10:25:00.000000,2952.95,2952.95,2946.5,2948.9,2301,TCS,NaN,2942.6912404198342,2930.1374558810494,70.42195956744689,2926.0,53.671349104173906,,,,,
2025-10-06T10:30:00.000000,2948.9,2953.6,2948.3,2951.0,2919,TCS,NaN,2944.3529923358674,2932.034050800954,70.80831591480631,2926.0,55.05124936540489,,,,,
2025-10-06T10:35:00.000000,2951.0,2957.65,2950.45,2957.65,3694,TCS,NaN,2947.012393868694,2934.362773455413,71.45551899561717,2926.0,56.543164493338686,,,,,
2025-10-06T10:40:00.000000,2957.65,2957.65,2950.65,2953.0,1482,TCS,NaN,2948.2099150949552,2936.0570667776483,71.41708411551632,2926.0,57.9285142549915,,,,,
2025-10-06T10:45:00.000000,2953.0,2956.9,2950.05,2951.5,2495,TCS,NaN,2948.8679320759643,2937.460969797862,71.18949291754421,2926.0,58.98357280947136,,,,,
2025-10-06T10:50:00.000000,2951.5,2951.5,2945.95,2947.0,2956,TCS,NaN,2948.4943456607716,2938.3281543616927,70.42939789548569,2926.0,58.49156709919049,,,,,
2025-10-06T10:55:00.000000,2947.0,2951.0,2947.0,2947.0,1546,TCS,NaN,2948.1954765286173,2939.116503965175,69.74169287552799,2926.0,58.03470465392968,,,,,
2025-10-06T11:00:00.000000,2947.0,2954.25,2946.75,2950.55,1971,TCS,NaN,2948.666381222894,2940.1559126956136,69.37038024442334,2926.0,57.94867795254743,,,,,
2025-10-06T11:05:00.000000,2950.55,2952.35,2948.2,2949.05,799,TCS,NaN,2948.7431049783154,2940.964466086921,68.83656106308318,2926.0,57.86879601554962,,,,,
2025-10-06T11:10:00.000000,2949.05,2954.0,2948.75,2953.8,1100,TCS,NaN,2949.7544839826523,2942.131332806292,68.68885270980314,2926.0,57.96420318298437,,,,,
2025-10-06T11:15:00.000000,2953.8,2954.9,2951.35,2953.1,2204,TCS,NaN,2950.423587186122,2943.1284843693566,68.45790637062555,2926.0,58.14398646793227,,,,,
2025-10-06T11:20:00.000000,2953.1,2954.9,2950.25,2951.95,727,TCS,NaN,2950.7288697488975,2943.9304403357787,68.08384884317393,2926.0,57.85743798490169,,,,,
2025-10-06T11:25:00.000000,2951.95,2955.0,2949.0,2955.0,1439,TCS,NaN,2951.583095799118,2944.936763941617,67.98028882103777,2926.0,57.082956145758935,,,,,
2025-10-06T11:30:00.000000,2955.0,2960.0,2955.0,2959.15,3158,TCS,NaN,2953.0964766392945,2946.2288763105607,68.1772172142929,2926.0,56.991739375760396,,,,,
2025-10-06T11:35:00.000000,2959.15,2962.6,2956.6,2957.1,2288,TCS,NaN,2953.8971813114354,2947.2171602823278,68.04263371319432,2926.0,57.175406959994355,,,,,
2025-10-06T11:40:00.000000,2957.1,2960.3,2956.5,2959.95,878,TCS,NaN,2955.1077450491484,2948.3746911657527,68.12847045237108,2926.0,57.30596231850949,,,,,
2025-10-06T11:45:00.000000,2959.95,2960.4,2955.6,2957.0,2362,TCS,NaN,2955.4861960393187,2949.158810150684,67.7587908198223,2926.0,57.05363174633568,,,,,
2025-10-06T11:50:00.000000,2957.0,2957.4,2954.0,2955.0,804,TCS,NaN,2955.388956831455,2949.689827409713,67.13438093122942,2926.0,56.16863097523502,,,,,
2025-10-06T11:55:00.000000,2955.0,2957.0,2953.4,2956.15,2063,TCS,NaN,2955.541165465164,2950.2771158270116,66.67476808194175,2926.0,55.10540796627993,,,,,
2025-10-06T12:00:00.000000,2956.15,2961.0,2956.0,2958.9,3170,TCS,NaN,2956.212932372131,2951.0610143881922,66.50442355139197,2926.0,54.7206155091162,,,,,
2025-10-06T12:05:00.000000,2958.9,2961.95,2958.1,2961.95,1007,TCS,NaN,2957.360345897705,2952.050922171084,66.60284183333644,2926.0,54.49059237729722,,,,,
2025-10-06T12:10:00.000000,2961.95,2962.0,2958.9,2962.0,1495,TCS,NaN,2958.288276718164,2952.9553837918947,66.69600322537896,2926.0,54.28394432430737,,,,,
2025-10-06T12:15:00.000000,2962.0,2963.8,2961.3,2963.4,915,TCS,NaN,2959.3106213745314,2953.904894356268,66.89946405040112,2926.0,54.34138565108627,,,,,
2025-10-06T12:20:00.000000,2963.4,2964.4,2961.0,2962.35,1410,TCS,NaN,2959.9184970996253,2954.672631232971,66.88535803053865,2926.0,54.47567639792334,,,,,
2025-10-06T12:25:00.000000,2962.35,2962.35,2960.0,2960.0,814,TCS,NaN,2959.9347976797003,2955.156937484519,66.44081287378945,2926.0,54.116866020275914,,,,,
2025-10-06T12:30:00.000000,2960.0,2960.8,2957.55,2958.95,906,TCS,NaN,2959.73783814376,2955.5017613495625,65.85108072515574,2926.0,52.688455137624146,,,,,
2025-10-06T12:35:00.000000,2959.0,2962.0,2957.65,2961.4,1620,TCS,NaN,2960.0702705150084,2956.037964863239,65.59639929641551,2926.0,51.60366039987186,,,,,
2025-10-06T12:40:00.000000,2961.4,2961.4,2957.65,2961.3,2468,TCS,NaN,2960.3162164120067,2956.5163316938533,65.3465533290942,2926.0,50.596351000530454,,,,,
2025-10-06T12:45:00.000000,2961.5,2966.25,2959.7,2963.9,3147,TCS,NaN,2961.0329731296056,2957.1875742671396,65.4127762762367,2926.0,50.52689255327174,,,,,
2025-10-06T12:50:00.000000,2963.9,2965.4,2963.0,2964.15,1732,TCS,NaN,2961.6563785036847,2957.820522061036,65.50021271294142,2926.0,50.462395423674366,,,,,
2025-10-06T12:55:00.000000,2964.15,2969.0,2964.1,2966.0,1400,TCS,NaN,2962.525102802948,2958.5641109645785,65.78296267852322,2926.0,50.917365511781995,,,,,
2025-10-06T13:00:00.000000,2966.0,2969.7,2966.0,2968.2,731,TCS,NaN,2963.6600822423584,2959.4401008768896,66.26464764055888,2926.0,51.42953645456864,,,,,
2025-10-06T13:05:00.000000,2968.2,2969.0,2966.9,2969.0,644,TCS,NaN,2964.728065793887,2960.309182615354,66.77991486159347,2926.0,51.905123758584814,,,,,
2025-10-06T13:10:00.000000,2969.0,2969.6,2967.25,2969.55,1047,TCS,NaN,2965.6924526351095,2961.149256923049,67.30206913534161,2926.0,52.43088133196211,,,,,
2025-10-06T13:15:00.000000,2969.55,2969.9,2966.8,2967.1,1002,TCS,NaN,2965.9739621080876,2961.690233566408,67.15160865679535,2926.0,52.66657081418689,,,,,
2025-10-06T13:20:00.000000,2967.95,2969.8,2965.6,2967.55,3465,TCS,NaN,2966.28916968647,2962.2229396058256,67.07289370711312,2926.0,52.21884447092687,,,,,
2025-10-06T13:25:00.000000,2967.55,2969.0,2965.3,2969.0,1620,TCS,NaN,2966.831335749176,2962.839036005296,67.18615086233677,2926.0,51.63706754549777,,,,,
2025-10-06T13:30:00.000000,2969.0,2972.6,2969.0,2971.0,5549,TCS,NaN,2967.665068599341,2963.580941822996,67.52655252011968,2926.0,51.77695577137742,,,,,
2025-10-06T13:35:00.000000,2971.0,2972.6,2970.0,2970.5,1210,TCS,NaN,2968.232054879473,2964.2099471118145,67.6946794429187,2926.0,51.90685198112281,,,,,
2025-10-06T13:40:00.000000,2970.5,2975.0,2970.25,2972.95,1284,TCS,NaN,2969.175643903578,2965.0044973743766,68.1354576486299,2926.0,52.4130341543788,,,,,
2025-10-06T13:45:00.000000,2972.95,2974.65,2969.35,2970.5,4775,TCS,NaN,2969.4405151228625,2965.5040885221606,67.8724553599528,2926.0,52.37350105343507,,,,,
2025-10-06T13:50:00.000000,2970.5,2971.4,2964.6,2969.45,1926,TCS,NaN,2969.44241209829,2965.8628077474186,67.37012577244333,2926.0,50.132637682977375,,,,,
2025-10-06T13:55:00.000000,2969.45,2975.9,2968.55,2975.9,2222,TCS,NaN,2970.7339296786317,2966.7752797703806,67.69681303009921,2926.0,49.020787332706966,,,,,
2025-10-06T14:00:00.000000,2975.9,2978.7,2974.35,2976.0,1233,TCS,NaN,2971.7871437429053,2967.613890700346,68.0025326209101,2926.0,48.47064848723283,,,,,
2025-10-06T14:05:00.000000,2976.0,2978.25,2975.1,2977.7,921,TCS,NaN,2972.969714994324,2968.5308097275874,68.45261093317141,2926.0,47.959805273578276,,,,,
2025-10-06T14:10:00.000000,2977.7,2979.05,2975.25,2979.05,1526,TCS,NaN,2974.185771995459,2969.487099752352,68.99182484721992,2926.0,47.62403423747601,,,,,
2025-10-06T14:15:00.000000,2979.05,2979.4,2975.5,2977.2,1536,TCS,NaN,2974.788617596367,2970.1882725021383,68.98721614999847,2926.0,47.37441371128008,,,,,
2025-10-06T14:20:00.000000,2977.2,2978.7,2976.6,2978.0,829,TCS,NaN,2975.430894077094,2970.8984295473983,69.07612423821215,2926.0,47.14262322266957,,,,,
2025-10-06T14:25:00.000000,2978.0,2979.0,2972.2,2974.8,1552,TCS,NaN,2975.304715261675,2971.253117770362,68.361625193177,2926.0,45.04583905222862,,,,,
2025-10-06T14:30:00.000000,2974.8,2978.0,2972.0,2975.75,1150,TCS,NaN,2975.39377220934,2971.661925245784,67.84971203624455,2926.0,43.02422206167704,,,,,
2025-10-06T14:35:00.000000,2975.75,2981.0,2975.7,2980.8,3492,TCS,NaN,2976.4750177674723,2972.492659314349,67.9994428809808,2926.0,41.8921085230145,,,,,
2025-10-06T14:40:00.000000,2979.8,2983.95,2979.8,2982.4,1319,TCS,NaN,2977.660014213978,2973.393326649408,68.29800033447505,2926.0,41.45019585861072,,,,,
2025-10-06T14:45:00.000000,2982.4,2984.9,2981.35,2982.0,2007,TCS,NaN,2978.5280113711824,2974.175751499462,68.46749722316376,2926.0,41.219132191640774,,,,,
2025-10-06T14:50:00.000000,2982.0,2988.3,2981.3,2986.0,3333,TCS,NaN,2980.022409096946,2975.250683181329,69.01383147006342,2926.0,41.58175639593945,,,,,
2025-10-06T14:55:00.000000,2986.0,2986.0,2984.1,2986.0,954,TCS,NaN,2981.2179272775566,2976.227893801208,69.50813388392501,2926.0,41.918478871359646,,,,,
2025-10-06T15:00:00.000000,2985.9,2992.0,2984.55,2990.0,4026,TCS,NaN,2982.974341822045,2977.479903455644,70.29409862617169,2926.0,43.04113183131544,,,,,
2025-10-06T15:05:00.000000,2990.0,2991.95,2988.75,2990.2,1279,TCS,NaN,2984.419473457636,2978.6362758687674,71.02081857165597,2926.0,44.083595294131534,,,,,
2025-10-06T15:10:00.000000,2990.8,2991.7,2988.3,2991.4,2400,TCS,NaN,2985.8155787661085,2979.7966144261522,71.7738912207675,2926.0,44.84852574559975,,,,,
2025-10-06T15:15:00.000000,2991.4,2991.4,2984.0,2986.0,6543,TCS,NaN,2985.852463012887,2980.3605585692294,71.0983143402622,2926.0,43.82800864809321,,,,,
2025-10-06T15:20:00.000000,2986.65,2987.9,2982.1,2986.95,2305,TCS,NaN,2986.0719704103094,2980.9595986992995,70.59831577491522,2926.0,42.233867065949326,,,,,
2025-10-06T15:25:00.000000,2986.95,2989.85,2985.0,2988.8,2185,TCS,NaN,2986.6175763282477,2981.6723624539086,70.3568763599809,2926.0,41.15260176484288,,,,,
2025-10-07T09:15:00.000000,2997.0,3004.5,2967.7,2985.3,8636,TCS,NaN,2986.3540610625982,2982.0021476853713,69.38187243899226,3004.5,39.952157945095884,,,,,
2025-10-07T09:20:00.000000,2985.0,2991.3,2971.75,2975.0,1927,TCS,NaN,2984.0832488500787,2981.365588804883,66.95371573206243,3004.5,38.83746011247367,,,,,
2025-10-07T09:25:00.000000,2973.65,2977.85,2966.7,2971.25,3125,TCS,NaN,2981.516599080063,2980.445989822621,64.35668146074403,3004.5,38.453615480628784,,,,,
2025-10-07T09:30:00.000000,2971.25,2972.25,2960.15,2964.5,1993,TCS,NaN,2978.11327926405,2978.996354384201,61.41538621279693,3004.5,38.781940048564174,,,,,
2025-10-07T09:35:00.000000,2964.5,2965.0,2956.75,2964.25,3150,TCS,NaN,2975.34062341124,2977.6557767129098,58.73443482665224,3004.5,39.39002534591633,,,,,
2025-10-07T09:40:00.000000,2964.25,2969.2,2963.0,2968.1,2055,TCS,NaN,2973.892498728992,2976.787069739009,56.9017920387161,3004.5,39.00552127396252,,,,,
2025-10-07T09:45:00.000000,2968.1,2968.1,2964.0,2966.3,1636,TCS,NaN,2972.373998983194,2975.8336997627353,55.07493255238175,3004.5,38.648481778576844,,,,,
2025-10-07T09:50:00.000000,2966.3,2976.1,2966.3,2973.15,2996,TCS,NaN,2972.529199186555,2975.589727057032,54.343342569495206,3004.5,36.72634268452837,,,,,
2025-10-07T09:55:00.000000,2973.15,2974.0,2969.0,2969.0,1178,TCS,NaN,2971.823359349244,2974.9906609609384,53.266110007236385,3004.5,34.94149924005478,,,,,
2025-10-07T10:00:00.000000,2969.0,2970.45,2965.75,2970.25,526,TCS,NaN,2971.508687479395,2974.559691782671,52.44871209924026,3004.5,33.74189760699284,,,,,
2025-10-07T10:05:00.000000,2970.25,2970.65,2963.8,2967.2,2073,TCS,NaN,2970.646949983516,2973.890628893337,51.40801079153396,3004.5,32.889992014796455,,,,,
2025-10-07T10:10:00.000000,2967.2,2968.25,2961.0,2962.3,464,TCS,NaN,2968.977559986813,2972.8369353575795,50.03507522450365,3004.5,32.460859357073666,,,,,
2025-10-07T10:15:00.000000,2962.3,2963.85,2958.25,2961.7,965,TCS,NaN,2967.5220479894506,2971.8244866887085,48.74293750009077,3004.5,32.39740858223284,,,,,
2025-10-07T10:20:00.000000,2961.7,2962.1,2959.0,2959.35,1056,TCS,NaN,2965.8876383915604,2970.6904424442805,47.37785216421128,3004.5,32.33849000559494,,,,,
2025-10-07T10:25:00.000000,2959.35,2966.7,2959.35,2964.4,957,TCS,NaN,2965.590110713248,2970.118584040255,46.86438813237333,3004.5,31.243666562051338,,,,,
2025-10-07T10:30:00.000000,2964.4,2969.8,2963.0,2966.35,998,TCS,NaN,2965.7420885705983,2969.775985491141,46.65307229901359,3004.5,29.60563593107233,,,,,
2025-10-07T10:35:00.000000,2966.35,2971.45,2964.15,2971.45,684,TCS,NaN,2966.8836708564786,2969.92816862831,47.064656841507755,3004.5,27.768375045957008,,,,,
2025-10-07T10:40:00.000000,2971.45,2971.45,2967.4,2968.0,717,TCS,NaN,2967.106936685183,2969.752880571191,47.06375487738392,3004.5,26.062347081207065,,,,,
2025-10-07T10:45:00.000000,2968.0,2968.5,2965.2,2965.2,790,TCS,NaN,2966.725549348146,2969.3389823374464,46.780728768787,3004.5,24.886327234021255,,,,,
2025-10-07T10:50:00.000000,2965.2,2965.7,2963.0,2965.7,1255,TCS,NaN,2966.520439478517,2969.008165761315,46.588367576550816,3004.5,24.182847559550634,,,,,
2025-10-07T10:55:00.000000,2965.7,2967.95,2964.8,2965.0,790,TCS,NaN,2966.2163515828133,2968.643787055741,46.33878581907604,3004.5,23.018907957068276,,,,,
2025-10-07T11:00:00.000000,2965.0,2966.15,2963.8,2964.0,401,TCS,NaN,2965.7730812662508,2968.221624596128,46.0018462707047,3004.5,22.128180546949473,,,,,
2025-10-07T11:05:00.000000,2964.0,2964.95,2961.5,2964.65,1179,TCS,NaN,2965.5484650130006,2967.8969314510255,45.79634906385526,3004.5,21.72774300166568,,,,,
2025-10-07T11:10:00.000000,2964.65,2964.65,2960.2,2962.4,1410,TCS,NaN,2964.9187720104005,2967.397210410023,45.34460153370406,3004.5,21.58880864303965,,,,,
2025-10-07T11:15:00.000000,2962.4,2964.95,2961.35,2963.45,984,TCS,NaN,2964.6250176083204,2967.038373100021,45.1099199323215,3004.5,21.377543638511884,,,,,
2025-10-07T11:20:00.000000,2963.45,2963.45,2960.05,2961.75,744,TCS,NaN,2964.050014086656,2966.55761190911,44.688161309854095,3004.5,21.430926826776044,,,,,
2025-10-07T11:25:00.000000,2961.75,2965.9,2960.05,2965.6,890,TCS,NaN,2964.360011269325,2966.470556281009,44.93460157729258,3004.5,20.781240464306908,,,,,
2025-10-07T11:30:00.000000,2965.6,2970.0,2965.6,2966.4,1338,TCS,NaN,2964.76800901546,2966.464142073645,45.27945438460022,3004.5,19.42862984417825,,,,,
2025-10-07T11:35:00.000000,2966.4,2969.35,2962.15,2963.95,899,TCS,NaN,2964.6044072123677,2966.2355837033133,45.24870623935576,3004.5,18.655820532422826,,,,,
2025-10-07T11:40:00.000000,2963.95,2965.15,2962.4,2962.4,877,TCS,NaN,2964.163525769894,2965.8868942757395,45.015062354079255,3004.5,17.93821188579279,,,,,
2025-10-07T11:45:00.000000,2962.4,2964.6,2962.1,2962.7,267,TCS,NaN,2963.8708206159154,2965.5971766143084,44.85771803226426,3004.5,17.338744134140022,,,,,
2025-10-07T11:50:00.000000,2962.7,2965.25,2961.1,2963.0,296,TCS,NaN,2963.6966564927325,2965.361069649371,44.77237757011267,3004.5,17.01129889048056,,,,,
2025-10-07T11:55:00.000000,2963.0,2965.6,2963.0,2965.2,489,TCS,NaN,2963.997325194186,2965.3464269539736,45.10637738367268,3004.5,16.60097283305631,,,,,
2025-10-07T12:00:00.000000,2965.2,2965.9,2963.0,2964.85,911,TCS,NaN,2964.167860155349,2965.301297230885,45.34866074237335,3004.5,16.124319797212358,,,,,
2025-10-07T12:05:00.000000,2964.85,2966.7,2963.15,2963.15,410,TCS,NaN,2963.9642881242794,2965.1057247553504,45.27832540881091,3004.5,15.41943497108702,,,,,
2025-10-07T12:10:00.000000,2963.15,2964.75,2960.5,2961.65,509,TCS,NaN,2963.5014304994233,2964.7915679594093,44.97183394417528,3004.5,15.47783064473886,,,,,
2025-10-07T12:15:00.000000,2961.65,2961.75,2957.5,2958.0,1794,TCS,NaN,2962.4011443995387,2964.174152690372,44.17267579041267,3004.5,16.219460541445347,,,,,
2025-10-07T12:20:00.000000,2958.0,2958.0,2955.5,2955.5,4975,TCS,NaN,2961.0209155196308,2963.3855933548834,43.14419540074458,3004.5,17.311651055588865,,,,,
2025-10-07T12:25:00.000000,2955.5,2959.4,2955.5,2959.2,548,TCS,NaN,2960.6567324157045,2963.0050848680758,42.991617846111886,3004.5,17.815538942307384,,,,,
2025-10-07T12:30:00.000000,2959.2,2960.6,2957.55,2958.15,474,TCS,NaN,2960.1553859325636,2962.5637135164325,42.710684435430046,3004.5,17.859257147201852,,,,,
2025-10-07T12:35:00.000000,2958.15,2961.0,2958.15,2961.0,405,TCS,NaN,2960.324308746051,2962.4215577422115,43.00177108577693,3004.5,17.757298092265614,,,,,
2025-10-07T12:40:00.000000,2961.0,2976.0,2960.0,2974.0,2376,TCS,NaN,2963.059446996841,2963.47414340201,44.91430118726377,3004.5,18.68311967852563,,,,,
2025-10-07T12:45:00.000000,2974.0,2976.0,2968.95,2974.3,1889,TCS,NaN,2965.3075575974726,2964.458312183646,46.67236479068455,3004.5,19.542811151481366,,,,,
2025-10-07T12:50:00.000000,2974.3,2980.2,2972.5,2976.2,912,TCS,NaN,2967.4860460779782,2965.5257383487688,48.44074935645565,3004.5,20.916236602482762,,,,,
2025-10-07T12:55:00.000000,2976.2,2976.2,2971.5,2972.9,520,TCS,NaN,2968.568836862383,2966.196125771608,49.500017466749725,3004.5,21.904720779639266,,,,,
2025-10-07T13:00:00.000000,2972.9,2975.0,2972.15,2972.15,495,TCS,NaN,2969.285069489906,2966.737387065098,50.340100119979056,3004.5,22.82259894414174,,,,,
2025-10-07T13:05:00.000000,2972.15,2974.65,2972.15,2973.0,265,TCS,NaN,2970.028055591925,2967.3067155137255,51.19870359499985,3004.5,23.674914382608314,,,,,
2025-10-07T13:10:00.000000,2973.0,2975.0,2972.0,2973.1,748,TCS,NaN,2970.64244447354,2967.8333777397506,51.98767056288563,3004.5,24.524567272126767,,,,,
2025-10-07T13:15:00.000000,2972.45,2975.25,2971.55,2973.35,784,TCS,NaN,2971.183955578832,2968.3348888543187,52.73379463083409,3004.5,25.14888551601543,,,,,
2025-10-07T13:20:00.000000,2973.35,2973.35,2970.5,2972.45,716,TCS,NaN,2971.4371644630655,2968.7089898675627,53.22979856879834,3004.5,25.338583794138362,,,,,
2025-10-07T13:25:00.000000,2972.45,2973.9,2972.45,2973.6,158,TCS,NaN,2971.8697315704526,2969.1536271523296,53.84461529758902,3004.5,25.631230776411893,,,,,
2025-10-07T13:30:00.000000,2973.6,2973.75,2971.6,2972.75,256,TCS,NaN,2972.0457852563623,2969.4805701384817,54.2192988519522,3004.5,25.567949890043053,,,,,
2025-10-07T13:35:00.000000,2972.75,2974.95,2971.35,2972.2,770,TCS,NaN,2972.07662820509,2969.7277910349835,54.438476987641096,3004.5,25.789869756564965,,,,,
2025-10-07T13:40:00.000000,2972.2,2975.4,2972.2,2973.25,391,TCS,NaN,2972.311302564072,2970.047991849985,54.81421622723614,3004.5,26.101152501898266,,,,,
2025-10-07T13:45:00.000000,2973.25,2975.0,2973.25,2974.6,629,TCS,NaN,2972.7690420512577,2970.4618107727138,55.37615281812845,3004.5,26.390200765422044,,,,,
2025-10-07T13:50:00.000000,2974.6,2975.2,2973.0,2974.15,427,TCS,NaN,2973.0452336410062,2970.797100702467,55.7706080673693,3004.5,26.536528215952853,,,,,
2025-10-07T13:55:00.000000,2974.15,2974.8,2971.7,2973.7,957,TCS,NaN,2973.176186912805,2971.0610006386064,56.00968555201599,3004.5,26.043975918610812,,,,,
2025-10-07T14:00:00.000000,2973.7,2977.8,2973.0,2976.2,741,TCS,NaN,2973.780949530244,2971.528182398733,56.66541670910477,3004.5,26.42160151561052,,,,,
2025-10-07T14:05:00.000000,2976.2,2983.95,2976.2,2983.8,812,TCS,NaN,2975.7847596241954,2972.643802180666,58.19807467497923,3004.5,27.964581521673345,,,,,
2025-10-07T14:10:00.000000,2983.8,2983.8,2977.25,2982.95,844,TCS,NaN,2977.2178076993564,2973.5807292551513,59.36978832580744,3004.5,29.397348670160255,,,,,
2025-10-07T14:15:00.000000,2982.95,2988.6,2981.35,2988.15,3672,TCS,NaN,2979.404246159485,2974.905208413774,60.90668797657572,3004.5,31.397357725996624,,,,,
2025-10-07T14:20:00.000000,2988.15,2988.15,2982.35,2985.4,1818,TCS,NaN,2980.603396927588,2975.859280376158,61.663429298949296,3004.5,33.2545089921304,,,,,
2025-10-07T14:25:00.000000,2985.4,2985.4,2975.0,2976.0,1803,TCS,NaN,2979.6827175420703,2975.8720730692344,60.741808422387145,3004.5,32.25165911882657,,,,,
2025-10-07T14:30:00.000000,2976.0,2980.0,2976.0,2979.95,471,TCS,NaN,2979.7361740336564,2976.242793699304,60.3642775969132,3004.5,31.320441379330166,,,,,
2025-10-07T14:35:00.000000,2979.95,2982.9,2977.85,2981.0,625,TCS,NaN,2979.988939226925,2976.675266999367,60.13703041406734,3004.5,31.032291509935906,,,,,
2025-10-07T14:40:00.000000,2981.0,2981.0,2976.0,2976.05,549,TCS,NaN,2979.20115138154,2976.618424544879,59.249049823553634,3004.5,30.180722587473888,,,,,
2025-10-07T14:45:00.000000,2976.05,2978.75,2976.0,2978.3,197,TCS,NaN,2979.020921105232,2976.771295040799,58.71285410418999,3004.5,29.3899800166163,,,,,
2025-10-07T14:50:00.000000,2978.3,2979.2,2974.05,2975.5,439,TCS,NaN,2978.3167368841855,2976.655722764363,57.86506510592691,3004.5,28.036300069880202,,,,,
2025-10-07T14:55:00.000000,2975.5,2976.4,2972.0,2975.0,921,TCS,NaN,2977.6533895073485,2976.505202513057,57.03410159339911,3004.5,26.178606965405795,,,,,
2025-10-07T15:00:00.000000,2975.0,2979.1,2970.05,2978.55,1004,TCS,NaN,2977.832711605879,2976.691093193688,56.7346775397991,3004.5,25.135773542270822,,,,,
2025-10-07T15:05:00.000000,2978.6,2978.6,2972.0,2972.0,1004,TCS,NaN,2976.6661692847033,2976.26463017608,55.660388672812374,3004.5,24.16742822078835,,,,,
2025-10-07T15:10:00.000000,2972.0,2973.45,2970.1,2971.7,894,TCS,NaN,2975.6729354277627,2975.8496637964363,54.65524535603938,3004.5,22.68091336719644,,,,,
2025-10-07T15:15:00.000000,2971.7,2976.15,2970.1,2973.55,990,TCS,NaN,2975.24834834221,2975.6406034513057,53.99895783850562,3004.5,22.00020267020087,,,,,
2025-10-07T15:20:00.000000,2973.55,2975.0,2971.9,2972.05,1133,TCS,NaN,2974.6086786737683,2975.3141849557323,53.2206546702309,3004.5,21.36811416584784,,,,,
2025-10-07T15:25:00.000000,2972.05,2977.85,2972.05,2975.0,1445,TCS,NaN,2974.6869429390144,2975.2856226870294,52.924649466209445,3004.5,21.46589468459149,,,,,
2025-10-08T09:15:00.000000,2973.85,3010.6,2969.0,3010.1,8601,TCS,NaN,2981.7695543512114,2978.450566079118,55.048615479979006,3032.05,24.74286328585195,,,,,
2025-10-08T09:20:00.000000,3010.1,3013.85,3006.5,3011.9,14199,TCS,NaN,2987.795643480969,2981.491423708289,57.03411980853576,3032.05,27.92132010328098,,,,,
2025-10-08T09:25:00.000000,3011.9,3022.0,3005.0,3022.0,9442,TCS,NaN,2994.636514784775,2985.17402155299,59.153034227765026,3032.05,31.170780340871623,,,,,
2025-10-08T09:30:00.000000,3022.0,3032.05,3019.1,3022.6,20354,TCS,NaN,3000.22921182782,2988.576383229991,61.08772315198016,3032.05,34.47801409979873,,,,,
2025-10-08T09:35:00.000000,3022.6,3030.0,3021.55,3024.25,20129,TCS,NaN,3005.033369462256,2991.8194392999917,62.88841799732832,3032.05,37.54901687594532,,,,,
2025-10-08T09:40:00.000000,3024.25,3035.5,3023.85,3034.95,15182,TCS,NaN,3011.0166955698046,2995.740399363629,64.80756431033431,3032.05,40.542792072827964,,,,,
2025-10-08T09:45:00.000000,3034.95,3042.0,3029.1,3033.9,20544,TCS,NaN,3015.5933564558436,2999.2094539669356,66.41875766914838,3032.05,43.470975458650365,,,,,
2025-10-08T09:50:00.000000,3032.5,3039.85,3029.05,3037.3,5313,TCS,NaN,3019.934685164675,3002.672230879032,67.96754502479727,3032.05,46.17915673850503,,,,,
2025-10-08T09:55:00.000000,3037.3,3038.0,3031.2,3032.9,3508,TCS,NaN,3022.5277481317403,3005.420209890029,68.83378825272332,3032.05,48.69389649837007,,,,,
2025-10-08T10:00:00.000000,3032.9,3034.95,3030.25,3032.0,2260,TCS,NaN,3024.4221985053923,3007.836554445481,69.50930159694124,3032.05,50.79453332618067,,,,,
2025-10-08T10:05:00.000000,3032.0,3034.1,3028.0,3030.0,3471,TCS,NaN,3025.537758804314,3009.8514131322554,69.8739857340496,3032.05,52.1837966690404,,,,,
2025-10-08T10:10:00.000000,3030.0,3034.1,3027.15,3031.0,6108,TCS,NaN,3026.6302070434513,3011.774011938414,70.24970513626462,3032.05,53.25938365228211,,,,,
2025-10-08T10:15:00.000000,3031.0,3032.0,3025.9,3028.35,3105,TCS,NaN,3026.974165634761,3013.2809199440126,70.24570107419716,3032.05,53.933580458082716,,,,,
2025-10-08T10:20:00.000000,3028.35,3028.35,3014.05,3017.3,16187,TCS,NaN,3025.039332507809,3013.6462908581934,69.03772997279007,3032.05,52.03608886072744,,,,,
2025-10-08T10:25:00.000000,3017.7,3026.9,3016.9,3024.15,6175,TCS,NaN,3024.861466006247,3014.6011735074485,68.37863629030215,3032.05,50.274132377468966,,,,,
2025-10-08T10:30:00.000000,3024.15,3029.7,3021.3,3029.4,2286,TCS,NaN,3025.7691728049977,3015.946521370408,68.07594032835432,3032.05,48.92940705823671,,,,,
2025-10-08T10:35:00.000000,3029.4,3030.0,3024.85,3029.5,1646,TCS,NaN,3026.515338243998,3017.17865579128,67.80759625717442,3032.05,47.712261404310944,,,,,
2025-10-08T10:40:00.000000,3029.5,3029.5,3024.1,3025.0,1052,TCS,NaN,3026.2122705951983,3017.8896870829817,67.10034083914502,3032.05,46.421529008056275,,,,,
2025-10-08T10:45:00.000000,3025.0,3025.0,3022.1,3023.95,2100,TCS,NaN,3025.7598164761584,3018.4406246208923,66.35444339132168,3032.05,44.79098996445674,,,,,
2025-10-08T10:50:00.000000,3023.95,3025.0,3017.9,3017.9,1587,TCS,NaN,3024.1878531809266,3018.391476928084,65.1002311614822,3032.05,42.43439738425851,,,,,
2025-10-08T10:55:00.000000,3017.9,3024.4,3017.9,3018.6,3342,TCS,NaN,3023.070282544741,3018.4104335709853,64.02176806137952,3032.05,40.24613284550303,,,,,
2025-10-08T11:00:00.000000,3018.6,3027.65,3018.6,3026.1,7388,TCS,NaN,3023.6762260357928,3019.1094850645322,63.60586145227736,3032.05,38.71119172759437,,,,,
2025-10-08T11:05:00.000000,3026.1,3027.0,3022.05,3025.4,896,TCS,NaN,3024.020980828634,3019.681350058666,63.15785914416539,3032.05,37.2858892609649,,,,,
2025-10-08T11:10:00.000000,3025.4,3025.4,3020.4,3021.9,2395,TCS,NaN,3023.5967846629073,3019.8830455078783,62.39554846858374,3032.05,35.58585691117976,,,,,
2025-10-08T11:15:00.000000,3021.9,3023.3,3019.1,3023.3,1231,TCS,NaN,3023.537427730326,3020.193677734435,61.81979472099805,3032.05,33.71303252281101,,,,,
2025-10-08T11:20:00.000000,3023.3,3023.3,3018.55,3021.9,1874,TCS,NaN,3023.209942184261,3020.3487979403953,61.148980008750456,3032.05,31.84689446215929,,,,,
2025-10-08T11:25:00.000000,3021.9,3026.15,3021.6,3021.9,1937,TCS,NaN,3022.9479537474085,3020.4898163094504,60.54205241195501,3032.05,30.663437853465037,,,,,
2025-10-08T11:30:00.000000,3021.8,3025.0,3020.0,3023.5,1862,TCS,NaN,3023.058362997927,3020.7634693722275,60.14668336366792,3032.05,29.170027707075697,,,,,
2025-10-08T11:35:00.000000,3023.5,3025.65,3023.5,3025.5,217,TCS,NaN,3023.5466903983415,3021.1940630656613,59.97940696943006,3032.05,27.915624069204927,,,,,
2025-10-08T11:40:00.000000,3025.65,3025.65,3021.35,3022.85,492,TCS,NaN,3023.407352318673,3021.344602786965,59.486560450817784,3032.05,26.207561122615626,,,,,
2025-10-08T11:45:00.000000,3022.85,3025.0,3020.5,3025.0,1740,TCS,NaN,3023.7258818549385,3021.6769116245137,59.25984391007904,3032.05,24.4120435114529,,,,,
2025-10-08T11:50:00.000000,3025.0,3030.0,3024.35,3026.8,3178,TCS,NaN,3024.340705483951,3022.142646931376,59.23404793120212,3032.05,23.81566731402963,,,,,
2025-10-08T11:55:00.000000,3026.8,3030.4,3025.5,3028.2,1543,TCS,NaN,3025.1125643871605,3022.69331539216,59.349228511046825,3032.05,23.33915996109557,,,,,
2025-10-08T12:00:00.000000,3028.2,3030.5,3027.4,3029.0,10196,TCS,NaN,3025.8900515097284,3023.266650356509,59.53390322653153,3032.05,22.917153328863467,,,,,
2025-10-08T12:05:00.000000,3029.0,3030.0,3028.0,3029.0,8996,TCS,NaN,3026.5120412077827,3023.787863960463,59.70098987387483,3032.05,22.525290027505086,,,,,
2025-10-08T12:10:00.000000,3029.0,3031.75,3028.0,3029.8,10221,TCS,NaN,3027.1696329662263,3024.334421782239,59.941281689964285,3032.05,22.54818169986316,,,,,
2025-10-08T12:15:00.000000,3029.8,3030.1,3025.35,3025.7,983,TCS,NaN,3026.875706372981,3024.458565256581,59.46114136210632,3032.05,21.721707719675756,,,,,
2025-10-08T12:20:00.000000,3025.7,3026.75,3020.0,3020.0,1806,TCS,NaN,3025.500565098385,3024.0532411423465,58.24335406890488,3032.05,20.76206048615912,,,,,
2025-10-08T12:25:00.000000,3020.0,3026.15,3018.05,3024.65,651,TCS,NaN,3025.330452078708,3024.1074919475877,57.73228251024202,3032.05,20.28884651882065,,,,,
2025-10-08T12:30:00.000000,3024.65,3024.65,3018.0,3019.5,1023,TCS,NaN,3024.1643616629663,3023.6886290432617,56.65634645022743,3032.05,19.860217746020204,,,,,
2025-10-08T12:35:00.000000,3019.5,3022.85,3018.1,3019.5,544,TCS,NaN,3023.231489330373,3023.307844584783,55.682880491166614,3032.05,19.462205314134074,,,,,
2025-10-08T12:40:00.000000,3020.9,3023.45,3019.55,3022.6,780,TCS,NaN,3023.105191464298,3023.2434950770757,55.20200437387821,3032.05,18.8976227935983,,,,,
2025-10-08T12:45:00.000000,3022.6,3025.5,3022.6,3025.5,677,TCS,NaN,3023.5841531714386,3023.4486318882505,55.11102990074408,3032.05,17.729590784958443,,,,,
2025-10-08T12:50:00.000000,3025.5,3026.0,3022.15,3024.0,422,TCS,NaN,3023.667322537151,3023.498756262046,54.82634481782399,3032.05,16.492783979517302,,,,,
2025-10-08T12:55:00.000000,3024.0,3025.7,3021.0,3025.6,980,TCS,NaN,3024.0538580297207,3023.689778420042,54.76511694451673,3032.05,15.692519979517712,,,,,
2025-10-08T13:00:00.000000,3025.6,3025.6,3017.0,3022.5,2517,TCS,NaN,3023.7430864237767,3023.5816167454927,54.28430899774783,3032.05,15.997657993685241,,,,,
2025-10-08T13:05:00.000000,3022.5,3027.25,3022.0,3026.25,780,TCS,NaN,3024.2444691390215,3023.824197041357,54.31372009255333,3032.05,15.729161754537946,,,,,
2025-10-08T13:10:00.000000,3026.25,3026.25,3024.55,3024.75,51061,TCS,NaN,3024.345575311217,3023.908360946688,54.131832024098514,3032.05,15.479843818186888,,,,,
2025-10-08T13:15:00.000000,3025.7,3037.95,3022.3,3036.2,4913,TCS,NaN,3026.716460248974,3025.025782678807,55.09108807924381,3032.05,16.275770682444904,,,,,
2025-10-08T13:20:00.000000,3036.2,3038.0,3030.55,3032.35,3394,TCS,NaN,3027.843168199179,3025.691620617097,55.455264041622094,3032.05,17.02318412051549,,,,,
2025-10-08T13:25:00.000000,3032.35,3033.8,3030.25,3031.8,448,TCS,NaN,3028.6345345593436,3026.246927833725,55.71453485036006,3032.05,17.62509533849045,,,,,
2025-10-08T13:30:00.000000,3031.8,3032.0,3028.6,3030.0,1075,TCS,NaN,3028.907627647475,3026.588116212477,55.715040637419584,3032.05,17.674655770621115,,,,,
2025-10-08T13:35:00.000000,3030.0,3031.5,3029.05,3029.85,964,TCS,NaN,3029.0961021179796,3026.8846511022516,55.695455169128756,3032.05,17.720676171885305,,,,,
2025-10-08T13:40:00.000000,3029.85,3032.15,3028.9,3030.75,721,TCS,NaN,3029.4268816943836,3027.2360464565922,55.77868054182976,3032.05,17.911094687733172,,,,,
2025-10-08T13:45:00.000000,3030.75,3031.45,3026.55,3028.95,685,TCS,NaN,3029.331505355507,3027.391860415084,55.59102390825801,3032.05,17.316456570075214,,,,,
2025-10-08T13:50:00.000000,3028.95,3029.9,3025.1,3027.15,735,TCS,NaN,3028.8952042844057,3027.369873104622,55.165329066185116,3032.05,16.323914365845614,,,,,
2025-10-08T13:55:00.000000,3027.15,3029.0,3025.2,3027.9,530,TCS,NaN,3028.6961634275244,3027.4180664587475,54.88220193772524,3032.05,15.402268033346699,,,,,
2025-10-08T14:00:00.000000,3027.9,3030.3,3024.0,3024.05,1753,TCS,NaN,3027.7669307420197,3027.1118785988615,54.088868753695444,3032.05,14.927701969604632,,,,,
2025-10-08T14:05:00.000000,3024.05,3028.2,3022.8,3024.25,2925,TCS,NaN,3027.063544593616,3026.8517078171467,53.40168045608689,3032.05,14.08247361064771,,,,,
2025-10-08T14:10:00.000000,3024.25,3026.45,3021.5,3023.25,905,TCS,NaN,3026.300835674893,3026.52427983377,52.64001504424062,3032.05,13.277327261493202,,,,,
2025-10-08T14:15:00.000000,3023.25,3026.0,3020.3,3025.0,2340,TCS,NaN,3026.0406685399143,3026.3857089397907,52.24090486184217,3032.05,12.903667551343002,,,,,
2025-10-08T14:20:00.000000,3025.0,3029.6,3023.4,3028.9,2100,TCS,NaN,3026.6125348319315,3026.614280854355,52.45942956588446,3032.05,12.551332558045507,,,,,
2025-10-08T14:25:00.000000,3028.9,3029.5,3025.5,3027.0,1006,TCS,NaN,3026.6900278655453,3026.649346231232,52.354196801796625,3032.05,12.22416434998355,,,,,
2025-10-08T14:30:00.000000,3027.0,3027.65,3022.85,3023.95,1528,TCS,NaN,3026.142022292436,3026.403951119302,51.81099080042988,3032.05,11.64804233125216,,,,,
2025-10-08T14:35:00.000000,3023.95,3028.85,3023.95,3028.75,1177,TCS,NaN,3026.663617833949,3026.6172282902744,52.00229461207197,3032.05,10.90542399509248,,,,,
2025-10-08T14:40:00.000000,3028.75,3029.0,3023.95,3026.3,1454,TCS,NaN,3026.5908942671595,3026.588389354795,51.82280645727979,3032.05,10.264823398887689,,,,,
2025-10-08T14:45:00.000000,3026.3,3028.55,3022.8,3025.0,3691,TCS,NaN,3026.2727154137274,3026.4439903225407,51.47989596658395,3032.05,9.788034367998991,,,,,
2025-10-08T14:50:00.000000,3025.0,3028.0,3022.05,3028.0,3907,TCS,NaN,3026.618172330982,3026.5854457477644,51.59330480695729,3032.05,9.597913631837551,,,,,
2025-10-08T14:55:00.000000,3028.0,3028.0,3024.35,3024.35,24056,TCS,NaN,3026.1645378647854,3026.3822234070585,51.18836893986264,3032.05,9.421372948259068,,,,,
2025-10-08T15:00:00.000000,3025.3,3026.9,3022.45,3024.4,1531,TCS,NaN,3025.8116302918284,3026.202021279144,50.82947298230206,3032.05,9.902848646915047,,,,,
2025-10-08T15:05:00.000000,3024.4,3026.55,3024.0,3024.4,1355,TCS,NaN,3025.529304233463,3026.038201162858,50.50475759212819,3032.05,10.349933224238457,,,,,
2025-10-08T15:10:00.000000,3024.4,3025.85,3024.4,3025.5,1549,TCS,NaN,3025.5234433867704,3025.9892737844166,50.39441956276098,3032.05,10.76508318889591,,,,,
2025-10-08T15:15:00.000000,3025.5,3026.0,3024.0,3026.0,2607,TCS,NaN,3025.6187547094164,3025.990248894924,50.37957770394014,3032.05,11.299952413111411,,,,,
2025-10-08T15:20:00.000000,3026.0,3026.0,3023.8,3024.6,2173,TCS,NaN,3025.415003767533,3025.8638626317493,50.12480017083885,3032.05,11.87400258267078,,,,,
2025-10-08T15:25:00.000000,3024.6,3034.0,3024.6,3034.0,6338,TCS,NaN,3027.1320030140264,3026.6035114834085,51.225380151654925,3032.05,12.74251610850807,,,,,
2025-10-09T09:15:00.000000,3035.0,3049.7,3020.15,3026.25,5899,TCS,NaN,3026.955602411221,3026.571374075826,51.094519597842336,3049.7,15.90622031814234,,,,,
2025-10-09T09:20:00.000000,3026.25,3038.0,3026.25,3028.15,2556,TCS,NaN,3027.194481928977,3026.714885523478,51.206304289291715,3049.7,18.843945655659876,,,,,
2025-10-09T09:25:00.000000,3028.15,3032.6,3025.0,3027.0,1259,TCS,NaN,3027.1555855431816,3026.740805021344,51.15582634415157,3049.7,21.139248405112987,,,,,
2025-10-09T09:30:00.000000,3027.0,3029.25,3021.0,3021.0,1220,TCS,NaN,3025.9244684345454,3026.218913655767,50.40490317599768,3049.7,22.005479067000177,,,,,
2025-10-09T09:35:00.000000,3021.5,3030.75,3021.5,3030.05,1289,TCS,NaN,3026.7495747476364,3026.5671942325157,50.761900979662926,3049.7,23.025449329391176,,,,,
2025-10-09T09:40:00.000000,3030.05,3033.3,3029.6,3030.3,709,TCS,NaN,3027.459659798109,3026.906540211378,51.109675337080375,3049.7,24.320623809130634,,,,,
2025-10-09T09:45:00.000000,3030.3,3032.25,3027.0,3028.2,1868,TCS,NaN,3027.6077278384873,3027.024127464889,51.171304654327606,3049.7,24.74217069699384,,,,,
2025-10-09T09:50:00.000000,3028.2,3030.0,3024.9,3030.0,1824,TCS,NaN,3028.08618227079,3027.294661331717,51.42520958503179,3049.7,24.546382304575896,,,,,
2025-10-09T09:55:00.000000,3030.0,3033.25,3029.0,3030.8,1107,TCS,NaN,3028.628945816632,3027.613328483379,51.74384648144048,3049.7,24.894983813749963,,,,,
2025-10-09T10:00:00.000000,3030.8,3031.35,3028.5,3029.3,491,TCS,NaN,3028.7631566533055,3027.7666622576176,51.827478781883606,3049.7,25.075130272909515,,,,,
2025-10-09T10:05:00.000000,3029.3,3030.0,3026.1,3026.25,721,TCS,NaN,3028.2605253226443,3027.6287838705616,51.50664484028727,3049.7,24.566146448302923,,,,,
2025-10-09T10:10:00.000000,3026.25,3026.25,3022.0,3023.25,889,TCS,NaN,3027.2584202581156,3027.2307126096016,50.85950144945583,3049.7,23.080320497025287,,,,,
2025-10-09T10:15:00.000000,3023.25,3029.25,3022.0,3029.25,584,TCS,NaN,3027.6567362064925,3027.414284190547,51.02574923815197,3049.7,22.29564943656234,,,,,
2025-10-09T10:20:00.000000,3029.25,3040.0,3026.8,3038.55,1480,TCS,NaN,3029.835388965194,3028.426621991406,52.044847572199544,3049.7,23.139257982764715,,,,,
2025-10-09T10:25:00.000000,3038.55,3043.8,3036.7,3043.0,714,TCS,NaN,3032.468311172155,3029.751474537642,53.29576140478083,3049.7,24.332214099429923,,,,,
2025-10-09T10:30:00.000000,3043.0,3043.0,3035.0,3035.0,1043,TCS,NaN,3032.974648937724,3030.2286132160384,53.50447099314641,3049.7,25.03801394458362,,,,,
2025-10-09T10:35:00.000000,3035.0,3037.0,3033.0,3033.1,1081,TCS,NaN,3032.9997191501793,3030.4896483782168,53.499681873962636,3049.7,25.228349947490866,,,,,
2025-10-09T10:40:00.000000,3033.1,3033.1,3030.1,3032.0,722,TCS,NaN,3032.7997753201435,3030.626953071106,53.3816497820307,3049.7,24.762780497126787,,,,,
2025-10-09T10:45:00.000000,3032.0,3033.7,3031.3,3031.7,508,TCS,NaN,3032.5798202561145,3030.724502791915,53.242423292178785,3049.7,24.420158608082488,,,,,
2025-10-09T10:50:00.000000,3031.7,3032.8,3026.45,3029.2,1236,TCS,NaN,3031.903856204892,3030.5859116290135,52.843243918104804,3049.7,23.086317331543864,,,,,
2025-10-09T10:55:00.000000,3029.2,3033.25,3026.05,3032.6,630,TCS,NaN,3032.0430849639133,3030.76901057183,52.845353164356396,3049.7,21.92655362431272,,,,,
2025-10-09T11:00:00.000000,3032.6,3037.0,3032.6,3037.0,6137,TCS,NaN,3033.0344679711307,3031.335464156209,53.27138495622915,3049.7,21.482120202726488,,,,,
2025-10-09T11:05:00.000000,3037.0,3038.85,3035.8,3038.85,1585,TCS,NaN,3034.1975743769044,3032.018603778372,53.82360578233997,3049.7,21.358900411704557,,,,,
2025-10-09T11:10:00.000000,3038.85,3038.85,3034.0,3036.6,1919,TCS,NaN,3034.6780595015234,3032.4350943439745,54.036359257633826,3049.7,20.83424103850997,,,,,
2025-10-09T11:15:00.000000,3036.6,3036.6,3033.0,3036.2,1104,TCS,NaN,3034.9824476012186,3032.777358494522,54.17723211977386,3049.7,20.119902886188722,,,,,
2025-10-09T11:20:00.000000,3036.2,3038.0,3034.5,3038.0,359,TCS,NaN,3035.5859580809747,3033.252144085929,54.49431089492584,3049.7,19.71362171557639,,,,,
2025-10-09T11:25:00.000000,3038.0,3042.2,3037.5,3040.25,1763,TCS,NaN,3036.5187664647797,3033.88831280539,55.01117110575276,3049.7,20.041343865208432,,,,,
2025-10-09T11:30:00.000000,3040.25,3043.0,3040.0,3042.9,926,TCS,NaN,3037.795013171824,3034.707557095809,55.73543319203247,3049.7,20.470632159623058,,,,,
2025-10-09T11:35:00.000000,3042.9,3044.2,3041.6,3043.5,258,TCS,NaN,3038.936010537459,3035.5068700870993,56.44814326832009,3049.7,21.059374834794518,,,,,
2025-10-09T11:40:00.000000,3043.5,3043.5,3040.0,3041.5,1802,TCS,NaN,3039.4488084299674,3036.051700079181,56.76345525917199,3049.7,21.154256348180603,,,,,
2025-10-09T11:45:00.000000,3041.5,3044.05,3040.05,3040.85,495,TCS,NaN,3039.729046743974,3036.487909162892,56.941766432572905,3049.7,21.341411771715265,,,,,
2025-10-09T11:50:00.000000,3040.85,3044.6,3040.0,3040.9,3826,TCS,NaN,3039.963237395179,3036.8890083299016,57.10921986663172,3049.7,21.61798574101965,,,,,
2025-10-09T11:55:00.000000,3040.9,3040.9,3038.0,3038.0,11991,TCS,NaN,3039.570589916143,3036.9900075726378,56.765921484869374,3049.7,21.259111870400965,,,,,
2025-10-09T12:00:00.000000,3038.55,3040.95,3036.45,3039.7,3092,TCS,NaN,3039.5964719329145,3037.23637052058,56.689648180126134,3049.7,20.473377953064265,,,,,
2025-10-09T12:05:00.000000,3039.7,3040.2,3036.95,3040.0,26674,TCS,NaN,3039.6771775463317,3037.4876095641634,56.662395725271395,3049.7,19.7437678869659,,,,,
2025-10-09T12:10:00.000000,3040.0,3041.85,3040.0,3041.05,362,TCS,NaN,3039.9517420370653,3037.8114632401484,56.78792594755981,3049.7,19.469225597671763,,,,,
2025-10-09T12:15:00.000000,3041.05,3042.65,3040.2,3042.55,450,TCS,NaN,3040.471393629652,3038.242239309226,57.11246068736635,3049.7,19.405200657034175,,,,,
2025-10-09T12:20:00.000000,3042.55,3044.4,3041.65,3043.9,853,TCS,NaN,3041.157114903722,3038.7565811902055,57.59036218005157,3049.7,19.750860328672783,,,,,
2025-10-09T12:25:00.000000,3043.9,3045.6,3043.3,3045.55,1919,TCS,NaN,3042.0356919229775,3039.374164718369,58.239632104714865,3049.7,20.336536907613997,,,,,
2025-10-09T12:30:00.000000,3045.55,3055.45,3044.0,3054.0,5367,TCS,NaN,3044.428553538382,3040.703786107608,59.671291157368564,3049.7,22.434011452722185,,,,,
2025-10-09T12:35:00.000000,3054.0,3060.0,3052.85,3054.4,4114,TCS,NaN,3046.4228428307056,3041.9488964614616,60.99851535221452,3049.7,24.850770302903303,,,,,
2025-10-09T12:40:00.000000,3054.4,3060.0,3052.0,3057.85,1284,TCS,NaN,3048.7082742645644,3043.3944513286015,62.46151808312804,3049.7,26.80920078774728,,,,,
2025-10-09T12:45:00.000000,3057.85,3060.0,3055.0,3058.45,704,TCS,NaN,3050.6566194116513,3044.763137571456,63.82832678997098,3049.7,28.62774338081669,,,,,
2025-10-09T12:50:00.000000,3058.45,3058.45,3050.0,3050.0,831,TCS,NaN,3050.525295529321,3045.2392159740507,63.417713365218276,3049.7,28.699513080266314,,,,,
2025-10-09T12:55:00.000000,3050.0,3051.7,3047.25,3048.45,439,TCS,NaN,3050.1102364234566,3045.531105430955,62.804813317572844,3049.7,28.01681870367414,,,,,
2025-10-09T13:00:00.000000,3048.45,3049.45,3045.2,3047.65,699,TCS,NaN,3049.6181891387655,3045.723732209959,62.12479556331131,3049.7,26.863733085563574,,,,,
2025-10-09T13:05:00.000000,3047.65,3048.75,3042.75,3045.15,1752,TCS,NaN,3048.7245513110124,3045.6715747363264,61.126774592336226,3049.7,25.211267895642184,,,,,
2025-10-09T13:10:00.000000,3045.15,3045.15,3036.1,3039.75,3760,TCS,NaN,3046.92964104881,3045.1332497602966,59.51650611951232,3049.7,24.444126573130024,,,,,
2025-10-09T13:15:00.000000,3039.75,3040.5,3035.25,3039.4,1100,TCS,NaN,3045.423712839048,3044.612045236633,58.0177462268609,3049.7,23.875854393948433,,,,,
2025-10-09T13:20:00.000000,3039.4,3043.65,3039.3,3043.4,660,TCS,NaN,3045.0189702712387,3044.50185930603,57.2452366254607,3049.7,22.632415577971894,,,,,
2025-10-09T13:25:00.000000,3043.4,3046.15,3042.4,3046.15,582,TCS,NaN,3045.245176216991,3044.651690278209,56.90249996572064,3049.7,21.07467480393524,,,,,
2025-10-09T13:30:00.000000,3046.15,3050.3,3044.55,3048.0,6488,TCS,NaN,3045.7961409735926,3044.956082071099,56.818942584559274,3049.7,20.40092446192951,,,,,
2025-10-09T13:35:00.000000,3048.0,3048.0,3042.0,3042.0,239,TCS,NaN,3045.036912778874,3044.6873473373626,55.93236978821411,3049.7,19.238447184991262,,,,,
2025-10-09T13:40:00.000000,3042.0,3042.0,3035.0,3041.55,1855,TCS,NaN,3044.3395302230992,3044.402133943057,55.07535997891918,3049.7,18.80407337726526,,,,,
2025-10-09T13:45:00.000000,3041.35,3043.0,3040.0,3042.95,333,TCS,NaN,3044.061624178479,3044.2701217664153,54.49729969891312,3049.7,18.199464984664626,,,,,
2025-10-09T13:50:00.000000,3042.95,3046.5,3042.3,3046.5,248,TCS,NaN,3044.5492993427833,3044.4728379694684,54.44222272035164,3049.7,16.96180099390904,,,,,
2025-10-09T13:55:00.000000,3046.5,3049.8,3043.5,3046.35,3181,TCS,NaN,3044.9094394742265,3044.643489063153,54.369975645021015,3049.7,16.26536938100137,,,,,
2025-10-09T14:00:00.000000,3048.25,3049.25,3042.8,3045.85,4631,TCS,NaN,3045.097551579381,3044.7531718755936,54.22573051003367,3049.7,15.481007770310603,,,,,
2025-10-09T14:05:00.000000,3045.85,3048.35,3044.65,3046.5,364,TCS,NaN,3045.378041263505,3044.911974432358,54.19015170965489,3049.7,14.75267198895489,,,,,
2025-10-09T14:10:00.000000,3046.5,3048.0,3040.25,3041.15,409,TCS,NaN,3044.532433010804,3044.569976756689,53.34850191806927,3049.7,14.1928553229383,,,,,
2025-10-09T14:15:00.000000,3040.85,3042.5,3038.0,3040.85,488,TCS,NaN,3043.7959464086434,3044.2317970515355,52.546230965130256,3049.7,14.071848998769218,,,,,
2025-10-09T14:20:00.000000,3040.85,3042.25,3038.0,3039.7,620,TCS,NaN,3042.976757126915,3043.819815501396,51.65987013836815,3049.7,13.959485983469355,,,,,
2025-10-09T14:25:00.000000,3039.7,3042.3,3039.25,3042.0,407,TCS,NaN,3042.781405701532,3043.654377728542,51.2620341749166,3049.7,13.842745638304953,,,,,
2025-10-09T14:30:00.000000,3042.0,3046.2,3039.0,3039.05,369,TCS,NaN,3042.0351245612255,3043.235797935038,50.478845167121115,3049.7,12.894481012923817,,,,,
2025-10-09T14:35:00.000000,3039.05,3049.35,3039.05,3049.35,463,TCS,NaN,3043.4980996489803,3043.7916344863984,51.18240759464348,3049.7,12.658644994602765,,,,,
2025-10-09T14:40:00.000000,3049.2,3059.35,3047.8,3054.35,11729,TCS,NaN,3045.6684797191842,3044.7514858967256,52.29962656394704,3049.7,13.969051197765646,,,,,
2025-10-09T14:45:00.000000,3054.7,3058.9,3052.6,3052.6,1755,TCS,NaN,3047.0547837753475,3045.4649871788415,53.05160676723036,3049.7,15.185856957845463,,,,,
2025-10-09T14:50:00.000000,3052.6,3058.0,3051.0,3056.9,1087,TCS,NaN,3049.023827020278,3046.504533798947,54.12085921600694,3049.7,15.921823168583964,,,,,
2025-10-09T14:55:00.000000,3057.0,3062.8,3056.95,3060.2,2655,TCS,NaN,3051.2590616162224,3047.749576180861,55.35417092177432,3049.7,17.242413013390628,,,,,
2025-10-09T15:00:00.000000,3061.0,3064.2,3055.4,3060.35,73531,TCS,NaN,3053.0772492929777,3048.895069255328,56.4819770986882,3049.7,18.08492876903414,,,,,
2025-10-09T15:05:00.000000,3060.35,3065.0,3057.55,3063.95,65865,TCS,NaN,3055.251799434382,3050.2636993230253,57.78253025075069,3049.7,18.97742898154733,,,,,
2025-10-09T15:10:00.000000,3063.55,3064.8,3061.1,3061.85,48476,TCS,NaN,3056.5714395475056,3051.3169993845686,58.60299238369353,3049.7,19.806179178881013,,,,,
2025-10-09T15:15:00.000000,3061.9,3066.55,3061.9,3063.2,46893,TCS,NaN,3057.8971516380043,3052.3972721677897,59.45926252313605,3049.7,20.834855397749322,,,,,
2025-10-09T15:20:00.000000,3063.2,3064.7,3055.0,3059.0,45264,TCS,NaN,3058.1177213104033,3052.9975201525363,59.547873252903656,3049.7,20.04921095266949,,,,,
2025-10-09T15:25:00.000000,3059.1,3061.3,3057.1,3061.0,6844,TCS,NaN,3058.6941770483227,3053.7250183204874,59.82354605586353,3049.7,19.319683967952503,,,,,
2025-10-10T09:15:00.000000,3064.9,3070.05,3015.0,3056.0,44332,TCS,NaN,3058.1553416386582,3053.9318348368065,59.344813519446475,3070.05,21.649164619724306,,,,,
2025-10-10T09:20:00.000000,3054.85,3055.9,3030.1,3039.3,12250,TCS,NaN,3054.384273310927,3052.6016680334606,57.31601340402638,3070.05,23.81225379636955,,,,,
2025-10-10T09:25:00.000000,3039.3,3042.75,3021.1,3033.0,18900,TCS,NaN,3050.1074186487413,3050.8196982122367,55.08010848624288,3070.05,26.240971036322005,,,,,
2025-10-10T09:30:00.000000,3033.0,3041.35,3027.05,3039.95,7345,TCS,NaN,3048.075934918993,3049.831543829306,53.78830032683508,3070.05,28.496208473420715,,,,,
2025-10-10T09:35:00.000000,3039.95,3046.75,3035.25,3035.25,8842,TCS,NaN,3045.5107479351946,3048.5059489357327,52.31142368870329,3070.05,29.7058263511174,,,,,
2025-10-10T09:40:00.000000,3035.0,3041.0,3032.0,3040.5,3337,TCS,NaN,3044.508598348156,3047.7781353961204,51.47896187970022,3070.05,31.017687255072758,,,,,
2025-10-10T09:45:00.000000,3040.5,3041.0,3033.35,3034.75,7484,TCS,NaN,3042.5568786785248,3046.5937594510187,50.34482953901786,3070.05,32.23584380874559,,,,,
2025-10-10T09:50:00.000000,3036.0,3038.65,3034.0,3035.25,7169,TCS,NaN,3041.0955029428196,3045.562508591835,49.36776615508787,3070.05,33.36698918001323,,,,,
2025-10-10T09:55:00.000000,3036.4,3042.7,3033.0,3039.0,5595,TCS,NaN,3040.6764023542555,3044.965916901668,48.851299399668356,3070.05,33.67644740214731,,,,,
2025-10-10T10:00:00.000000,3039.0,3041.7,3038.25,3041.3,1151,TCS,NaN,3040.8011218834044,3044.6326517287894,48.601880827962646,3070.05,33.96380146555753,,,,,
2025-10-10T10:05:00.000000,3041.3,3041.45,3038.0,3039.0,1733,TCS,NaN,3040.4408975067236,3044.1205924807177,48.190856333160475,3070.05,34.25283549569234,,,,,
2025-10-10T10:10:00.000000,3039.0,3046.65,3036.75,3045.95,2720,TCS,NaN,3041.542718005379,3044.286902255198,48.45829464652315,3070.05,33.53014893608428,,,,,
2025-10-10T10:15:00.000000,3045.95,3051.05,3044.85,3050.25,3017,TCS,NaN,3043.284174404303,3044.82900205018,49.047071628976,3070.05,32.114941290700166,,,,,
2025-10-10T10:20:00.000000,3050.25,3052.5,3048.0,3052.0,6680,TCS,NaN,3045.0273395234426,3045.480910954709,49.71604082109206,3070.05,30.565888783807328,,,,,
2025-10-10T10:25:00.000000,3052.0,3053.9,3048.65,3050.0,1703,TCS,NaN,3046.021871618754,3045.8917372315536,50.121728827031944,3070.05,28.897195224620152,,,,,
2025-10-10T10:30:00.000000,3050.0,3053.3,3049.0,3051.0,1904,TCS,NaN,3047.0174972950035,3046.356124755958,50.57524546511084,3070.05,27.34769406251777,,,,,
2025-10-10T10:35:00.000000,3051.0,3051.4,3045.8,3046.6,2480,TCS,NaN,3046.9339978360026,3046.3782952326887,50.538753487456674,3070.05,26.385012610656116,,,,,
2025-10-10T10:40:00.000000,3046.6,3046.6,3036.75,3038.85,4388,TCS,NaN,3045.3171982688023,3045.69390475699,49.83878577926692,3070.05,26.595469941823115,,,,,
2025-10-10T10:45:00.000000,3038.85,3042.55,3031.2,3031.2,2759,TCS,NaN,3042.4937586150418,3044.376277051809,48.67421161580084,3070.05,27.325903875877422,,,,,
2025-10-10T10:50:00.000000,3031.2,3036.9,3031.0,3035.0,3063,TCS,NaN,3040.9950068920334,3043.5238882289173,48.00455890246962,3070.05,28.02264995600123,,,,,
2025-10-10T10:55:00.000000,3035.0,3041.0,3032.3,3040.0,2420,TCS,NaN,3040.796005513627,3043.203534753561,47.86495812885581,3070.05,27.857569526246888,,,,,
2025-10-10T11:00:00.000000,3040.0,3042.0,3037.0,3042.0,1043,TCS,NaN,3041.0368044109014,3043.0941225032375,47.916240867758596,3070.05,27.512842140634632,,,,,
2025-10-10T11:05:00.000000,3042.0,3042.8,3036.0,3036.55,759,TCS,NaN,3040.139443528721,3042.4992022756705,47.53460360106253,3070.05,27.31613207403107,,,,,
2025-10-10T11:10:00.000000,3036.55,3039.85,3036.0,3038.0,3960,TCS,NaN,3039.7115548229767,3042.090183886973,47.32774907224784,3070.05,27.13347272647062,,,,,
2025-10-10T11:15:00.000000,3038.0,3038.95,3034.45,3037.3,1515,TCS,NaN,3039.2292438583813,3041.654712624521,47.0831624250408,3070.05,27.172289501022114,,,,,
2025-10-10T11:20:00.000000,3037.3,3037.3,3016.05,3020.0,8386,TCS,NaN,3035.383395086705,3039.6861023859283,45.74778584458395,3070.05,28.920629735922375,,,,,
2025-10-10T11:25:00.000000,3020.0,3022.65,3006.65,3015.0,8734,TCS,NaN,3031.306716069364,3037.441911259935,44.30272265915378,3070.05,31.076751626066763,,,,,
2025-10-10T11:30:00.000000,3015.0,3023.75,3010.3,3021.3,10116,TCS,NaN,3029.3053728554914,3035.974464781759,43.60768908497549,3070.05,32.862182078246086,,,,,
2025-10-10T11:35:00.000000,3021.3,3027.95,3018.8,3022.0,5983,TCS,NaN,3027.844298284393,3034.704058892508,43.04461232720776,3070.05,33.709631988303656,,,,,
2025-10-10T11:40:00.000000,3022.0,3029.9,3021.55,3029.25,6083,TCS,NaN,3028.1254386275145,3034.2082353568253,43.181599244408694,3070.05,34.133963979063985,,,,,
2025-10-10T11:45:00.000000,3029.25,3036.75,3027.85,3031.2,3641,TCS,NaN,3028.7403509020114,3033.9347594152955,43.46728111930625,3070.05,33.35946977861847,,,,,
2025-10-10T11:50:00.000000,3031.2,3031.5,3022.0,3028.15,3330,TCS,NaN,3028.622280721609,3033.4088721957232,43.510233936686106,3070.05,33.173204185317914,,,,,
2025-10-10T11:55:00.000000,3027.95,3027.95,3022.0,3022.25,892,TCS,NaN,3027.347824577287,3032.3944292688393,43.161666629335684,3070.05,33.00024327725311,,,,,
2025-10-10T12:00:00.000000,3022.25,3025.0,3022.0,3024.15,1018,TCS,NaN,3026.7082596618297,3031.6449356989447,43.024589668021335,3070.05,32.83963671976437,,,,,
2025-10-10T12:05:00.000000,3024.15,3024.15,3017.9,3019.85,829,TCS,NaN,3025.3366077294636,3030.5726688172226,42.62040130260332,3070.05,33.07857404690628,,,,,
2025-10-10T12:10:00.000000,3019.85,3020.6,3015.0,3019.5,1364,TCS,NaN,3024.169286183571,3029.5660625611113,42.23202042741363,3070.05,33.55749471290381,,,,,
2025-10-10T12:15:00.000000,3019.5,3022.85,3016.8,3022.5,692,TCS,NaN,3023.8354289468566,3028.9236932373738,42.19469159101688,3070.05,33.55292076675106,,,,,
2025-10-10T12:20:00.000000,3022.5,3022.5,3020.0,3020.0,545,TCS,NaN,3023.0683431574853,3028.1124483976123,41.977849919601304,3070.05,33.548673531037785,,,,,
2025-10-10T12:25:00.000000,3020.0,3020.3,3016.05,3016.5,982,TCS,NaN,3021.7546745259883,3027.0567712705565,41.53538842696288,3070.05,33.943428390627716,,,,,
2025-10-10T12:30:00.000000,3016.35,3024.8,3015.0,3020.0,3131,TCS,NaN,3021.4037396207905,3026.415246609597,41.5242815184017,3070.05,33.38258687374061,,,,,
2025-10-10T12:35:00.000000,3020.0,3026.8,3020.0,3026.8,2486,TCS,NaN,3022.4829916966323,3026.450224190543,42.18408567544308,3070.05,32.47657482246352,,,,,
2025-10-10T12:40:00.000000,3026.8,3028.9,3025.15,3027.35,1155,TCS,NaN,3023.456393357306,3026.532021991403,42.831861584720535,3070.05,31.237539713470035,,,,,
2025-10-10T12:45:00.000000,3027.35,3031.5,3026.0,3030.0,957,TCS,NaN,3024.7651146858448,3026.847292719457,43.66556280502555,3070.05,29.610468359511618,,,,,
2025-10-10T12:50:00.000000,3030.0,3030.0,3025.15,3029.9,713,TCS,NaN,3025.792091748676,3027.124811563143,44.409709356976414,3070.05,28.230349709935513,,,,,
2025-10-10T12:55:00.000000,3029.9,3032.0,3029.0,3030.1,542,TCS,NaN,3026.6536733989406,3027.3952832392206,45.1034655491618,3070.05,26.568943449232496,,,,,
2025-10-10T13:00:00.000000,3030.1,3030.1,3026.0,3028.15,1677,TCS,NaN,3026.9529387191524,3027.463893853837,45.51222588328897,3070.05,25.51673080100357,,,,,
2025-10-10T13:05:00.000000,3030.0,3034.6,3027.9,3032.95,1929,TCS,NaN,3028.152350975322,3027.9626307762155,46.39026079181994,3070.05,23.70462083576904,,,,,
2025-10-10T13:10:00.000000,3032.95,3033.0,3029.25,3031.5,1935,TCS,NaN,3028.8218807802577,3028.2842097965595,47.011791323193975,3070.05,22.021947296622695,,,,,
2025-10-10T13:15:00.000000,3031.5,3033.8,3030.0,3030.0,762,TCS,NaN,3029.057504624206,3028.440190724145,47.394551039848565,3070.05,20.589358810803656,,,,,
2025-10-10T13:20:00.000000,3030.0,3031.15,3026.0,3029.35,708,TCS,NaN,3029.1160036993647,3028.5229006583136,47.66136268111124,3070.05,19.721284628955093,,,,,
2025-10-10T13:25:00.000000,3029.35,3029.6,3023.25,3027.3,2165,TCS,NaN,3028.752802959492,3028.411727871194,47.65115790243963,3070.05,19.374512991388148,,,,,
2025-10-10T13:30:00.000000,3027.3,3030.0,3025.4,3030.0,1039,TCS,NaN,3029.0022423675937,3028.55611624654,47.98889242370595,3070.05,18.963236847291665,,,,,
2025-10-10T13:35:00.000000,3030.0,3030.0,3025.6,3028.45,1067,TCS,NaN,3028.891793894075,3028.5464693150366,48.093683512468324,3070.05,18.58133757063064,,,,,
2025-10-10T13:40:00.000000,3028.45,3029.1,3026.0,3026.0,338,TCS,NaN,3028.31343511526,3028.314972104579,47.882261277296536,3070.05,18.226716813731123,,,,,
2025-10-10T13:45:00.000000,3026.0,3027.0,3025.0,3025.15,872,TCS,NaN,3027.680748092208,3028.0272473677987,47.58660646795335,3070.05,18.100168944973085,,,,,
2025-10-10T13:50:00.000000,3025.15,3026.45,3023.55,3026.0,989,TCS,NaN,3027.3445984737664,3027.8429521525445,47.451016746697654,3070.05,18.273904789413105,,,,,
2025-10-10T13:55:00.000000,3026.0,3028.25,3023.25,3023.8,599,TCS,NaN,3026.6356787790132,3027.475411047768,47.0410697433491,3070.05,17.907902841932106,,,,,
2025-10-10T14:00:00.000000,3023.8,3025.5,3022.15,3024.9,582,TCS,NaN,3026.2885430232104,3027.241282770698,46.85419667373243,3070.05,17.808418997259498,,,,,
2025-10-10T14:05:00.000000,3024.9,3025.5,3021.0,3023.0,2068,TCS,NaN,3025.630834418568,3026.8557116097254,46.429833238527706,3070.05,17.965312360299553,,,,,
2025-10-10T14:10:00.000000,3021.75,3025.35,3020.05,3024.7,5437,TCS,NaN,3025.4446675348545,3026.659737827023,46.343171563350054,3070.05,18.3158700912414,,,,,
2025-10-10T14:15:00.000000,3024.7,3025.0,3020.6,3020.8,1955,TCS,NaN,3024.515734027884,3026.127034388203,45.75287787746223,3070.05,18.64138798425883,,,,,
2025-10-10T14:20:00.000000,3020.8,3023.0,3020.8,3021.0,793,TCS,NaN,3023.8125872223072,3025.660940352912,45.25573428843249,3070.05,18.943654599203587,,,,,
2025-10-10T14:25:00.000000,3021.0,3022.1,3018.1,3018.1,1367,TCS,NaN,3022.6700697778456,3024.973582139011,44.451283114472595,3070.05,19.84632705993425,,,,,
2025-10-10T14:30:00.000000,3018.1,3021.0,3017.0,3020.0,1617,TCS,NaN,3022.1360558222764,3024.5214383081916,44.08981340119352,3070.05,20.91518407665373,,,,,
2025-10-10T14:35:00.000000,3020.0,3026.3,3020.0,3022.15,2037,TCS,NaN,3022.138844657821,3024.305853007447,44.15309698099496,3070.05,20.013372604692485,,,,,
2025-10-10T14:40:00.000000,3022.15,3022.15,3019.25,3020.2,1145,TCS,NaN,3021.751075726257,3023.9325936431333,43.941003640942995,3070.05,19.366649346265707,,,,,
2025-10-10T14:45:00.000000,3020.2,3021.25,3017.2,3019.55,2489,TCS,NaN,3021.3108605810057,3023.534176039212,43.66053930308559,3070.05,19.268042754809418,,,,,
2025-10-10T14:50:00.000000,3019.55,3025.85,3019.55,3024.0,3967,TCS,NaN,3021.8486884648046,3023.576523672011,44.19661700314393,3070.05,17.95680766232314,,,,,
2025-10-10T14:55:00.000000,3024.0,3025.2,3020.5,3024.85,2134,TCS,NaN,3022.4489507718436,3023.6922942472825,44.81735160746024,3070.05,16.739232219300167,,,,,
2025-10-10T15:00:00.000000,3024.85,3029.6,3023.3,3029.6,4029,TCS,NaN,3023.879160617475,3024.2293584066206,46.05792798955992,3070.05,16.676444661301762,,,,,
2025-10-10T15:05:00.000000,3029.65,3030.05,3025.6,3026.2,3105,TCS,NaN,3024.34332849398,3024.408507642382,46.62772135483625,3070.05,16.716375410096536,,,,,
2025-10-10T15:10:00.000000,3027.0,3028.2,3025.0,3027.35,2212,TCS,NaN,3024.9446627951843,3024.675916038529,47.30426596213092,3070.05,16.561425535442094,,,,,
2025-10-10T15:15:00.000000,3027.35,3030.2,3025.0,3028.1,10010,TCS,NaN,3025.5757302361476,3024.987196398663,48.022844111318925,3070.05,16.88178260078079,,,,,
2025-10-10T15:20:00.000000,3028.1,3031.0,3028.0,3030.3,2727,TCS,NaN,3026.5205841889183,3025.470178544239,48.97791163774003,3070.05,17.35816531125834,,,,,
2025-10-10T15:25:00.000000,3030.4,3032.2,3028.45,3028.45,3707,TCS,NaN,3026.906467351135,3025.7410714038538,49.508407367018414,3070.05,18.066716446015246,,,,,
2025-10-13T09:15:00.000000,3005.05,3030.0,3000.8,3020.85,18213,TCS,NaN,3025.695173880908,3025.296428548958,48.893728581487764,3036.0,19.80472660335576,,,,,
2025-10-13T09:20:00.000000,3020.85,3029.5,3019.0,3029.4,3858,TCS,NaN,3026.4361391047264,3025.6694804990525,49.44053216484402,3036.0,21.418593178029102,,,,,
2025-10-13T09:25:00.000000,3028.3,3036.0,3025.0,3028.7,3904,TCS,NaN,3026.888911283781,3025.9449822718657,49.84360297022044,3036.0,21.596236617722614,,,,,
2025-10-13T09:30:00.000000,3028.7,3031.7,3020.05,3023.15,5675,TCS,NaN,3026.141129027025,3025.690892974423,49.53998343002084,3036.0,22.284373982393134,,,,,
2025-10-13T09:35:00.000000,3022.25,3029.25,3017.0,3026.2,6066,TCS,NaN,3026.15290322162,3025.737175431294,49.63014543252702,3036.0,23.21826822184971,,,,,
2025-10-13T09:40:00.000000,3026.2,3026.2,3020.15,3022.8,2138,TCS,NaN,3025.482322577296,3025.4701594829944,49.33006859335024,3036.0,24.08545572991653,,,,,
2025-10-13T09:45:00.000000,3022.8,3028.6,3021.65,3028.3,1499,TCS,NaN,3026.045858061837,3025.727417711813,49.67777317789036,3036.0,24.388483059062146,,,,,
2025-10-13T09:50:00.000000,3028.3,3029.65,3022.35,3024.75,2609,TCS,NaN,3025.7866864494695,3025.6385615561935,49.59946864368084,3036.0,24.450893598580723,,,,,
2025-10-13T09:55:00.000000,3024.75,3025.8,3020.0,3022.0,1880,TCS,NaN,3025.0293491595758,3025.307783232903,49.24481244168208,3036.0,24.799488332956905,,,,,
2025-10-13T10:00:00.000000,3022.0,3025.0,3020.55,3021.0,1377,TCS,NaN,3024.2234793276607,3024.9161665753663,48.82200488067283,3036.0,25.123183443449072,,,,,
2025-10-13T10:05:00.000000,3021.0,3021.7,3016.0,3021.0,1137,TCS,NaN,3023.5787834621287,3024.560151432151,48.439464706426364,3036.0,25.973637723564092,,,,,
2025-10-13T10:10:00.000000,3021.0,3021.0,3015.4,3016.5,1702,TCS,NaN,3022.163026769703,3023.8274103928647,47.630201823437545,3036.0,26.831868016494692,,,,,
2025-10-13T10:15:00.000000,3016.5,3016.5,3008.25,3008.6,3513,TCS,NaN,3019.4504214157623,3022.44310035715,46.250321045314784,3036.0,28.353156156531583,,,,,
2025-10-13T10:20:00.000000,3010.4,3010.4,3004.5,3009.35,2978,TCS,NaN,3017.43033713261,3021.2528185065,45.11080473023378,3036.0,30.079068074256874,,,,,
2025-10-13T10:25:00.000000,3009.35,3013.7,3008.6,3012.65,699,TCS,NaN,3016.474269706088,3020.470744096818,44.54917024512234,3036.0,30.87347943734802,,,,,
2025-10-13T10:30:00.000000,3013.6,3015.9,3012.7,3014.7,1647,TCS,NaN,3016.11941576487,3019.9461309971075,44.31759887789674,3036.0,31.101102357308367,,,,,
2025-10-13T10:35:00.000000,3014.7,3016.15,3011.5,3014.95,1359,TCS,NaN,3015.885532611896,3019.491937270098,44.14245401069315,3036.0,31.448344371264998,,,,,
2025-10-13T10:40:00.000000,3014.95,3018.0,3014.3,3015.4,878,TCS,NaN,3015.7884260895166,3019.1199429728163,44.049412383364036,3036.0,31.326891727604732,,,,,
2025-10-13T10:45:00.000000,3015.4,3015.4,3006.15,3006.15,2060,TCS,NaN,3013.8607408716134,3017.9408572480147,43.10566823417403,3036.0,32.1083470037719,,,,,
2025-10-13T10:50:00.000000,3006.15,3006.9,3002.45,3002.95,1509,TCS,NaN,3011.6785926972907,3016.5780520436497,42.01682965351265,3036.0,33.16447751406165,,,,,
2025-10-13T10:55:00.000000,3002.4,3003.25,2998.8,3001.5,3904,TCS,NaN,3009.6428741578325,3015.2073200396817,40.928936892140584,3036.0,34.44279698264932,,,,,
2025-10-13T11:00:00.000000,3001.5,3003.3,3000.0,3002.3,1520,TCS,NaN,3008.174299326266,3014.0339273088016,40.0757851608278,3036.0,35.61733288844706,,,,,
2025-10-13T11:05:00.000000,3002.3,3006.0,3002.3,3004.9,743,TCS,NaN,3007.519439461013,3013.203570280729,39.724536430705754,3036.0,36.028992519198624,,,,,
2025-10-13T11:10:00.000000,3004.9,3007.5,3003.25,3006.15,621,TCS,NaN,3007.2455515688102,3012.5623366188443,39.60376888170059,3036.0,36.044437866129,,,,,
2025-10-13T11:15:00.000000,3006.15,3007.5,3005.0,3006.7,749,TCS,NaN,3007.1364412550483,3012.029396926222,39.58345727049254,3036.0,36.05877997399292,,,,,
2025-10-13T11:20:00.000000,3006.7,3006.85,3005.25,3005.85,446,TCS,NaN,3006.8791530040385,3011.467633569293,39.47265641840324,3036.0,36.07209764558085,,,,,
2025-10-13T11:25:00.000000,3005.85,3007.0,3004.0,3005.3,709,TCS,NaN,3006.563322403231,3010.9069396084483,39.31065110769598,3036.0,36.2503543995104,,,,,
2025-10-13T11:30:00.000000,3005.3,3006.75,3004.0,3004.25,880,TCS,NaN,3006.1006579225846,3010.3017632804076,39.04343524360917,3036.0,36.41587852815927,,,,,
2025-10-13T11:35:00.000000,3004.25,3006.25,3003.2,3005.25,635,TCS,NaN,3005.9305263380675,3009.8425120730976,39.00275061929166,3036.0,36.68510232197968,,,,,
2025-10-13T11:40:00.000000,3005.25,3006.75,3002.0,3002.0,979,TCS,NaN,3005.144421070454,3009.1295564300885,38.58253559853072,3036.0,37.1093845242869,,,,,
2025-10-13T11:45:00.000000,3002.0,3004.45,3000.1,3003.0,683,TCS,NaN,3004.715536856363,3008.5723240273533,38.41034946301733,3036.0,37.76988363622099,,,,,
2025-10-13T11:50:00.000000,3003.0,3006.0,3003.0,3006.0,626,TCS,NaN,3004.9724294850903,3008.338476388503,38.84089657118541,3036.0,37.8181944528136,,,,,
2025-10-13T11:55:00.000000,3006.0,3010.0,3005.75,3009.95,1030,TCS,NaN,3005.967943588072,3008.4849785350025,39.88983223122323,3036.0,36.571647647164774,,,,,
2025-10-13T12:00:00.000000,3009.95,3010.5,3008.7,3009.8,618,TCS,NaN,3006.7343548704575,3008.6045259409116,40.81542802006454,3036.0,35.26560993071225,,,,,
2025-10-13T12:05:00.000000,3009.8,3010.9,3009.1,3010.45,193,TCS,NaN,3007.477483896366,3008.7722963099195,41.760951795598125,3036.0,33.92895124864843,,,,,
2025-10-13T12:10:00.000000,3010.45,3011.0,3009.65,3010.6,382,TCS,NaN,3008.1019871170924,3008.938451190836,42.64253476719927,3036.0,32.65502648932972,,,,,
2025-10-13T12:15:00.000000,3010.6,3010.6,3008.0,3009.1,628,TCS,NaN,3008.301589693674,3008.9531374462144,43.16539876462806,3036.0,31.863572238448,,,,,
2025-10-13T12:20:00.000000,3009.1,3011.0,3006.7,3011.0,590,TCS,NaN,3008.841271754939,3009.139215860195,43.99222052793273,3036.0,31.422812208172775,,,,,
2025-10-13T12:25:00.000000,3011.0,3014.0,3011.0,3011.25,662,TCS,NaN,3009.3230174039513,3009.3311053274497,44.786367197282814,3036.0,29.977125051674285,,,,,
2025-10-13T12:30:00.000000,3011.25,3012.95,3010.0,3010.75,280,TCS,NaN,3009.608413923161,3009.460095752227,45.39932831651663,3036.0,28.88713382139643,,,,,
2025-10-13T12:35:00.000000,3010.75,3013.7,3010.0,3013.25,378,TCS,NaN,3010.336731138529,3009.8046325020246,46.42945058125804,3036.0,27.619854179717244,,,,,
2025-10-13T12:40:00.000000,3013.25,3013.5,3010.4,3013.5,922,TCS,NaN,3010.9693849108235,3010.1405750018407,47.40693420749099,3036.0,26.443094512443714,,,,,
2025-10-13T12:45:00.000000,3013.5,3013.7,3010.0,3010.0,455,TCS,NaN,3010.775507928659,3010.127795456219,47.52901590999357,3036.0,25.4703175435641,,,,,
2025-10-13T12:50:00.000000,3010.0,3012.05,3010.0,3010.7,347,TCS,NaN,3010.760406342927,3010.1798140511078,47.78368834590619,3036.0,24.56702464389017,,,,,
2025-10-13T12:55:00.000000,3010.7,3013.1,3010.7,3012.95,382,TCS,NaN,3011.1983250743415,3010.4316491373706,48.45368276825131,3036.0,23.289872287818635,,,,,
2025-10-13T13:00:00.000000,3012.9,3012.9,3010.0,3011.0,542,TCS,NaN,3011.1586600594733,3010.48331739761,48.644183687264956,3036.0,22.35446749996339,,,,,
2025-10-13T13:05:00.000000,3011.0,3012.0,3010.45,3012.0,478,TCS,NaN,3011.326928047579,3010.6211976341906,49.015291159542066,3036.0,21.485877339812095,,,,,
2025-10-13T13:10:00.000000,3012.0,3014.0,3011.0,3013.85,464,TCS,NaN,3011.831542438063,3010.9147251219915,49.70098265531833,3036.0,20.094753096112015,,,,,
2025-10-13T13:15:00.000000,3013.85,3016.8,3012.85,3013.0,6522,TCS,NaN,3012.0652339504504,3011.104295565447,50.12384770225354,3036.0,19.804509990778815,,,,,
2025-10-13T13:20:00.000000,3013.0,3015.1,3011.85,3012.1,946,TCS,NaN,3012.0721871603605,3011.1948141504063,50.29827735236362,3036.0,19.102671987087213,,,,,
2025-10-13T13:25:00.000000,3012.1,3013.5,3010.05,3011.65,412,TCS,NaN,3011.9877497282882,3011.2361946821875,50.35082062267194,3036.0,17.746814358197234,,,,,
2025-10-13T13:30:00.000000,3011.65,3013.15,3010.2,3010.2,326,TCS,NaN,3011.6301997826304,3011.141995165625,50.0654034957453,3036.0,16.4878037027994,,,,,
2025-10-13T13:35:00.000000,3010.2,3011.35,3008.25,3008.45,575,TCS,NaN,3010.9941598261044,3010.8972683323864,49.43722489043893,3036.0,16.05670452156392,,,,,
2025-10-13T13:40:00.000000,3008.45,3010.5,3008.2,3010.3,860,TCS,NaN,3010.8553278608833,3010.84297121126,49.32871298310597,3036.0,15.674616336920323,,,,,
2025-10-13T13:45:00.000000,3010.3,3011.65,3008.45,3011.65,1242,TCS,NaN,3011.0142622887065,3010.916337464782,49.54025310596636,3036.0,14.798704231255332,,,,,
2025-10-13T13:50:00.000000,3011.65,3011.95,3004.2,3004.5,1346,TCS,NaN,3009.7114098309653,3010.3330340588927,48.43536521815499,3036.0,15.418872070938033,,,,,
2025-10-13T13:55:00.000000,3004.5,3005.7,3001.65,3002.25,573,TCS,NaN,3008.2191278647724,3009.5982127808115,47.138949181046584,3036.0,16.641692821795097,,,,,
2025-10-13T14:00:00.000000,3002.25,3006.6,3002.25,3005.8,478,TCS,NaN,3007.735302291818,3009.2529207098287,46.726161057083196,3036.0,17.369583872666876,,,,,
2025-10-13T14:05:00.000000,3005.8,3006.95,3005.3,3006.0,366,TCS,NaN,3007.3882418334542,3008.9572006452986,46.39285984697928,3036.0,17.885026806982495,,,,,
2025-10-13T14:10:00.000000,3006.0,3006.75,3003.8,3004.0,547,TCS,NaN,3006.7105934667634,3008.5065460411806,45.788384157386666,3036.0,18.77071612376509,,,,,
2025-10-13T14:15:00.000000,3004.0,3004.5,3002.3,3002.65,420,TCS,NaN,3005.8984747734107,3007.97413276471,45.04783939587832,3036.0,19.967893497604454,,,,,
2025-10-13T14:20:00.000000,3002.65,3006.6,3001.0,3003.8,5563,TCS,NaN,3005.4787798187285,3007.594666149736,44.64055525009554,3036.0,20.093071432804372,,,,,
2025-10-13T14:25:00.000000,3003.8,3009.0,3001.65,3008.4,6032,TCS,NaN,3006.063023854983,3007.667878317942,45.17949765619238,3036.0,19.240409256824684,,,,,
2025-10-13T14:30:00.000000,3008.4,3011.6,3007.9,3009.5,1569,TCS,NaN,3006.7504190839863,3007.8344348344926,45.85540620313708,3036.0,18.172385957683968,,,,,
2025-10-13T14:35:00.000000,3009.5,3009.5,3005.4,3007.4,809,TCS,NaN,3006.880335267189,3007.7949407586298,46.09054022261084,3036.0,17.361078677714183,,,,,
2025-10-13T14:40:00.000000,3007.4,3007.95,3005.3,3006.75,425,TCS,NaN,3006.8542682137513,3007.6999461442088,46.19014969963797,3036.0,16.638106477314253,,,,,
2025-10-13T14:45:00.000000,3006.75,3008.55,3006.75,3007.0,272,TCS,NaN,3006.883414571001,3007.6363146765534,46.33101642663318,3036.0,15.74730852234735,,,,,
2025-10-13T14:50:00.000000,3007.0,3009.45,3006.0,3008.55,5015,TCS,NaN,3007.216731656801,3007.719376978685,46.77271733690788,3036.0,14.653994966056018,,,,,
2025-10-13T14:55:00.000000,3008.55,3008.55,3005.95,3006.65,4183,TCS,NaN,3007.1033853254407,3007.6221608897135,46.799353294535095,3036.0,13.619838035383918,,,,,
2025-10-13T15:00:00.000000,3006.65,3008.55,3005.15,3006.65,2178,TCS,NaN,3007.0127082603526,3007.5337826270124,46.82345249429305,3036.0,12.945718950053736,,,,,
2025-10-13T15:05:00.000000,3006.65,3007.5,3004.0,3005.75,707,TCS,NaN,3006.760166608282,3007.371620570011,46.66375300109832,3036.0,12.751595115769002,,,,,
2025-10-13T15:10:00.000000,3005.75,3005.95,3004.05,3005.3,794,TCS,NaN,3006.4681332866257,3007.1832914272827,46.42749035161547,3036.0,12.571337269647461,,,,,
2025-10-13T15:15:00.000000,3005.3,3009.35,3005.3,3008.2,1575,TCS,NaN,3006.8145066293005,3007.275719479348,46.89958517423947,3036.0,12.343252088440126,,,,,
2025-10-13T15:20:00.000000,3008.2,3010.65,3008.2,3009.05,1008,TCS,NaN,3007.2616053034403,3007.4370177084984,47.50789892655832,3036.0,12.573188950641368,,,,,
2025-10-13T15:25:00.000000,3009.05,3011.0,3005.0,3009.0,3286,TCS,NaN,3007.6092842427524,3007.5791070077257,48.04572880817427,3036.0,11.828004006667273,,,,,
2025-10-14T09:15:00.000000,3010.05,3027.0,3010.05,3018.1,8930,TCS,NaN,3009.707427394202,3008.5355518252054,49.98875591106694,3027.0,14.128038919133376,,,,,
2025-10-14T09:20:00.000000,3018.1,3018.55,3010.05,3017.0,3182,TCS,NaN,3011.1659419153616,3009.305047113823,51.48100111173301,3027.0,16.263785623566182,,,,,
2025-10-14T09:25:00.000000,3017.0,3017.65,3012.0,3015.4,3029,TCS,NaN,3012.0127535322895,3009.8591337398393,52.45581011961881,3027.0,18.246978991968078,,,,,
2025-10-14T09:30:00.000000,3015.4,3017.15,3013.0,3014.25,5785,TCS,NaN,3012.4602028258314,3010.258303399854,53.076830117197595,3027.0,20.08851569119841,,,,,
2025-10-14T09:35:00.000000,3014.25,3015.8,3011.0,3011.0,1525,TCS,NaN,3012.168162260665,3010.3257303635037,52.97010872011894,3027.0,21.07188856038777,,,,,
2025-10-14T09:40:00.000000,3011.0,3012.0,3007.15,3007.15,3139,TCS,NaN,3011.1645298085323,3010.0370276031854,52.22119300933149,3027.0,20.763867197256875,,,,,
2025-10-14T09:45:00.000000,3007.15,3010.2,3005.15,3008.2,1234,TCS,NaN,3010.571623846826,3009.870025093805,51.73848987427895,3027.0,19.92167815075996,,,,,
2025-10-14T09:50:00.000000,3008.2,3008.25,3000.3,3003.3,2556,TCS,NaN,3009.1172990774608,3009.2727500852775,50.593185736360844,3027.0,19.012285514934216,,,,,
2025-10-14T09:55:00.000000,3003.3,3004.4,3001.3,3002.0,1373,TCS,NaN,3007.6938392619686,3008.6115909866157,49.39380741206324,3027.0,18.167849495953174,,,,,
2025-10-14T10:00:00.000000,3002.0,3006.0,2996.4,3000.5,8414,TCS,NaN,3006.255071409575,3007.874173624196,48.124538121040345,3027.0,18.365275779502156,,,,,
2025-10-14T10:05:00.000000,3000.5,3001.6,2998.75,2999.25,1665,TCS,NaN,3004.85405712766,3007.090157840178,46.82617186813928,3027.0,18.54860018565478,,,,,
2025-10-14T10:10:00.000000,2999.25,3001.35,2997.65,2997.65,487,TCS,NaN,3003.413245702128,3006.231961672889,45.464969787669006,3027.0,18.928461867203882,,,,,
2025-10-14T10:15:00.000000,2997.65,2999.85,2992.0,2995.75,978,TCS,NaN,3001.880596561702,3005.279056066263,44.02368029427248,3027.0,20.207529120170104,,,,,
2025-10-14T10:20:00.000000,2995.95,2996.95,2993.25,2995.5,1169,TCS,NaN,3000.6044772493615,3004.39005096933,42.69221302622917,3027.0,21.39523442649588,,,,,
2025-10-14T10:25:00.000000,2995.25,2997.0,2995.0,2995.2,529,TCS,NaN,2999.523581799489,3003.5545917903,41.45284977471588,3027.0,22.481045735536842,,,,,
2025-10-14T10:30:00.000000,2996.75,2997.0,2993.5,2994.45,703,TCS,NaN,2998.5088654395913,3002.7269016275454,40.24214322882178,3027.0,23.731025239499584,,,,,
2025-10-14T10:35:00.000000,2994.45,2995.45,2993.0,2995.0,687,TCS,NaN,2997.807092351673,3002.024456025041,39.31209028073847,3027.0,24.972318157736897,,,,,
2025-10-14T10:40:00.000000,2995.0,2996.45,2988.0,2989.3,2316,TCS,NaN,2996.1056738813386,3000.867687295492,37.850088608420755,3027.0,26.83320789854432,,,,,
2025-10-14T10:45:00.000000,2989.3,2992.4,2989.05,2990.5,1080,TCS,NaN,2994.984539105071,2999.9251702686292,36.86210874253394,3027.0,28.561176943579785,,,,,
2025-10-14T10:50:00.000000,2990.5,2991.4,2987.15,2987.9,953,TCS,NaN,2993.5676312840565,2998.8319729714813,35.713436529963495,3027.0,30.407370192083256,,,,,
2025-10-14T10:55:00.000000,2987.9,2989.15,2981.15,2982.2,1545,TCS,NaN,2991.294105027245,2997.3199754286193,34.23268074365035,3027.0,32.74119677159691,,,,,
2025-10-14T11:00:00.000000,2982.2,2984.55,2980.2,2981.0,1052,TCS,NaN,2989.2352840217964,2995.8363412987446,32.8148733354228,3027.0,34.991172626147055,,,,,
2025-10-14T11:05:00.000000,2981.0,2982.75,2980.2,2981.95,718,TCS,NaN,2987.7782272174372,2994.5739466352225,31.789410419012377,3027.0,37.08043591965791,,,,,
2025-10-14T11:10:00.000000,2981.95,2982.65,2975.25,2979.15,1753,TCS,NaN,2986.05258177395,2993.171769668384,30.659805189594405,3027.0,39.42802584352173,,,,,
2025-10-14T11:15:00.000000,2979.1,2979.1,2971.4,2972.45,2005,TCS,NaN,2983.33206541916,2991.2879724258037,29.26103190904853,3027.0,41.86101042647317,,,,,
2025-10-14T11:20:00.000000,2973.95,2975.0,2971.0,2972.25,1006,TCS,NaN,2981.115652335328,2989.5572476598213,27.985829466942192,3027.0,44.144863435330926,,,,,
2025-10-14T11:25:00.000000,2972.25,2977.25,2970.5,2976.5,1153,TCS,NaN,2980.1925218682622,2988.370225145292,27.84737757083459,3027.0,45.35790107803162,,,,,
2025-10-14T11:30:00.000000,2976.5,2976.5,2972.1,2975.5,686,TCS,NaN,2979.25401749461,2987.2002046775383,27.64349878980514,3027.0,46.48429317482511,,,,,
2025-10-14T11:35:00.000000,2975.5,2978.0,2975.1,2976.8,1019,TCS,NaN,2978.7632139956877,2986.254731525035,27.75435126049387,3027.0,46.91453202674682,,,,,
2025-10-14T11:40:00.000000,2976.8,2978.05,2976.0,2977.0,2678,TCS,NaN,2978.4105711965503,2985.413392295486,27.90121005214504,3027.0,47.29316007338122,,,,,
2025-10-14T11:45:00.000000,2977.0,2977.15,2975.95,2976.4,13488,TCS,NaN,2978.0084569572405,2984.5939929958963,27.973520029696438,3027.0,47.65177407085982,,,,,
2025-10-14T11:50:00.000000,2976.0,2977.55,2976.0,2976.0,6150,TCS,NaN,2977.6067655657926,2983.8127209053605,27.997059239063187,3027.0,47.795062502412975,,,,,
2025-10-14T11:55:00.000000,2976.0,2977.65,2973.0,2974.4,6787,TCS,NaN,2976.965412452634,2982.957019004873,27.851716210791675,3027.0,48.37203640963482,,,,,
2025-10-14T12:00:00.000000,2974.0,2979.25,2974.0,2979.25,825,TCS,NaN,2977.422329962107,2982.6200172771573,28.898986614435817,3027.0,48.170615430735076,,,,,
2025-10-14T12:05:00.000000,2979.25,2979.25,2970.0,2970.3,1081,TCS,NaN,2975.9978639696856,2981.5000157065065,28.919089749967288,3027.0,48.57197632928343,,,,,
2025-10-14T12:10:00.000000,2970.3,2971.25,2965.3,2969.0,1537,TCS,NaN,2974.5982911757483,2980.3636506422786,28.832672641746395,3027.0,49.47503554768597,,,,,
2025-10-14T12:15:00.000000,2968.9,2971.1,2968.9,2970.4,287,TCS,NaN,2973.7586329405985,2979.457864220253,29.04192281549575,3027.0,50.313590536202604,,,,,
2025-10-14T12:20:00.000000,2970.4,2971.1,2966.55,2968.95,633,TCS,NaN,2972.796906352479,2978.5026038365936,29.099225374447563,3027.0,51.328379500223086,,,,,
2025-10-14T12:25:00.000000,2968.95,2968.95,2961.0,2961.0,1363,TCS,NaN,2970.437525081983,2976.911458033267,28.561815695706258,3027.0,52.722185070167264,,,,,
2025-10-14T12:30:00.000000,2961.0,2966.6,2961.0,2966.0,1730,TCS,NaN,2969.5500200655865,2975.91950730297,28.978495045502253,3027.0,54.01643309940114,,,,,
2025-10-14T12:35:00.000000,2966.0,2967.7,2963.05,2963.25,3454,TCS,NaN,2968.290016052469,2974.767733911791,29.141093562182167,3027.0,54.73815294200285,,,,,
2025-10-14T12:40:00.000000,2963.2,2967.75,2962.5,2963.6,16467,TCS,NaN,2967.3520128419755,2973.7524853743553,29.34947375426241,3027.0,55.46148547976817,,,,,
2025-10-14T12:45:00.000000,2963.6,2967.35,2962.5,2966.1,594,TCS,NaN,2967.1016102735803,2973.0568048857776,29.973807936264556,3027.0,56.13315140769312,,,,,
2025-10-14T12:50:00.000000,2966.75,2968.05,2961.1,2962.75,1251,TCS,NaN,2966.2312882188644,2972.119822623434,30.238707102478642,3027.0,56.90166360174224,,,,,
2025-10-14T12:55:00.000000,2962.75,2963.2,2958.3,2960.85,1482,TCS,NaN,2965.1550305750916,2971.095293294031,30.319729210003747,3027.0,57.876713910277076,,,,,
2025-10-14T13:00:00.000000,2960.85,2961.3,2958.2,2960.8,1401,TCS,NaN,2964.2840244600734,2970.159357540028,30.388773610390675,3027.0,58.791023387489886,,,,,
2025-10-14T13:05:00.000000,2960.8,2963.25,2958.0,2958.1,483,TCS,NaN,2963.0472195680586,2969.0630523091163,30.222898306130116,3027.0,58.644584513436875,,,,,
2025-10-14T13:10:00.000000,2958.1,2960.8,2957.1,2958.4,224,TCS,NaN,2962.117775654447,2968.0936839173783,30.1350451158033,3027.0,58.629118336104284,,,,,
2025-10-14T13:15:00.000000,2958.4,2962.25,2958.4,2961.45,707,TCS,NaN,2961.9842205235577,2967.489712652162,30.66908979699696,3027.0,57.897522994668876,,,,,
2025-10-14T13:20:00.000000,2961.45,2962.1,2959.55,2961.6,317,TCS,NaN,2961.907376418846,2966.954284229238,31.18166505075875,3027.0,57.218184463336,,,,,
2025-10-14T13:25:00.000000,2961.6,2962.5,2960.9,2961.4,103,TCS,NaN,2961.805901135077,2966.4493492993074,31.62190766387815,3027.0,56.376717476609265,,,,,
2025-10-14T13:30:00.000000,2961.4,2965.5,2961.4,2964.0,603,TCS,NaN,2962.2447209080615,2966.2266811811887,32.555171341821236,3027.0,54.158412245736265,,,,,
2025-10-14T13:35:00.000000,2964.0,2965.0,2960.25,2964.0,518,TCS,NaN,2962.595776726449,2966.0242556192625,33.399552764722124,3027.0,52.386700853237905,,,,,
2025-10-14T13:40:00.000000,2964.0,2966.0,2963.9,2965.1,242,TCS,NaN,2963.0966213811594,2965.940232381148,34.39317356795075,3027.0,50.29665905750598,,,,,
2025-10-14T13:45:00.000000,2965.1,2966.5,2961.75,2964.6,467,TCS,NaN,2963.3972971049275,2965.8183930737705,35.2097057758347,3027.0,48.906664587711404,,,,,
2025-10-14T13:50:00.000000,2964.6,2966.0,2961.0,2961.0,812,TCS,NaN,2962.917837683942,2965.3803573397913,35.40497659984021,3027.0,47.7953468880147,,,,,
2025-10-14T13:55:00.000000,2961.0,2962.85,2960.9,2962.85,264,TCS,NaN,2962.9042701471535,2965.150324854356,35.990777754567596,3027.0,46.78810367510119,,,,,
2025-10-14T14:00:00.000000,2962.85,2963.6,2960.1,2963.6,414,TCS,NaN,2963.0434161177227,2965.0093862312324,36.68234956298618,3027.0,46.055403061125574,,,,,
2025-10-14T14:05:00.000000,2963.6,2966.8,2963.3,2964.9,500,TCS,NaN,2963.414732894178,2964.999442028393,37.585834290892855,3027.0,43.85762980997362,,,,,
2025-10-14T14:10:00.000000,2964.9,2965.45,2958.3,2961.8,914,TCS,NaN,2963.0917863153427,2964.7085836621754,37.89057893100151,3027.0,43.07238536198247,,,,,
2025-10-14T14:15:00.000000,2961.8,2964.65,2958.8,2958.8,1345,TCS,NaN,2962.233429052274,2964.171439692887,37.745424855300456,3027.0,42.34322980313355,,,,,
2025-10-14T14:20:00.000000,2958.8,2965.9,2958.8,2965.75,276,TCS,NaN,2962.9367432418194,2964.3149451753516,38.90372799740577,3027.0,41.127607477980064,,,,,
2025-10-14T14:25:00.000000,2965.75,2966.9,2964.0,2966.25,201,TCS,NaN,2963.5993945934556,2964.4908592503198,40.02909498797508,3027.0,39.58156350955157,,,,,
2025-10-14T14:30:00.000000,2966.25,2968.0,2965.95,2967.0,641,TCS,NaN,2964.2795156747643,2964.718962954836,41.16711312321561,3027.0,37.69936624532611,,,,,
2025-10-14T14:35:00.000000,2967.0,2969.95,2965.95,2965.95,332,TCS,NaN,2964.6136125398116,2964.8308754134873,42.01325434035287,3027.0,35.21703485220937,,,,,
2025-10-14T14:40:00.000000,2965.95,2967.75,2964.0,2966.5,556,TCS,NaN,2964.990890031849,2964.9826140122614,42.87624071100796,3027.0,33.529659540264724,,,,,
2025-10-14T14:45:00.000000,2966.5,2968.15,2960.15,2963.0,444,TCS,NaN,2964.592712025479,2964.802376374783,43.05831830927893,3027.0,32.968541211836865,,,,,
2025-10-14T14:50:00.000000,2963.0,2963.5,2960.95,2962.2,531,TCS,NaN,2964.114169620383,2964.565796704348,43.09761855669286,3027.0,32.44750276401099,,,,,
2025-10-14T14:55:00.000000,2962.2,2965.65,2961.0,2964.35,2246,TCS,NaN,2964.1613356963067,2964.5461788221346,43.55544838653457,3027.0,31.124305998439063,,,,,
2025-10-14T15:00:00.000000,2964.35,2965.05,2961.0,2961.0,1531,TCS,NaN,2963.5290685570453,2964.2237989292134,43.43904350082239,3027.0,29.89562328755084,,,,,
2025-10-14T15:05:00.000000,2961.6,2965.0,2958.85,2959.85,2183,TCS,NaN,2962.793254845636,2963.8261808447396,43.16751767549003,3027.0,29.356229771860004,,,,,
2025-10-14T15:10:00.000000,2959.85,2960.9,2957.0,2959.5,908,TCS,NaN,2962.1346038765087,2963.432891677036,42.870317609747275,3027.0,29.31643701258826,,,,,
2025-10-14T15:15:00.000000,2959.5,2962.0,2957.0,2960.4,2826,TCS,NaN,2961.7876831012068,2963.157174251851,42.80471451354573,3027.0,28.81455213054911,,,,,
2025-10-14T15:20:00.000000,2960.4,2961.9,2957.7,2959.9,978,TCS,NaN,2961.4101464809655,2962.8610675016826,42.661569896259515,3027.0,28.348516168655614,,,,,
2025-10-14T15:25:00.000000,2959.9,2960.15,2957.2,2959.0,1382,TCS,NaN,2960.9281171847724,2962.510061365166,42.3792032542653,3027.0,28.059808600380368,,,,,
2025-10-15T09:15:00.000000,2974.95,2974.95,2962.05,2969.0,3768,TCS,NaN,2962.542493747818,2963.1000557865145,43.94661686012045,2979.9,28.339025825082295,,,,,
2025-10-15T09:20:00.000000,2969.0,2975.0,2965.1,2969.1,3046,TCS,NaN,2963.853994998254,2963.645505260468,45.37810750188031,2979.9,28.606289625873952,,,,,
2025-10-15T09:25:00.000000,2969.1,2979.9,2969.1,2975.4,11085,TCS,NaN,2966.1631959986034,2964.7140956913345,47.406717303587726,2979.9,29.571892057441772,,,,,
2025-10-15T09:30:00.000000,2975.4,2975.4,2969.05,2969.25,5440,TCS,NaN,2966.7805567988826,2965.126450628486,48.195412513653395,2979.9,30.452052308629657,,,,,
2025-10-15T09:35:00.000000,2969.25,2971.9,2961.0,2964.9,1707,TCS,NaN,2966.404445439106,2965.1058642077146,48.31738282403397,2979.9,29.044182058230852,,,,,
2025-10-15T09:40:00.000000,2964.9,2969.45,2963.3,2966.55,829,TCS,NaN,2966.433556351285,2965.2371492797406,48.63743729401642,2979.9,27.73687396857482,,,,,
2025-10-15T09:45:00.000000,2966.55,2968.65,2962.5,2964.75,2484,TCS,NaN,2966.096845081028,2965.1928629815825,48.68729505370206,2979.9,26.327727030915533,,,,,
2025-10-15T09:50:00.000000,2964.75,2965.2,2954.95,2960.95,10081,TCS,NaN,2965.067476064822,2964.807148165075,48.26564088209426,2979.9,25.422190199391085,,,,,
2025-10-15T09:55:00.000000,2959.45,2964.1,2957.0,2957.1,2345,TCS,NaN,2963.4739808518575,2964.1064983318865,47.47061527833592,2979.9,24.581334570118383,,,,,
2025-10-15T10:00:00.000000,2957.1,2958.6,2952.45,2952.8,3001,TCS,NaN,2961.339184681486,2963.0786348471697,46.350057571591755,2979.9,24.55873748339547,,,,,
2025-10-15T10:05:00.000000,2952.8,2957.05,2952.6,2957.0,2004,TCS,NaN,2960.4713477451887,2962.526031679245,45.94810331633261,2979.9,24.537754474295618,,,,,
2025-10-15T10:10:00.000000,2957.0,2959.9,2955.5,2956.95,956,TCS,NaN,2959.767078196151,2962.0191197084046,45.57929677046055,2979.9,23.790616025467234,,,,,
2025-10-15T10:15:00.000000,2956.95,2958.8,2953.0,2955.05,7553,TCS,NaN,2958.8236625569207,2961.385563371277,45.04623806595328,2979.9,23.537975028932948,,,,,
2025-10-15T10:20:00.000000,2955.05,2958.6,2955.0,2958.4,810,TCS,NaN,2958.7389300455366,2961.1141485193425,45.05734153395816,2979.9,23.303379817865395,,,,,
2025-10-15T10:25:00.000000,2958.4,2960.7,2953.3,2954.7,10939,TCS,NaN,2957.931144036429,2960.531044108493,44.666897936412894,2979.9,22.523438759084776,,,,,
2025-10-15T10:30:00.000000,2954.7,2955.3,2952.4,2952.6,1062,TCS,NaN,2956.864915229143,2959.81004009863,44.103596029054295,2979.9,21.982686111510183,,,,,
2025-10-15T10:35:00.000000,2952.6,2958.1,2952.35,2956.75,902,TCS,NaN,2956.8419321833144,2959.531854635118,44.19367673844944,2979.9,20.74616242862766,,,,,
2025-10-15T10:40:00.000000,2956.75,2958.8,2955.0,2956.05,1173,TCS,NaN,2956.6835457466514,2959.215322395562,44.19651781813896,2979.9,19.422157769518613,,,,,
2025-10-15T10:45:00.000000,2956.05,2956.9,2953.0,2954.7,916,TCS,NaN,2956.286836597321,2958.80483854142,44.04459458827195,2979.9,18.664000251272856,,,,,
2025-10-15T10:50:00.000000,2954.7,2956.6,2952.05,2954.4,1421,TCS,NaN,2955.9094692778567,2958.404398674018,43.871833537420855,2979.9,18.17730693533046,,,,,
2025-10-15T10:55:00.000000,2954.4,2956.6,2953.35,2956.6,1577,TCS,NaN,2956.0475754222853,2958.2403624309254,44.069321452188596,2979.9,17.725377427669663,,,,,
2025-10-15T11:00:00.000000,2956.6,2958.95,2953.2,2955.8,7292,TCS,NaN,2955.998060337828,2958.0185113008415,44.14051596798481,2979.9,16.607853946281185,,,,,
2025-10-15T11:05:00.000000,2955.8,2955.8,2952.5,2952.5,1250,TCS,NaN,2955.2984482702623,2957.5168284553106,43.78499990316427,2979.9,15.760798110416536,,,,,
2025-10-15T11:10:00.000000,2952.5,2954.1,2951.6,2953.1,1139,TCS,NaN,2954.85875861621,2957.115298595737,43.57060843849477,2979.9,15.221682147649654,,,,,
2025-10-15T11:15:00.000000,2953.1,2954.35,2952.0,2954.0,1898,TCS,NaN,2954.687006892968,2956.832089632488,43.54159956803076,2979.9,14.637887277354624,,,,,
2025-10-15T11:20:00.000000,2954.0,2956.95,2953.0,2956.8,14120,TCS,NaN,2955.1096055143744,2956.829172393171,44.0032512757292,2979.9,13.911380047623567,,,,,
2025-10-15T11:25:00.000000,2956.8,2959.9,2955.35,2958.2,942,TCS,NaN,2955.7276844114995,2956.953793084701,44.648846598838006,2979.9,14.029493706260729,,,,,
2025-10-15T11:30:00.000000,2958.2,2960.25,2958.0,2960.1,6959,TCS,NaN,2956.6021475291996,2957.239811895183,45.530451188393954,2979.9,14.227381920467684,,,,,
2025-10-15T11:35:00.000000,2960.1,2962.5,2960.0,2960.45,6340,TCS,NaN,2957.37171802336,2957.531647177439,46.38267771719969,2979.9,14.957566044058513,,,,,
2025-10-15T11:40:00.000000,2960.45,2962.95,2960.05,2961.4,1627,TCS,NaN,2958.177374418688,2957.8833156158535,47.30578387048683,2979.9,15.74039001303417,,,,,
2025-10-15T11:45:00.000000,2961.4,2961.6,2957.1,2960.0,5623,TCS,NaN,2958.5418995349505,2958.075741468958,47.8594008063697,2979.9,15.382895886414714,,,,,
2025-10-15T11:50:00.000000,2960.0,2962.05,2960.0,2961.95,2525,TCS,NaN,2959.2235196279603,2958.427946789962,48.68752421721549,2979.9,15.174771631919596,,,,,
2025-10-15T11:55:00.000000,2961.95,2964.3,2961.1,2963.0,5161,TCS,NaN,2959.978815702368,2958.8435879908743,49.60545844300541,2979.9,15.573459157891028,,,,,
2025-10-15T12:00:00.000000,2963.0,2968.4,2963.0,2967.65,1032,TCS,NaN,2961.5130525618947,2959.644170900795,51.08203427865639,2979.9,16.830541712647264,,,,,
2025-10-15T12:05:00.000000,2967.65,2972.85,2966.5,2972.2,3620,TCS,NaN,2963.6504420495157,2960.7856099098135,52.90450897681247,2979.9,18.736715905737388,,,,,
2025-10-15T12:10:00.000000,2972.05,2974.3,2972.0,2972.7,5974,TCS,NaN,2965.4603536396125,2961.8687362816486,54.60172435469299,2979.9,20.714589763375987,,,,,
2025-10-15T12:15:00.000000,2972.0,2974.3,2972.0,2972.9,5287,TCS,NaN,2966.94828291169,2962.8715784378624,56.15760706893388,2979.9,22.55118691689754,,,,,
2025-10-15T12:20:00.000000,2972.9,2972.9,2970.0,2970.65,4440,TCS,NaN,2967.6886263293522,2963.578707670784,57.017482523599504,2979.9,23.4602532947535,,,,,
2025-10-15T12:25:00.000000,2970.65,2973.0,2969.05,2970.85,1498,TCS,NaN,2968.320901063482,2964.2397342461672,57.82100305693683,2979.9,23.942149737087828,,,,,
2025-10-15T12:30:00.000000,2970.85,2972.2,2970.0,2970.8,834,TCS,NaN,2968.8167208507857,2964.83612204197,58.535097504071345,2979.9,24.3896250049697,,,,,
2025-10-15T12:35:00.000000,2970.8,2972.0,2970.1,2971.9,1051,TCS,NaN,2969.4333766806285,2965.4782927654273,59.3355564275351,2979.9,24.80513775371716,,,,,
2025-10-15T12:40:00.000000,2971.9,2974.4,2970.25,2972.75,1733,TCS,NaN,2970.096701344503,2966.1393570594796,60.177656975305915,2979.9,25.71828170566967,,,,,
2025-10-15T12:45:00.000000,2972.75,2973.75,2971.45,2972.7,272,TCS,NaN,2970.6173610756023,2966.7357791449813,60.92419470136604,2979.9,26.56620108962557,,,,,
2025-10-15T12:50:00.000000,2971.55,2975.0,2970.85,2975.0,1001,TCS,NaN,2971.493888860482,2967.487071949983,61.91920258510293,2979.9,27.621276742912553,,,,,
2025-10-15T12:55:00.000000,2974.85,2976.15,2973.85,2974.05,2100,TCS,NaN,2972.0051110883855,2968.083701772712,62.51638364878846,2979.9,28.83630904738172,,,,,
2025-10-15T13:00:00.000000,2974.05,2975.35,2970.0,2971.0,1583,TCS,NaN,2971.8040888707083,2968.348819793375,62.18928330946422,2979.9,28.225030057735882,,,,,
2025-10-15T13:05:00.000000,2971.0,2972.55,2969.05,2970.75,4533,TCS,NaN,2971.5932710965667,2968.567108903068,61.82776720574104,2979.9,27.289461424750417,,,,,
2025-10-15T13:10:00.000000,2970.75,2970.8,2966.75,2969.55,4120,TCS,NaN,2971.1846168772536,2968.656462639153,61.184725544139575,2979.9,25.594688669818826,,,,,
2025-10-15T13:15:00.000000,2969.55,2971.2,2967.45,2968.8,2436,TCS,NaN,2970.707693501803,2968.669511490139,60.409733257555196,2979.9,24.1481708360395,,,,,
2025-10-15T13:20:00.000000,2969.0,2971.1,2968.95,2969.5,1193,TCS,NaN,2970.4661548014424,2968.745010445581,59.868183369313726,2979.9,22.804975704672984,,,,,
2025-10-15T13:25:00.000000,2969.5,2972.0,2967.7,2970.6,8671,TCS,NaN,2970.4929238411537,2968.913645859619,59.62387349572576,2979.9,21.266365814242707,,,,,
2025-10-15T13:30:00.000000,2970.6,2970.6,2968.0,2968.0,788,TCS,NaN,2969.994339072923,2968.830587145108,58.71164073385989,2979.9,19.837656630271738,,,,,
2025-10-15T13:35:00.000000,2968.0,2970.2,2968.0,2970.1,691,TCS,NaN,2970.0154712583385,2968.9459883137347,58.35839329895029,2979.9,18.51099810229869,,,,,
2025-10-15T13:40:00.000000,2970.1,2970.1,2968.1,2969.8,512,TCS,NaN,2969.9723770066707,2969.0236257397587,57.960019782379135,2979.9,17.27910089775229,,,,,
2025-10-15T13:45:00.000000,2969.8,2970.1,2968.35,2969.9,536,TCS,NaN,2969.9579016053367,2969.1032961270535,57.62301779088796,2979.9,16.13519635067349,,,,,
2025-10-15T13:50:00.000000,2969.9,2970.15,2968.7,2970.1,255,TCS,NaN,2969.9863212842693,2969.1939055700486,57.3677336293395,2979.9,15.046805913339199,,,,,
2025-10-15T13:55:00.000000,2970.1,2970.15,2967.85,2969.7,538,TCS,NaN,2969.929057027415,2969.2399141545898,57.01102108216096,2979.9,14.476279691695936,,,,,
2025-10-15T14:00:00.000000,2969.7,2970.6,2968.7,2970.0,3453,TCS,NaN,2969.943245621932,2969.309012867809,56.77237726913767,2979.9,13.684708552583205,,,,,
2025-10-15T14:05:00.000000,2970.0,2970.75,2968.0,2969.9,1751,TCS,NaN,2969.9345964975455,2969.3627389707353,56.52122354519057,2979.9,13.32395542783107,,,,,
2025-10-15T14:10:00.000000,2969.9,2970.6,2969.0,2970.55,953,TCS,NaN,2970.0576771980363,2969.4706717915774,56.49213596279316,2979.9,12.988970383418376,,,,,
2025-10-15T14:15:00.000000,2970.55,2973.6,2969.0,2973.6,699,TCS,NaN,2970.766141758429,2969.84606526507,57.243432449379846,2979.9,13.092184903810347,,,,,
2025-10-15T14:20:00.000000,2973.6,2975.45,2971.4,2973.1,677,TCS,NaN,2971.232913406743,2970.1418775137,57.727747536684426,2979.9,13.94339964705527,,,,,
2025-10-15T14:25:00.000000,2973.1,2974.45,2971.55,2974.45,1071,TCS,NaN,2971.8763307253944,2970.5335250124544,58.470236422542705,2979.9,14.733813337211268,,,,,
2025-10-15T14:30:00.000000,2974.45,2977.55,2972.45,2973.25,1507,TCS,NaN,2972.1510645803155,2970.7804772840495,58.67339350332539,2979.9,16.505155277694417,,,,,
2025-10-15T14:35:00.000000,2973.25,2973.6,2971.55,2973.2,289,TCS,NaN,2972.3608516642526,2971.0004338945905,58.83781892157185,2979.9,17.58093401811439,,,,,
2025-10-15T14:40:00.000000,2973.2,2974.75,2971.75,2974.75,621,TCS,NaN,2972.838681331402,2971.341303540537,59.36679635389835,2979.9,18.935937867527855,,,,,
2025-10-15T14:45:00.000000,2974.75,2975.65,2967.05,2969.3,1790,TCS,NaN,2972.1309450651215,2971.155730491397,58.15111836545954,2979.9,17.826243327202942,,,,,
2025-10-15T14:50:00.000000,2969.3,2970.1,2965.75,2968.75,305,TCS,NaN,2971.4547560520973,2970.937027719452,56.92184109342749,2979.9,16.80814878743131,,,,,
2025-10-15T14:55:00.000000,2968.75,2970.75,2968.7,2970.75,689,TCS,NaN,2971.3138048416777,2970.920025199502,56.343949936218266,2979.9,15.6115901294359,,,,,
2025-10-15T15:00:00.000000,2970.75,2971.4,2964.3,2969.9,9181,TCS,NaN,2971.0310438733422,2970.827295635911,55.60414758266857,2979.9,15.946618543522296,,,,,
2025-10-15T15:05:00.000000,2969.9,2971.0,2968.4,2969.6,1970,TCS,NaN,2970.744835098674,2970.7157233053736,54.85735488620633,2979.9,16.257716356602522,,,,,
2025-10-15T15:10:00.000000,2969.6,2970.5,2968.4,2968.7,2300,TCS,NaN,2970.335868078939,2970.5324757321578,53.9482821863674,2979.9,16.546592897319876,,,,,
2025-10-15T15:15:00.000000,2968.7,2970.3,2968.65,2970.0,1770,TCS,NaN,2970.268694463151,2970.484068847416,53.51077267414207,2979.9,16.81483539941456,,,,,
2025-10-15T15:20:00.000000,2970.0,2970.85,2968.9,2970.5,2464,TCS,NaN,2970.314955570521,2970.4855171340146,53.25821815803929,2979.9,16.779679619223685,,,,,
2025-10-15T15:25:00.000000,2970.5,2971.2,2965.0,2971.2,2668,TCS,NaN,2970.4919644564166,2970.5504701218315,53.23034618993703,2979.9,17.95233020185676,,,,,
2025-10-16T09:15:00.000000,2969.0,2973.55,2955.4,2966.35,8175,TCS,NaN,2969.663571565133,2970.168609201665,51.98264552705782,2973.55,20.703435765336813,,,,,
2025-10-16T09:20:00.000000,2966.35,2967.35,2956.7,2957.7,6503,TCS,NaN,2967.2708572521065,2969.0350992742406,49.63984485315399,2973.55,23.25803378856829,,,,,
2025-10-16T09:25:00.000000,2957.6,2963.0,2956.75,2960.05,5721,TCS,NaN,2965.826685801685,2968.2182720674914,48.10821304117501,2973.55,25.63016052442609,,,,,
2025-10-16T09:30:00.000000,2960.05,2963.0,2958.6,2961.0,5382,TCS,NaN,2964.861348641348,2967.5620655159014,46.94832830239929,2973.55,27.832849636294043,,,,,
2025-10-16T09:35:00.000000,2961.0,2963.0,2956.5,2956.5,1067,TCS,NaN,2963.1890789130784,2966.556423196274,45.37179947322264,2973.55,30.167278816249485,,,,,
2025-10-16T09:40:00.000000,2956.5,2956.5,2952.75,2956.0,1304,TCS,NaN,2961.7512631304626,2965.596748360249,43.89302492654103,2973.55,32.7627196674264,,,,,
2025-10-16T09:45:00.000000,2956.0,2957.85,2952.75,2955.0,5122,TCS,NaN,2960.40101050437,2964.6334076002263,42.448442700565494,2973.55,34.51229219508633,,,,,
2025-10-16T09:50:00.000000,2955.0,2958.05,2952.0,2956.35,9434,TCS,NaN,2959.590808403496,2963.8803705456603,41.4925609893176,2973.55,36.23507475885226,,,,,
2025-10-16T09:55:00.000000,2956.35,2958.9,2954.65,2955.1,6173,TCS,NaN,2958.692646722797,2963.0821550415094,40.47631065574625,2973.55,37.40687924523743,,,,,
2025-10-16T10:00:00.000000,2955.1,2956.15,2951.6,2954.75,645,TCS,NaN,2957.9041173782375,2962.324686401372,39.51406369146098,2973.55,38.92579657474653,,,,,
2025-10-16T10:05:00.000000,2954.75,2954.75,2952.8,2954.7,490,TCS,NaN,2957.26329390259,2961.6315330921566,38.636987829737556,2973.55,40.3362198092907,,,,,
2025-10-16T10:10:00.000000,2954.7,2955.15,2951.55,2952.65,998,TCS,NaN,2956.340635122072,2960.8150300837788,37.583973074792084,2973.55,41.81439207484537,,,,,
2025-10-16T10:15:00.000000,2952.65,2953.25,2950.8,2951.2,461,TCS,NaN,2955.3125080976574,2959.940936439799,36.46289743147198,2973.55,43.28598773139742,,,,,
2025-10-16T10:20:00.000000,2951.2,2952.65,2950.4,2952.4,1006,TCS,NaN,2954.730006478126,2959.2553967634535,35.830369337329444,2973.55,44.70621441630185,,,,,
2025-10-16T10:25:00.000000,2952.4,2954.5,2951.3,2953.15,456,TCS,NaN,2954.414005182501,2958.700360694049,35.49263277086871,2973.55,44.96818559223772,,,,,
2025-10-16T10:30:00.000000,2953.15,2954.0,2945.0,2947.55,13273,TCS,NaN,2953.041204146001,2957.6866915400446,34.510383598260816,2973.55,46.131689101857766,,,,,
2025-10-16T10:35:00.000000,2947.55,2948.7,2944.25,2947.1,5961,TCS,NaN,2951.8529633168005,2956.724265036404,33.5768645029434,2973.55,47.29787826462486,,,,,
2025-10-16T10:40:00.000000,2947.1,2948.35,2944.5,2947.6,1114,TCS,NaN,2951.0023706534403,2955.894786396731,32.88910457124422,2973.55,48.38076820148002,,,,,
2025-10-16T10:45:00.000000,2947.65,2955.25,2947.1,2955.0,1227,TCS,NaN,2951.801896522752,2955.8134421788463,34.080003826141976,2973.55,46.501928338397256,,,,,
2025-10-16T10:50:00.000000,2955.0,2957.8,2955.0,2955.4,5604,TCS,NaN,2952.5215172182016,2955.775856526224,35.23458595255813,2973.55,43.9723243108362,,,,,
2025-10-16T10:55:00.000000,2955.4,2958.05,2955.05,2956.8,411,TCS,NaN,2953.3772137745614,2955.8689604783854,36.55036171807459,2973.55,41.54869970609685,,,,,
2025-10-16T11:00:00.000000,2956.8,2958.0,2955.0,2955.1,307,TCS,NaN,2953.721771019649,2955.7990549803503,37.4384523358894,2973.55,39.31119495025901,,,,,
2025-10-16T11:05:00.000000,2955.1,2957.0,2955.1,2956.0,252,TCS,NaN,2954.1774168157194,2955.8173227094094,38.42542122680168,2973.55,37.233511962695296,,,,,
2025-10-16T11:10:00.000000,2956.0,2958.6,2955.55,2957.1,418,TCS,NaN,2954.7619334525757,2955.9339297358265,39.540852789672805,2973.55,34.75422395296489,,,,,
2025-10-16T11:15:00.000000,2957.05,2960.6,2956.9,2960.0,451,TCS,NaN,2955.8095467620606,2956.303572487115,41.0853756154941,2973.55,32.721009280169554,,,,,
2025-10-16T11:20:00.000000,2960.3,2960.3,2952.4,2953.4,1922,TCS,NaN,2955.3276374096486,2956.0396113519228,41.33323671667741,2973.55,31.243280591735736,,,,,
2025-10-16T11:25:00.000000,2953.4,2956.05,2953.4,2955.9,74,TCS,NaN,2955.442109927719,2956.0269194108387,41.99265751905987,2973.55,29.871103952475767,,,,,
2025-10-16T11:30:00.000000,2955.9,2957.55,2955.9,2956.1,100,TCS,NaN,2955.573687942175,2956.0335631007624,42.62348628924209,2973.55,28.09698382376379,,,,,
2025-10-16T11:35:00.000000,2956.1,2956.95,2954.4,2956.15,115,TCS,NaN,2955.68895035374,2956.0441482734204,43.20336549735477,2973.55,26.8772113904629,,,,,
2025-10-16T11:40:00.000000,2956.15,2956.7,2953.95,2954.95,400,TCS,NaN,2955.5411602829918,2955.944680248564,43.514616129946326,2973.55,25.871428055282017,,,,,
2025-10-16T11:45:00.000000,2954.95,2956.65,2954.2,2955.0,479,TCS,NaN,2955.4329282263934,2955.858800225967,43.80672467446258,2973.55,24.937486386899764,,,,,
2025-10-16T11:50:00.000000,2955.0,2956.45,2954.7,2956.3,570,TCS,NaN,2955.606342581115,2955.898909296334,44.34843095105126,2973.55,24.070254837687674,,,,,
2025-10-16T11:55:00.000000,2956.3,2957.0,2955.0,2955.0,305,TCS,NaN,2955.4850740648917,2955.8171902693944,44.577086706168984,2973.55,23.02673362809062,,,,,
2025-10-16T12:00:00.000000,2955.0,2958.0,2955.0,2955.4,807,TCS,NaN,2955.4680592519135,2955.7792638812675,44.875495618939865,2973.55,21.629843905003643,,,,,
2025-10-16T12:05:00.000000,2955.4,2959.0,2955.0,2958.9,594,TCS,NaN,2956.154447401531,2956.0629671647885,45.86931251217584,2973.55,20.248334519591793,,,,,
2025-10-16T12:10:00.000000,2958.9,2961.0,2957.5,2960.65,570,TCS,NaN,2957.0535579212246,2956.4799701498077,47.07740589341557,2973.55,19.71262503587888,,,,,
2025-10-16T12:15:00.000000,2960.65,2962.4,2959.25,2960.8,499,TCS,NaN,2957.8028463369797,2956.872700136189,48.196713159515895,2973.55,19.68055034586442,,,,,
2025-10-16T12:20:00.000000,2960.8,2963.0,2959.4,2963.0,1448,TCS,NaN,2958.842277069584,2957.4297273965353,49.582388573182406,2973.55,19.842893087683507,,,,,
2025-10-16T12:25:00.000000,2963.0,2966.2,2961.15,2963.3,5554,TCS,NaN,2959.7338216556673,2957.963388542305,50.88497375290025,2973.55,20.8890371577426,,,,,
2025-10-16T12:30:00.000000,2963.3,2963.3,2960.0,2961.55,622,TCS,NaN,2960.097057324534,2958.2894441293683,51.583624629560966,2973.55,21.29825786043561,,,,,
2025-10-16T12:35:00.000000,2961.55,2963.5,2960.05,2961.75,7421,TCS,NaN,2960.4276458596273,2958.6040401176074,52.25436559831719,2973.55,21.73507812386094,,,,,
2025-10-16T12:40:00.000000,2961.75,2962.3,2960.15,2962.3,705,TCS,NaN,2960.802116687702,2958.940036470552,52.97134886463607,2973.55,22.14069693989875,,,,,
2025-10-16T12:45:00.000000,2962.3,2962.3,2958.0,2959.35,4035,TCS,NaN,2960.5116933501617,2958.9773058823203,52.828679818662295,2973.55,21.43362140079717,,,,,
2025-10-16T12:50:00.000000,2958.2,2959.4,2954.8,2957.65,3894,TCS,NaN,2959.9393546801293,2958.8566417112,52.310316963067265,2973.55,20.313204486907864,,,,,
2025-10-16T12:55:00.000000,2957.65,2958.5,2955.15,2955.15,25306,TCS,NaN,2958.9814837441036,2958.5196742829094,51.33717202598905,2973.55,19.27281735258208,,,,,
2025-10-16T13:00:00.000000,2955.15,2961.0,2955.15,2958.8,2563,TCS,NaN,2958.9451869952827,2958.5451584390084,51.280671662257696,2973.55,18.443437272952966,,,,,
2025-10-16T13:05:00.000000,2958.8,2959.0,2956.65,2956.65,646,TCS,NaN,2958.4861495962264,2958.3728713081896,50.81118131550126,2973.55,17.673298627583076,,,,,
2025-10-16T13:10:00.000000,2956.65,2964.3,2956.65,2963.0,5549,TCS,NaN,2959.388919676981,2958.7935193710814,51.48954064960171,2973.55,18.525770135939478,,,,,
2025-10-16T13:15:00.000000,2963.0,2964.2,2958.2,2959.0,2074,TCS,NaN,2959.3111357415846,2958.812290337347,51.3984198194833,2973.55,19.317350822270424,,,,,
2025-10-16T13:20:00.000000,2959.0,2964.2,2959.0,2963.95,1586,TCS,NaN,2960.2389085932678,2959.2793548521336,52.00137999483889,2973.55,20.052390031006304,,,,,
2025-10-16T13:25:00.000000,2963.95,2963.95,2959.65,2960.6,324,TCS,NaN,2960.3111268746143,2959.3994135019398,52.019828456354965,2973.55,20.734926439118194,,,,,
2025-10-16T13:30:00.000000,2960.6,2961.0,2959.0,2960.3,242,TCS,NaN,2960.3089014996913,2959.4812850017634,51.99098146018546,2973.55,21.01944258199861,,,,,
2025-10-16T13:35:00.000000,2960.3,2962.4,2960.3,2962.1,65,TCS,NaN,2960.667121199753,2959.719350001603,52.221864666242624,2973.55,21.716332811711887,,,,,
2025-10-16T13:40:00.000000,2962.1,2964.75,2961.6,2963.75,1378,TCS,NaN,2961.2836969598025,2960.08577272873,52.657747042529635,2973.55,22.99135149749202,,,,,
2025-10-16T13:45:00.000000,2963.75,2963.75,2962.0,2962.0,600,TCS,NaN,2961.426957567842,2960.2597933897546,52.74727857588546,2973.55,24.175297420002146,,,,,
2025-10-16T13:50:00.000000,2962.0,2963.15,2962.0,2962.1,587,TCS,NaN,2961.5615660542735,2960.4270848997767,52.84355589863606,2973.55,25.274675776618686,,,,,
2025-10-16T13:55:00.000000,2962.1,2963.6,2961.9,2962.5,571,TCS,NaN,2961.7492528434186,2960.6155317270695,52.99526454669962,2973.55,26.422765908948058,,,,,
2025-10-16T14:00:00.000000,2962.5,2964.0,2962.35,2964.0,202,TCS,NaN,2962.199402274735,2960.9232106609725,53.375208577726234,2973.55,27.603816654416676,,,,,
2025-10-16T14:05:00.000000,2964.0,2968.8,2963.15,2966.8,7294,TCS,NaN,2963.119521819788,2961.4574642372477,54.132993323636306,2973.55,29.767180915966982,,,,,
2025-10-16T14:10:00.000000,2966.8,2969.25,2965.4,2965.95,289,TCS,NaN,2963.6856174558307,2961.865876579316,54.63178975378285,2973.55,31.853471579308824,,,,,
2025-10-16T14:15:00.000000,2965.95,2967.0,2963.0,2964.9,359,TCS,NaN,2963.9284939646645,2962.1417059811965,54.85232125752927,2973.55,32.32766254780871,,,,,
2025-10-16T14:20:00.000000,2964.9,2969.95,2963.85,2969.95,3625,TCS,NaN,2965.1327951717317,2962.851550891997,55.76732922854707,2973.55,33.40811961558807,,,,,
2025-10-16T14:25:00.000000,2969.95,2969.95,2964.75,2968.0,3631,TCS,NaN,2965.7062361373855,2963.319591719997,56.17986454604371,2973.55,34.41140117852605,,,,,
2025-10-16T14:30:00.000000,2968.0,2970.1,2966.15,2970.1,4739,TCS,NaN,2966.5849889099086,2963.9359924727246,56.82958290243526,2973.55,35.37499431884381,,,,,
2025-10-16T14:35:00.000000,2969.75,2971.65,2968.1,2968.1,9080,TCS,NaN,2966.887991127927,2964.314538611568,57.00078287859204,2973.55,36.591998457002944,,,,,
2025-10-16T14:40:00.000000,2968.1,2969.9,2967.65,2967.65,1353,TCS,NaN,2967.0403929023414,2964.617762374153,57.06328753825936,2973.55,37.43510092946274,,,,,
2025-10-16T14:45:00.000000,2967.65,2971.75,2967.65,2969.35,3798,TCS,NaN,2967.502314321873,2965.0479657946844,57.37419193395405,2973.55,38.60320464568738,,,,,
2025-10-16T14:50:00.000000,2969.35,2971.5,2968.5,2970.2,233,TCS,NaN,2968.0418514574985,2965.516332540622,57.77959207988385,2973.55,39.68787238218169,,,,,
2025-10-16T14:55:00.000000,2970.2,2971.0,2968.2,2970.1,1422,TCS,NaN,2968.4534811659987,2965.933029582384,58.12205695980642,2973.55,40.48331864203603,,,,,
2025-10-16T15:00:00.000000,2970.1,2974.2,2967.65,2974.2,61765,TCS,NaN,2969.602784932799,2966.6845723476217,59.000914113361446,2973.55,41.85872455328199,,,,,
2025-10-16T15:05:00.000000,2971.9,2974.3,2968.15,2972.05,49393,TCS,NaN,2970.0922279462393,2967.172338497838,59.28076908872861,2973.55,43.1533258438345,,,,,
2025-10-16T15:10:00.000000,2972.05,2973.3,2967.8,2969.0,77934,TCS,NaN,2969.8737823569913,2967.3384895434892,58.88911895358143,2973.55,44.10010271829341,,,,,
2025-10-16T15:15:00.000000,2969.0,2974.55,2967.85,2968.55,84914,TCS,NaN,2969.609025885593,2967.4486268577175,58.445066695346185,2973.55,45.22568070941278,,,,,
2025-10-16T15:20:00.000000,2968.55,2973.3,2968.05,2970.3,57209,TCS,NaN,2969.7472207084743,2967.707842597925,58.33420477139106,2973.55,46.27086027259505,,,,,
2025-10-16T15:25:00.000000,2970.3,2973.1,2969.45,2973.0,3983,TCS,NaN,2970.3977765667796,2968.1889478162952,58.63996679036083,2973.55,47.24138415269288,,,,,
2025-10-17T09:15:00.000000,2970.85,2974.45,2955.05,2972.9,7327,TCS,NaN,2970.898221253424,2968.6172252875413,58.89336725848326,2977.0,45.670961878942194,,,,,
2025-10-17T09:20:00.000000,2974.4,2974.65,2966.0,2974.05,4514,TCS,NaN,2971.528577002739,2969.111113897765,59.29515338035046,2977.0,44.14202549419751,,,,,
2025-10-17T09:25:00.000000,2974.05,2977.0,2970.0,2972.15,4090,TCS,NaN,2971.652861602191,2969.3873762706953,59.196565244697325,2977.0,41.91555637045595,,,,,
2025-10-17T09:30:00.000000,2972.15,2972.15,2965.0,2966.85,3579,TCS,NaN,2970.692289281753,2969.1567057006323,58.06632847882229,2977.0,40.91957250229474,,,,,
2025-10-17T09:35:00.000000,2966.85,2968.0,2960.85,2962.45,2565,TCS,NaN,2969.0438314254025,2968.547005182393,56.39623572861206,2977.0,40.6815557990444,,,,,
2025-10-17T09:40:00.000000,2963.0,2970.85,2963.0,2970.85,2811,TCS,NaN,2969.4050651403218,2968.75636834763,56.176524556322825,2977.0,39.577435406595136,,,,,
2025-10-17T09:45:00.000000,2970.85,2971.55,2961.7,2961.95,3537,TCS,NaN,2967.914052112257,2968.1376075887547,54.91427059725091,2977.0,38.7779790752017,,,,,
2025-10-17T09:50:00.000000,2961.95,2963.55,2957.9,2963.0,2714,TCS,NaN,2966.9312416898056,2967.6705523534133,53.911167358461604,2977.0,38.636421387468545,,,,,
2025-10-17T09:55:00.000000,2963.0,2967.95,2960.25,2964.6,755,TCS,NaN,2966.4649933518444,2967.3914112303755,53.21682469255104,2977.0,37.256749533243706,,,,,
2025-10-17T10:00:00.000000,2964.55,2966.6,2962.15,2963.5,812,TCS,NaN,2965.8719946814754,2967.0376465730687,52.460109425212096,2977.0,35.975625668606355,,,,,
2025-10-17T10:05:00.000000,2963.5,2973.6,2963.3,2973.0,4455,TCS,NaN,2967.2975957451804,2967.57967870279,52.880906502857655,2977.0,33.65155387144775,,,,,
2025-10-17T10:10:00.000000,2973.0,2975.0,2970.0,2974.65,1641,TCS,NaN,2968.7680765961445,2968.2224351843543,53.418326454286216,2977.0,31.765665244170346,,,,,
2025-10-17T10:15:00.000000,2974.65,2983.65,2971.1,2982.65,5383,TCS,NaN,2971.5444612769156,2969.5340319857764,54.56079813980241,2977.0,31.3922756475366,,,,,
2025-10-17T10:20:00.000000,2982.65,2982.7,2978.0,2978.1,791,TCS,NaN,2972.8555690215326,2970.312756350706,55.01908407337744,2977.0,31.045556736376692,,,,,
2025-10-17T10:25:00.000000,2978.1,2981.3,2978.0,2978.6,1495,TCS,NaN,2974.004455217226,2971.0661421370055,55.47555687593277,2977.0,30.723603461728207,,,,,
2025-10-17T10:30:00.000000,2978.6,2978.6,2972.95,2974.25,562,TCS,NaN,2974.053564173781,2971.355583760914,55.36460372994094,2977.0,29.23450468525341,,,,,
2025-10-17T10:35:00.000000,2973.3,2974.65,2965.0,2965.0,1658,TCS,NaN,2972.242851339025,2970.777803419013,54.36428200118345,2977.0,27.87317089434867,,,,,
2025-10-17T10:40:00.000000,2966.15,2971.0,2965.25,2970.55,970,TCS,NaN,2971.90428107122,2970.7570940172845,53.98993082466899,2977.0,26.6090752313657,,,,,
2025-10-17T10:45:00.000000,2970.55,2977.9,2970.3,2977.3,789,TCS,NaN,2972.983424856976,2971.351903652077,54.203041843085856,2977.0,25.202885149740563,,,,,
2025-10-17T10:50:00.000000,2977.3,2980.0,2975.7,2975.8,1574,TCS,NaN,2973.546739885581,2971.756276047343,54.25012917049056,2977.0,24.21894029943892,,,,,
2025-10-17T10:55:00.000000,2975.75,2983.0,2975.0,2983.0,3123,TCS,NaN,2975.4373919084646,2972.7784327703116,54.824815135498916,2977.0,23.74374437911809,,,,,
2025-10-17T11:00:00.000000,2983.55,2984.8,2980.65,2982.25,2770,TCS,NaN,2976.799913526772,2973.639484336647,55.2664247279488,2977.0,23.55487079744015,,,,,
2025-10-17T11:05:00.000000,2982.25,2983.4,2980.75,2983.0,1419,TCS,NaN,2978.0399308214173,2974.4904403060427,55.721889906650084,2977.0,23.379488185882057,,,,,
2025-10-17T11:10:00.000000,2983.0,2984.4,2981.7,2984.0,2628,TCS,NaN,2979.2319446571337,2975.3549457327663,56.21148908699878,2977.0,23.368091711551756,,,,,
2025-10-17T11:15:00.000000,2983.95,2988.0,2982.7,2987.05,2215,TCS,NaN,2980.795555725707,2976.418132484333,56.88822706087061,2977.0,23.87500445391988,,,,,
2025-10-17T11:20:00.000000,2987.05,2987.25,2983.95,2984.2,1037,TCS,NaN,2981.4764445805654,2977.1255749857573,57.14252838811408,2977.0,24.345709143261704,,,,,
2025-10-17T11:25:00.000000,2985.7,2987.9,2984.4,2987.75,847,TCS,NaN,2982.731155664452,2978.091431805234,57.65670531638651,2977.0,24.879029666914644,,,,,
2025-10-17T11:30:00.000000,2987.75,2987.75,2984.85,2986.2,1619,TCS,NaN,2983.424924531562,2978.8285743683946,57.92225663510228,2977.0,25.374255867449516,,,,,
2025-10-17T11:35:00.000000,2986.2,2987.8,2981.0,2981.85,1355,TCS,NaN,2983.1099396252494,2979.1032494258134,57.63296469206558,2977.0,24.728137734665037,,,,,
2025-10-17T11:40:00.000000,2981.85,2981.95,2972.4,2972.4,2350,TCS,NaN,2980.9679517001996,2978.493863114376,56.44551335963719,2977.0,23.626196803247755,,,,,
2025-10-17T11:45:00.000000,2972.35,2973.1,2968.1,2970.9,5445,TCS,NaN,2978.9543613601595,2977.80351192216,55.244761869236285,2977.0,23.29002809958485,,,,,
2025-10-17T11:50:00.000000,2970.9,2971.05,2960.0,2964.0,2216,TCS,NaN,2975.9634890881275,2976.5486472019634,53.62786582418575,2977.0,24.003246280991963,,,,,
2025-10-17T11:55:00.000000,2964.0,2970.1,2964.0,2968.3,1230,TCS,NaN,2974.430791270502,2975.798770183603,52.626934523477146,2977.0,24.665520306584284,,,,,
2025-10-17T12:00:00.000000,2968.3,2971.1,2968.3,2970.35,297,TCS,NaN,2973.6146330164015,2975.303427439639,51.93140347466862,2977.0,25.04513094837026,,,,,
2025-10-17T12:05:00.000000,2970.35,2971.0,2969.4,2971.0,1103,TCS,NaN,2973.0917064131213,2974.9122067633084,51.37016316873232,2977.0,25.397626544314384,,,,,
2025-10-17T12:10:00.000000,2971.0,2975.0,2970.0,2973.15,626,TCS,NaN,2973.103365130497,2974.752006148462,51.09096721969891,2977.0,24.769663274505227,,,,,
2025-10-17T12:15:00.000000,2973.15,2974.6,2970.0,2972.9,2481,TCS,NaN,2973.0626921043977,2974.5836419531474,50.81280827681515,2977.0,24.18655452396815,,,,,
2025-10-17T12:20:00.000000,2972.9,2980.0,2972.9,2977.8,1177,TCS,NaN,2974.010153683518,2974.876038139225,51.077854185523336,2977.0,22.489488393720638,,,,,
2025-10-17T12:25:00.000000,2977.8,2980.0,2975.7,2978.45,222,TCS,NaN,2974.8981229468145,2975.2009437629317,51.38277307377005,2977.0,20.91364127277652,,,,,
2025-10-17T12:30:00.000000,2979.75,2979.75,2974.35,2975.85,398,TCS,NaN,2975.0884983574515,2975.2599488753926,51.35013271894147,2977.0,19.72540290603391,,,,,
2025-10-17T12:35:00.000000,2975.85,2975.95,2970.0,2972.25,1148,TCS,NaN,2974.5207986859614,2974.986317159448,50.9233665380035,2977.0,19.431009109456266,,,,,
2025-10-17T12:40:00.000000,2972.25,2972.3,2969.0,2971.05,1040,TCS,NaN,2973.826638948769,2974.6284701449526,50.41003250942034,2977.0,19.329197738721763,,,,,
2025-10-17T12:45:00.000000,2970.35,2972.5,2968.5,2969.7,1384,TCS,NaN,2973.001311159015,2974.1804274045026,49.80085457397926,2977.0,19.323050675639518,,,,,
2025-10-17T12:50:00.000000,2969.7,2971.1,2965.0,2965.0,1391,TCS,NaN,2971.4010489272123,2973.3458430950022,48.783496573020415,2977.0,19.906586101869006,,,,,
2025-10-17T12:55:00.000000,2965.0,2966.05,2963.1,2965.25,626,TCS,NaN,2970.1708391417696,2972.609857359093,47.899735670183404,2977.0,20.74030233444274,,,,,
2025-10-17T13:00:00.000000,2965.25,2965.25,2955.3,2955.3,1969,TCS,NaN,2967.1966713134157,2971.036233962812,46.297172654337906,2977.0,22.489233029712636,,,,,
2025-10-17T13:05:00.000000,2957.3,2961.5,2956.8,2959.2,2032,TCS,NaN,2965.5973370507327,2969.960212693465,45.38975082226833,2977.0,24.113240103891826,,,,,
2025-10-17T13:10:00.000000,2958.1,2962.95,2958.0,2959.6,1302,TCS,NaN,2964.397869640586,2969.0183751758773,44.62322348394156,2977.0,25.193576730006786,,,,,
2025-10-17T13:15:00.000000,2959.6,2963.55,2959.6,2960.7,1391,TCS,NaN,2963.6582957124688,2968.2621592507976,44.08539345006818,2977.0,26.017320462552448,,,,,
2025-10-17T13:20:00.000000,2960.7,2965.65,2959.7,2963.85,1182,TCS,NaN,2963.696636569975,2967.8610538643616,44.03158412797789,2977.0,26.160411635687982,,,,,
2025-10-17T13:25:00.000000,2963.85,2971.85,2963.85,2964.65,1438,TCS,NaN,2963.88730925598,2967.569139876692,44.09026990082735,2977.0,24.753770029072477,,,,,
2025-10-17T13:30:00.000000,2964.65,2966.25,2962.2,2963.55,1051,TCS,NaN,2963.819847404784,2967.2037635242655,44.021290760315765,2977.0,23.755125865828497,,,,,
2025-10-17T13:35:00.000000,2962.5,2963.8,2959.6,2962.6,4775,TCS,NaN,2963.575877923827,2966.785239567514,43.851469674403596,2977.0,23.289580073989622,,,,,
2025-10-17T13:40:00.000000,2962.6,2969.4,2962.6,2966.15,5570,TCS,NaN,2964.090702339062,2966.727490515922,44.21902022995881,2977.0,21.652452830081778,,,,,
2025-10-17T13:45:00.000000,2966.15,2970.5,2965.05,2969.2,851,TCS,NaN,2965.1125618712495,2966.9522641053836,44.95292857176291,2977.0,20.291189355857068,,,,,
2025-10-17T13:50:00.000000,2969.2,2969.2,2962.65,2964.8,555,TCS,NaN,2965.0500494969997,2966.756603732167,45.06663512973198,2977.0,19.132051992179193,,,,,
2025-10-17T13:55:00.000000,2964.8,2970.0,2963.0,2969.05,365,TCS,NaN,2965.8500395976,2966.96509430197,45.70160916707609,2977.0,17.886489999287072,,,,,
2025-10-17T14:00:00.000000,2970.0,2971.4,2966.9,2968.8,717,TCS,NaN,2966.44003167808,2967.131903910882,46.24393992149817,2977.0,16.786703615970715,,,,,
2025-10-17T14:05:00.000000,2968.8,2969.4,2966.0,2966.6,799,TCS,NaN,2966.472025342464,2967.083549009893,46.44939119649847,2977.0,15.61256179434719,,,,,
2025-10-17T14:10:00.000000,2967.6,2968.0,2962.0,2962.25,502,TCS,NaN,2965.627620273971,2966.644135463539,46.126445018592925,2977.0,15.355325204740556,,,,,
2025-10-17T14:15:00.000000,2962.25,2966.45,2960.35,2963.45,3800,TCS,NaN,2965.1920962191766,2966.353759512308,46.00644640074608,2977.0,15.427066009130826,,,,,
2025-10-17T14:20:00.000000,2963.45,2967.05,2961.9,2964.95,3841,TCS,NaN,2965.1436769753414,2966.226145011189,46.11311175533234,2977.0,15.335881834733046,,,,,
2025-10-17T14:25:00.000000,2966.55,2968.0,2961.9,2961.95,475,TCS,NaN,2964.504941580273,2965.8374045556266,45.84550778906619,2977.0,14.995526504915771,,,,,
2025-10-17T14:30:00.000000,2962.0,2964.45,2961.35,2962.1,405,TCS,NaN,2964.0239532642186,2965.497640505115,45.62687480827034,2977.0,14.801977667602348,,,,,
2025-10-17T14:35:00.000000,2962.1,2965.05,2961.1,2962.7,816,TCS,NaN,2963.759162611375,2965.2433095501046,45.527937273679946,2977.0,14.445542760133078,,,,,
2025-10-17T14:40:00.000000,2962.7,2964.2,2961.05,2962.0,3129,TCS,NaN,2963.4073300891,2964.948463227368,45.342517031907555,2977.0,14.127280060173096,,,,,
2025-10-17T14:45:00.000000,2962.0,2965.0,2961.05,2961.1,3284,TCS,NaN,2962.94586407128,2964.598602933971,45.04889862143352,2977.0,13.573393751292226,,,,,
2025-10-17T14:50:00.000000,2961.1,2963.0,2960.05,2962.35,1345,TCS,NaN,2962.826691257024,2964.394184485428,45.02183244138312,2977.0,13.342569682519184,,,,,
2025-10-17T14:55:00.000000,2962.35,2963.7,2960.7,2963.5,818,TCS,NaN,2962.961353005619,2964.312894986753,45.21415425217801,2977.0,12.884164786916736,,,,,
2025-10-17T15:00:00.000000,2963.5,2964.3,2960.15,2962.8,685,TCS,NaN,2962.929082404495,2964.175359078866,45.27030446340532,2977.0,12.246253138193797,,,,,
2025-10-17T15:05:00.000000,2962.8,2963.9,2961.0,2963.0,691,TCS,NaN,2962.9432659235963,2964.0685082535147,45.36255042580175,2977.0,11.653906607236783,,,,,
2025-10-17T15:10:00.000000,2963.0,2963.35,2960.75,2962.8,1462,TCS,NaN,2962.914612738877,2963.953189321377,45.408259160279115,2977.0,11.194781325242847,,,,,
2025-10-17T15:15:00.000000,2962.8,2964.0,2961.5,2962.5,1435,TCS,NaN,2962.8316901911016,2963.8210812012517,45.38997949266858,2977.0,10.49954942809359,,,,,
2025-10-17T15:20:00.000000,2962.5,2963.9,2960.2,2963.25,1937,TCS,NaN,2962.9153521528815,2963.7691647284105,45.558506427843795,2977.0,10.357536662158813,,,,,
2025-10-17T15:25:00.000000,2963.25,2965.0,2961.25,2964.2,1534,TCS,NaN,2963.1722817223053,2963.8083315712825,45.943239606370696,2977.0,9.751288332977154,,,,,
2025-10-20T09:15:00.000000,2971.15,2993.3,2971.15,2989.35,5516,TCS,NaN,2968.4078253778443,2966.1303014284385,49.01870921911707,2993.3,13.49838202093595,,,,,
2025-10-20T09:20:00.000000,2989.35,2989.75,2981.5,2983.1,1968,TCS,NaN,2971.3462603022754,2967.6730012985804,50.817819318816774,2993.3,16.97782615975483,,,,,
2025-10-20T09:25:00.000000,2982.7,2987.55,2978.7,2983.0,2293,TCS,NaN,2973.67700824182,2969.066364816891,52.43090990707578,2993.3,19.428720678331217,,,,,
2025-10-20T09:30:00.000000,2983.0,2984.55,2980.65,2982.65,968,TCS,NaN,2975.4716065934563,2970.301240742628,53.83565030145615,2993.3,21.704551302723576,,,,,
2025-10-20T09:35:00.000000,2982.65,2988.0,2980.0,2987.4,1927,TCS,NaN,2977.857285274765,2971.855673402389,55.45128775246305,2993.3,24.12316014712732,,,,,
2025-10-20T09:40:00.000000,2987.4,2999.0,2987.4,2992.0,8496,TCS,NaN,2980.6858282198123,2973.686975820354,57.19989852514947,2993.3,27.103962188222777,,,,,
2025-10-20T09:45:00.000000,2992.0,2996.0,2988.0,2992.65,1450,TCS,NaN,2983.0786625758496,2975.4108871094127,58.8205177748261,2993.3,29.871849797811418,,,,,
2025-10-20T09:50:00.000000,2992.65,2995.65,2991.0,2992.3,1075,TCS,NaN,2984.92293006068,2976.946261008557,60.2240152439687,2993.3,32.442031149572294,,,,,
2025-10-20T09:55:00.000000,2993.0,2997.2,2991.75,2992.75,1230,TCS,NaN,2986.4883440485437,2978.3829645532337,61.524439776555226,2993.3,34.92413053989694,,,,,
2025-10-20T10:00:00.000000,2992.75,2993.85,2991.0,2993.5,1948,TCS,NaN,2987.890675238835,2979.7572405029396,62.75410114253633,2993.3,36.990136497340494,,,,,
2025-10-20T10:05:00.000000,2993.5,3002.0,2993.4,3000.7,3918,TCS,NaN,2990.452540191068,2981.661127729945,64.30669603279863,2993.3,39.398252783405404,,,,,
2025-10-20T10:10:00.000000,3001.35,3003.0,2998.0,2999.65,2535,TCS,NaN,2992.292032152854,2983.2964797544955,65.50360454681042,2993.3,41.68551424073943,,,,,
2025-10-20T10:15:00.000000,2999.65,3002.0,2998.65,3001.95,252915,TCS,NaN,2994.223625722283,2984.9922543222688,66.72116201950773,2993.3,43.80939987969246,,,,,
2025-10-20T10:20:00.000000,3001.95,3001.95,2996.85,2999.95,101890,TCS,NaN,2995.3689005778265,2986.3520493838805,67.4190381436424,2993.3,45.18708057530471,,,,,
2025-10-20T10:25:00.000000,2999.95,3000.15,2995.4,2997.0,607,TCS,NaN,2995.695120462261,2987.3200448944367,67.49191558915366,2993.3,45.99548924021325,,,,,
2025-10-20T10:30:00.000000,2997.0,3000.0,2995.3,2999.7,1487,TCS,NaN,2996.4960963698086,2988.4454953585787,67.77726198840482,2993.3,46.712696859871016,,,,,
2025-10-20T10:35:00.000000,2999.7,3000.0,2998.15,2999.95,605,TCS,NaN,2997.1868770958467,2989.4913594168897,68.05558127878993,2993.3,47.37867536383895,,,,,
2025-10-20T10:40:00.000000,2999.95,2999.95,2998.2,2999.9,1336,TCS,NaN,2997.7295016766775,2990.4375994699,68.29701362766995,2993.3,47.9970839746663,,,,,
2025-10-20T10:45:00.000000,2999.9,3000.0,2998.8,2999.9,1352,TCS,NaN,2998.163601341342,2991.297817699909,68.51545241951379,2993.3,48.577178862040164,,,,,
2025-10-20T10:50:00.000000,2999.9,3000.0,2998.25,2999.55,444,TCS,NaN,2998.440881073074,2992.0480160908264,68.6299863113989,2993.3,48.874726817277526,,,,,
2025-10-20T10:55:00.000000,2999.55,2999.55,2994.5,2996.35,1357,TCS,NaN,2998.022704858459,2992.4391055371148,68.01318067269249,2993.3,47.65621808866297,,,,,
2025-10-20T11:00:00.000000,2998.3,2999.45,2993.45,2994.65,2108,TCS,NaN,2997.348163886767,2992.6400959428315,67.10914603774809,2993.3,46.15119365842764,,,,,
2025-10-20T11:05:00.000000,2994.65,2995.0,2993.0,2994.45,879,TCS,NaN,2996.7685311094137,2992.8046326753015,66.25024166637702,2993.3,44.59107984164192,,,,,
2025-10-20T11:10:00.000000,2994.8,2999.7,2993.05,2997.3,3930,TCS,NaN,2996.874824887531,2993.2133024320924,65.87774053173702,2993.3,44.05194750942002,,,,,
2025-10-20T11:15:00.000000,2997.3,2999.25,2996.95,2999.15,1742,TCS,NaN,2997.329859910025,2993.753002210993,65.77806488241065,2993.3,43.551324629499675,,,,,
2025-10-20T11:20:00.000000,2999.15,3000.45,2996.75,2998.95,2330,TCS,NaN,2997.6538879280197,2994.225456555448,65.64067701682758,2993.3,43.29984633878373,,,,,
2025-10-20T11:25:00.000000,2998.95,2999.95,2996.3,2997.8,1114,TCS,NaN,2997.6831103424156,2994.5504150504075,65.23941173444994,2993.3,42.87826128920343,,,,,
2025-10-20T11:30:00.000000,2997.8,3001.0,2996.4,2999.45,6917,TCS,NaN,2998.0364882739323,2994.995831864007,65.11618960882402,2993.3,42.68853213521697,,,,,
2025-10-20T11:35:00.000000,2999.45,3001.1,2998.7,2999.75,592,TCS,NaN,2998.379190619146,2995.4280289672793,65.04804242920001,2993.3,42.53202208430249,,,,,
2025-10-20T11:40:00.000000,2999.75,3005.65,2995.6,3004.45,3287,TCS,NaN,2999.5933524953166,2996.248208152072,65.58161741899426,2993.3,43.16930475002788,,,,,
2025-10-20T11:45:00.000000,3004.45,3004.45,2998.7,3000.1,1849,TCS,NaN,2999.694681996253,2996.5983710473383,65.0622959504344,2993.3,43.7610672253443,,,,,
2025-10-20T11:50:00.000000,3000.1,3002.3,2997.3,2998.1,828,TCS,NaN,2999.3757455970026,2996.7348827703076,64.19915978479142,2993.3,43.643540237931816,,,,,
2025-10-20T11:55:00.000000,2998.1,3002.25,2998.1,2999.5,620,TCS,NaN,2999.400596477602,2996.986257063916,63.624495857587156,2993.3,43.53440803533452,,,,,
2025-10-20T12:00:00.000000,2999.5,3004.4,2999.5,3002.0,1267,TCS,NaN,2999.9204771820814,2997.442051876287,63.4490944390764,2993.3,43.842188647579995,,,,,
2025-10-20T12:05:00.000000,3002.0,3007.15,3001.5,3007.05,1760,TCS,NaN,3001.346381745665,2998.3155017057156,63.86667328229728,2993.3,44.574857045257836,,,,,
2025-10-20T12:10:00.000000,3007.05,3009.0,3006.0,3008.6,734,TCS,NaN,3002.797105396532,2999.250456096105,64.39683317867463,2993.3,45.517326453166376,,,,,
2025-10-20T12:15:00.000000,3008.6,3009.0,3005.55,3007.0,990,TCS,NaN,3003.6376843172256,2999.9549600873684,64.53007301817543,2993.3,46.16129487710923,,,,,
2025-10-20T12:20:00.000000,3007.0,3007.75,3005.15,3006.65,331,TCS,NaN,3004.2401474537805,3000.5636000794257,64.57423099873226,2993.3,46.54667799105062,,,,,
2025-10-20T12:25:00.000000,3006.65,3009.0,3004.9,3006.65,1025,TCS,NaN,3004.7221179630246,3001.116909163114,64.61418345733131,2993.3,47.11515942492393,,,,,
2025-10-20T12:30:00.000000,3006.65,3008.5,3005.8,3008.5,1244,TCS,NaN,3005.4776943704196,3001.7880992391947,64.88216087599027,2993.3,47.643035042091995,,,,,
2025-10-20T12:35:00.000000,3008.5,3010.1,3006.8,3010.1,2506,TCS,NaN,3006.4021554963356,3002.543726581086,65.31330612482607,2993.3,48.40251102124596,,,,,
2025-10-20T12:40:00.000000,3008.7,3013.75,3008.7,3013.05,969,TCS,NaN,3007.7317243970683,3003.498842346442,66.01734081012576,2993.3,49.61187908746279,,,,,
2025-10-20T12:45:00.000000,3013.05,3016.0,3012.6,3013.3,1935,TCS,NaN,3008.8453795176547,3004.389856678584,66.6796405963539,2993.3,50.98485465450086,,,,,
2025-10-20T12:50:00.000000,3013.3,3014.8,3010.7,3011.9,1257,TCS,NaN,3009.456303614124,3005.0725969805308,66.89333049963803,2993.3,51.245655635946925,,,,,
2025-10-20T12:55:00.000000,3011.9,3015.0,3011.9,3014.0,1015,TCS,NaN,3010.3650428912993,3005.88417907321,67.33008337793305,2993.3,51.518424744491526,,,,,
2025-10-20T13:00:00.000000,3014.0,3019.15,3014.0,3018.05,3461,TCS,NaN,3011.9020343130396,3006.990162793827,68.12152460345172,2993.3,52.33096747692042,,,,,
2025-10-20T13:05:00.000000,3018.05,3020.0,3016.45,3016.75,1494,TCS,NaN,3012.871627450432,3007.877420721661,68.4917283607559,2993.3,53.18356536381605,,,,,
2025-10-20T13:10:00.000000,3016.75,3021.0,3015.65,3021.0,2711,TCS,NaN,3014.4973019603453,3009.0703824742372,69.2121330874302,2993.3,54.08958486495525,,,,,
2025-10-20T13:15:00.000000,3021.0,3022.0,3019.1,3021.5,1760,TCS,NaN,3015.8978415682764,3010.200347703852,69.9049513533136,2993.3,55.04307803740273,,,,,
2025-10-20T13:20:00.000000,3021.5,3022.0,3019.05,3021.0,1797,TCS,NaN,3016.918273254621,3011.182134276229,70.39334325045158,2993.3,55.89890328738371,,,,,
2025-10-20T13:25:00.000000,3021.0,3021.0,3016.4,3018.8,410,TCS,NaN,3017.294618603697,3011.874667523845,70.24484628333903,2993.3,55.2185919150728,,,,,
2025-10-20T13:30:00.000000,3018.8,3020.2,3016.8,3016.8,1872,TCS,NaN,3017.1956948829575,3012.322425021677,69.61993128645338,2993.3,54.58687421221266,,,,,
2025-10-20T13:35:00.000000,3016.8,3018.0,3015.0,3015.0,1428,TCS,NaN,3016.756555906366,3012.5658409287976,68.64439157039273,2993.3,53.07235639237735,,,,,
2025-10-20T13:40:00.000000,3015.0,3017.45,3014.0,3014.9,621,TCS,NaN,3016.385244725093,3012.778037207998,67.73897363723924,2993.3,51.18563082634385,,,,,
2025-10-20T13:45:00.000000,3015.95,3016.95,3010.15,3011.2,1182,TCS,NaN,3015.348195780074,3012.634579279998,66.14058900202157,2993.3,47.86936593702426,,,,,
2025-10-20T13:50:00.000000,3011.2,3013.5,3008.05,3012.3,1294,TCS,NaN,3014.738556624059,3012.6041629818164,64.89254923741468,2993.3,44.80020675724434,,,,,
2025-10-20T13:55:00.000000,3012.3,3014.65,3011.25,3012.7,1786,TCS,NaN,3014.3308452992474,3012.6128754380147,63.83645029866781,2993.3,41.636537913284315,,,,,
2025-10-20T14:00:00.000000,3012.7,3014.05,3011.0,3012.8,717,TCS,NaN,3014.024676239398,3012.6298867618316,62.90020132969025,2993.3,38.71179943507503,,,,,
2025-10-20T14:05:00.000000,3012.8,3014.9,3011.2,3012.45,790,TCS,NaN,3013.7097409915186,3012.613533419847,61.96959027483505,2993.3,36.198383866463296,,,,,
2025-10-20T14:10:00.000000,3012.45,3015.0,3010.7,3014.05,1103,TCS,NaN,3013.7777927932148,3012.74412129077,61.45808018821925,2993.3,33.67350820572794,,,,,
2025-10-20T14:15:00.000000,3014.05,3018.65,3014.0,3015.0,1214,TCS,NaN,3014.022234234572,3012.9492011734274,61.18210891042353,2993.3,32.52430276458885,,,,,
2025-10-20T14:20:00.000000,3015.0,3017.5,3014.0,3014.05,1374,TCS,NaN,3014.0277873876576,3013.049273794025,60.673553397693844,2993.3,31.45718342638827,,,,,
2025-10-20T14:25:00.000000,3014.05,3017.15,3013.3,3015.1,873,TCS,NaN,3014.242229910126,3013.2357034491133,60.4336107283423,2993.3,30.162399321862097,,,,,
2025-10-20T14:30:00.000000,3015.6,3017.5,3013.15,3016.15,911,TCS,NaN,3014.6237839281007,3013.5006394991938,60.42922835221695,2993.3,29.078405327387788,,,,,
2025-10-20T14:35:00.000000,3016.15,3016.45,3014.25,3015.6,3164,TCS,NaN,3014.8190271424805,3013.6914904538125,60.25716794172954,2993.3,28.071839475375928,,,,,
2025-10-20T14:40:00.000000,3015.75,3017.4,3014.25,3015.0,897,TCS,NaN,3014.8552217139845,3013.8104458671023,59.91614788645036,2993.3,27.4817430206118,,,,,
2025-10-20T14:45:00.000000,3015.1,3017.25,3011.0,3017.25,1620,TCS,NaN,3015.3341773711877,3014.1231326064567,60.095381369987095,2993.3,25.583462908307204,,,,,
2025-10-20T14:50:00.000000,3017.25,3017.35,3013.05,3014.2,1301,TCS,NaN,3015.10734189695,3014.130120551324,59.391319273330986,2993.3,23.779713576993448,,,,,
2025-10-20T14:55:00.000000,3013.8,3016.0,3012.9,3015.0,3108,TCS,NaN,3015.08587351756,3014.2092005012037,58.93410537733398,2993.3,22.16972182755429,,,,,
2025-10-20T15:00:00.000000,3015.35,3016.05,3010.1,3010.75,2503,TCS,NaN,3014.218698814048,3013.894727728367,57.553900784557,2993.3,21.767532492591045,,,,,
2025-10-20T15:05:00.000000,3010.75,3017.0,3010.75,3016.95,1676,TCS,NaN,3014.7649590512383,3014.172479753061,57.501197589756416,2993.3,20.94813749026042,,,,,
2025-10-20T15:10:00.000000,3017.0,3018.7,3014.05,3016.55,1509,TCS,NaN,3015.1219672409907,3014.3886179573283,57.369573995407634,2993.3,19.453637041421697,,,,,
2025-10-20T15:15:00.000000,3016.55,3018.55,3013.0,3013.0,1998,TCS,NaN,3014.6975737927924,3014.2623799612074,56.56232134112527,2993.3,18.48094518423482,,,,,
2025-10-20T15:20:00.000000,3013.0,3015.45,3010.65,3015.0,5004,TCS,NaN,3014.758059034234,3014.3294363283703,56.18462734077052,2993.3,18.4100990306871,,,,,
2025-10-20T15:25:00.000000,3015.0,3015.7,3011.45,3015.0,5281,TCS,NaN,3014.8064472273873,3014.3903966621547,55.84290419759241,2993.3,18.226993785262668,,,,,
2025-10-21T13:45:00.000000,3033.95,3033.95,3017.65,3020.65,11357,TCS,NaN,3015.9751577819097,3014.95945151105,56.399868324210445,3033.95,20.125734665243492,,,,,
2025-10-21T13:50:00.000000,3020.65,3021.3,3013.05,3016.0,3020,TCS,NaN,3015.980126225528,3015.054046828227,56.04992435850075,3033.95,20.601713504137205,,,,,
2025-10-21T13:55:00.000000,3016.0,3019.8,3015.15,3017.3,2020,TCS,NaN,3016.2441009804224,3015.258224389297,55.922051174803016,3033.95,21.04369385453851,,,,,
2025-10-21T14:00:00.000000,3017.3,3020.0,3016.25,3020.0,1527,TCS,NaN,3016.995280784338,3015.689294899361,56.17614455738141,3033.95,21.48671239600147,,,,,
2025-10-21T14:05:00.000000,3020.0,3020.9,3015.65,3017.0,1201,TCS,NaN,3016.9962246274704,3015.80844990851,55.886902971558065,3033.95,22.050519456304926,,,,,
2025-10-21T14:10:00.000000,3017.95,3019.6,3016.35,3017.8,1015,TCS,NaN,3017.1569797019765,3015.9894999168273,55.74134503609889,3033.95,22.57405458372956,,,,,
2025-10-21T14:15:00.000000,3017.8,3019.5,3016.55,3016.7,816,TCS,NaN,3017.0655837615814,3016.054090833479,55.41756442809522,3033.95,23.060194344909576,,,,,
2025-10-21T14:20:00.000000,3016.7,3018.75,3014.35,3015.8,1133,TCS,NaN,3016.812467009265,3016.0309916667993,54.96680909397881,3033.95,22.75202938568318,,,,,
2025-10-21T14:25:00.000000,3015.8,3015.95,3012.3,3012.3,1108,TCS,NaN,3015.909973607412,3015.691810606181,53.993907805051016,3033.95,21.819595779113392,,,,,
2025-10-21T14:30:00.000000,3012.3,3012.55,2996.05,3002.95,2329,TCS,NaN,3013.3179788859297,3014.5334641874374,52.03991186991109,3033.95,22.65637895739126,,,,,
2025-10-21T14:35:00.000000,3002.95,3004.45,2999.1,3001.95,1482,TCS,NaN,3011.0443831087437,3013.3895128976706,50.18210367374738,3033.95,23.43339190864928,,,,,
2025-10-21T14:40:00.000000,3001.95,3002.3,2999.0,3001.3,1131,TCS,NaN,3009.095506486995,3012.2904662706096,48.44125323343179,3033.95,24.16822000285922,,,,,
2025-10-23T09:15:00.000000,3040.0,3051.95,3039.7,3048.8,16493,TCS,NaN,3017.036405189596,3015.6095147914634,50.78149166901063,3051.95,25.763758276516132,,,,,
2025-10-23T09:20:00.000000,3048.8,3049.6,3040.0,3045.6,11999,TCS,NaN,3022.749124151677,3018.335922537694,52.607063089466045,3051.95,27.245329530626123,,,,,
2025-10-23T09:25:00.000000,3045.6,3047.0,3043.0,3045.0,4169,TCS,NaN,3027.1992993213416,3020.7599295797218,54.20279856339706,3051.95,28.6210742665854,,,,,
2025-10-23T09:30:00.000000,3045.0,3047.0,3041.25,3042.0,3231,TCS,NaN,3030.1594394570734,3022.6908450724745,55.36063890030959,3051.95,29.629275558300638,,,,,
2025-10-23T09:35:00.000000,3042.0,3046.8,3042.0,3042.0,8504,TCS,NaN,3032.5275515656585,3024.4462227931585,56.408208728944736,3051.95,30.565462472036216,,,,,
2025-10-23T09:40:00.000000,3042.0,3046.05,3038.6,3044.6,5985,TCS,NaN,3034.942041252527,3026.278384357417,57.48957825987097,3051.95,30.87604024725886,,,,,
2025-10-23T09:45:00.000000,3044.6,3045.85,3041.55,3042.95,3782,TCS,NaN,3036.5436330020216,3027.79398577947,58.289174462738515,3051.95,31.16443389567989,,,,,
2025-10-23T09:50:00.000000,3042.95,3044.3,3040.0,3040.0,2352,TCS,NaN,3037.234906401617,3028.903623435882,58.6948684846308,3051.95,31.16086642294676,,,,,
2025-10-23T09:55:00.000000,3041.4,3047.0,3039.45,3044.4,5364,TCS,NaN,3038.6679251212936,3030.3123849417107,59.3302209372386,3051.95,31.404431159602506,,,,,
2025-10-23T10:00:00.000000,3046.65,3050.0,3045.2,3047.3,7803,TCS,NaN,3040.3943400970347,3031.856713583373,60.07224673244111,3051.95,31.89529364279365,,,,,
2025-10-23T10:05:00.000000,3047.3,3061.0,3047.3,3059.0,14413,TCS,NaN,3044.1154720776276,3034.324285075794,61.30871976657176,3051.95,33.156891488368515,,,,,
2025-10-23T10:10:00.000000,3059.1,3065.9,3058.05,3061.9,9832,TCS,NaN,3047.672377662102,3036.8311682507215,62.545374244512146,3051.95,34.61881625769639,,,,,
2025-10-23T10:15:00.000000,3061.9,3065.0,3060.8,3063.45,6829,TCS,NaN,3050.8279021296817,3039.2510620461103,63.72734920560914,3051.95,35.97631782921513,,,,,
2025-10-23T10:20:00.000000,3063.45,3075.9,3061.8,3071.8,11948,TCS,NaN,3055.0223217037455,3042.210056405555,65.10699171570671,3051.95,37.807154490257446,,,,,
2025-10-23T10:25:00.000000,3073.0,3085.0,3071.55,3082.1,9684,TCS,NaN,3060.4378573629965,3045.8364149141407,66.66093755013453,3051.95,39.87479220117945,,,,,
2025-10-23T10:30:00.000000,3082.1,3087.0,3078.7,3084.35,9326,TCS,NaN,3065.220285890397,3049.337649921946,68.12615444726197,3051.95,41.86776341374149,,,,,
2025-10-23T10:35:00.000000,3084.35,3091.25,3083.65,3091.25,9529,TCS,NaN,3070.4262287123174,3053.1478635654057,69.62215584344115,3051.95,43.869700407579465,,,,,
2025-10-23T10:40:00.000000,3090.95,3093.45,3085.45,3090.0,9331,TCS,NaN,3074.340982969854,3056.4980577867323,70.82347621014593,3051.95,45.80466601235862,,,,,
2025-10-23T10:45:00.000000,3090.0,3090.25,3081.35,3083.05,6765,TCS,NaN,3076.082786375883,3058.911870715211,71.10799241058238,3051.95,46.79236480013641,,,,,
2025-10-23T10:50:00.000000,3083.05,3086.0,3080.0,3084.65,2249,TCS,NaN,3077.7962291007066,3061.251700650192,71.42719526693408,3051.95,47.44778205766449,,,,,
2025-10-23T10:55:00.000000,3084.65,3090.0,3082.0,3088.0,5193,TCS,NaN,3079.836983280565,3063.6833642274473,71.8446700121752,3051.95,48.2710252970668,,,,,
2025-10-23T11:00:00.000000,3088.0,3091.9,3086.65,3087.3,6024,TCS,NaN,3081.329586624452,3065.830331115861,72.13745031944202,3051.95,49.134318635492,,,,,
2025-10-23T11:05:00.000000,3087.1,3090.6,3086.4,3088.2,3038,TCS,NaN,3082.7036692995616,3067.8639373780557,72.44063062400811,3051.95,49.88145885286521,,,,,
2025-10-23T11:10:00.000000,3088.2,3089.4,3086.1,3087.7,2275,TCS,NaN,3083.702935439649,3069.6672157982325,72.64680463399704,3051.95,50.505578157830094,,,,,
2025-10-23T11:15:00.000000,3089.0,3090.6,3086.4,3090.4,5577,TCS,NaN,3085.0423483517193,3071.5520143620297,72.95993496055398,3051.95,51.160920854021306,,,,,
2025-10-23T11:20:00.000000,3089.3,3090.6,3086.05,3089.25,2840,TCS,NaN,3085.8838786813753,3073.1609221472995,73.073684378746,3051.95,51.678309513230836,,,,,
2025-10-23T11:25:00.000000,3089.25,3090.7,3083.9,3085.25,3431,TCS,NaN,3085.7571029451,3074.259929224818,72.60642978619596,3051.95,51.59064050338709,,,,,
2025-10-23T11:30:00.000000,3085.0,3085.0,3081.8,3084.05,1446,TCS,NaN,3085.41568235608,3075.149935658925,72.01864320520454,3051.95,50.97013609143494,,,,,
2025-10-23T11:35:00.000000,3084.05,3086.4,3081.95,3084.85,2191,TCS,NaN,3085.3025458848642,3076.031759689932,71.54413193581746,3051.95,50.53573124129114,,,,,
2025-10-23T11:40:00.000000,3084.85,3088.0,3084.4,3086.0,3444,TCS,NaN,3085.4420367078915,3076.9379633544836,71.1995687795398,3051.95,50.293874162634815,,,,,
2025-10-23T11:45:00.000000,3086.95,3090.0,3085.6,3088.5,3185,TCS,NaN,3086.053629366313,3077.9890575949853,71.06941326352855,3051.95,50.266886707774574,,,,,
2025-10-23T11:50:00.000000,3088.5,3092.95,3088.5,3092.9,6233,TCS,NaN,3087.4229034930504,3079.344597813623,71.2425967469973,3051.95,50.51643661384188,,,,,
2025-10-23T11:55:00.000000,3092.9,3095.0,3091.1,3095.0,4045,TCS,NaN,3088.9383227944404,3080.7678161942026,71.52703468131891,3051.95,50.927588537271056,,,,,
2025-10-23T12:00:00.000000,3095.0,3096.0,3091.5,3091.9,5442,TCS,NaN,3089.5306582355524,3081.7798329038205,71.26890416414956,3051.95,51.39603665815889,,,,,
2025-10-23T12:05:00.000000,3091.9,3093.0,3090.35,3090.5,2004,TCS,NaN,3089.724526588442,3082.5725753671095,70.81089368655728,3051.95,51.457312561123395,,,,,
2025-10-23T12:10:00.000000,3090.5,3093.0,3090.5,3091.0,1872,TCS,NaN,3089.979621270754,3083.3387048791906,70.43803323301458,3051.95,51.51421161387616,,,,,
2025-10-23T12:15:00.000000,3091.0,3095.25,3091.0,3093.95,2656,TCS,NaN,3090.773697016603,3084.3033680719914,70.34125457959718,3051.95,51.80611562044688,,,,,
2025-10-23T12:20:00.000000,3093.95,3095.65,3093.0,3095.65,3162,TCS,NaN,3091.7489576132825,3085.3348800654467,70.3853640198746,3051.95,52.11916771967081,,,,,
2025-10-23T12:25:00.000000,3095.65,3097.25,3094.0,3095.3,3555,TCS,NaN,3092.4591660906262,3086.240800059497,70.35834401910196,3051.95,52.57874479312825,,,,,
2025-10-23T12:30:00.000000,3095.3,3097.95,3094.0,3095.7,9110,TCS,NaN,3093.107332872501,3087.1007273268156,70.36826120335282,3051.95,53.078905222109135,,,,,
2025-10-23T12:35:00.000000,3095.7,3096.45,3093.0,3095.05,3738,TCS,NaN,3093.4958662980007,3087.8233884789233,70.23843881297557,3051.95,53.12447439126941,,,,,
2025-10-23T12:40:00.000000,3095.05,3096.45,3093.0,3095.5,2713,TCS,NaN,3093.8966930384004,3088.521262253567,70.16580791752614,3051.95,53.16678861977538,,,,,
2025-10-23T12:45:00.000000,3095.5,3096.5,3090.1,3091.65,1169,TCS,NaN,3093.44735443072,3088.805692957788,69.28792447946743,3051.95,51.9983391954594,,,,,
2025-10-23T12:50:00.000000,3091.5,3094.75,3090.1,3090.1,896,TCS,NaN,3092.777883544576,3088.923357234353,68.20035020504055,3051.95,50.91335044430885,,,,,
