date,open,high,low,close,volume,symbol,EMA_9,EMA_21,RSI_MA_14_20,ORB_High,ADX_14,Signal
2025-08-22T09:15:00.000000,12850.0,12857.35,12803.0,12803.0,104,ULTRACEMCO,NaN,NaN,NaN,12857.35,NaN,
2025-08-22T09:20:00.000000,12800.0,12818.95,12800.0,12818.95,46,ULTRACEMCO,NaN,NaN,NaN,12857.35,NaN,
2025-08-22T09:25:00.000000,12818.95,12836.0,12775.0,12775.0,71,ULTRACEMCO,NaN,NaN,NaN,12857.35,NaN,
2025-08-22T09:30:00.000000,12775.0,12784.0,12766.7,12778.95,64,ULTRACEMCO,NaN,NaN,NaN,12857.35,NaN,
2025-08-22T09:35:00.000000,12778.95,12778.95,12757.85,12758.0,138,ULTRACEMCO,NaN,NaN,NaN,12857.35,NaN,
2025-08-22T09:40:00.000000,12758.0,12775.0,12758.0,12758.05,20,ULTRACEMCO,NaN,NaN,NaN,12857.35,NaN,
2025-08-22T09:45:00.000000,12758.05,12770.85,12758.05,12761.0,207,ULTRACEMCO,NaN,NaN,NaN,12857.35,NaN,
2025-08-22T09:50:00.000000,12761.0,12765.85,12745.95,12765.85,22,ULTRACEMCO,NaN,NaN,NaN,12857.35,NaN,
2025-08-22T09:55:00.000000,12765.85,12765.85,12765.85,12765.85,0,ULTRACEMCO,12776.072222222223,NaN,NaN,12857.35,NaN,
2025-08-22T10:00:00.000000,12765.85,12765.85,12765.85,12765.85,0,ULTRACEMCO,12774.02777777778,NaN,NaN,12857.35,NaN,
2025-08-22T10:05:00.000000,12765.85,12780.0,12761.05,12763.15,183,ULTRACEMCO,12771.852222222224,NaN,NaN,12857.35,NaN,
2025-08-22T10:10:00.000000,12763.15,12778.95,12763.15,12778.95,31,ULTRACEMCO,12773.27177777778,NaN,NaN,12857.35,NaN,
2025-08-22T10:15:00.000000,12778.95,12780.0,12773.6,12773.6,18,ULTRACEMCO,12773.337422222225,NaN,NaN,12857.35,NaN,
2025-08-22T10:20:00.000000,12773.6,12781.15,12769.65,12781.15,11,ULTRACEMCO,12774.89993777778,NaN,NaN,12857.35,NaN,
2025-08-22T10:25:00.000000,12781.15,12781.15,12766.7,12766.7,12,ULTRACEMCO,12773.259950222224,NaN,NaN,12857.35,NaN,
2025-08-22T10:30:00.000000,12766.7,12766.7,12757.85,12757.85,9,ULTRACEMCO,12770.17796017778,NaN,NaN,12857.35,NaN,
2025-08-22T10:35:00.000000,12757.85,12777.95,12757.85,12777.95,1,ULTRACEMCO,12771.732368142224,NaN,NaN,12857.35,NaN,
2025-08-22T10:40:00.000000,12777.95,12777.95,12749.15,12764.85,25,ULTRACEMCO,12770.35589451378,NaN,NaN,12857.35,NaN,
2025-08-22T10:45:00.000000,12764.85,12764.85,12748.2,12753.85,46,ULTRACEMCO,12767.054715611024,NaN,NaN,12857.35,NaN,
2025-08-22T10:50:00.000000,12753.85,12773.55,12736.85,12745.0,2486,ULTRACEMCO,12762.64377248882,NaN,NaN,12857.35,NaN,
2025-08-22T10:55:00.000000,12745.0,12768.1,12738.0,12741.0,282,ULTRACEMCO,12758.315017991055,12769.264285714287,NaN,12857.35,NaN,
2025-08-22T11:00:00.000000,12741.0,12741.0,12720.25,12728.05,116,ULTRACEMCO,12752.262014392843,12765.517532467535,NaN,12857.35,NaN,
2025-08-22T11:05:00.000000,12728.05,12730.9,12715.0,12730.9,68,ULTRACEMCO,12747.989611514275,12762.370484061395,NaN,12857.35,NaN,
2025-08-22T11:10:00.000000,12730.9,12730.9,12711.25,12723.0,2,ULTRACEMCO,12742.99168921142,12758.791349146722,NaN,12857.35,NaN,
2025-08-22T11:15:00.000000,12723.0,12723.0,12698.1,12698.1,41,ULTRACEMCO,12734.013351369136,12753.273953769747,NaN,12857.35,NaN,
2025-08-22T11:20:00.000000,12707.75,12707.75,12690.05,12690.1,24,ULTRACEMCO,12725.230681095309,12747.530867063406,NaN,12857.35,NaN,
2025-08-22T11:25:00.000000,12690.1,12713.45,12690.1,12703.75,10,ULTRACEMCO,12720.934544876247,12743.55078823946,NaN,12857.35,NaN,
2025-08-22T11:30:00.000000,12703.75,12708.0,12690.0,12690.0,221,ULTRACEMCO,12714.747635900998,12738.682534763146,NaN,12857.35,61.51630087262157,
2025-08-22T11:35:00.000000,12690.0,12698.5,12690.0,12698.5,111,ULTRACEMCO,12711.498108720798,12735.029577057405,NaN,12857.35,61.734082636668425,
2025-08-22T11:40:00.000000,12698.5,12698.55,12693.0,12695.05,66,ULTRACEMCO,12708.208486976639,12731.395070052185,NaN,12857.35,61.92860056822765,
2025-08-22T11:45:00.000000,12695.05,12695.05,12687.45,12689.55,23,ULTRACEMCO,12704.476789581311,12727.590972774715,NaN,12857.35,62.29376267439209,
2025-08-22T11:50:00.000000,12689.55,12692.95,12672.05,12672.05,48,ULTRACEMCO,12697.991431665048,12722.54179343156,NaN,12857.35,63.052948554085624,
2025-08-22T11:55:00.000000,12672.05,12688.85,12672.05,12688.85,14,ULTRACEMCO,12696.163145332039,12719.4789031196,NaN,12857.35,63.7579068709439,
2025-08-22T12:00:00.000000,12688.85,12690.8,12670.0,12690.8,90,ULTRACEMCO,12695.09051626563,12716.871730108727,32.465283422730444,12857.35,64.4643664734446,SELL
2025-08-22T12:05:00.000000,12690.8,12710.05,12681.75,12699.35,94,ULTRACEMCO,12695.942413012504,12715.278845553388,32.58356040647178,12857.35,62.47474854470354,
2025-08-22T12:10:00.000000,12699.35,12699.35,12674.9,12692.5,14,ULTRACEMCO,12695.253930410003,12713.208041412172,32.72393536260328,12857.35,60.96938391137905,SELL
2025-08-22T12:15:00.000000,12692.5,12692.5,12691.35,12691.35,10,ULTRACEMCO,12694.473144328002,12711.220946738338,32.40240738438395,12857.35,59.57154532329202,SELL
2025-08-22T12:20:00.000000,12691.35,12691.35,12670.05,12670.05,44,ULTRACEMCO,12689.588515462401,12707.478133398488,31.993257723938854,12857.35,59.16990626076148,SELL
2025-08-22T12:25:00.000000,12670.05,12670.05,12670.0,12670.0,27,ULTRACEMCO,12685.67081236992,12704.071030362262,31.72833828102693,12857.35,58.798735465616296,SELL
2025-08-22T12:30:00.000000,12670.0,12670.0,12670.0,12670.0,0,ULTRACEMCO,12682.536649895937,12700.973663965693,31.572807077448466,12857.35,58.45407687012433,SELL
2025-08-22T12:35:00.000000,12670.0,12670.0,12670.0,12670.0,0,ULTRACEMCO,12680.02931991675,12698.157876332449,31.46593981194742,12857.35,58.134036745738946,SELL
2025-08-22T12:40:00.000000,12670.0,12670.0,12670.0,12670.0,0,ULTRACEMCO,12678.0234559334,12695.598069393136,31.509219654039605,12857.35,57.83685663023823,SELL
2025-08-22T12:45:00.000000,12670.0,12670.0,12670.0,12670.0,0,ULTRACEMCO,12676.41876474672,12693.270972175578,31.480473655859363,12857.35,57.560903665844705,SELL
2025-08-22T12:50:00.000000,12670.0,12670.0,12655.05,12664.85,226,ULTRACEMCO,12674.105011797377,12690.687247432345,31.46112987377767,12857.35,57.92880988640561,SELL
2025-08-22T12:55:00.000000,12664.85,12664.85,12650.9,12650.9,25,ULTRACEMCO,12669.464009437901,12687.070224938496,31.490313343796874,12857.35,58.41348164651348,SELL
2025-08-22T13:00:00.000000,12650.0,12653.15,12638.5,12638.5,41,ULTRACEMCO,12663.27120755032,12682.654749944088,31.440377169254567,12857.35,59.23492012409094,SELL
2025-08-22T13:05:00.000000,12638.5,12646.8,12637.0,12645.15,36,ULTRACEMCO,12659.646966040256,12679.245227221898,31.285039696239018,12857.35,60.03815994276443,SELL
2025-08-22T13:10:00.000000,12645.15,12646.8,12645.15,12646.8,1,ULTRACEMCO,12657.077572832204,12676.295661110817,31.325728793282572,12857.35,60.78402548867553,SELL
2025-08-22T13:15:00.000000,12646.8,12646.8,12645.0,12645.0,30,ULTRACEMCO,12654.662058265763,12673.450601009834,31.137254101776307,12857.35,61.48121067536305,SELL
2025-08-22T13:20:00.000000,12645.0,12651.05,12645.0,12651.05,3,ULTRACEMCO,12653.93964661261,12671.414182736213,31.215334754824077,12857.35,61.36896763984148,SELL
2025-08-22T13:25:00.000000,12651.05,12651.05,12641.05,12650.9,5,ULTRACEMCO,12653.331717290088,12669.54925703292,31.352298517844325,12857.35,61.43297091089538,SELL
2025-08-22T13:30:00.000000,12650.9,12650.9,12628.1,12641.0,62,ULTRACEMCO,12650.86537383207,12666.953870029927,31.491980673410392,12857.35,61.955429435300296,SELL
2025-08-22T13:35:00.000000,12641.0,12641.0,12641.0,12641.0,0,ULTRACEMCO,12648.892299065656,12664.594427299933,31.228122840870082,12857.35,62.4405694936763,SELL
2025-08-22T13:40:00.000000,12641.0,12641.0,12626.0,12626.0,13,ULTRACEMCO,12644.313839252525,12661.085842999939,30.687763369367495,12857.35,63.30962079960178,SELL
2025-08-22T13:45:00.000000,12626.0,12628.65,12613.6,12620.0,9,ULTRACEMCO,12639.45107140202,12657.350766363581,29.874698269761957,12857.35,64.37604918772728,SELL
2025-08-22T13:50:00.000000,12620.0,12620.0,12620.0,12620.0,4,ULTRACEMCO,12635.560857121616,12653.95524214871,29.15830802357835,12857.35,65.3663041195581,SELL
2025-08-22T13:55:00.000000,12620.0,12627.25,12613.9,12627.25,43,ULTRACEMCO,12633.898685697293,12651.527492862464,28.77563310061139,12857.35,65.16010133898108,SELL
2025-08-22T14:00:00.000000,12627.25,12642.85,12618.35,12642.85,16,ULTRACEMCO,12635.688948557834,12650.738629874968,29.236262163608522,12857.35,62.995071718388076,
2025-08-22T14:05:00.000000,12642.85,12642.85,12642.85,12642.85,0,ULTRACEMCO,12637.121158846267,12650.021481704516,29.697486219982245,12857.35,60.98468707069457,
2025-08-22T14:10:00.000000,12642.85,12642.85,12628.1,12628.1,3,ULTRACEMCO,12635.316927077014,12648.028619731378,29.854634861331114,12857.35,59.84928685663432,SELL
2025-08-22T14:15:00.000000,12628.1,12628.1,12624.0,12624.0,1,ULTRACEMCO,12633.053541661611,12645.844199755798,29.937685984995806,12857.35,58.97122434098218,SELL
2025-08-22T14:20:00.000000,12624.0,12634.0,12624.0,12634.0,12,ULTRACEMCO,12633.242833329288,12644.767454323453,30.35903256688822,12857.35,57.469735682012,
2025-08-22T14:25:00.000000,12634.0,12634.0,12634.0,12634.0,0,ULTRACEMCO,12633.39426666343,12643.788594839503,30.780379148780632,12857.35,56.075496212968254,
2025-08-22T14:30:00.000000,12634.0,12636.85,12620.0,12636.85,25,ULTRACEMCO,12634.085413330744,12643.157813490458,31.382979080644418,12857.35,55.45424201525393,
2025-08-22T14:35:00.000000,12636.85,12636.85,12635.85,12635.85,10,ULTRACEMCO,12634.438330664596,12642.493466809507,32.16099541156761,12857.35,54.877363117376355,
2025-08-22T14:40:00.000000,12635.85,12635.85,12620.0,12620.0,5,ULTRACEMCO,12631.550664531676,12640.44860619046,32.733150411930005,12857.35,54.96682249009766,SELL
2025-08-22T14:45:00.000000,12620.0,12620.0,12600.05,12612.7,38,ULTRACEMCO,12627.780531625342,12637.926005627693,32.932451419954376,12857.35,55.62636666983661,SELL
2025-08-22T14:50:00.000000,12612.7,12618.0,12612.7,12618.0,4,ULTRACEMCO,12625.824425300274,12636.11455057063,33.26981520342666,12857.35,56.23880055102277,SELL
2025-08-22T14:55:00.000000,12618.0,12618.0,12613.95,12613.95,10,ULTRACEMCO,12623.449540240219,12634.099591427845,33.55382884939736,12857.35,56.80748915498135,SELL
2025-08-22T15:00:00.000000,12613.95,12613.95,12599.9,12600.0,68,ULTRACEMCO,12618.759632192176,12630.999628570768,33.3659436588256,12857.35,57.69171110228523,SELL
2025-08-22T15:05:00.000000,12600.0,12612.35,12591.0,12595.0,36,ULTRACEMCO,12614.00770575374,12627.726935064335,33.10453725023117,12857.35,58.70375023676327,SELL
2025-08-22T15:10:00.000000,12595.0,12595.0,12557.3,12573.1,412,ULTRACEMCO,12605.826164602991,12622.760850058487,32.7459217872456,12857.35,60.16881640556266,SELL
2025-08-22T15:15:00.000000,12573.1,12587.65,12565.05,12584.5,53,ULTRACEMCO,12601.560931682394,12619.28259096226,32.77786699130146,12857.35,61.529234990876375,SELL
2025-08-22T15:20:00.000000,12584.5,12591.1,12574.05,12585.9,134,ULTRACEMCO,12598.428745345915,12616.247809965691,33.08788148920735,12857.35,62.407214683910695,SELL
2025-08-22T15:25:00.000000,12585.9,12614.95,12585.9,12614.7,117,ULTRACEMCO,12601.682996276732,12616.10709996881,34.254221287587306,12857.35,60.949793919768204,
2025-08-25T09:15:00.000000,12614.75,12722.25,12614.75,12679.55,91,ULTRACEMCO,12617.256397021385,12621.874636335282,36.366978945254594,12722.25,58.36348517046377,
2025-08-25T09:20:00.000000,12679.55,12693.85,12642.0,12648.0,78,ULTRACEMCO,12623.405117617109,12624.249669395711,37.65366041478874,12722.25,55.961912760395364,
2025-08-25T09:25:00.000000,12648.0,12669.85,12642.05,12669.85,59,ULTRACEMCO,12632.694094093687,12628.395153996102,38.60796655878839,12722.25,53.73188123676041,
2025-08-25T09:30:00.000000,12669.85,12670.0,12665.0,12670.0,3,ULTRACEMCO,12640.15527527495,12632.17741272373,39.563821433091064,12722.25,51.66554562146366,
2025-08-25T09:35:00.000000,12670.0,12682.4,12656.15,12682.4,61,ULTRACEMCO,12648.60422021996,12636.743102476117,40.9526870238249,12722.25,50.11222766784643,
2025-08-25T09:40:00.000000,12682.4,12682.4,12664.95,12664.95,40,ULTRACEMCO,12651.873376175969,12639.30736588738,42.13941777147291,12722.25,48.66986099663045,
2025-08-25T09:45:00.000000,12664.95,12664.95,12658.6,12658.6,8,ULTRACEMCO,12653.218700940775,12641.0612417158,42.89249984354153,12722.25,46.97011857872297,
2025-08-25T09:50:00.000000,12658.6,12680.6,12658.6,12680.6,31,ULTRACEMCO,12658.69496075262,12644.655674287093,43.89624500542179,12722.25,45.89323492675135,
2025-08-25T09:55:00.000000,12680.6,12680.6,12634.0,12634.0,13,ULTRACEMCO,12653.755968602096,12643.68697662463,44.196019846719466,12722.25,43.60654985132146,
2025-08-25T10:00:00.000000,12634.0,12634.0,12603.35,12610.0,44,ULTRACEMCO,12645.004774881676,12640.624524204208,44.279741458324395,12722.25,40.76020665406492,
2025-08-25T10:05:00.000000,12610.0,12618.15,12594.4,12594.4,47,ULTRACEMCO,12634.88381990534,12636.422294731097,44.57467848158618,12722.25,38.43643788654583,SELL
2025-08-25T10:10:00.000000,12594.4,12611.6,12579.7,12579.7,5,ULTRACEMCO,12623.847055924272,12631.265722482816,44.87745122750387,12722.25,36.776263640129585,SELL
2025-08-25T10:15:00.000000,12579.7,12592.2,12579.7,12592.2,5,ULTRACEMCO,12617.517644739419,12627.714293166197,45.152714265331795,12722.25,35.23467326845736,
2025-08-25T10:20:00.000000,12592.2,12594.2,12592.2,12594.2,2,ULTRACEMCO,12612.854115791535,12624.667539241997,45.535682002604595,12722.25,33.70580569059867,
2025-08-25T10:25:00.000000,12594.2,12594.2,12570.0,12573.85,17,ULTRACEMCO,12605.053292633229,12620.04776294727,45.97048952035685,12722.25,33.049060001265495,
2025-08-25T10:30:00.000000,12573.85,12580.8,12570.0,12580.8,14,ULTRACEMCO,12600.202634106583,12616.479784497518,46.58380313887625,12722.25,32.43922471831326,
2025-08-25T10:35:00.000000,12580.8,12580.8,12580.0,12580.0,1,ULTRACEMCO,12596.162107285267,12613.16344045229,47.46230998034207,12722.25,31.872949098429046,
2025-08-25T10:40:00.000000,12580.0,12595.1,12562.3,12595.1,170,ULTRACEMCO,12595.949685828213,12611.521309502083,48.180057610349415,12722.25,31.93954646007823,
2025-08-25T10:45:00.000000,12595.1,12634.0,12575.0,12606.0,7424,ULTRACEMCO,12597.95974866257,12611.01937227462,49.00776193392486,12722.25,30.043698154436704,
2025-08-25T10:50:00.000000,12606.0,12617.2,12606.0,12617.2,1,ULTRACEMCO,12601.807798930056,12611.581247522383,49.21119760901714,12722.25,28.283267584912434,
2025-08-25T10:55:00.000000,12617.2,12617.2,12595.85,12595.85,31,ULTRACEMCO,12600.616239144045,12610.151134111256,48.1992170689237,12722.25,27.045779792729768,
2025-08-25T11:00:00.000000,12595.85,12595.85,12581.1,12581.1,8,ULTRACEMCO,12596.712991315237,12607.510121919324,47.5304514163897,12722.25,26.432467623944955,
2025-08-25T11:05:00.000000,12581.1,12598.6,12581.1,12598.6,2,ULTRACEMCO,12597.090393052189,12606.700110835749,46.87815214330153,12722.25,25.72222678426686,
2025-08-25T11:10:00.000000,12598.6,12598.6,12585.85,12585.85,3,ULTRACEMCO,12594.842314441752,12604.804646214317,46.07676523145763,12722.25,25.0627174331372,
2025-08-25T11:15:00.000000,12585.85,12599.85,12583.45,12583.45,11,ULTRACEMCO,12592.563851553401,12602.863314740289,45.118778203281224,12722.25,24.549075272137067,
2025-08-25T11:20:00.000000,12583.45,12594.4,12565.0,12565.0,127,ULTRACEMCO,12587.05108124272,12599.421195218445,44.2323139351465,12722.25,24.77927192462709,SELL
2025-08-25T11:25:00.000000,12565.0,12593.15,12565.0,12593.15,3,ULTRACEMCO,12588.270864994176,12598.851086562223,43.851319486881124,12722.25,24.993025959082107,
2025-08-25T11:30:00.000000,12593.15,12597.7,12593.15,12597.7,8,ULTRACEMCO,12590.15669199534,12598.746442329293,43.28001740842563,12722.25,24.88734105460751,
2025-08-25T11:35:00.000000,12597.7,12597.7,12590.0,12590.0,1,ULTRACEMCO,12590.125353596271,12597.951311208448,43.218178185375535,12722.25,24.92166724001986,SELL
2025-08-25T11:40:00.000000,12590.0,12596.0,12590.0,12591.4,47,ULTRACEMCO,12590.380282877017,12597.355737462225,43.41844582803209,12722.25,24.953541555045614,
2025-08-25T11:45:00.000000,12591.4,12591.4,12591.4,12591.4,0,ULTRACEMCO,12590.584226301613,12596.814306783841,43.76055724686899,12722.25,24.98313913328381,
2025-08-25T11:50:00.000000,12591.4,12595.0,12591.4,12595.0,2,ULTRACEMCO,12591.46738104129,12596.649369803492,44.28882714203461,12722.25,24.711076880881087,
2025-08-25T11:55:00.000000,12595.0,12595.0,12595.0,12595.0,0,ULTRACEMCO,12592.173904833031,12596.499427094084,44.64760854797163,12722.25,24.458447646507132,
2025-08-25T12:00:00.000000,12595.0,12595.0,12586.0,12590.0,31,ULTRACEMCO,12591.739123866424,12595.90857008553,44.89403079220773,12722.25,24.721660720757747,SELL
2025-08-25T12:05:00.000000,12590.0,12600.0,12590.0,12591.1,38,ULTRACEMCO,12591.61129909314,12595.471427350481,45.354436389989516,12722.25,24.5062320334007,
2025-08-25T12:10:00.000000,12591.1,12608.2,12591.1,12607.35,106,ULTRACEMCO,12594.759039274511,12596.551297591346,46.02166153397456,12722.25,23.597706340704352,
2025-08-25T12:15:00.000000,12607.35,12607.35,12604.2,12604.2,2,ULTRACEMCO,12596.647231419609,12597.246634173951,46.63389286801542,12722.25,22.75407534034346,
2025-08-25T12:20:00.000000,12604.2,12605.45,12592.5,12605.45,41,ULTRACEMCO,12598.407785135687,12597.992394703591,47.0404964890139,12722.25,22.719478704448324,
2025-08-25T12:25:00.000000,12605.45,12624.75,12605.45,12614.1,9,ULTRACEMCO,12601.54622810855,12599.45672245781,47.45719632714332,12722.25,21.165016537560188,
2025-08-25T12:30:00.000000,12614.1,12614.1,12614.1,12614.1,0,ULTRACEMCO,12604.05698248684,12600.7879295071,47.72057519107837,12722.25,19.721587382592634,
2025-08-25T12:35:00.000000,12614.1,12624.0,12613.7,12624.0,28,ULTRACEMCO,12608.045585989472,12602.898117733726,48.44051845060315,12722.25,18.922070220256064,
2025-08-25T12:40:00.000000,12624.0,12624.0,12624.0,12624.0,0,ULTRACEMCO,12611.236468791578,12604.816470667023,49.326078810328916,12722.25,18.179661426657816,
2025-08-25T12:45:00.000000,12624.0,12624.0,12622.0,12622.0,2,ULTRACEMCO,12613.389175033262,12606.378609697294,49.90339796924775,12722.25,17.323311237603253,
2025-08-25T12:50:00.000000,12622.0,12624.0,12617.0,12617.0,34,ULTRACEMCO,12614.11134002661,12607.344190633905,50.48339275426001,12722.25,16.112384091112293,
2025-08-25T12:55:00.000000,12617.0,12617.1,12617.0,12617.0,11,ULTRACEMCO,12614.689072021287,12608.221991485369,51.091052354198474,12722.25,14.987951740799259,
2025-08-25T13:00:00.000000,12617.0,12617.0,12600.55,12605.85,16,ULTRACEMCO,12612.92125761703,12608.00635589579,51.58797007659799,12722.25,15.130968977127962,
2025-08-25T13:05:00.000000,12605.85,12605.85,12592.75,12602.8,16,ULTRACEMCO,12610.897006093624,12607.533050814354,51.59510844357703,12722.25,15.744958556944443,
2025-08-25T13:10:00.000000,12602.8,12602.8,12591.25,12593.8,4,ULTRACEMCO,12607.477604874899,12606.284591649413,51.319876683831126,12722.25,16.40514507991261,
2025-08-25T13:15:00.000000,12593.8,12593.8,12590.1,12590.1,31,ULTRACEMCO,12604.002083899919,12604.81326513583,51.05634290349004,12722.25,17.09031367587658,
2025-08-25T13:20:00.000000,12590.1,12605.3,12590.1,12590.7,7,ULTRACEMCO,12601.341667119936,12603.530241032573,50.79225156367921,12722.25,16.586878708160793,
2025-08-25T13:25:00.000000,12595.9,12625.0,12595.9,12618.45,28,ULTRACEMCO,12604.763333695948,12604.886582756884,51.27341971338343,12722.25,16.173297891243866,
2025-08-25T13:30:00.000000,12618.45,12632.9,12618.45,12623.2,15,ULTRACEMCO,12608.450666956758,12606.551438869896,51.79208060573076,12722.25,16.270956750212488,
2025-08-25T13:35:00.000000,12623.2,12633.0,12623.2,12630.8,11,ULTRACEMCO,12612.920533565406,12608.755853518087,52.45985263358615,12722.25,16.367703780373464,
2025-08-25T13:40:00.000000,12630.8,12640.0,12622.05,12640.0,209,ULTRACEMCO,12618.336426852326,12611.596230470988,53.37754188876173,12722.25,16.881299459985666,
2025-08-25T13:45:00.000000,12640.0,12649.0,12640.0,12649.0,5,ULTRACEMCO,12624.46914148186,12614.996573155444,54.418734147920375,12722.25,17.85332304962302,
2025-08-25T13:50:00.000000,12649.0,12654.85,12649.0,12654.85,6,ULTRACEMCO,12630.545313185488,12618.619611959495,55.239291465817146,12722.25,19.05225851169673,
2025-08-25T13:55:00.000000,12654.85,12679.95,12654.85,12679.95,16,ULTRACEMCO,12640.426250548391,12624.195101781359,56.43088026891722,12722.25,21.17478672369732,
2025-08-25T14:00:00.000000,12679.95,12679.95,12674.0,12674.0,1,ULTRACEMCO,12647.141000438713,12628.722819801236,57.41255204684366,12722.25,23.145705777697867,
2025-08-25T14:05:00.000000,12674.0,12674.0,12672.0,12672.0,29,ULTRACEMCO,12652.11280035097,12632.657108910214,58.16548006781945,12722.25,24.767725780459532,
2025-08-25T14:10:00.000000,12672.0,12672.0,12653.6,12653.6,1,ULTRACEMCO,12652.410240280775,12634.561008100194,58.39702864967453,12722.25,24.580823384842805,
2025-08-25T14:15:00.000000,12653.6,12674.0,12653.6,12674.0,1,ULTRACEMCO,12656.72819222462,12638.146371000177,58.73820294439055,12722.25,24.511076670064302,
2025-08-25T14:20:00.000000,12674.0,12674.0,12674.0,12674.0,0,ULTRACEMCO,12660.182553779696,12641.405791818343,59.07937723910656,12722.25,24.44631186348426,
2025-08-25T14:25:00.000000,12674.0,12674.0,12650.0,12650.0,8,ULTRACEMCO,12658.146043023757,12642.18708347122,58.916583184390696,12722.25,22.83486561875708,
2025-08-25T14:30:00.000000,12650.0,12650.0,12637.1,12640.25,104,ULTRACEMCO,12654.566834419005,12642.010984973836,58.708679967564116,12722.25,22.085890406438654,
2025-08-25T14:35:00.000000,12640.25,12640.25,12640.25,12640.25,0,ULTRACEMCO,12651.703467535204,12641.85089543076,58.50077675073753,12722.25,21.39041342357154,
2025-08-25T14:40:00.000000,12640.25,12640.25,12633.0,12633.0,122,ULTRACEMCO,12647.962774028163,12641.046268573418,58.46438647847505,12722.25,21.151517543450094,
2025-08-25T14:45:00.000000,12633.0,12639.1,12632.0,12639.0,30,ULTRACEMCO,12646.170219222531,12640.860244157653,58.630946860509916,12722.25,20.985658996236612,
2025-08-25T14:50:00.000000,12639.0,12639.0,12632.0,12632.0,19,ULTRACEMCO,12643.336175378025,12640.054767416048,58.87588390042468,12722.25,20.83164748810981,
2025-08-25T14:55:00.000000,12632.0,12632.0,12630.1,12630.1,2,ULTRACEMCO,12640.68894030242,12639.149788560044,59.167407032227494,12722.25,20.808276730280763,
2025-08-25T15:00:00.000000,12630.1,12630.1,12600.0,12611.8,46,ULTRACEMCO,12634.911152241935,12636.663444145493,59.09846713098791,12722.25,22.265090303301918,
2025-08-25T15:05:00.000000,12611.8,12624.65,12611.8,12618.45,75,ULTRACEMCO,12631.618921793548,12635.007676495903,58.443781508135075,12722.25,23.617845763964418,
2025-08-25T15:10:00.000000,12618.45,12618.45,12591.4,12591.4,52,ULTRACEMCO,12623.575137434838,12631.043342269002,57.2784571229012,12722.25,25.58748550622991,
2025-08-25T15:15:00.000000,12591.4,12610.85,12591.4,12605.1,53,ULTRACEMCO,12619.880109947871,12628.684856608184,56.26762920323888,12722.25,27.41643669547644,
2025-08-25T15:20:00.000000,12605.1,12609.5,12600.0,12602.1,65,ULTRACEMCO,12616.324087958297,12626.268051461986,55.04715337374847,12722.25,29.1147485140625,
2025-08-25T15:25:00.000000,12602.1,12610.75,12595.15,12595.4,55,ULTRACEMCO,12612.139270366637,12623.461864965442,53.58096150007007,12722.25,30.859178996954814,
2025-08-26T09:15:00.000000,12599.9,12599.9,12239.05,12560.0,70,ULTRACEMCO,12601.71141629331,12617.692604514039,51.604154649862565,12599.9,35.10601394044177,
2025-08-26T09:20:00.000000,12560.0,12560.0,12530.0,12530.0,12,ULTRACEMCO,12587.369133034648,12609.720549558217,49.0688939929622,12599.9,39.04950353082251,
2025-08-26T09:25:00.000000,12530.0,12538.7,12515.6,12527.45,27,ULTRACEMCO,12575.38530642772,12602.241408689288,46.70056499953588,12599.9,42.73607737178049,
2025-08-26T09:30:00.000000,12527.45,12527.45,12508.85,12509.05,5,ULTRACEMCO,12562.118245142176,12593.769462444807,44.26615975890747,12599.9,46.171163255018584,SELL
2025-08-26T09:35:00.000000,12509.05,12514.85,12482.85,12482.85,65,ULTRACEMCO,12546.26459611374,12583.685874949824,42.20067020341479,12599.9,49.40581529516031,SELL
2025-08-26T09:40:00.000000,12482.85,12500.0,12482.85,12496.75,1098,ULTRACEMCO,12536.361676890992,12575.782613590749,40.13482113986367,12599.9,52.409420761006196,SELL
2025-08-26T09:45:00.000000,12496.75,12508.0,12496.75,12500.1,11,ULTRACEMCO,12529.109341512794,12568.90237599159,38.13903582504838,12599.9,54.87182828992497,SELL
2025-08-26T09:50:00.000000,12500.1,12527.15,12500.1,12527.15,25,ULTRACEMCO,12528.717473210236,12565.1067054469,37.2193640664734,12599.9,56.384062921451516,SELL
2025-08-26T09:55:00.000000,12527.15,12527.15,12515.0,12517.75,11,ULTRACEMCO,12526.523978568188,12560.801550406273,36.398760860812175,12599.9,57.788280793583304,SELL
2025-08-26T10:00:00.000000,12517.75,12520.45,12507.7,12517.85,11,ULTRACEMCO,12524.78918285455,12556.896864005703,35.58001160817797,12599.9,59.13498213240667,SELL
2025-08-26T10:05:00.000000,12517.85,12533.7,12517.85,12533.7,35,ULTRACEMCO,12526.571346283641,12554.788058187003,35.19349471378887,12599.9,59.79758466868318,
2025-08-26T10:10:00.000000,12533.7,12533.7,12530.75,12531.0,31,ULTRACEMCO,12527.457077026913,12552.62550744273,34.651272774873135,12599.9,60.4128584523685,
2025-08-26T10:15:00.000000,12531.0,12550.5,12529.0,12539.4,35,ULTRACEMCO,12529.84566162153,12551.4231885843,34.405202124210085,12599.9,60.21280825059286,
2025-08-26T10:20:00.000000,12539.4,12539.4,12539.4,12539.4,0,ULTRACEMCO,12531.756529297223,12550.330171440273,34.19809892729198,12599.9,60.02704734894405,
2025-08-26T10:25:00.000000,12539.4,12540.0,12535.65,12535.65,5,ULTRACEMCO,12532.535223437779,12548.995610400249,34.2761284482709,12599.9,59.903994916059766,
2025-08-26T10:30:00.000000,12535.65,12535.65,12535.0,12535.0,10,ULTRACEMCO,12533.028178750223,12547.723282182043,34.18467247693878,12599.9,59.79878242662893,
2025-08-26T10:35:00.000000,12535.0,12535.0,12534.5,12534.5,1,ULTRACEMCO,12533.322543000178,12546.521165620039,34.49802029989002,12599.9,59.70854100441488,
2025-08-26T10:40:00.000000,12534.5,12534.5,12534.5,12534.5,0,ULTRACEMCO,12533.558034400143,12545.428332381854,34.507760521761654,12599.9,59.624745398073266,
2025-08-26T10:45:00.000000,12534.5,12534.5,12534.5,12534.5,0,ULTRACEMCO,12533.746427520115,12544.434847619868,34.562229946764965,12599.9,59.54693519218462,
2025-08-26T10:50:00.000000,12534.5,12534.5,12534.5,12534.5,0,ULTRACEMCO,12533.897142016092,12543.531679654427,34.71674336098386,12599.9,59.474682858145165,
2025-08-26T10:55:00.000000,12534.5,12541.6,12534.5,12541.6,2,ULTRACEMCO,12535.437713612873,12543.356072413115,35.49750213260471,12599.9,58.88934243819309,
2025-08-26T11:00:00.000000,12541.6,12575.15,12541.6,12575.15,2,ULTRACEMCO,12543.3801708903,12546.246429466468,37.241408579542245,12599.9,56.30460793106813,
2025-08-26T11:05:00.000000,12575.15,12590.0,12575.15,12590.0,87,ULTRACEMCO,12552.70413671224,12550.224026787699,39.22697086994706,12599.9,53.180502631284206,
2025-08-26T11:10:00.000000,12590.0,12590.0,12575.35,12575.75,8,ULTRACEMCO,12557.313309369792,12552.544569806998,41.01034836358606,12599.9,50.279547710056285,
2025-08-26T11:15:00.000000,12575.75,12583.0,12562.5,12583.0,38,ULTRACEMCO,12562.450647495834,12555.313245279089,43.05911358880088,12599.9,48.06389689990207,
2025-08-26T11:20:00.000000,12583.0,12583.0,12583.0,12583.0,0,ULTRACEMCO,12566.560517996668,12557.83022298099,44.81104656952185,12599.9,46.00650686190172,
2025-08-26T11:25:00.000000,12583.0,12583.0,12583.0,12583.0,0,ULTRACEMCO,12569.848414397335,12560.118384528174,46.492915801506996,12599.9,44.09607325518711,
2025-08-26T11:30:00.000000,12583.0,12583.0,12583.0,12583.0,0,ULTRACEMCO,12572.478731517867,12562.19853138925,47.66038449936421,12599.9,42.322099191809265,
2025-08-26T11:35:00.000000,12583.0,12583.0,12583.0,12583.0,5,ULTRACEMCO,12574.582985214294,12564.089573990226,48.91875708877765,12599.9,40.674837561529834,
2025-08-26T11:40:00.000000,12583.0,12583.0,12551.0,12581.25,1024,ULTRACEMCO,12575.916388171436,12565.649612718387,50.12033451643087,12599.9,40.393180063695226,
2025-08-26T11:45:00.000000,12581.25,12633.0,12580.85,12633.0,230,ULTRACEMCO,12587.333110537149,12571.772375198534,51.7916897993847,12599.9,37.5247053983838,
2025-08-26T11:50:00.000000,12633.0,12635.05,12623.45,12635.05,66,ULTRACEMCO,12596.87648842972,12577.524886544123,53.51556762492362,12599.9,34.91101539517421,
2025-08-26T11:55:00.000000,12635.05,12640.0,12635.05,12640.0,61,ULTRACEMCO,12605.501190743777,12583.20444231284,55.13641289635838,12599.9,32.69205734210744,
2025-08-26T12:00:00.000000,12640.0,12650.0,12640.0,12650.0,4,ULTRACEMCO,12614.40095259502,12589.276765738945,56.852708233854344,12599.9,31.04449161228569,
2025-08-26T12:05:00.000000,12650.0,12650.0,12641.8,12642.1,38,ULTRACEMCO,12619.940762076016,12594.078877944496,58.3845299426181,12599.9,29.514609148879774,
2025-08-26T12:10:00.000000,12642.1,12662.0,12642.1,12662.0,205,ULTRACEMCO,12628.352609660813,12600.253525404087,60.123966671578486,12599.9,28.59239339135959,
2025-08-26T12:15:00.000000,12662.0,12674.95,12660.05,12673.3,19,ULTRACEMCO,12637.34208772865,12606.894114003715,61.96669351082845,12599.9,28.22653827681437,
2025-08-26T12:20:00.000000,12673.3,12673.3,12673.3,12673.3,0,ULTRACEMCO,12644.53367018292,12612.93101273065,63.80942035007841,12599.9,27.88681567045095,
2025-08-26T12:25:00.000000,12673.3,12674.0,12663.0,12665.05,32,ULTRACEMCO,12648.636936146337,12617.66910248241,65.40093568700141,12599.9,26.948789976621267,
2025-08-26T12:30:00.000000,12665.05,12667.0,12665.05,12667.0,3,ULTRACEMCO,12652.30954891707,12622.153729529464,67.0138326397022,12599.9,26.077766118065135,
2025-08-26T12:35:00.000000,12667.0,12667.0,12660.0,12660.0,2,ULTRACEMCO,12653.847639133655,12625.59429957224,68.20711864977415,12599.9,24.952638811183995,
2025-08-26T12:40:00.000000,12660.0,12660.0,12660.0,12660.0,0,ULTRACEMCO,12655.078111306924,12628.722090520218,68.6877338852188,12599.9,23.907877740508656,
2025-08-26T12:45:00.000000,12660.0,12660.0,12660.0,12660.0,0,ULTRACEMCO,12656.06248904554,12631.56553683656,68.94550489635523,12599.9,22.93774246059584,
2025-08-26T12:50:00.000000,12660.0,12700.95,12660.0,12694.1,99,ULTRACEMCO,12663.669991236433,12637.250488033236,69.9346296347293,12599.9,23.836858214346556,
2025-08-26T12:55:00.000000,12694.1,12694.1,12684.0,12689.0,13,ULTRACEMCO,12668.735992989146,12641.954989121125,70.65380301360332,12599.9,24.671751414257933,
2025-08-26T13:00:00.000000,12689.0,12689.0,12689.0,12689.0,0,ULTRACEMCO,12672.788794391317,12646.231808291932,71.37297639247733,12599.9,25.447009385604215,
2025-08-26T13:05:00.000000,12689.0,12701.65,12689.0,12690.0,104,ULTRACEMCO,12676.231035513054,12650.210734810847,72.10386621219875,12599.9,26.61736603460449,
2025-08-26T13:10:00.000000,12690.0,12708.0,12690.0,12700.0,49,ULTRACEMCO,12680.984828410443,12654.737031646226,72.94858503588578,12599.9,27.912793326352773,
2025-08-26T13:15:00.000000,12700.0,12700.0,12700.0,12700.0,6,ULTRACEMCO,12684.787862728354,12658.851846951115,73.79330385957283,12599.9,29.115690097261897,
2025-08-26T13:20:00.000000,12700.0,12700.0,12693.55,12693.6,16,ULTRACEMCO,12686.550290182682,12662.01076995556,74.45347228024282,12599.9,29.655112801666956,
2025-08-26T13:25:00.000000,12693.8,12709.0,12689.6,12704.2,101,ULTRACEMCO,12690.080232146145,12665.846154505054,74.49531145322821,12599.9,30.50631492462671,
2025-08-26T13:30:00.000000,12704.2,12730.0,12704.2,12727.0,85,ULTRACEMCO,12697.464185716915,12671.405595004595,74.75355232018303,12599.9,31.97653228878949,
2025-08-26T13:35:00.000000,12727.0,12728.8,12722.25,12728.8,131,ULTRACEMCO,12703.731348573532,12676.623268185995,74.97838022043354,12599.9,33.341734126940636,
2025-08-26T13:40:00.000000,12728.8,12742.9,12723.55,12740.0,99,ULTRACEMCO,12710.985078858826,12682.384789259995,75.20361766635443,12599.9,35.00268053255555,
2025-08-26T13:45:00.000000,12740.0,12751.45,12738.0,12744.0,39,ULTRACEMCO,12717.588063087062,12687.986172054541,75.70058564944713,12599.9,36.75728379865116,
2025-08-26T13:50:00.000000,12744.0,12753.0,12722.55,12725.85,46,ULTRACEMCO,12719.24045046965,12691.4283382314,75.39173570348454,12599.9,37.04637160204093,
2025-08-26T13:55:00.000000,12725.85,12742.1,12721.0,12738.3,44,ULTRACEMCO,12723.05236037572,12695.689398392182,75.1336480033128,12599.9,37.188643837015256,
2025-08-26T14:00:00.000000,12738.3,12738.3,12728.0,12729.0,3,ULTRACEMCO,12724.241888300576,12698.717634901983,74.60738924497454,12599.9,37.32075376949142,
2025-08-26T14:05:00.000000,12729.0,12751.9,12728.0,12751.65,32,ULTRACEMCO,12729.72351064046,12703.529668092711,74.59130748152421,12599.9,37.93635832907918,
2025-08-26T14:10:00.000000,12739.8,12770.0,12739.8,12753.35,205,ULTRACEMCO,12734.448808512368,12708.058789175193,74.57117693153535,12599.9,39.04704970991907,
2025-08-26T14:15:00.000000,12753.35,12753.35,12663.6,12663.6,102,ULTRACEMCO,12720.279046809896,12704.017081068358,73.21700004119404,12599.9,36.686879071576094,
2025-08-26T14:20:00.000000,12663.6,12664.15,12650.0,12654.0,97,ULTRACEMCO,12707.023237447916,12699.470073698507,71.76448786274672,12599.9,34.96079366807184,
2025-08-26T14:25:00.000000,12654.0,12676.6,12650.25,12676.2,638,ULTRACEMCO,12700.858589958334,12697.354612453188,70.62046067439789,12599.9,32.84377717184321,
2025-08-26T14:30:00.000000,12676.2,12688.05,12658.45,12688.05,922,ULTRACEMCO,12698.296871966668,12696.508738593808,69.22619537099472,12599.9,30.56591567642771,
2025-08-26T14:35:00.000000,12688.05,12688.05,12672.0,12680.0,52,ULTRACEMCO,12694.637497573334,12695.007944176188,67.8910417248278,12599.9,28.450758573541894,
2025-08-26T14:40:00.000000,12680.0,12680.0,12672.0,12675.0,312,ULTRACEMCO,12690.709998058668,12693.18904016017,66.49459735186818,12599.9,26.486684120862204,
2025-08-26T14:45:00.000000,12675.0,12700.05,12654.5,12660.0,1511,ULTRACEMCO,12684.567998446935,12690.171854691063,64.90832233372211,12599.9,25.47863501037239,
2025-08-26T14:50:00.000000,12660.0,12671.1,12640.0,12641.4,65,ULTRACEMCO,12675.934398757548,12685.738049719148,63.00903700724573,12599.9,23.88118386482382,
2025-08-26T14:55:00.000000,12641.4,12653.65,12641.4,12648.05,12,ULTRACEMCO,12670.357519006038,12682.311863381043,61.215378369678376,12599.9,22.397836372528722,
2025-08-26T15:00:00.000000,12642.7,12653.8,12614.55,12620.0,143,ULTRACEMCO,12660.28601520483,12676.64714852822,59.38320739790779,12599.9,21.682940392276098,
2025-08-26T15:05:00.000000,12620.0,12636.6,12620.0,12623.25,2335,ULTRACEMCO,12652.878812163864,12671.792862298382,57.465048691463515,12599.9,21.019108410612947,
2025-08-26T15:10:00.000000,12621.6,12623.25,12592.95,12592.95,3143,ULTRACEMCO,12640.893049731092,12664.625329362165,55.04906062573027,12599.9,21.337772790779873,
2025-08-26T15:15:00.000000,12592.95,12605.15,12580.95,12593.9,2100,ULTRACEMCO,12631.494439784874,12658.195753965605,52.633542046049726,12599.9,21.98833713154163,
2025-08-26T15:20:00.000000,12593.9,12610.0,12592.95,12592.95,1355,ULTRACEMCO,12623.7855518279,12652.264321786914,50.11401809324727,12599.9,22.32982771859142,
2025-08-26T15:25:00.000000,12589.0,12629.2,12578.85,12629.2,141,ULTRACEMCO,12624.86844146232,12650.16756526083,48.16164303718836,12599.9,21.675628000513935,
2025-08-28T09:15:00.000000,12607.0,12607.0,12495.0,12495.0,97,ULTRACEMCO,12598.894753169856,12636.06142296439,45.92570430764082,12607.0,23.147855328031678,
2025-08-28T09:20:00.000000,12495.0,12495.0,12475.05,12484.9,75,ULTRACEMCO,12576.095802535885,12622.319475422173,43.502683881544726,12607.0,24.841089021521903,SELL
2025-08-28T09:25:00.000000,12484.9,12525.0,12475.15,12501.05,30,ULTRACEMCO,12561.086642028708,12611.29497765652,41.545559388068405,12607.0,25.22199931542466,SELL
2025-08-28T09:30:00.000000,12501.05,12507.7,12501.05,12507.7,5,ULTRACEMCO,12550.409313622966,12601.877252415019,39.410647717156984,12607.0,25.575701731191508,SELL
2025-08-28T09:35:00.000000,12507.7,12515.1,12507.7,12515.1,5,ULTRACEMCO,12543.347450898373,12593.98841128638,37.35094401861944,12607.0,25.611533623193093,SELL
2025-08-28T09:40:00.000000,12515.1,12538.75,12515.1,12538.75,5,ULTRACEMCO,12542.427960718698,12588.966737533074,37.124943454528236,12607.0,24.764731996518073,SELL
2025-08-28T09:45:00.000000,12538.75,12542.35,12530.0,12542.35,2,ULTRACEMCO,12542.412368574958,12584.728852302795,37.039365101162645,12607.0,23.850297832916375,SELL
2025-08-28T09:50:00.000000,12542.35,12549.0,12534.7,12547.0,88,ULTRACEMCO,12543.329894859966,12581.298956638904,36.70198424860928,12607.0,22.757960086607227,
2025-08-28T09:55:00.000000,12547.0,12547.0,12547.0,12547.0,3,ULTRACEMCO,12544.063915887973,12578.18086967173,36.214570231257156,12607.0,21.74364646503445,
2025-08-28T10:00:00.000000,12547.0,12548.0,12543.0,12548.0,105,ULTRACEMCO,12544.851132710379,12575.437154247027,35.83888396254288,12607.0,20.93747903301702,
2025-08-28T10:05:00.000000,12548.0,12556.0,12540.0,12556.0,15,ULTRACEMCO,12547.080906168303,12573.67014022457,35.638429624401454,12607.0,19.850974172468774,
2025-08-28T10:10:00.000000,12556.0,12576.55,12556.0,12576.55,4,ULTRACEMCO,12552.974724934642,12573.9319456587,35.89041102445888,12607.0,18.824001978932436,
2025-08-28T10:15:00.000000,12576.55,12576.55,12576.55,12576.55,0,ULTRACEMCO,12557.689779947714,12574.169950598818,36.341573728880995,12607.0,17.870384942077266,
2025-08-28T10:20:00.000000,12576.55,12576.55,12560.0,12560.0,16,ULTRACEMCO,12558.151823958171,12572.881773271652,36.49146647320323,12607.0,16.88127346503982,
2025-08-28T10:25:00.000000,12560.0,12565.0,12560.0,12565.0,50,ULTRACEMCO,12559.521459166537,12572.165248428775,36.991895336897585,12607.0,15.96281280779076,
2025-08-28T10:30:00.000000,12565.0,12593.0,12560.8,12593.0,63,ULTRACEMCO,12566.21716733323,12574.059316753432,37.80711466065885,12607.0,15.650809135203785,
2025-08-28T10:35:00.000000,12593.0,12612.0,12574.8,12574.8,86,ULTRACEMCO,12567.933733866585,12574.126651594028,38.655610517775614,12607.0,15.985406866098684,
2025-08-28T10:40:00.000000,12574.8,12585.0,12574.8,12580.0,71,ULTRACEMCO,12570.346987093268,12574.660592358206,39.554575934360535,12607.0,16.296104759072517,
2025-08-28T10:45:00.000000,12580.0,12580.0,12580.0,12580.0,0,ULTRACEMCO,12572.277589674613,12575.145993052914,40.461687112335774,12607.0,16.584609945405365,
2025-08-28T10:50:00.000000,12580.0,12597.65,12580.0,12584.45,6,ULTRACEMCO,12574.71207173969,12575.991811866286,40.83263828943443,12607.0,17.4380739916058,
2025-08-28T10:55:00.000000,12584.45,12606.05,12584.45,12606.05,20,ULTRACEMCO,12580.979657391752,12578.724374423897,42.37993581834929,12607.0,18.48632402075057,
2025-08-28T11:00:00.000000,12606.05,12610.0,12600.0,12606.0,22,ULTRACEMCO,12585.983725913402,12581.203976748997,43.967635950471006,12607.0,19.579679707099523,
2025-08-28T11:05:00.000000,12606.0,12610.0,12606.0,12608.25,94,ULTRACEMCO,12590.436980730721,12583.662706135452,45.387596288110316,12607.0,20.594938558709266,
2025-08-28T11:10:00.000000,12608.25,12608.25,12592.7,12605.95,46,ULTRACEMCO,12593.539584584578,12585.688823759501,46.683666152978894,12607.0,20.69564562583637,
2025-08-28T11:15:00.000000,12605.95,12605.95,12602.9,12602.9,4,ULTRACEMCO,12595.411667667662,12587.253476145,47.82836699053671,12607.0,20.78915933102582,
2025-08-28T11:20:00.000000,12602.9,12602.9,12585.95,12600.0,60,ULTRACEMCO,12596.32933413413,12588.412251040909,48.63126046177332,12607.0,19.87185730725401,
2025-08-28T11:25:00.000000,12600.0,12605.0,12600.0,12605.0,60,ULTRACEMCO,12598.063467307304,12589.920228219007,49.478367407364004,12607.0,19.119631657830432,
2025-08-28T11:30:00.000000,12605.0,12609.9,12600.7,12606.0,32,ULTRACEMCO,12599.650773845842,12591.382025653644,50.28653999753966,12607.0,18.658481918500684,
2025-08-28T11:35:00.000000,12606.0,12612.0,12597.0,12612.0,52,ULTRACEMCO,12602.120619076673,12593.256386957857,51.2028798267561,12607.0,17.997361834401445,
2025-08-28T11:40:00.000000,12612.0,12628.9,12600.05,12628.9,118,ULTRACEMCO,12607.476495261339,12596.496715416233,52.37687901283416,12607.0,18.18992635700994,
2025-08-28T11:45:00.000000,12628.9,12637.55,12620.35,12628.2,15,ULTRACEMCO,12611.621196209071,12599.378832196575,53.41862705329724,12607.0,18.732852701971584,
2025-08-28T11:50:00.000000,12628.2,12628.2,12628.2,12628.2,0,ULTRACEMCO,12614.936956967256,12601.998938360523,54.18605355990051,12607.0,19.236998593721683,
2025-08-28T11:55:00.000000,12628.2,12628.2,12628.2,12628.2,70,ULTRACEMCO,12617.589565573806,12604.380853055021,54.95348006650378,12607.0,19.70513406463249,
2025-08-28T12:00:00.000000,12628.2,12645.1,12628.2,12645.1,29,ULTRACEMCO,12623.091652459045,12608.082593686384,56.18843885661922,12607.0,20.858510722972,
2025-08-28T12:05:00.000000,12645.1,12645.1,12634.6,12634.6,2,ULTRACEMCO,12625.393321967236,12610.493266987622,57.04160542285359,12607.0,21.92950333428726,
2025-08-28T12:10:00.000000,12634.6,12634.6,12610.0,12610.0,12,ULTRACEMCO,12622.314657573788,12610.448424534201,56.94767891237952,12607.0,21.116611449297856,
2025-08-28T12:15:00.000000,12610.0,12610.0,12595.0,12595.0,107,ULTRACEMCO,12616.85172605903,12609.044022303819,56.80579083987711,12607.0,19.715313378631944,
2025-08-28T12:20:00.000000,12595.0,12595.0,12590.7,12590.7,30,ULTRACEMCO,12611.621380847224,12607.376383912562,56.5233848134114,12607.0,18.64311388253828,
2025-08-28T12:25:00.000000,12590.7,12590.7,12590.0,12590.0,3,ULTRACEMCO,12607.297104677778,12605.796712647783,56.228579052718715,12607.0,17.686120655998316,
2025-08-28T12:30:00.000000,12590.0,12601.55,12590.0,12601.55,24,ULTRACEMCO,12606.147683742223,12605.410647861621,56.12732148420737,12607.0,16.698547788566735,
2025-08-28T12:35:00.000000,12601.55,12614.4,12601.55,12614.4,1,ULTRACEMCO,12607.798146993779,12606.227861692383,55.99346019341722,12607.0,16.46396192416642,
2025-08-28T12:40:00.000000,12614.4,12614.4,12601.0,12601.0,1,ULTRACEMCO,12606.438517595023,12605.75260153853,55.592276286914434,12607.0,16.209192603390928,
2025-08-28T12:45:00.000000,12601.0,12601.0,12601.0,12601.0,0,ULTRACEMCO,12605.350814076019,12605.320546853209,55.16110730044079,12607.0,15.972621091242257,
2025-08-28T12:50:00.000000,12601.0,12601.0,12601.0,12601.0,0,ULTRACEMCO,12604.480651260816,12604.927769866554,54.77265047161202,12607.0,15.752947544247062,
2025-08-28T12:55:00.000000,12601.0,12601.0,12601.0,12601.0,0,ULTRACEMCO,12603.784521008653,12604.570699878685,54.44302186848087,12607.0,15.548964964894381,
2025-08-28T13:00:00.000000,12601.0,12601.0,12601.0,12601.0,10,ULTRACEMCO,12603.227616806922,12604.246090798804,54.171134913093965,12607.0,15.359552569781176,
2025-08-28T13:05:00.000000,12601.0,12601.0,12600.0,12600.0,2,ULTRACEMCO,12602.582093445537,12603.860082544368,53.78712639507485,12607.0,15.08797589918735,
2025-08-28T13:10:00.000000,12600.0,12600.0,12600.0,12600.0,0,ULTRACEMCO,12602.06567475643,12603.509165949426,53.38536974156004,12607.0,14.83579756220737,
2025-08-28T13:15:00.000000,12600.0,12600.0,12591.05,12591.05,2,ULTRACEMCO,12599.862539805144,12602.376514499478,52.6366726695602,12607.0,13.82442824941507,
2025-08-28T13:20:00.000000,12591.05,12591.05,12591.05,12591.05,0,ULTRACEMCO,12598.100031844115,12601.346831363162,51.616504216733915,12607.0,12.885299601822217,
2025-08-28T13:25:00.000000,12591.05,12599.2,12591.05,12599.2,3,ULTRACEMCO,12598.320025475292,12601.151664875602,50.88477380585574,12607.0,12.663012852139948,
2025-08-28T13:30:00.000000,12599.2,12602.0,12599.2,12600.0,269,ULTRACEMCO,12598.656020380233,12601.04696806873,50.17862530469204,12607.0,12.694950965219629,
2025-08-28T13:35:00.000000,12600.0,12600.0,12600.0,12600.0,197,ULTRACEMCO,12598.924816304187,12600.95178915339,49.47247680352835,12607.0,12.724607784507905,
2025-08-28T13:40:00.000000,12600.0,12600.0,12590.95,12590.95,26,ULTRACEMCO,12597.32985304335,12600.042535593991,48.21074147987602,12607.0,11.862946609578696,
2025-08-28T13:45:00.000000,12590.95,12590.95,12590.95,12590.95,0,ULTRACEMCO,12596.05388243468,12599.215941449083,47.25826620668613,12607.0,11.062832661430145,
2025-08-28T13:50:00.000000,12590.95,12600.0,12580.95,12581.85,130,ULTRACEMCO,12593.213105947745,12597.637219499167,46.62645814344772,12607.0,11.277554405240567,
2025-08-28T13:55:00.000000,12581.85,12581.85,12581.85,12581.85,0,ULTRACEMCO,12590.940484758195,12596.202017726515,46.270657374748666,12607.0,11.476938881635958,
2025-08-28T14:00:00.000000,12581.85,12581.85,12581.85,12581.85,0,ULTRACEMCO,12589.122387806556,12594.897288842287,45.98836775627139,12607.0,11.662081609717392,
2025-08-28T14:05:00.000000,12581.85,12582.0,12581.85,12582.0,2,ULTRACEMCO,12587.697910245244,12593.724808038443,45.7260016649724,12607.0,11.813449459162554,
2025-08-28T14:10:00.000000,12582.0,12607.65,12582.0,12603.6,9,ULTRACEMCO,12590.878328196195,12594.622552762221,46.05150405278135,12607.0,12.562899477517709,
2025-08-28T14:15:00.000000,12603.6,12615.85,12603.6,12615.85,1,ULTRACEMCO,12595.872662556956,12596.552320692928,46.44558175494637,12607.0,13.805134936060659,
2025-08-28T14:20:00.000000,12615.85,12615.85,12590.05,12590.05,4,ULTRACEMCO,12594.708130045565,12595.961200629934,46.34969697291151,12607.0,13.57491087849697,
2025-08-28T14:25:00.000000,12590.05,12601.25,12590.05,12601.25,256,ULTRACEMCO,12596.016504036452,12596.442000572668,46.5289077120575,12607.0,13.361131396473548,
2025-08-28T14:30:00.000000,12601.25,12601.25,12575.0,12575.0,80,ULTRACEMCO,12591.813203229161,12594.492727793335,46.170894299263196,12607.0,12.923316511842586,
2025-08-28T14:35:00.000000,12575.0,12599.85,12575.0,12599.85,6,ULTRACEMCO,12593.42056258333,12594.979752539395,46.32263417428056,12607.0,12.51677411897098,
2025-08-28T14:40:00.000000,12599.85,12599.85,12560.0,12560.0,10,ULTRACEMCO,12586.736450066663,12591.799775035814,45.87962963635971,12607.0,13.179443465437023,
2025-08-28T14:45:00.000000,12560.0,12560.0,12550.0,12550.0,27,ULTRACEMCO,12579.38916005333,12587.999795487103,45.34608099978647,12607.0,14.36057587254157,
2025-08-28T14:50:00.000000,12550.0,12550.0,12539.25,12550.0,26,ULTRACEMCO,12573.511328042663,12584.545268624639,44.812532363213236,12607.0,15.984233633412629,
2025-08-28T14:55:00.000000,12550.0,12564.8,12550.0,12564.8,1,ULTRACEMCO,12571.76906243413,12582.750244204217,44.80476886754358,12607.0,16.173354682064232,
2025-08-28T15:00:00.000000,12564.8,12564.9,12541.0,12551.45,12,ULTRACEMCO,12567.705249947305,12579.90476745838,44.621203592813245,12607.0,16.8199515858106,
2025-08-28T15:05:00.000000,12551.45,12551.45,12523.95,12523.95,3,ULTRACEMCO,12558.954199957843,12574.817970416709,43.8643078606476,12607.0,18.178108116948863,
2025-08-28T15:10:00.000000,12523.95,12523.95,12501.0,12511.9,99,ULTRACEMCO,12549.543359966274,12569.09815492428,42.968877033701986,12607.0,20.221051098290655,SELL
2025-08-28T15:15:00.000000,12511.9,12512.35,12501.2,12512.35,21,ULTRACEMCO,12542.104687973018,12563.939231749346,42.08275839802174,12607.0,22.11806958096518,SELL
2025-08-28T15:20:00.000000,12512.35,12523.45,12500.0,12523.2,74,ULTRACEMCO,12538.323750378415,12560.235665226677,41.70564292973873,12607.0,22.964040018547525,SELL
2025-08-28T15:25:00.000000,12523.2,12560.0,12516.0,12546.45,91,ULTRACEMCO,12539.949000302731,12558.982422933343,41.75037299634516,12607.0,21.487103290507548,
2025-08-29T09:15:00.000000,12546.4,12630.05,12524.2,12581.4,252,ULTRACEMCO,12548.239200242186,12561.020384484857,42.54184199264921,12630.05,22.185147520281777,
2025-08-29T09:20:00.000000,12581.4,12604.95,12564.65,12604.95,133,ULTRACEMCO,12559.581360193748,12565.013985895324,43.592682046836515,12630.05,22.83333144792927,
2025-08-29T09:25:00.000000,12604.95,12628.85,12599.05,12622.15,118,ULTRACEMCO,12572.095088154998,12570.208168995749,44.80968974940053,12630.05,23.999217370157215,
2025-08-29T09:30:00.000000,12622.15,12622.15,12587.0,12587.0,139,ULTRACEMCO,12575.076070523999,12571.734699087045,45.54216609966086,12630.05,24.49828935475514,
2025-08-29T09:35:00.000000,12587.0,12604.85,12585.0,12604.85,32,ULTRACEMCO,12581.0308564192,12574.745180988222,45.610465091337616,12630.05,24.864553557588728,
2025-08-29T09:40:00.000000,12604.85,12612.0,12590.2,12599.95,31,ULTRACEMCO,12584.81468513536,12577.036528171111,45.29517155259407,12630.05,25.397901223045295,
2025-08-29T09:45:00.000000,12599.0,12599.0,12578.25,12578.25,15,ULTRACEMCO,12583.501748108287,12577.14684379192,45.472302661706046,12630.05,25.281437482872768,
2025-08-29T09:50:00.000000,12578.25,12662.0,12578.25,12655.55,167,ULTRACEMCO,12597.911398486629,12584.2744034472,46.04488009636221,12630.05,26.636412646632355,
2025-08-29T09:55:00.000000,12655.55,12660.8,12649.1,12660.8,9,ULTRACEMCO,12610.489118789303,12591.231275861091,47.18984864628224,12630.05,27.894603870123404,
2025-08-29T10:00:00.000000,12660.8,12660.8,12640.45,12640.45,3,ULTRACEMCO,12616.481295031443,12595.705705328264,47.58577431404152,12630.05,28.640150860297364,
2025-08-29T10:05:00.000000,12640.45,12640.45,12619.5,12620.85,28,ULTRACEMCO,12617.355036025154,12597.991550298422,48.36321608253396,12630.05,28.3772126658514,
2025-08-29T10:10:00.000000,12620.85,12645.9,12620.85,12639.8,32,ULTRACEMCO,12621.844028820124,12601.792318453112,49.41276540087266,12630.05,28.274399023798846,
2025-08-29T10:15:00.000000,12639.8,12659.75,12639.0,12653.95,136,ULTRACEMCO,12628.2652230561,12606.533925866466,50.57268086902298,12630.05,28.53020194220074,
2025-08-29T10:20:00.000000,12653.95,12672.9,12653.0,12672.9,91,ULTRACEMCO,12637.19217844488,12612.567205333151,51.5856417944,12630.05,29.08116004803575,
2025-08-29T10:25:00.000000,12672.9,12672.9,12652.95,12655.55,16,ULTRACEMCO,12640.863742755904,12616.474732121047,52.56751780653764,12630.05,29.590198711237797,
2025-08-29T10:30:00.000000,12655.55,12674.95,12651.1,12651.1,45,ULTRACEMCO,12642.910994204723,12619.622483746407,53.800133393207076,12630.05,30.115301679781133,
2025-08-29T10:35:00.000000,12651.1,12658.4,12648.7,12655.0,59,ULTRACEMCO,12645.32879536378,12622.838621587644,55.18017316325123,12630.05,30.463039455346888,
2025-08-29T10:40:00.000000,12655.0,12670.0,12655.0,12665.0,50,ULTRACEMCO,12649.263036291024,12626.671474170585,56.64044949655395,12630.05,31.10762313374064,
2025-08-29T10:45:00.000000,12665.0,12669.0,12657.45,12669.0,7,ULTRACEMCO,12653.210429032819,12630.51952197326,57.91163973043969,12630.05,31.706165120820547,
2025-08-29T10:50:00.000000,12669.0,12708.6,12664.85,12696.9,175,ULTRACEMCO,12661.948343226255,12636.554110884781,58.995638648234284,12630.05,33.19222045503458,
2025-08-29T10:55:00.000000,12696.9,12696.9,12678.9,12678.9,16,ULTRACEMCO,12665.338674581004,12640.403737167982,59.33412668928431,12630.05,34.57212897966189,
2025-08-29T11:00:00.000000,12678.9,12702.6,12678.9,12699.0,83,ULTRACEMCO,12672.070939664804,12645.73067015271,59.580479452835405,12630.05,35.971117490751276,
2025-08-29T11:05:00.000000,12699.0,12713.35,12685.15,12685.15,69,ULTRACEMCO,12674.686751731842,12649.314245593374,59.46905041876479,12630.05,37.485654227522915,
2025-08-29T11:10:00.000000,12685.15,12688.0,12677.55,12677.55,10070,ULTRACEMCO,12675.259401385474,12651.881132357612,59.73177783189211,12630.05,38.35636621598826,
2025-08-29T11:15:00.000000,12677.55,12696.5,12677.55,12696.5,20,ULTRACEMCO,12679.507521108379,12655.937393052374,59.98864700532562,12630.05,39.36022639734582,
2025-08-29T11:20:00.000000,12696.5,12703.5,12692.0,12703.5,137,ULTRACEMCO,12684.306016886703,12660.26126641125,60.370092396492325,12630.05,40.448679185618985,
2025-08-29T11:25:00.000000,12703.5,12715.0,12703.5,12715.0,51,ULTRACEMCO,12690.444813509363,12665.237514919318,61.11692928642517,12630.05,41.70334987060141,
2025-08-29T11:30:00.000000,12715.0,12725.0,12709.1,12725.0,130,ULTRACEMCO,12697.35585080749,12670.67046810847,61.27731035920097,12630.05,43.065771585461604,
2025-08-29T11:35:00.000000,12725.0,12725.0,12709.6,12709.6,45,ULTRACEMCO,12699.804680645992,12674.209516462246,61.15587645787516,12630.05,44.330877463546074,
2025-08-29T11:40:00.000000,12709.6,12724.0,12709.6,12715.1,11,ULTRACEMCO,12702.863744516793,12677.926833147496,61.326524215435754,12630.05,45.505618636053086,
2025-08-29T11:45:00.000000,12715.1,12715.1,12715.1,12715.1,9,ULTRACEMCO,12705.310995613434,12681.30621195227,61.7104002852014,12630.05,46.59644972480959,
2025-08-29T11:50:00.000000,12715.1,12715.1,12696.0,12705.45,125,ULTRACEMCO,12705.338796490747,12683.501101774791,61.77115378317471,12630.05,45.94850575563722,
2025-08-29T11:55:00.000000,12705.45,12705.45,12690.7,12692.5,37,ULTRACEMCO,12702.771037192597,12684.319183431628,61.50889189208988,12630.05,44.93989204363795,
2025-08-29T12:00:00.000000,12692.5,12702.0,12692.5,12702.0,15,ULTRACEMCO,12702.616829754077,12685.92653039239,61.22611863639912,12630.05,44.00332216821005,
2025-08-29T12:05:00.000000,12702.0,12702.0,12690.0,12690.0,3,ULTRACEMCO,12700.093463803261,12686.296845811263,60.9548833900346,12630.05,42.924976084993865,
2025-08-29T12:10:00.000000,12690.0,12690.0,12690.0,12690.0,3,ULTRACEMCO,12698.07477104261,12686.633496192057,60.73611092646034,12630.05,41.92365472200741,
2025-08-29T12:15:00.000000,12690.0,12695.0,12678.75,12695.0,56,ULTRACEMCO,12697.459816834087,12687.394087447325,60.55620679663167,12630.05,40.03933177018024,
2025-08-29T12:20:00.000000,12695.0,12695.0,12671.15,12671.15,31,ULTRACEMCO,12692.197853467269,12685.91735222484,59.900071203566576,12630.05,37.71080911272676,
2025-08-29T12:25:00.000000,12671.15,12683.4,12671.15,12679.0,15,ULTRACEMCO,12689.558282773814,12685.288502022582,59.33193927859837,12630.05,35.548609502234235,
2025-08-29T12:30:00.000000,12679.0,12684.25,12674.05,12674.05,22,ULTRACEMCO,12686.456626219051,12684.26682002053,58.451407279939545,12630.05,33.600452580159434,
2025-08-29T12:35:00.000000,12674.05,12689.0,12674.0,12689.0,2,ULTRACEMCO,12686.96530097524,12684.697109109573,58.06465451675983,12630.05,32.12860326071214,
2025-08-29T12:40:00.000000,12689.0,12689.0,12689.0,12689.0,0,ULTRACEMCO,12687.372240780192,12685.088281008702,57.5106659731958,12630.05,30.76188603551108,
2025-08-29T12:45:00.000000,12689.0,12689.0,12650.0,12667.7,95,ULTRACEMCO,12683.437792624154,12683.50752818973,56.79787916484437,12630.05,30.290699256704237,
2025-08-29T12:50:00.000000,12667.7,12686.75,12667.7,12680.65,17,ULTRACEMCO,12682.880234099322,12683.247752899755,56.40196317459269,12630.05,29.853168676383593,
2025-08-29T12:55:00.000000,12680.65,12680.65,12660.0,12660.0,13,ULTRACEMCO,12678.304187279458,12681.134320817959,55.52875850948692,12630.05,29.82622359306494,
2025-08-29T13:00:00.000000,12660.0,12670.25,12659.25,12663.05,10,ULTRACEMCO,12675.253349823566,12679.49029165269,54.64612846429596,12630.05,29.83793704087203,
2025-08-29T13:05:00.000000,12663.05,12669.55,12655.4,12660.0,6,ULTRACEMCO,12672.202679858852,12677.718446956991,53.61886059293845,12630.05,30.042593625185507,
2025-08-29T13:10:00.000000,12660.0,12660.0,12642.25,12642.25,125,ULTRACEMCO,12666.212143887082,12674.494042688173,52.26197904710947,12630.05,30.832318120289553,
2025-08-29T13:15:00.000000,12642.25,12651.55,12640.0,12640.0,30,ULTRACEMCO,12660.969715109666,12671.358220625612,51.12236836525516,12630.05,31.660175723459925,
2025-08-29T13:20:00.000000,12640.0,12654.65,12640.0,12650.0,35,ULTRACEMCO,12658.775772087733,12669.416564205103,50.132156559945294,12630.05,32.10065572251882,
2025-08-29T13:25:00.000000,12650.0,12655.65,12642.05,12642.05,14,ULTRACEMCO,12655.430617670187,12666.928694731912,49.02629893539344,12630.05,32.40054493039104,
2025-08-29T13:30:00.000000,12642.05,12649.95,12642.05,12649.0,15,ULTRACEMCO,12654.14449413615,12665.298813392648,48.23044985719188,12630.05,32.679013480558105,
2025-08-29T13:35:00.000000,12649.0,12650.55,12647.0,12649.0,46,ULTRACEMCO,12653.11559530892,12663.817103084226,47.64725001823683,12630.05,32.86307044830672,
2025-08-29T13:40:00.000000,12649.0,12653.8,12645.0,12653.8,13,ULTRACEMCO,12653.252476247137,12662.906457349296,47.04921063751327,12630.05,32.62104040252951,
2025-08-29T13:45:00.000000,12653.8,12654.45,12645.0,12654.45,18,ULTRACEMCO,12653.49198099771,12662.13768849936,46.66114353853925,12630.05,32.31193547525128,
2025-08-29T13:50:00.000000,12654.45,12654.45,12630.35,12645.0,142,ULTRACEMCO,12651.793584798168,12660.579716817601,46.09429770956163,12630.05,32.95338504195225,
2025-08-29T13:55:00.000000,12645.0,12645.0,12636.15,12636.15,2,ULTRACEMCO,12648.664867838534,12658.358833470547,45.29991881429807,12630.05,33.5490167824603,
2025-08-29T14:00:00.000000,12636.15,12636.15,12617.0,12617.0,48,ULTRACEMCO,12642.331894270827,12654.598939518679,44.607316562751876,12630.05,35.006088395339845,SELL
2025-08-29T14:05:00.000000,12617.0,12660.0,12617.0,12660.0,64,ULTRACEMCO,12645.86551541666,12655.08994501698,44.65164213341112,12630.05,33.89278157215712,
2025-08-29T14:10:00.000000,12660.0,12660.0,12650.2,12660.0,30,ULTRACEMCO,12648.692412333328,12655.5363136518,44.77371355896268,12630.05,32.85899666491601,
2025-08-29T14:15:00.000000,12660.0,12661.8,12650.65,12650.65,24,ULTRACEMCO,12649.083929866663,12655.09210331982,44.50251136919978,12630.05,31.734821195092756,
2025-08-29T14:20:00.000000,12650.65,12659.45,12646.4,12646.4,15,ULTRACEMCO,12648.547143893331,12654.301912108927,44.16166192504251,12630.05,30.96723886764042,
2025-08-29T14:25:00.000000,12646.4,12650.0,12645.0,12650.0,16,ULTRACEMCO,12648.837715114665,12653.910829189934,44.24081673458612,12630.05,30.346403305094242,
2025-08-29T14:30:00.000000,12650.0,12670.0,12644.35,12665.6,26,ULTRACEMCO,12652.190172091732,12654.973481081757,44.38813913593284,12630.05,28.337682966916052,
2025-08-29T14:35:00.000000,12665.6,12665.6,12665.6,12665.6,0,ULTRACEMCO,12654.872137673387,12655.939528256144,44.83821034729537,12630.05,26.47244265289345,
2025-08-29T14:40:00.000000,12665.6,12665.6,12650.0,12650.0,6,ULTRACEMCO,12653.89771013871,12655.399571141948,44.939216612068236,12630.05,25.54306808779311,
2025-08-29T14:45:00.000000,12650.0,12655.05,12644.35,12646.5,15,ULTRACEMCO,12652.418168110968,12654.590519219953,45.023055261738705,12630.05,25.02913109242599,
2025-08-29T14:50:00.000000,12646.5,12646.5,12644.9,12644.9,15,ULTRACEMCO,12650.914534488775,12653.70956292723,45.323033246469585,12630.05,24.551903882442243,
2025-08-29T14:55:00.000000,12644.9,12657.55,12644.85,12652.0,8,ULTRACEMCO,12651.13162759102,12653.554148115663,45.80832109511976,12630.05,23.148956924700343,
2025-08-29T15:00:00.000000,12652.0,12652.0,12644.35,12644.35,7,ULTRACEMCO,12649.775302072816,12652.717407377875,45.93948727786132,12630.05,21.883592901561283,
2025-08-29T15:05:00.000000,12644.35,12652.95,12640.25,12649.0,169,ULTRACEMCO,12649.620241658253,12652.379461252614,46.29283952062911,12630.05,21.021614699588245,
2025-08-29T15:10:00.000000,12649.0,12649.0,12631.2,12644.55,108,ULTRACEMCO,12648.606193326603,12651.667692047831,46.41067672297177,12630.05,20.860366372347983,
2025-08-29T15:15:00.000000,12644.55,12644.55,12622.0,12632.7,105,ULTRACEMCO,12645.424954661283,12649.943356407119,46.29815610908649,12630.05,21.279182932721664,
2025-08-29T15:20:00.000000,12632.7,12632.7,12627.9,12630.0,109,ULTRACEMCO,12642.339963729026,12648.130324006472,46.03129307402894,12630.05,21.668084024497226,
2025-08-29T15:25:00.000000,12630.0,12644.55,12619.2,12640.5,32,ULTRACEMCO,12641.97197098322,12647.436658187702,46.02229928230694,12630.05,20.873486412491104,
2025-09-01T09:15:00.000000,12637.25,12674.0,12637.25,12673.45,62,ULTRACEMCO,12648.267576786577,12649.801507443366,46.83141834564547,12695.15,20.640424728934853,
2025-09-01T09:20:00.000000,12673.45,12695.15,12673.45,12688.2,158,ULTRACEMCO,12656.254061429261,12653.29227949397,48.00617770582713,12695.15,21.392461003516775,
2025-09-01T09:25:00.000000,12688.2,12688.2,12671.6,12675.05,83,ULTRACEMCO,12660.013249143409,12655.270254085426,49.185382255090886,12695.15,21.94775846644451,
2025-09-01T09:30:00.000000,12675.05,12682.95,12675.05,12679.2,5,ULTRACEMCO,12663.850599314726,12657.445685532206,49.56645351752744,12695.15,22.46339182487741,
2025-09-01T09:35:00.000000,12679.2,12679.75,12672.8,12679.75,72,ULTRACEMCO,12667.030479451782,12659.473350483824,49.956217478262225,12695.15,22.74772528581067,
2025-09-01T09:40:00.000000,12679.75,12679.75,12662.55,12666.0,11,ULTRACEMCO,12666.824383561425,12660.066682258022,50.20513291286851,12695.15,22.16532459137695,
2025-09-01T09:45:00.000000,12666.0,12666.0,12657.65,12657.65,34,ULTRACEMCO,12664.98950684914,12659.84698387093,50.359982673701815,12695.15,21.247780907891006,
2025-09-01T09:50:00.000000,12657.65,12689.25,12657.65,12680.0,109,ULTRACEMCO,12667.991605479312,12661.6790762463,50.82928105653232,12695.15,21.629087899848212,
2025-09-01T09:55:00.000000,12680.0,12705.35,12680.0,12693.7,27,ULTRACEMCO,12673.13328438345,12664.59006931482,51.21181035466482,12695.15,22.635179572120062,
2025-09-01T10:00:00.000000,12693.7,12717.3,12693.7,12710.0,15,ULTRACEMCO,12680.50662750676,12668.718244831654,51.79811958669514,12695.15,23.984526309204337,
2025-09-01T10:05:00.000000,12710.0,12718.0,12697.6,12718.0,62,ULTRACEMCO,12688.005302005407,12673.198404392413,52.772752250078725,12695.15,25.261175738773563,
2025-09-01T10:10:00.000000,12718.0,12718.0,12693.7,12707.95,17,ULTRACEMCO,12691.994241604327,12676.357640356739,53.588099755019186,12695.15,26.113227226862936,
2025-09-01T10:15:00.000000,12707.95,12718.0,12701.9,12701.9,22,ULTRACEMCO,12693.975393283461,12678.67967305158,54.30432555060203,12695.15,26.904417894374497,
2025-09-01T10:20:00.000000,12701.9,12707.0,12696.05,12696.05,102,ULTRACEMCO,12694.39031462677,12680.258793683255,54.74157156435062,12695.15,27.108537137405396,
2025-09-01T10:25:00.000000,12696.05,12707.05,12696.05,12707.05,11,ULTRACEMCO,12696.922251701415,12682.694357893868,55.49403960847364,12695.15,27.300575425089516,
2025-09-01T10:30:00.000000,12707.05,12707.05,12707.05,12707.05,2,ULTRACEMCO,12698.947801361131,12684.908507176244,56.13996741181239,12695.15,27.47889669222477,
2025-09-01T10:35:00.000000,12707.05,12712.5,12707.05,12712.5,4,ULTRACEMCO,12701.658241088906,12687.416824705677,56.961746850407074,12695.15,27.941526988219064,
2025-09-01T10:40:00.000000,12712.5,12712.5,12712.5,12712.5,0,ULTRACEMCO,12703.826592871124,12689.697113368797,58.013884105229714,12695.15,28.37111226307091,
2025-09-01T10:45:00.000000,12712.5,12715.0,12709.0,12710.05,40,ULTRACEMCO,12705.071274296899,12691.547375789814,59.048421377638455,12695.15,28.365697241032787,
2025-09-01T10:50:00.000000,12710.05,12710.05,12710.05,12710.05,2,ULTRACEMCO,12706.06701943752,12693.229432536195,59.81046580793592,12695.15,28.360669006283103,
2025-09-01T10:55:00.000000,12710.05,12710.05,12690.0,12701.95,3,ULTRACEMCO,12705.243615550016,12694.022211396541,59.70018450869488,12695.15,26.34725390067565,
2025-09-01T11:00:00.000000,12701.95,12701.95,12701.95,12701.95,0,ULTRACEMCO,12704.584892440012,12694.7429194514,59.37845664684185,12695.15,24.47765415975444,
2025-09-01T11:05:00.000000,12701.95,12703.9,12701.95,12703.9,2,ULTRACEMCO,12704.44791395201,12695.575381319455,59.38269984666579,12695.15,22.91364354006853,
2025-09-01T11:10:00.000000,12703.9,12710.85,12695.8,12710.85,20,ULTRACEMCO,12705.728331161608,12696.963983017686,59.48227669395452,12695.15,22.051151851654286,
2025-09-01T11:15:00.000000,12710.85,12715.0,12697.95,12715.0,8,ULTRACEMCO,12707.582664929287,12698.603620925169,59.66314657789447,12695.15,21.579452703396985,
2025-09-01T11:20:00.000000,12715.0,12715.0,12691.5,12691.5,2,ULTRACEMCO,12704.366131943429,12697.957837204698,59.46464988983215,12695.15,20.484832582313288,
2025-09-01T11:25:00.000000,12691.5,12705.1,12691.5,12705.1,5,ULTRACEMCO,12704.512905554742,12698.607124731543,59.73557106822993,12695.15,19.46839961273557,
2025-09-01T11:30:00.000000,12705.1,12709.8,12705.1,12706.9,2,ULTRACEMCO,12704.990324443794,12699.361022483221,59.66018706394732,12695.15,18.946750807497185,
2025-09-01T11:35:00.000000,12706.9,12706.9,12706.9,12706.9,1,ULTRACEMCO,12705.372259555035,12700.046384075655,59.38938484661427,12695.15,18.4623626312044,
2025-09-01T11:40:00.000000,12706.9,12706.9,12691.5,12691.5,1,ULTRACEMCO,12702.597807644028,12699.269440068778,58.51931432057969,12695.15,17.823212326306923,
2025-09-01T11:45:00.000000,12691.5,12694.75,12680.95,12680.95,37,ULTRACEMCO,12698.268246115222,12697.604036426163,57.331349258348965,12695.15,18.03633351186381,
2025-09-01T11:50:00.000000,12680.95,12680.95,12670.0,12670.0,10,ULTRACEMCO,12692.614596892177,12695.094578569238,56.15762758722832,12695.15,18.926713766883122,
2025-09-01T11:55:00.000000,12670.0,12677.2,12670.0,12674.95,10,ULTRACEMCO,12689.081677513743,12693.263253244762,55.2485201931619,12695.15,19.753495432258198,
2025-09-01T12:00:00.000000,12674.95,12687.25,12664.0,12687.25,12,ULTRACEMCO,12688.715342010993,12692.716593858875,54.77328625926269,12695.15,19.446584245425928,
2025-09-01T12:05:00.000000,12687.25,12691.0,12687.25,12691.0,11,ULTRACEMCO,12689.172273608794,12692.560539871705,54.22283907125711,12695.15,18.79646489859841,
2025-09-01T12:10:00.000000,12691.0,12691.0,12677.05,12679.45,2,ULTRACEMCO,12687.227818887035,12691.36867261064,53.42145026459292,12695.15,18.927969091472363,
2025-09-01T12:15:00.000000,12679.45,12698.95,12679.45,12698.95,2,ULTRACEMCO,12689.572255109628,12692.057884191492,52.96585675193461,12695.15,18.29271910718393,
2025-09-01T12:20:00.000000,12698.95,12698.95,12663.35,12663.35,2,ULTRACEMCO,12684.327804087703,12689.44807653772,51.887871964341706,12695.15,18.736504850752276,
2025-09-01T12:25:00.000000,12663.35,12663.35,12663.35,12663.35,0,ULTRACEMCO,12680.132243270162,12687.075524125199,50.87712306802338,12695.15,19.148591612637166,
2025-09-01T12:30:00.000000,12663.35,12681.0,12663.35,12681.0,5,ULTRACEMCO,12680.30579461613,12686.523203750181,50.216770074974995,12695.15,18.021273464464944,
2025-09-01T12:35:00.000000,12681.0,12692.5,12681.0,12692.0,8,ULTRACEMCO,12682.644635692905,12687.021094318347,49.981464728768394,12695.15,17.27958232983538,
2025-09-01T12:40:00.000000,12692.0,12708.0,12691.65,12708.0,28,ULTRACEMCO,12687.715708554324,12688.928267562133,49.9960280633333,12695.15,17.473840626936084,
2025-09-01T12:45:00.000000,12708.0,12708.0,12696.45,12699.0,59,ULTRACEMCO,12689.972566843458,12689.843879601938,49.79802081709764,12695.15,17.654223331386735,
2025-09-01T12:50:00.000000,12699.0,12714.85,12699.0,12714.85,91,ULTRACEMCO,12694.948053474767,12692.11716327449,49.67631476598616,12695.15,18.18854739779982,
2025-09-01T12:55:00.000000,12714.85,12715.0,12696.45,12715.0,124,ULTRACEMCO,12698.958442779815,12694.197421158628,49.466771778750946,12695.15,18.460450233077477,
2025-09-01T13:00:00.000000,12715.0,12723.2,12715.0,12720.35,68,ULTRACEMCO,12703.236754223852,12696.574928326025,50.012922387081375,12695.15,19.15834175398397,
2025-09-01T13:05:00.000000,12720.35,12733.1,12720.35,12730.0,21,ULTRACEMCO,12708.589403379081,12699.613571205477,50.39148522363004,12695.15,20.28903982384327,
2025-09-01T13:10:00.000000,12730.0,12730.0,12730.0,12730.0,0,ULTRACEMCO,12712.871522703264,12702.37597382316,50.732312781193436,12695.15,21.338973745855487,
2025-09-01T13:15:00.000000,12730.0,12730.0,12716.7,12729.0,55,ULTRACEMCO,12716.097218162611,12704.796339839237,51.04766781625909,12695.15,21.08042725947526,
2025-09-01T13:20:00.000000,12729.0,12729.0,12729.0,12729.0,0,ULTRACEMCO,12718.67777453009,12706.996672581125,51.75851122612845,12695.15,20.84034837926505,
2025-09-01T13:25:00.000000,12729.0,12729.0,12729.0,12729.0,0,ULTRACEMCO,12720.742219624071,12708.99697507375,52.6958527430657,12695.15,20.61741799049842,
2025-09-01T13:30:00.000000,12729.0,12740.0,12729.0,12732.8,28,ULTRACEMCO,12723.153775699257,12711.160886430682,53.91135044893349,12695.15,21.096417376880158,
2025-09-01T13:35:00.000000,12732.8,12755.9,12732.8,12747.0,93,ULTRACEMCO,12727.923020559405,12714.418987664256,55.230000963096145,12695.15,22.33939525526429,
2025-09-01T13:40:00.000000,12747.0,12751.2,12747.0,12751.2,10,ULTRACEMCO,12732.578416447524,12717.762716058414,56.30144570338725,12695.15,23.493588999478128,
2025-09-01T13:45:00.000000,12751.2,12751.2,12735.1,12735.1,35,ULTRACEMCO,12733.08273315802,12719.338832780377,56.79410391361506,12695.15,23.400493108623888,
2025-09-01T13:50:00.000000,12735.1,12735.55,12735.1,12735.55,1,ULTRACEMCO,12733.576186526416,12720.812575254888,57.54627290562327,12695.15,23.314046924259234,
2025-09-01T13:55:00.000000,12735.55,12749.0,12735.55,12749.0,12,ULTRACEMCO,12736.660949221132,12723.375068413534,58.111358607084036,12695.15,23.976910140829556,
2025-09-01T14:00:00.000000,12749.0,12760.0,12744.65,12760.0,29,ULTRACEMCO,12741.328759376906,12726.704607648668,59.46822214259762,12695.15,25.099691956911805,
2025-09-01T14:05:00.000000,12760.0,12770.0,12752.95,12752.95,23,ULTRACEMCO,12743.653007501525,12729.090552407879,60.61465076368969,12695.15,26.545032592334906,
2025-09-01T14:10:00.000000,12752.95,12828.2,12752.95,12828.2,135,ULTRACEMCO,12760.56240600122,12738.100502188981,62.164208322351556,12695.15,29.32992034616546,
2025-09-01T14:15:00.000000,12828.2,12828.2,12808.6,12808.6,2,ULTRACEMCO,12770.169924800975,12744.509547444528,63.110014343384464,12695.15,31.91588754615097,
2025-09-01T14:20:00.000000,12815.0,12820.0,12809.05,12820.0,21,ULTRACEMCO,12780.13593984078,12751.372315858662,63.89624308725695,12695.15,34.317142803280376,
2025-09-01T14:25:00.000000,12820.0,12831.95,12820.0,12831.95,3,ULTRACEMCO,12790.498751872625,12758.69755987151,64.93899880344186,12695.15,36.75997164805616,
2025-09-01T14:30:00.000000,12831.95,12834.25,12831.95,12834.25,3,ULTRACEMCO,12799.2490014981,12765.565963519555,65.76421414849533,12695.15,39.06794698272769,
2025-09-01T14:35:00.000000,12834.25,12843.4,12809.0,12809.0,63,ULTRACEMCO,12801.19920119848,12769.514512290505,66.08226488667154,12695.15,39.288077455181096,
2025-09-01T14:40:00.000000,12809.0,12825.5,12809.0,12825.5,21,ULTRACEMCO,12806.059360958785,12774.604102082278,66.47582577974036,12695.15,39.492484322459255,
2025-09-01T14:45:00.000000,12825.5,12840.0,12825.05,12825.05,97,ULTRACEMCO,12809.857488767027,12779.190092802071,66.72265758484767,12695.15,40.11404628913123,
2025-09-01T14:50:00.000000,12825.05,12845.0,12825.05,12845.0,9,ULTRACEMCO,12816.885991013622,12785.172811638247,67.14667883348287,12695.15,40.82942883363126,
2025-09-01T14:55:00.000000,12845.0,12845.0,12822.0,12845.0,104,ULTRACEMCO,12822.508792810897,12790.611646943862,67.5961726046158,12695.15,41.23688632956462,
2025-09-01T15:00:00.000000,12845.0,12845.0,12831.8,12831.8,6,ULTRACEMCO,12824.367034248717,12794.356042676238,67.77307054757324,12695.15,41.61523971864559,
2025-09-01T15:05:00.000000,12831.8,12840.0,12829.65,12840.0,29,ULTRACEMCO,12827.493627398973,12798.505493342034,68.03449601230122,12695.15,41.76556679029405,
2025-09-01T15:10:00.000000,12840.0,12840.0,12817.75,12817.75,27,ULTRACEMCO,12825.544901919178,12800.254993947305,67.80499364618892,12695.15,40.850762135222524,
2025-09-01T15:15:00.000000,12817.75,12826.6,12799.05,12799.05,117,ULTRACEMCO,12820.245921535343,12800.145449043004,67.03753698162812,12695.15,38.637300806075814,
2025-09-01T15:20:00.000000,12799.05,12804.0,12795.3,12804.0,67,ULTRACEMCO,12816.996737228274,12800.495862766367,66.27300099153076,12695.15,36.338769862709334,
2025-09-01T15:25:00.000000,12804.0,12805.05,12780.0,12780.0,28,ULTRACEMCO,12809.597389782619,12798.63260251488,65.65228524443653,12695.15,34.19314863529291,
2025-09-02T09:15:00.000000,12819.95,12822.0,12790.85,12790.85,31,ULTRACEMCO,12805.847911826095,12797.925093195345,65.17827128453563,12822.0,32.25057935701289,
2025-09-02T09:20:00.000000,12790.85,12790.85,12746.85,12746.85,83,ULTRACEMCO,12794.048329460877,12793.281902904859,63.94928366959823,12822.0,31.42734013188678,
2025-09-02T09:25:00.000000,12746.85,12770.95,12746.85,12750.0,32,ULTRACEMCO,12785.238663568702,12789.347184458962,62.597417623795764,12822.0,30.662903708555397,
2025-09-02T09:30:00.000000,12750.0,12750.0,12744.55,12746.95,31,ULTRACEMCO,12777.580930854961,12785.492894962694,61.42343265608624,12822.0,30.04063709842456,
2025-09-02T09:35:00.000000,12746.95,12763.0,12746.95,12763.0,3,ULTRACEMCO,12774.664744683969,12783.448086329721,59.74286064390854,12822.0,28.713401686220884,
2025-09-02T09:40:00.000000,12763.0,12765.2,12759.85,12765.2,16,ULTRACEMCO,12772.771795747176,12781.789169390655,58.50701836337678,12822.0,27.35806620365534,
2025-09-02T09:45:00.000000,12765.2,12768.35,12763.05,12763.05,5,ULTRACEMCO,12770.827436597741,12780.08560853696,57.15213523078298,12822.0,25.91729344671341,
2025-09-02T09:50:00.000000,12763.05,12781.2,12763.05,12767.8,12,ULTRACEMCO,12770.221949278193,12778.968735033599,55.786978357712236,12822.0,24.262233590365234,
2025-09-02T09:55:00.000000,12767.8,12783.0,12767.8,12783.0,1,ULTRACEMCO,12772.777559422555,12779.335213666907,54.645672526815005,12822.0,22.82117121258139,
2025-09-02T10:00:00.000000,12783.0,12800.0,12783.0,12800.0,117,ULTRACEMCO,12778.222047538044,12781.213830606279,54.247279136575074,12822.0,22.325614603287224,
2025-09-02T10:05:00.000000,12800.0,12800.0,12790.0,12790.0,5,ULTRACEMCO,12780.577638030434,12782.012573278435,53.52820232625381,12822.0,21.865454894656928,
2025-09-02T10:10:00.000000,12790.0,12790.0,12780.45,12782.0,2,ULTRACEMCO,12780.862110424347,12782.011430253122,52.689730005757426,12822.0,20.82411708340802,
2025-09-02T10:15:00.000000,12782.0,12782.0,12782.0,12782.0,0,ULTRACEMCO,12781.089688339478,12782.010391139202,51.67406824173315,12822.0,19.857160544391174,
2025-09-02T10:20:00.000000,12782.0,12796.35,12782.0,12796.35,10,ULTRACEMCO,12784.141750671582,12783.31399194473,50.883450759666964,12822.0,19.717394144183487,
2025-09-02T10:25:00.000000,12796.35,12796.35,12796.35,12796.35,0,ULTRACEMCO,12786.583400537265,12784.499083586117,50.36542910577627,12822.0,19.587611058276345,
2025-09-02T10:30:00.000000,12796.35,12796.35,12767.9,12767.9,17,ULTRACEMCO,12782.846720429812,12782.99007598738,49.28591819088999,12822.0,18.66471131538571,
2025-09-02T10:35:00.000000,12767.9,12767.9,12755.0,12760.0,23,ULTRACEMCO,12778.277376343849,12780.900069079436,48.51418533199262,12822.0,18.423420831057175,
2025-09-02T10:40:00.000000,12760.0,12760.0,12741.0,12752.3,18,ULTRACEMCO,12773.081901075078,12778.300062799488,47.93474943435997,12822.0,18.78886652905869,
2025-09-02T10:45:00.000000,12752.3,12757.7,12752.3,12757.7,2,ULTRACEMCO,12770.005520860062,12776.427329817716,47.394019645965855,12822.0,19.128208962917245,
2025-09-02T10:50:00.000000,12757.7,12765.9,12757.7,12765.9,2,ULTRACEMCO,12769.18441668805,12775.470299834287,47.35695837760337,12822.0,18.895585215996345,
2025-09-02T10:55:00.000000,12765.9,12765.9,12765.9,12765.9,0,ULTRACEMCO,12768.52753335044,12774.600272576625,47.16462615892578,12822.0,18.67957745099837,
2025-09-02T11:00:00.000000,12765.9,12765.9,12753.85,12753.85,26,ULTRACEMCO,12765.592026680351,12772.713884160568,47.2857461305659,12822.0,19.053872968262336,
2025-09-02T11:05:00.000000,12753.85,12767.85,12753.85,12753.9,6,ULTRACEMCO,12763.253621344282,12771.003531055063,47.36146529934071,12822.0,19.256281676526246,
2025-09-02T11:10:00.000000,12753.9,12753.9,12753.9,12753.9,5,ULTRACEMCO,12761.382897075426,12769.448664595511,47.4697383044441,12822.0,19.444232619914168,
2025-09-02T11:15:00.000000,12753.9,12753.9,12753.9,12753.9,0,ULTRACEMCO,12759.88631766034,12768.035149632284,47.33107351317593,12822.0,19.618758495917234,
2025-09-02T11:20:00.000000,12753.9,12766.55,12750.0,12750.0,28,ULTRACEMCO,12757.909054128273,12766.395590574803,47.082728764349426,12822.0,18.75971133909886,
2025-09-02T11:25:00.000000,12750.0,12750.0,12750.0,12750.0,0,ULTRACEMCO,12756.327243302618,12764.905082340729,46.86313346397388,12822.0,17.9620246934818,
2025-09-02T11:30:00.000000,12750.0,12750.0,12750.0,12750.0,5,ULTRACEMCO,12755.061794642093,12763.550074855208,46.56434532679943,12822.0,17.221315665408813,
2025-09-02T11:35:00.000000,12750.0,12766.5,12750.0,12766.5,1,ULTRACEMCO,12757.349435713675,12763.818249868371,46.49808731980217,12822.0,16.68175872241258,
2025-09-02T11:40:00.000000,12766.5,12766.5,12750.0,12751.6,4,ULTRACEMCO,12756.19954857094,12762.707499880336,45.854275211494816,12822.0,16.180741561058937,
2025-09-02T11:45:00.000000,12751.6,12754.0,12751.2,12754.0,2,ULTRACEMCO,12755.75963885675,12761.915908982124,45.44077137629562,12822.0,15.715511339801981,
2025-09-02T11:50:00.000000,12754.0,12800.0,12753.45,12786.95,530,ULTRACEMCO,12761.997711085402,12764.191735438295,45.85140791510841,12822.0,17.595938182228263,
2025-09-02T11:55:00.000000,12786.95,12795.75,12782.7,12795.75,10,ULTRACEMCO,12768.748168868322,12767.060668580269,46.40155896138191,12822.0,19.3420488216241,
2025-09-02T12:00:00.000000,12795.75,12804.9,12795.75,12804.9,16,ULTRACEMCO,12775.978535094657,12770.500607800244,46.86204187352041,12822.0,21.279573978114144,
2025-09-02T12:05:00.000000,12804.9,12804.9,12766.55,12766.55,29,ULTRACEMCO,12774.092828075725,12770.141461636586,46.54657240130232,12822.0,20.903831414317015,
2025-09-02T12:10:00.000000,12766.55,12780.7,12766.55,12770.0,3,ULTRACEMCO,12773.27426246058,12770.128601487804,46.76658519465666,12822.0,20.55492760507682,
2025-09-02T12:15:00.000000,12770.0,12770.0,12770.0,12770.0,0,ULTRACEMCO,12772.619409968464,12770.116910443458,47.09872345650283,12822.0,20.23094549649664,
2025-09-02T12:20:00.000000,12770.0,12770.0,12770.0,12770.0,6,ULTRACEMCO,12772.09552797477,12770.106282221324,47.53726198938434,12822.0,19.93010496710076,
2025-09-02T12:25:00.000000,12770.0,12770.0,12763.8,12763.8,5,ULTRACEMCO,12770.436422379817,12769.532983837567,47.74871867331344,12822.0,19.186320612732015,
2025-09-02T12:30:00.000000,12763.8,12776.95,12763.55,12763.55,15,ULTRACEMCO,12769.059137903852,12768.98907621597,47.79837323248751,12822.0,18.905212925830256,
2025-09-02T12:35:00.000000,12763.55,12776.45,12763.55,12776.45,26,ULTRACEMCO,12770.537310323081,12769.667342014518,48.12444283099888,12822.0,18.64418435942148,
2025-09-02T12:40:00.000000,12776.45,12776.45,12758.7,12758.7,135,ULTRACEMCO,12768.169848258465,12768.670310922289,48.293608219650196,12822.0,18.000204715670865,
2025-09-02T12:45:00.000000,12758.7,12762.7,12758.7,12762.7,1,ULTRACEMCO,12767.075878606773,12768.127555383899,48.54749273544603,12822.0,17.40222361790244,
2025-09-02T12:50:00.000000,12762.7,12779.75,12762.7,12779.75,44,ULTRACEMCO,12769.610702885419,12769.184141258089,49.13445002603914,12822.0,17.9178522034685,
2025-09-02T12:55:00.000000,12779.75,12779.75,12775.45,12775.45,2,ULTRACEMCO,12770.778562308335,12769.75376478008,49.63112248927105,12822.0,18.396650175779843,
2025-09-02T13:00:00.000000,12775.45,12787.45,12775.3,12786.75,38,ULTRACEMCO,12773.972849846668,12771.2988770728,50.40966720291381,12822.0,19.271691163914063,
2025-09-02T13:05:00.000000,12786.75,12795.0,12786.75,12795.0,1,ULTRACEMCO,12778.178279877335,12773.453524611637,51.32630618689213,12822.0,20.469861513863957,
2025-09-02T13:10:00.000000,12795.0,12800.0,12788.05,12800.0,40,ULTRACEMCO,12782.542623901867,12775.866840556035,52.32399916236081,12822.0,21.822728600264536,
2025-09-02T13:15:00.000000,12800.0,12800.0,12800.0,12800.0,0,ULTRACEMCO,12786.034099121494,12778.06076414185,52.848199032733206,12822.0,23.07896232335079,
2025-09-02T13:20:00.000000,12800.0,12800.0,12770.0,12770.0,1,ULTRACEMCO,12782.827279297195,12777.327967401681,53.052370311291305,12822.0,21.57731720419447,
2025-09-02T13:25:00.000000,12770.0,12785.1,12770.0,12783.8,4,ULTRACEMCO,12783.021823437755,12777.916334001528,53.44580424103051,12822.0,20.182932450692167,
2025-09-02T13:30:00.000000,12783.8,12783.8,12775.05,12775.05,1,ULTRACEMCO,12781.427458750204,12777.655758183208,52.979322373369556,12822.0,18.88814660815432,
2025-09-02T13:35:00.000000,12775.05,12791.6,12775.0,12789.2,6,ULTRACEMCO,12782.981967000163,12778.705234712006,52.61991767996765,12822.0,18.245845160690305,
2025-09-02T13:40:00.000000,12789.2,12789.2,12770.05,12770.05,3,ULTRACEMCO,12780.39557360013,12777.918395192733,51.786398891672604,12822.0,17.24227166988043,
2025-09-02T13:45:00.000000,12770.05,12770.05,12770.05,12770.05,0,ULTRACEMCO,12778.326458880103,12777.203086538848,51.72883248773415,12822.0,16.310381999842694,
2025-09-02T13:50:00.000000,12770.05,12770.35,12760.0,12760.0,8,ULTRACEMCO,12774.661167104083,12775.63916958077,51.444965883867724,12822.0,15.655699980979913,
2025-09-02T13:55:00.000000,12760.0,12760.0,12737.9,12750.05,37,ULTRACEMCO,12769.738933683266,12773.312881437065,51.006433965851286,12822.0,16.406977613200045,
2025-09-02T14:00:00.000000,12750.05,12750.05,12730.75,12730.75,18,ULTRACEMCO,12761.941146946612,12769.44352857915,50.305670068738344,12822.0,17.4560190531248,
2025-09-02T14:05:00.000000,12730.75,12734.15,12707.6,12707.6,43,ULTRACEMCO,12751.07291755729,12763.82138961741,49.47290883754839,12822.0,19.358178189731227,
2025-09-02T14:10:00.000000,12707.6,12732.15,12707.6,12720.05,36,ULTRACEMCO,12744.868334045832,12759.842172379464,48.90666084461655,12822.0,21.124468816580052,
2025-09-02T14:15:00.000000,12720.05,12720.05,12720.0,12720.0,27,ULTRACEMCO,12739.894667236666,12756.220156708603,48.06340777079392,12822.0,22.76459582722539,
2025-09-02T14:20:00.000000,12720.0,12720.0,12701.05,12701.05,14,ULTRACEMCO,12732.125733789333,12751.204687916912,47.364504501648085,12822.0,24.93305188276608,
2025-09-02T14:25:00.000000,12701.05,12708.6,12700.0,12700.0,40,ULTRACEMCO,12725.700587031466,12746.549716288102,46.568671167111646,12822.0,26.978601373919116,
2025-09-02T14:30:00.000000,12700.0,12700.0,12690.0,12690.0,6,ULTRACEMCO,12718.560469625172,12741.408832989184,45.334229272804905,12822.0,29.173949527439934,
2025-09-02T14:35:00.000000,12690.0,12690.0,12690.0,12690.0,0,ULTRACEMCO,12712.848375700138,12736.73530271744,44.19007220585937,12822.0,31.21248709856641,SELL
2025-09-02T14:40:00.000000,12690.0,12730.0,12690.0,12730.0,32,ULTRACEMCO,12716.27870056011,12736.1230024704,43.67457097740264,12822.0,29.807511255354424,
2025-09-02T14:45:00.000000,12730.0,12740.0,12730.0,12740.0,2,ULTRACEMCO,12721.022960448088,12736.475456791273,43.18211549606578,12822.0,27.92080428621681,
2025-09-02T14:50:00.000000,12740.0,12740.0,12723.25,12723.25,4,ULTRACEMCO,12721.46836835847,12735.27314253752,42.367882670149754,12822.0,26.51685243052569,
2025-09-02T14:55:00.000000,12723.25,12733.95,12715.75,12733.95,78,ULTRACEMCO,12723.964694686776,12735.152856852292,41.7277849074446,12822.0,25.586080524939707,
2025-09-02T15:00:00.000000,12733.95,12733.95,12733.95,12733.95,1,ULTRACEMCO,12725.96175574942,12735.043506229356,41.747373205258086,12822.0,24.721792326895574,
2025-09-02T15:05:00.000000,12733.95,12733.95,12727.9,12727.9,5,ULTRACEMCO,12726.349404599536,12734.394096572141,41.41812414209943,12822.0,24.23161571099871,
2025-09-02T15:10:00.000000,12727.9,12743.55,12727.9,12740.75,68,ULTRACEMCO,12729.229523679629,12734.971905974673,41.47612826006795,12822.0,23.107068877935934,
2025-09-02T15:15:00.000000,12740.75,12740.75,12727.9,12727.9,5,ULTRACEMCO,12728.963618943702,12734.32900543152,41.079804678617776,12822.0,22.062846818663356,SELL
2025-09-02T15:20:00.000000,12727.9,12730.05,12717.95,12729.1,52,ULTRACEMCO,12728.990895154962,12733.853641301383,41.04412516710382,12822.0,21.663463787961092,
2025-09-02T15:25:00.000000,12729.1,12729.1,12700.0,12729.0,18,ULTRACEMCO,12728.99271612397,12733.412401183075,41.006723873787195,12822.0,22.157283153061012,
2025-09-03T09:15:00.000000,12729.0,12729.0,12657.3,12675.0,76,ULTRACEMCO,12718.194172899177,12728.102182893705,40.43588476924053,12744.55,23.99710603610695,SELL
2025-09-03T09:20:00.000000,12675.0,12691.65,12672.4,12683.25,6,ULTRACEMCO,12711.205338319342,12724.02471172155,40.17721133343278,12744.55,25.70551299893532,SELL
2025-09-03T09:25:00.000000,12683.25,12705.0,12683.25,12705.0,28,ULTRACEMCO,12709.964270655473,12722.295192474136,40.556867439552036,12744.55,26.34738287443513,SELL
2025-09-03T09:30:00.000000,12705.0,12724.55,12705.0,12724.55,2,ULTRACEMCO,12712.881416524378,12722.500174976487,41.47880586328477,12744.55,25.754614900586013,
2025-09-03T09:35:00.000000,12724.55,12744.55,12718.0,12740.0,37,ULTRACEMCO,12718.305133219503,12724.091068160442,42.342037387470725,12744.55,24.193854793746176,
2025-09-03T09:40:00.000000,12740.0,12751.1,12716.05,12716.05,2,ULTRACEMCO,12717.854106575602,12723.360061964038,42.89162782088575,12744.55,22.487790222121145,SELL
2025-09-03T09:45:00.000000,12716.05,12729.15,12716.05,12729.15,26,ULTRACEMCO,12720.11328526048,12723.886419967308,43.825353542098796,12744.55,20.90358740561219,
2025-09-03T09:50:00.000000,12729.15,12744.1,12729.15,12744.1,2,ULTRACEMCO,12724.910628208385,12725.724018152097,44.95297569411405,12744.55,20.122736999314697,
2025-09-03T09:55:00.000000,12744.1,12750.0,12744.1,12748.9,50,ULTRACEMCO,12729.708502566707,12727.830925592816,46.24321188996947,12744.55,19.65208584621169,
2025-09-03T10:00:00.000000,12748.9,12748.9,12730.1,12730.1,7,ULTRACEMCO,12729.786802053366,12728.037205084378,47.27064680245064,12744.55,18.470430051687114,
2025-09-03T10:05:00.000000,12730.1,12744.5,12729.65,12729.65,18,ULTRACEMCO,12729.759441642693,12728.18382280398,47.458083888451526,12744.55,17.349843722318834,
2025-09-03T10:10:00.000000,12729.65,12729.65,12711.0,12711.0,2,ULTRACEMCO,12726.007553314153,12726.621657094527,47.23888102508073,12744.55,16.821395884436804,
2025-09-03T10:15:00.000000,12711.0,12727.0,12710.8,12727.0,19,ULTRACEMCO,12726.206042651324,12726.656051904116,47.48944511181209,12744.55,16.339884053026463,
2025-09-03T10:20:00.000000,12727.0,12727.0,12727.0,12727.0,5,ULTRACEMCO,12726.36483412106,12726.687319912833,47.56587413533257,12744.55,15.892765923859718,
2025-09-03T10:25:00.000000,12727.0,12727.0,12727.0,12727.0,0,ULTRACEMCO,12726.491867296847,12726.715745375303,47.64230315885305,12744.55,15.47758480391917,
2025-09-03T10:30:00.000000,12727.0,12737.95,12727.0,12737.95,5,ULTRACEMCO,12728.783493837478,12727.737041250275,47.98138081575305,12744.55,14.392232438111801,
2025-09-03T10:35:00.000000,12737.95,12740.0,12727.05,12740.0,27,ULTRACEMCO,12731.026795069982,12728.851855682069,48.12810457642192,12744.55,13.470298551793604,
2025-09-03T10:40:00.000000,12740.0,12746.0,12740.0,12746.0,33,ULTRACEMCO,12734.021436055986,12730.41077789279,48.5754726486113,12744.55,12.984625573037333,
2025-09-03T10:45:00.000000,12746.0,12746.0,12727.0,12727.0,1,ULTRACEMCO,12732.617148844789,12730.100707175263,48.66819157646403,12744.55,12.414131425670064,
2025-09-03T10:50:00.000000,12727.0,12734.5,12727.0,12734.5,1,ULTRACEMCO,12732.993719075832,12730.500642886602,48.88704066974425,12744.55,11.884386860257598,
2025-09-03T10:55:00.000000,12734.5,12734.5,12734.5,12734.5,0,ULTRACEMCO,12733.294975260666,12730.864220806001,49.807107247835084,12744.55,11.392481192374593,
2025-09-03T11:00:00.000000,12734.5,12746.8,12734.5,12746.8,6,ULTRACEMCO,12735.995980208532,12732.312928005455,50.77577011793553,12744.55,11.080259176776611,
2025-09-03T11:05:00.000000,12746.8,12750.75,12741.35,12750.75,3,ULTRACEMCO,12738.946784166827,12733.989025459505,51.431730885811746,12744.55,11.043246261810257,
2025-09-03T11:10:00.000000,12750.75,12755.0,12750.75,12755.0,22,ULTRACEMCO,12742.15742733346,12735.899114054095,51.868336306210594,12744.55,11.278852664160254,
2025-09-03T11:15:00.000000,12755.0,12760.0,12755.0,12760.0,1,ULTRACEMCO,12745.725941866769,12738.090103685541,52.18361864536932,12744.55,11.808576622941704,
2025-09-03T11:20:00.000000,12760.0,12762.0,12760.0,12762.0,1,ULTRACEMCO,12748.980753493415,12740.263730623219,52.846306396498086,12744.55,12.424878353990929,
2025-09-03T11:25:00.000000,12762.0,12762.0,12762.0,12762.0,0,ULTRACEMCO,12751.584602794732,12742.239755112018,53.33725787134837,12744.55,12.99715853282235,
2025-09-03T11:30:00.000000,12762.0,12762.0,12762.0,12762.0,0,ULTRACEMCO,12753.667682235786,12744.036141010925,53.64541652825468,12744.55,13.528561556022956,
2025-09-03T11:35:00.000000,12762.0,12762.0,12762.0,12762.0,0,ULTRACEMCO,12755.334145788629,12745.66921910084,53.89649692629384,12744.55,14.022007220423518,
2025-09-03T11:40:00.000000,12762.0,12762.0,12738.6,12745.0,17,ULTRACEMCO,12753.267316630903,12745.608381000764,53.9330531719094,12744.55,13.72968315040251,
2025-09-03T11:45:00.000000,12745.0,12745.0,12745.0,12745.0,3,ULTRACEMCO,12751.613853304723,12745.553073637058,53.97572487628673,12744.55,13.458239371097289,
2025-09-03T11:50:00.000000,12745.0,12756.05,12745.0,12746.05,8,ULTRACEMCO,12750.50108264378,12745.598248760962,54.29148786235062,12744.55,12.740395462353062,
2025-09-03T11:55:00.000000,12746.05,12746.05,12746.05,12746.05,2,ULTRACEMCO,12749.610866115023,12745.63931705542,54.37820725140117,12744.55,12.073826118519136,
2025-09-03T12:00:00.000000,12746.05,12750.0,12746.05,12750.0,64,ULTRACEMCO,12749.688692892018,12746.035742777654,54.578406021829984,12744.55,11.785295271530943,
2025-09-03T12:05:00.000000,12750.0,12750.0,12745.0,12745.0,6,ULTRACEMCO,12748.750954313615,12745.941584343322,54.61845554319592,12744.55,11.41300738403442,
2025-09-03T12:10:00.000000,12745.0,12745.0,12745.0,12745.0,0,ULTRACEMCO,12748.000763450891,12745.855985766657,54.490964671707125,12744.55,11.067311488501934,
2025-09-03T12:15:00.000000,12745.0,12755.0,12745.0,12755.0,2,ULTRACEMCO,12749.400610760713,12746.68725978787,54.634338981618384,12744.55,11.613638136839597,
2025-09-03T12:20:00.000000,12755.0,12755.0,12745.05,12745.05,1,ULTRACEMCO,12748.53048860857,12746.538417988973,54.359195220225764,12744.55,12.120941453153142,
2025-09-03T12:25:00.000000,12745.05,12755.0,12745.05,12755.0,1,ULTRACEMCO,12749.824390886857,12747.307652717249,54.69359272670188,12744.55,12.592008818301434,
2025-09-03T12:30:00.000000,12755.0,12755.0,12755.0,12755.0,0,ULTRACEMCO,12750.859512709485,12748.006957015681,54.90358184955318,12744.55,13.029428514510561,
2025-09-03T12:35:00.000000,12755.0,12764.95,12755.0,12764.95,10,ULTRACEMCO,12753.677610167588,12749.54723365062,55.36665973655649,12744.55,14.295872909265716,
2025-09-03T12:40:00.000000,12764.95,12764.95,12764.95,12764.95,0,ULTRACEMCO,12755.93208813407,12750.947485136927,55.623640976961305,12744.55,15.471856990109789,
2025-09-03T12:45:00.000000,12764.95,12764.95,12747.0,12747.0,4,ULTRACEMCO,12754.145670507256,12750.588622851752,55.23602477508605,12744.55,14.37985153462901,
2025-09-03T12:50:00.000000,12747.0,12750.6,12745.0,12750.6,13,ULTRACEMCO,12753.436536405805,12750.589657137956,54.88110328421392,12744.55,13.562706694227106,
2025-09-03T12:55:00.000000,12750.6,12750.6,12750.6,12750.6,0,ULTRACEMCO,12752.869229124644,12750.590597398143,54.44472037621297,12744.55,12.80392934242534,
2025-09-03T13:00:00.000000,12750.6,12750.6,12750.6,12750.6,0,ULTRACEMCO,12752.415383299716,12750.59145218013,53.9751631885664,12744.55,12.099350372895127,
2025-09-03T13:05:00.000000,12750.6,12750.6,12750.6,12750.6,0,ULTRACEMCO,12752.052306639773,12750.592229254664,53.505606000919826,12744.55,11.445098472617074,
2025-09-03T13:10:00.000000,12750.6,12750.6,12709.95,12724.0,2,ULTRACEMCO,12746.441845311818,12748.174753867876,52.3138617016328,12744.55,13.819732458056441,
2025-09-03T13:15:00.000000,12724.0,12724.0,12724.0,12724.0,0,ULTRACEMCO,12741.953476249455,12745.977048970795,51.12211740234577,12744.55,16.02474973025014,
2025-09-03T13:20:00.000000,12724.0,12724.0,12704.75,12704.75,2,ULTRACEMCO,12734.512780999565,12742.229135427995,50.05695781660799,12744.55,18.827234498573002,
2025-09-03T13:25:00.000000,12704.75,12704.75,12696.25,12696.3,25,ULTRACEMCO,12726.870224799652,12738.053759479995,48.869030699214115,12744.55,21.695752173846767,
2025-09-03T13:30:00.000000,12696.3,12696.3,12690.0,12690.0,4,ULTRACEMCO,12719.496179839722,12733.685235890905,47.56881898798837,12744.55,24.540657994682096,
2025-09-03T13:35:00.000000,12690.0,12690.0,12674.8,12689.95,4,ULTRACEMCO,12713.586943871778,12729.709305355369,46.26792915464122,12744.55,27.56564759835633,
2025-09-03T13:40:00.000000,12689.95,12690.0,12689.95,12690.0,10,ULTRACEMCO,12708.869555097423,12726.099368504882,44.855712952003685,12744.55,30.37456651605383,SELL
2025-09-03T13:45:00.000000,12690.0,12690.0,12690.0,12690.0,0,ULTRACEMCO,12705.095644077937,12722.817607731711,43.60364599842901,12744.55,32.98284836820151,SELL
2025-09-03T13:50:00.000000,12690.0,12690.0,12690.0,12690.0,0,ULTRACEMCO,12702.07651526235,12719.83418884701,42.35157904485434,12744.55,35.40482437376721,SELL
2025-09-03T13:55:00.000000,12690.0,12719.85,12690.0,12707.05,2,ULTRACEMCO,12703.07121220988,12718.671989860917,41.53331401854304,12744.55,34.44454701871222,
2025-09-03T14:00:00.000000,12707.05,12707.05,12707.05,12707.05,0,ULTRACEMCO,12703.866969767903,12717.615445328107,41.04065876971404,12744.55,33.552860903304015,
2025-09-03T14:05:00.000000,12707.05,12707.05,12690.0,12690.0,51,ULTRACEMCO,12701.093575814322,12715.104950298279,39.89843101825736,12744.55,33.568518402031124,SELL
2025-09-03T14:10:00.000000,12690.0,12690.0,12681.0,12681.0,20,ULTRACEMCO,12697.074860651457,12712.004500271163,38.60022606060051,12744.55,33.957815446142725,SELL
2025-09-03T14:15:00.000000,12681.0,12694.75,12681.0,12694.75,2,ULTRACEMCO,12696.609888521165,12710.43590933742,37.528352426496284,12744.55,33.89145605013666,SELL
2025-09-03T14:20:00.000000,12694.75,12694.75,12690.05,12690.05,4,ULTRACEMCO,12695.297910816931,12708.5826448522,36.363328902949796,12744.55,33.829836610988174,SELL
2025-09-03T14:25:00.000000,12690.05,12708.0,12690.05,12708.0,9,ULTRACEMCO,12697.838328653545,12708.529677138364,36.29411687388966,12744.55,32.61014786826685,
2025-09-03T14:30:00.000000,12708.0,12712.75,12700.0,12705.85,7,ULTRACEMCO,12699.440662922836,12708.286070125785,36.07392553040494,12744.55,31.101457677211528,
2025-09-03T14:35:00.000000,12705.85,12705.85,12700.8,12700.8,4,ULTRACEMCO,12699.712530338269,12707.605518296168,35.73795011409906,12744.55,29.700531071231588,
2025-09-03T14:40:00.000000,12700.8,12700.8,12700.8,12700.8,0,ULTRACEMCO,12699.930024270616,12706.986834814697,35.401974697793165,12744.55,28.39967065139307,
2025-09-03T14:45:00.000000,12700.8,12713.0,12682.65,12694.95,14722,ULTRACEMCO,12698.934019416492,12705.89257710427,34.92745184192992,12744.55,28.311505442248055,SELL
2025-09-03T14:50:00.000000,12694.95,12711.95,12674.95,12711.95,2545,ULTRACEMCO,12701.537215533193,12706.443251912973,35.65528654922133,12744.55,28.619108316610603,
2025-09-03T14:55:00.000000,12711.95,12711.95,12675.0,12696.6,32,ULTRACEMCO,12700.549772426555,12705.548410829975,36.032135152372526,12744.55,28.904739557090114,SELL
2025-09-03T15:00:00.000000,12696.6,12742.3,12696.6,12742.3,38,ULTRACEMCO,12708.899817941245,12708.889464390886,37.61623140323367,12744.55,26.925463916125334,
2025-09-03T15:05:00.000000,12742.3,12742.3,12726.25,12726.25,39,ULTRACEMCO,12712.369854352995,12710.467694900806,39.0059190166486,12744.55,25.08756510665804,
2025-09-03T15:10:00.000000,12726.25,12746.45,12726.25,12738.4,111,ULTRACEMCO,12717.575883482396,12713.006995364369,40.65648905915646,12744.55,23.655212797229233,
2025-09-03T15:15:00.000000,12727.65,12739.85,12718.65,12722.05,32,ULTRACEMCO,12718.470706785916,12713.829086694881,42.01162327689731,12744.55,22.140018453016904,
2025-09-03T15:20:00.000000,12722.05,12740.25,12722.05,12734.0,151,ULTRACEMCO,12721.576565428733,12715.662806086255,43.5406866515882,12744.55,20.703646240841525,
2025-09-03T15:25:00.000000,12734.0,12734.0,12699.9,12729.3,27,ULTRACEMCO,12723.121252342986,12716.902550987505,44.98476057445908,12744.55,20.722704987057046,
2025-09-04T09:15:00.000000,12990.0,13101.8,12926.0,12926.0,2931,ULTRACEMCO,12763.697001874389,12735.911409988641,47.75155940566537,13101.8,24.446698163428056,
2025-09-04T09:20:00.000000,12926.0,12926.0,12840.45,12900.0,1335,ULTRACEMCO,12790.957601499511,12750.828554535128,49.47587200833114,13101.8,25.89604241168571,
2025-09-04T09:25:00.000000,12900.0,12931.65,12865.0,12931.65,492,ULTRACEMCO,12819.096081199608,12767.266867759208,51.31550242854138,13101.8,27.287012351406037,
2025-09-04T09:30:00.000000,12931.65,12938.95,12897.5,12920.0,780,ULTRACEMCO,12839.276864959687,12781.151697962916,53.39463361566659,13101.8,28.63975890506843,
2025-09-04T09:35:00.000000,12920.0,12922.0,12861.0,12870.05,249,ULTRACEMCO,12845.431491967749,12789.233361784469,55.117704195916644,13101.8,29.08335415917302,
2025-09-04T09:40:00.000000,12870.05,12875.0,12837.0,12860.55,121,ULTRACEMCO,12848.455193574198,12795.716692531336,56.27344028360834,13101.8,28.99236504181655,
2025-09-04T09:45:00.000000,12860.55,12860.55,12837.5,12843.0,16,ULTRACEMCO,12847.364154859359,12800.015175028488,57.361052972692335,13101.8,28.907875147128408,
2025-09-04T09:50:00.000000,12843.0,12883.0,12834.2,12877.0,104,ULTRACEMCO,12853.291323887486,12807.013795480443,58.134365078802645,13101.8,29.10583198385232,
2025-09-04T09:55:00.000000,12877.0,12877.0,12837.55,12855.0,136,ULTRACEMCO,12853.633059109989,12811.376177709493,58.75628524805167,13101.8,29.289649046524524,
2025-09-04T10:00:00.000000,12855.0,12855.0,12809.0,12810.0,111,ULTRACEMCO,12844.90644728799,12811.251070644994,59.13120301769991,13101.8,28.77119716533863,
2025-09-04T10:05:00.000000,12810.0,12810.55,12782.75,12782.75,81,ULTRACEMCO,12832.475157830393,12808.660064222722,59.314060355123424,13101.8,27.700185030472348,
2025-09-04T10:10:00.000000,12782.75,12793.95,12770.0,12778.5,49,ULTRACEMCO,12821.680126264315,12805.918240202474,59.6059709898236,13101.8,26.427958041715037,
2025-09-04T10:15:00.000000,12778.5,12797.45,12769.5,12784.0,71,ULTRACEMCO,12814.144101011452,12803.92567291134,59.46222322025841,13101.8,25.310976983668386,
2025-09-04T10:20:00.000000,12784.0,12800.0,12779.0,12800.0,45,ULTRACEMCO,12811.315280809162,12803.568793555763,59.79966947375285,13101.8,24.323393543426935,
2025-09-04T10:25:00.000000,12800.0,12809.25,12795.0,12795.0,48,ULTRACEMCO,12808.05222464733,12802.78981232342,59.23840111872033,13101.8,23.59297978113496,
2025-09-04T10:30:00.000000,12795.0,12805.0,12794.75,12805.0,32,ULTRACEMCO,12807.441779717865,12802.990738475837,59.080869830656844,13101.8,22.907742499621214,
2025-09-04T10:35:00.000000,12805.0,12805.0,12782.6,12794.45,14,ULTRACEMCO,12804.843423774291,12802.214307705306,58.64952636400331,13101.8,21.921338663914124,
2025-09-04T10:40:00.000000,12794.45,12794.45,12768.85,12768.85,26,ULTRACEMCO,12797.644739019433,12799.181188823006,58.29089585237555,13101.8,20.617375578605028,
2025-09-04T10:45:00.000000,12768.85,12768.85,12755.0,12757.0,22,ULTRACEMCO,12789.515791215546,12795.346535293642,57.65917585887968,13101.8,19.262309492346336,
2025-09-04T10:50:00.000000,12757.0,12757.0,12734.8,12754.05,59,ULTRACEMCO,12782.422632972437,12791.592304812402,57.08783652189196,13101.8,18.527363663206785,
2025-09-04T10:55:00.000000,12754.05,12754.05,12721.0,12732.55,64,ULTRACEMCO,12772.44810637795,12786.22482255673,55.01846066179915,13101.8,18.182741679924256,
2025-09-04T11:00:00.000000,12732.55,12741.25,12720.0,12720.0,26,ULTRACEMCO,12761.95848510236,12780.20438414248,53.15956445381361,13101.8,17.887628196267723,
2025-09-04T11:05:00.000000,12720.0,12720.0,12700.0,12700.0,25,ULTRACEMCO,12749.566788081887,12772.913076493163,51.0404740618794,13101.8,18.104849289884946,
2025-09-04T11:10:00.000000,12700.0,12718.0,12687.65,12718.0,29,ULTRACEMCO,12743.25343046551,12767.920978630149,49.283629857497836,13101.8,18.591913348740917,
2025-09-04T11:15:00.000000,12718.0,12723.5,12718.0,12718.0,60,ULTRACEMCO,12738.202744372407,12763.38270784559,48.038823466191594,13101.8,18.833081530685615,
2025-09-04T11:20:00.000000,12718.0,12721.35,12701.4,12701.4,15,ULTRACEMCO,12730.842195497926,12757.747916223265,46.746108619561234,13101.8,19.455022105175694,
2025-09-04T11:25:00.000000,12701.4,12720.0,12701.4,12720.0,16,ULTRACEMCO,12728.67375639834,12754.316287475694,45.86112494805704,13101.8,20.032538352916482,
2025-09-04T11:30:00.000000,12720.0,12758.0,12720.0,12748.5,116,ULTRACEMCO,12732.639005118672,12753.787534068813,45.10852222219894,13101.8,19.11699155107407,
2025-09-04T11:35:00.000000,12748.5,12749.5,12738.0,12740.0,94,ULTRACEMCO,12734.111204094937,12752.534121880739,44.472371573718995,13101.8,18.266840949363257,
2025-09-04T11:40:00.000000,12740.0,12740.0,12738.0,12740.0,28,ULTRACEMCO,12735.28896327595,12751.394656255217,44.19900739766099,13101.8,17.477415390631787,
2025-09-04T11:45:00.000000,12740.0,12740.0,12737.5,12740.0,38,ULTRACEMCO,12736.23117062076,12750.358778413834,44.11770365382772,13101.8,16.761689319966617,
2025-09-04T11:50:00.000000,12742.4,12742.4,12739.5,12740.0,139,ULTRACEMCO,12736.984936496608,12749.417071285305,44.06589405227515,13101.8,15.994826879832726,
2025-09-04T11:55:00.000000,12740.0,12740.0,12734.05,12734.05,5,ULTRACEMCO,12736.397949197286,12748.020064804823,43.89558856367493,13101.8,15.494539305427692,
2025-09-04T12:00:00.000000,12734.05,12750.0,12734.05,12750.0,7,ULTRACEMCO,12739.118359357828,12748.200058913475,43.82864939915021,13101.8,14.573082395658082,
2025-09-04T12:05:00.000000,12750.0,12750.0,12748.95,12749.0,71,ULTRACEMCO,12741.094687486262,12748.272780830432,43.78988553175858,13101.8,13.7174438365863,
2025-09-04T12:10:00.000000,12749.0,12749.0,12732.0,12732.5,20,ULTRACEMCO,12739.375749989009,12746.838891664029,43.439351767829855,13101.8,13.642602383225524,
2025-09-04T12:15:00.000000,12732.5,12738.05,12730.3,12736.7,9,ULTRACEMCO,12738.840599991207,12745.917174240027,43.25426265082473,13101.8,13.64202880488845,
2025-09-04T12:20:00.000000,12736.7,12750.0,12735.0,12741.0,131,ULTRACEMCO,12739.272479992966,12745.470158400025,43.363600786862854,13101.8,13.014995748080393,
2025-09-04T12:25:00.000000,12741.0,12742.9,12729.0,12729.0,16,ULTRACEMCO,12737.217983994373,12743.97287127275,43.39620601494552,13101.8,12.705001014396771,
2025-09-04T12:30:00.000000,12729.0,12737.0,12725.5,12737.0,13,ULTRACEMCO,12737.174387195499,12743.338973884318,43.59347973541895,13101.8,12.577295149206366,
2025-09-04T12:35:00.000000,12737.0,12743.4,12735.0,12738.05,11,ULTRACEMCO,12737.3495097564,12742.858158076653,43.98474067912308,13101.8,12.093353048079761,
2025-09-04T12:40:00.000000,12738.05,12744.1,12733.0,12735.0,66,ULTRACEMCO,12736.87960780512,12742.143780069684,44.42163436058413,13101.8,11.7468053650409,
2025-09-04T12:45:00.000000,12735.0,12740.0,12735.0,12740.0,486,ULTRACEMCO,12737.503686244096,12741.94889097244,45.10180894950484,13101.8,11.425011087933388,
2025-09-04T12:50:00.000000,12740.0,12740.0,12729.9,12739.95,41,ULTRACEMCO,12737.992948995277,12741.76717361131,45.55206568576331,13101.8,11.412706307606806,
2025-09-04T12:55:00.000000,12739.95,12739.95,12725.0,12738.95,68,ULTRACEMCO,12738.184359196222,12741.511066919373,45.98214412364049,13101.8,11.672758376303394,
2025-09-04T13:00:00.000000,12738.95,12738.95,12730.9,12730.9,15,ULTRACEMCO,12736.727487356979,12740.546424472157,46.38635424749468,13101.8,11.914235297235937,
2025-09-04T13:05:00.000000,12730.9,12737.05,12730.9,12732.0,3,ULTRACEMCO,12735.781989885583,12739.76947679287,46.57157964944697,13101.8,12.138463866673302,
2025-09-04T13:10:00.000000,12732.0,12736.2,12725.0,12730.05,7,ULTRACEMCO,12734.635591908467,12738.885887993518,46.382458880997774,13101.8,12.713813503638827,
2025-09-04T13:15:00.000000,12730.05,12741.3,12728.0,12728.0,85,ULTRACEMCO,12733.308473526773,12737.89626181229,46.23213071353897,13101.8,12.79027505765979,
2025-09-04T13:20:00.000000,12728.0,12740.0,12728.0,12740.0,30,ULTRACEMCO,12734.646778821418,12738.087510738445,46.4072159995449,13101.8,12.861275072107825,
2025-09-04T13:25:00.000000,12740.0,12740.0,12731.0,12731.0,6,ULTRACEMCO,12733.917423057133,12737.443191580405,46.371512456055555,13101.8,12.927203656952429,
2025-09-04T13:30:00.000000,12731.0,12740.0,12731.0,12740.0,10,ULTRACEMCO,12735.133938445706,12737.67562870946,46.56361648303719,13101.8,12.988423057165278,
2025-09-04T13:35:00.000000,12740.0,12740.0,12723.45,12723.45,17,ULTRACEMCO,12732.797150756565,12736.382389735872,46.47387749293016,13101.8,13.636374792064576,
2025-09-04T13:40:00.000000,12723.45,12729.0,12704.85,12711.2,54,ULTRACEMCO,12728.477720605253,12734.093081578067,45.93198974858825,13101.8,15.368010468127267,
2025-09-04T13:45:00.000000,12711.2,12711.2,12690.0,12690.0,36,ULTRACEMCO,12720.782176484203,12730.084619616424,45.096542934097734,13101.8,17.635253548731285,
2025-09-04T13:50:00.000000,12690.0,12712.5,12690.0,12710.5,23,ULTRACEMCO,12718.725741187362,12728.304199651295,44.96718486713103,13101.8,19.595391548981336,
2025-09-04T13:55:00.000000,12710.5,12714.3,12710.5,12714.0,7,ULTRACEMCO,12717.78059294989,12727.003817864814,44.843900707528775,13101.8,21.20636781511254,SELL
2025-09-04T14:00:00.000000,12714.0,12714.0,12707.25,12707.25,6,ULTRACEMCO,12715.674474359912,12725.20801624074,44.54006720344259,13101.8,22.85831961268165,SELL
2025-09-04T14:05:00.000000,12707.25,12707.25,12699.65,12701.0,206,ULTRACEMCO,12712.73957948793,12723.007287491582,44.311212198114404,13101.8,24.737572397100656,SELL
2025-09-04T14:10:00.000000,12701.0,12722.5,12701.0,12722.5,9,ULTRACEMCO,12714.691663590344,12722.961170446893,44.398114294961005,13101.8,24.799045234018198,
2025-09-04T14:15:00.000000,12722.5,12722.5,12702.55,12702.55,31,ULTRACEMCO,12712.263330872274,12721.105609497175,44.149640200374975,13101.8,24.85612715401306,SELL
2025-09-04T14:20:00.000000,12702.55,12713.0,12700.0,12704.0,47,ULTRACEMCO,12710.610664697819,12719.55055408834,43.98102984767847,13101.8,25.06713484702335,SELL
2025-09-04T14:25:00.000000,12704.0,12709.0,12700.2,12700.2,14,ULTRACEMCO,12708.528531758255,12717.791412807583,43.65466718581676,13101.8,25.263070561961477,SELL
2025-09-04T14:30:00.000000,12700.2,12711.5,12700.0,12700.0,40,ULTRACEMCO,12706.822825406603,12716.174011643257,43.32598439657127,13101.8,25.146487560401823,SELL
2025-09-04T14:35:00.000000,12700.0,12700.0,12683.5,12686.0,12,ULTRACEMCO,12702.658260325283,12713.43091967569,42.7977478472887,13101.8,26.0669607576804,SELL
2025-09-04T14:40:00.000000,12686.0,12708.0,12686.0,12705.5,40,ULTRACEMCO,12703.226608260225,12712.7099269779,42.862447446305325,13101.8,26.03785479469345,
2025-09-04T14:45:00.000000,12705.5,12707.45,12699.0,12699.0,23,ULTRACEMCO,12702.38128660818,12711.46356997991,42.79244592586315,13101.8,26.010827829062716,SELL
2025-09-04T14:50:00.000000,12699.0,12711.65,12699.0,12700.0,25,ULTRACEMCO,12701.905029286545,12710.421427254463,42.78585857960206,13101.8,25.52118410341414,SELL
2025-09-04T14:55:00.000000,12700.0,12700.0,12686.0,12690.0,15,ULTRACEMCO,12699.524023429236,12708.564933867694,42.655873731258666,13101.8,25.916167996840677,SELL
2025-09-04T15:00:00.000000,12690.0,12695.0,12650.0,12650.0,133,ULTRACEMCO,12689.619218743388,12703.24084897063,41.69599906527212,13101.8,27.784921910727828,SELL
2025-09-04T15:05:00.000000,12650.0,12661.2,12644.0,12644.0,108,ULTRACEMCO,12680.49537499471,12697.855317246027,40.8880181058735,13101.8,29.697838639185644,SELL
2025-09-04T15:10:00.000000,12644.0,12658.8,12640.0,12658.8,163,ULTRACEMCO,12676.156299995768,12694.304833860024,40.180401942573624,13101.8,31.59069579961586,SELL
2025-09-04T15:15:00.000000,12658.8,12658.8,12633.8,12644.0,116,ULTRACEMCO,12669.725039996614,12689.731667145476,39.665191358278115,13101.8,33.525340419158695,SELL
2025-09-04T15:20:00.000000,12644.0,12661.7,12642.8,12657.0,95,ULTRACEMCO,12667.180031997292,12686.756061041342,39.635324331919314,13101.8,35.007777042570254,SELL
2025-09-04T15:25:00.000000,12657.0,12665.0,12646.0,12665.0,97,ULTRACEMCO,12666.744025597833,12684.778237310311,40.06771346356017,13101.8,36.02245446502976,SELL
2025-09-05T09:15:00.000000,12797.85,12797.85,12644.9,12691.5,77,ULTRACEMCO,12671.695220478266,12685.389306645737,40.464234899054645,12797.85,36.19475804733427,
2025-09-05T09:20:00.000000,12691.5,12720.0,12691.5,12700.05,11,ULTRACEMCO,12677.366176382613,12686.722096950669,40.91157684012817,12797.85,36.35475423090274,
2025-09-05T09:25:00.000000,12700.05,12720.0,12700.05,12720.0,63,ULTRACEMCO,12685.89294110609,12689.747360864245,41.73303799697679,12797.85,36.5033221156449,
2025-09-05T09:30:00.000000,12716.05,12730.1,12716.05,12725.9,35,ULTRACEMCO,12693.894352884872,12693.03396442204,42.7255809768477,12797.85,36.87359682235094,
2025-09-05T09:35:00.000000,12725.9,12735.0,12715.15,12735.0,136,ULTRACEMCO,12702.115482307898,12696.84905856549,43.37207154791736,12797.85,37.32930196141778,
2025-09-05T09:40:00.000000,12735.0,12735.0,12715.15,12715.15,7,ULTRACEMCO,12704.722385846319,12698.512780514082,43.990494587501146,12797.85,37.7524567334084,
2025-09-05T09:45:00.000000,12715.15,12715.15,12700.95,12700.95,1,ULTRACEMCO,12703.967908677056,12698.734345921892,44.36262672175309,12797.85,37.29813283105424,
2025-09-05T09:50:00.000000,12700.95,12715.0,12700.95,12715.0,42,ULTRACEMCO,12706.174326941644,12700.213041747174,44.98887210830301,12797.85,36.87626063601108,
2025-09-05T09:55:00.000000,12715.0,12715.0,12650.5,12650.5,84,ULTRACEMCO,12695.039461553315,12695.693674315613,44.86455012414867,12797.85,34.387406188753815,SELL
2025-09-05T10:00:00.000000,12650.5,12667.25,12620.7,12620.7,78,ULTRACEMCO,12680.171569242651,12688.876067559648,44.72240805957628,12797.85,33.0509764275756,SELL
2025-09-05T10:05:00.000000,12620.7,12636.9,12620.7,12631.25,543,ULTRACEMCO,12670.387255394122,12683.637334145134,44.29492993352453,12797.85,31.810005935052967,SELL
2025-09-05T10:10:00.000000,12631.25,12631.25,12584.05,12606.65,118,ULTRACEMCO,12657.639804315297,12676.638485586485,43.78832701025867,12797.85,31.655925257028137,SELL
2025-09-05T10:15:00.000000,12606.65,12606.65,12576.05,12588.75,42,ULTRACEMCO,12643.861843452238,12668.648623260442,43.1381522957296,12797.85,31.70127724156385,SELL
2025-09-05T10:20:00.000000,12588.75,12588.75,12563.0,12587.95,40,ULTRACEMCO,12632.67947476179,12661.31238478222,42.65129489850658,12797.85,32.04230105230772,SELL
2025-09-05T10:25:00.000000,12587.95,12606.8,12586.2,12606.8,4,ULTRACEMCO,12627.503579809432,12656.356713438383,42.950316225851296,12797.85,31.53718791853149,SELL
2025-09-05T10:30:00.000000,12606.8,12609.9,12600.0,12602.1,23,ULTRACEMCO,12622.422863847545,12651.424284943985,43.26914947983272,12797.85,30.931111010042454,SELL
2025-09-05T10:35:00.000000,12602.1,12602.1,12586.25,12586.25,28,ULTRACEMCO,12615.188291078037,12645.499349949077,43.130924966295915,12797.85,30.743848837629294,SELL
2025-09-05T10:40:00.000000,12586.25,12600.0,12586.25,12600.0,13,ULTRACEMCO,12612.15063286243,12641.363045408252,43.367060429388545,12797.85,30.56996253467422,SELL
2025-09-05T10:45:00.000000,12600.0,12600.0,12594.4,12594.4,5,ULTRACEMCO,12608.600506289944,12637.093677643865,43.28607099355829,12797.85,30.408496681930224,SELL
2025-09-05T10:50:00.000000,12594.4,12594.4,12569.0,12569.0,28,ULTRACEMCO,12600.680405031955,12630.903343312604,42.838906904606105,12797.85,30.955857755415483,SELL
2025-09-05T10:55:00.000000,12569.0,12579.0,12564.15,12578.0,37,ULTRACEMCO,12596.144324025565,12626.093948466003,42.09088026967472,12797.85,31.584609411559637,SELL
2025-09-05T11:00:00.000000,12578.0,12578.0,12571.0,12574.25,18,ULTRACEMCO,12591.765459220453,12621.38086224182,41.185369544040434,12797.85,32.168450235122066,SELL
2025-09-05T11:05:00.000000,12574.25,12581.05,12573.2,12573.2,3,ULTRACEMCO,12588.052367376362,12617.0007838562,40.00562111549636,12797.85,32.51613492287716,SELL
2025-09-05T11:10:00.000000,12573.2,12582.4,12573.2,12582.1,26,ULTRACEMCO,12586.86189390109,12613.827985323818,38.913861737487004,12797.85,32.74893641601275,SELL
2025-09-05T11:15:00.000000,12582.1,12582.1,12569.15,12569.15,22,ULTRACEMCO,12583.319515120873,12609.76635029438,37.57976421715656,12797.85,33.09752196856573,SELL
2025-09-05T11:20:00.000000,12569.15,12582.45,12569.15,12575.5,38,ULTRACEMCO,12581.755612096698,12606.651227540346,36.70822865097775,12797.85,33.39487126461607,SELL
2025-09-05T11:25:00.000000,12575.5,12586.55,12573.3,12586.55,51,ULTRACEMCO,12582.714489677359,12604.823843218495,36.25300756255254,12797.85,33.35044972789816,
2025-09-05T11:30:00.000000,12586.55,12586.55,12586.55,12586.55,0,ULTRACEMCO,12583.481591741887,12603.162584744086,35.60302098993908,12797.85,33.30920115808867,
2025-09-05T11:35:00.000000,12586.55,12586.55,12577.65,12577.65,6,ULTRACEMCO,12582.31527339351,12600.84325885826,35.59209663160177,12797.85,33.636068929183104,SELL
2025-09-05T11:40:00.000000,12577.65,12577.85,12562.4,12562.4,122,ULTRACEMCO,12578.332218714808,12597.348417143872,35.637464406716724,12797.85,34.48557314625913,SELL
2025-09-05T11:45:00.000000,12562.4,12562.4,12540.7,12556.6,83,ULTRACEMCO,12573.985774971847,12593.644015585338,35.47210345468441,12797.85,35.89170035289701,SELL
2025-09-05T11:50:00.000000,12556.6,12556.6,12546.85,12547.65,11,ULTRACEMCO,12568.718619977477,12589.462741441217,35.39533964474762,12797.85,37.1973899019179,SELL
2025-09-05T11:55:00.000000,12547.65,12547.65,12530.05,12530.05,26,ULTRACEMCO,12560.984895981981,12584.06158312838,35.266574879158696,12797.85,38.81799409053138,SELL
2025-09-05T12:00:00.000000,12530.05,12535.7,12530.0,12535.7,16,ULTRACEMCO,12555.927916785586,12579.665075571254,35.273127552133886,12797.85,40.323985512212104,SELL
2025-09-05T12:05:00.000000,12535.7,12547.3,12535.6,12536.1,21,ULTRACEMCO,12551.962333428468,12575.704614155686,35.00779593373521,12797.85,40.685851563746944,SELL
2025-09-05T12:10:00.000000,12536.1,12547.05,12527.75,12527.75,59,ULTRACEMCO,12547.119866742774,12571.345103777896,34.690357630311546,12797.85,41.26385707480868,SELL
2025-09-05T12:15:00.000000,12527.75,12537.6,12527.75,12537.0,30,ULTRACEMCO,12545.09589339422,12568.22282161627,34.73182241071416,12797.85,41.80057647793744,SELL
2025-09-05T12:20:00.000000,12537.0,12549.0,12536.7,12545.25,21,ULTRACEMCO,12545.126714715376,12566.134383287517,34.75672114381319,12797.85,41.2936393020061,
2025-09-05T12:25:00.000000,12545.25,12552.6,12537.6,12552.6,53,ULTRACEMCO,12546.6213717723,12564.903984806833,34.99809439379786,12797.85,40.52301317667827,
2025-09-05T12:30:00.000000,12552.6,12552.6,12534.9,12534.9,106,ULTRACEMCO,12544.27709741784,12562.176349824394,35.20001863806725,12797.85,39.92933022729252,SELL
2025-09-05T12:35:00.000000,12534.9,12552.45,12534.9,12545.25,17,ULTRACEMCO,12544.471677934273,12560.63759074945,35.485111698517734,12797.85,39.378053202862894,
2025-09-05T12:40:00.000000,12545.25,12552.5,12540.8,12546.55,18,ULTRACEMCO,12544.887342347418,12559.356900681318,35.83125796755392,12797.85,38.86117505553894,
2025-09-05T12:45:00.000000,12546.55,12550.0,12544.95,12544.95,37,ULTRACEMCO,12544.899873877934,12558.047182437562,36.161249442979155,12797.85,38.38121677588099,
2025-09-05T12:50:00.000000,12544.95,12554.4,12544.95,12554.4,82,ULTRACEMCO,12546.799899102347,12557.715620397783,36.54889561034569,12797.85,37.45367666824266,
2025-09-05T12:55:00.000000,12554.4,12561.9,12554.4,12561.9,9,ULTRACEMCO,12549.819919281877,12558.09601854344,37.23148017149937,12797.85,35.824927668271606,
2025-09-05T13:00:00.000000,12561.9,12567.35,12553.85,12553.85,28,ULTRACEMCO,12550.625935425502,12557.710016857673,37.64133415929719,12797.85,33.79789806854354,
2025-09-05T13:05:00.000000,12553.85,12564.15,12550.05,12550.05,8,ULTRACEMCO,12550.5107483404,12557.013651688792,37.78049559219672,12797.85,32.21354148809444,SELL
2025-09-05T13:10:00.000000,12550.05,12553.55,12550.05,12551.85,9,ULTRACEMCO,12550.778598672321,12556.544228807994,37.96408774594007,12797.85,30.74235323482028,
2025-09-05T13:15:00.000000,12551.85,12568.95,12551.85,12568.95,12,ULTRACEMCO,12554.412878937857,12557.672026189086,38.64746552707711,12797.85,29.110066244037153,
2025-09-05T13:20:00.000000,12568.95,12568.95,12551.05,12560.2,10,ULTRACEMCO,12555.570303150285,12557.901841990079,39.325055505159675,12797.85,27.51975230195342,
2025-09-05T13:25:00.000000,12560.2,12569.0,12555.55,12562.5,7,ULTRACEMCO,12556.956242520228,12558.319856354618,40.118219039174036,12797.85,26.04736583436448,
2025-09-05T13:30:00.000000,12562.5,12574.0,12562.5,12574.0,1,ULTRACEMCO,12560.364994016181,12559.745323958743,41.25122145637196,12797.85,25.11597514291634,
2025-09-05T13:35:00.000000,12574.0,12578.9,12574.0,12578.9,16,ULTRACEMCO,12564.071995212946,12561.486658144311,42.65417595466582,12797.85,24.653120934650673,
2025-09-05T13:40:00.000000,12578.9,12578.95,12578.9,12578.95,3,ULTRACEMCO,12567.047596170356,12563.074234676647,43.92824114276674,12797.85,24.227456672425838,
2025-09-05T13:45:00.000000,12593.3,12598.8,12584.1,12589.0,18,ULTRACEMCO,12571.438076936285,12565.431122433316,45.39158574890575,12797.85,25.18524010727683,
2025-09-05T13:50:00.000000,12589.0,12600.4,12589.0,12590.0,29,ULTRACEMCO,12575.150461549028,12567.66465675756,46.96528744902166,12797.85,26.16291189086757,
2025-09-05T13:55:00.000000,12590.0,12603.5,12586.2,12602.85,52,ULTRACEMCO,12580.690369239222,12570.863324325055,48.54055320689112,12797.85,27.24416931050626,
2025-09-05T14:00:00.000000,12602.85,12615.0,12602.85,12615.0,1,ULTRACEMCO,12587.552295391379,12574.875749386414,50.10698455509744,12797.85,28.822383337570095,
2025-09-05T14:05:00.000000,12615.0,12625.0,12615.0,12625.0,5,ULTRACEMCO,12595.041836313103,12579.432499442195,51.641288038868005,12797.85,30.69918520851133,
2025-09-05T14:10:00.000000,12625.0,12628.15,12616.25,12628.15,8,ULTRACEMCO,12601.663469050482,12583.861363129268,53.4668580095683,12797.85,32.56100963233482,
2025-09-05T14:15:00.000000,12628.15,12628.15,12620.3,12620.3,12,ULTRACEMCO,12605.390775240385,12587.173966481152,54.80534039216792,12797.85,34.289846597313776,
2025-09-05T14:20:00.000000,12620.3,12625.25,12616.75,12625.25,6,ULTRACEMCO,12609.362620192307,12590.635424073775,56.190748256974345,12797.85,35.376962741525865,
2025-09-05T14:25:00.000000,12625.25,12625.25,12609.25,12609.25,9,ULTRACEMCO,12609.340096153846,12592.327658248885,57.12319114225892,12797.85,35.36904815309799,
2025-09-05T14:30:00.000000,12609.25,12625.35,12609.25,12617.95,12,ULTRACEMCO,12611.062076923077,12594.65696204444,57.99010860620982,12797.85,35.368015376784925,
2025-09-05T14:35:00.000000,12617.95,12617.95,12605.7,12612.1,25,ULTRACEMCO,12611.269661538461,12596.242692767673,58.53343582777977,12797.85,34.887189109963494,
2025-09-05T14:40:00.000000,12612.1,12612.1,12600.0,12600.0,3,ULTRACEMCO,12609.015729230769,12596.584266152431,58.92622432281181,12797.85,33.71446110894213,
2025-09-05T14:45:00.000000,12600.0,12600.0,12585.0,12585.0,115,ULTRACEMCO,12604.212583384615,12595.531151047664,59.06889483735081,12797.85,31.535688779336688,
2025-09-05T14:50:00.000000,12585.0,12595.6,12585.0,12589.4,20,ULTRACEMCO,12601.250066707691,12594.973773679694,59.265219190053834,12797.85,29.51254304470306,
2025-09-05T14:55:00.000000,12589.4,12605.55,12589.4,12600.5,7,ULTRACEMCO,12601.100053366154,12595.476157890631,59.30985568970351,12797.85,28.08493873727391,
2025-09-05T15:00:00.000000,12600.5,12600.5,12583.85,12583.85,40,ULTRACEMCO,12597.650042692923,12594.419234446028,59.19996653168357,12797.85,26.21936185198778,
2025-09-05T15:05:00.000000,12583.85,12595.05,12583.85,12590.0,128,ULTRACEMCO,12596.120034154339,12594.017485860026,59.16896231999158,12797.85,24.487040458507806,
2025-09-05T15:10:00.000000,12590.0,12606.6,12590.0,12596.1,57,ULTRACEMCO,12596.116027323471,12594.206805327296,59.021151724872496,12797.85,23.87833860736365,
2025-09-05T15:15:00.000000,12596.1,12605.0,12594.6,12605.0,38,ULTRACEMCO,12597.892821858777,12595.188004842996,58.95091788893113,12797.85,23.313115459872645,
2025-09-05T15:20:00.000000,12605.0,12620.45,12593.9,12604.7,143,ULTRACEMCO,12599.254257487022,12596.05273167545,58.8725131862675,12797.85,23.876817192229844,
2025-09-05T15:25:00.000000,12604.7,12606.8,12584.1,12589.05,100,ULTRACEMCO,12597.213405989618,12595.416119704954,58.24525616170242,12797.85,23.367249049146405,
2025-09-08T09:15:00.000000,12550.15,12671.9,12550.15,12671.9,82,ULTRACEMCO,12612.150724791694,12602.369199731776,58.694159595511245,12692.95,25.515980654935273,
2025-09-08T09:20:00.000000,12671.9,12677.75,12659.05,12677.75,19,ULTRACEMCO,12625.270579833355,12609.22199975616,58.958227642675546,12692.95,27.64729245680714,
2025-09-08T09:25:00.000000,12677.75,12677.75,12657.1,12675.0,16,ULTRACEMCO,12635.216463866684,12615.201817960145,58.98206555066996,12692.95,29.46572423428585,
2025-09-08T09:30:00.000000,12675.0,12691.25,12675.0,12688.15,18,ULTRACEMCO,12645.803171093346,12621.83347087286,58.98363766027683,12692.95,31.48058050813848,
2025-09-08T09:35:00.000000,12688.15,12692.95,12686.6,12692.95,5,ULTRACEMCO,12655.232536874677,12628.298609884418,58.98443792717362,12692.95,33.390938816079135,
2025-09-08T09:40:00.000000,12692.95,12692.95,12692.95,12692.95,0,ULTRACEMCO,12662.776029499742,12634.176008985834,59.24500745926217,12692.95,35.16484295916688,
2025-09-08T09:45:00.000000,12692.95,12694.95,12685.8,12685.8,7,ULTRACEMCO,12667.380823599793,12638.86909907803,59.26169753229658,12692.95,36.136214085877214,
2025-09-08T09:50:00.000000,12685.8,12700.0,12685.8,12685.8,12,ULTRACEMCO,12671.064658879834,12643.13554461639,59.75714894890181,12692.95,37.19741712385864,
2025-09-08T09:55:00.000000,12685.8,12703.6,12685.8,12701.85,106,ULTRACEMCO,12677.221727103866,12648.473222378538,60.26536807590004,12692.95,38.29595468433438,
2025-09-08T10:00:00.000000,12701.85,12701.85,12701.85,12701.85,0,ULTRACEMCO,12682.147381683093,12653.325656707762,60.93481280336074,12692.95,39.31602527620471,
2025-09-08T10:05:00.000000,12701.85,12702.0,12696.5,12696.5,44,ULTRACEMCO,12685.017905346474,12657.250597007056,61.76446794708742,12692.95,39.688183534205244,
2025-09-08T10:10:00.000000,12696.5,12696.5,12684.45,12684.45,10,ULTRACEMCO,12684.90432427718,12659.723270006414,62.60728749467104,12692.95,38.86243323232033,
2025-09-08T10:15:00.000000,12684.45,12702.0,12680.0,12702.0,27,ULTRACEMCO,12688.323459421745,12663.56660909674,63.5738853068677,12692.95,38.366860732833686,
2025-09-08T10:20:00.000000,12702.0,12702.0,12698.0,12698.0,5,ULTRACEMCO,12690.258767537396,12666.696917360674,64.20844290713971,12692.95,37.90668626902466,
2025-09-08T10:25:00.000000,12698.0,12698.0,12683.0,12683.0,1,ULTRACEMCO,12688.807014029917,12668.17901578243,64.8381155237056,12692.95,36.13029333739373,
2025-09-08T10:30:00.000000,12683.0,12683.0,12650.0,12650.0,22,ULTRACEMCO,12681.045611223934,12666.526377984028,64.7497303307642,12692.95,34.663360767713456,
2025-09-08T10:35:00.000000,12650.0,12650.0,12646.0,12646.0,1,ULTRACEMCO,12674.036488979147,12664.660343621843,64.47611029955416,12692.95,33.494165733385074,
2025-09-08T10:40:00.000000,12646.0,12646.0,12646.0,12646.0,0,ULTRACEMCO,12668.429191183317,12662.96394874713,64.02877629572129,12692.95,32.408484630080146,
2025-09-08T10:45:00.000000,12646.0,12650.3,12634.4,12642.6,7,ULTRACEMCO,12663.263352946653,12661.112680679209,63.53239634773581,12692.95,31.9675067065816,
2025-09-08T10:50:00.000000,12642.6,12642.6,12642.6,12642.6,0,ULTRACEMCO,12659.130682357323,12659.429709708373,63.38607123459822,12692.95,31.558027206190093,
2025-09-08T10:55:00.000000,12642.6,12642.6,12621.0,12621.0,22,ULTRACEMCO,12651.504545885859,12655.936099734885,61.8018814516177,12692.95,32.09176193894017,
2025-09-08T11:00:00.000000,12621.0,12630.0,12621.0,12630.0,6,ULTRACEMCO,12647.203636708688,12653.578272486258,60.36859783799336,12692.95,32.58737276220809,
2025-09-08T11:05:00.000000,12630.0,12630.0,12630.0,12630.0,1,ULTRACEMCO,12643.76290936695,12651.434793169326,58.99000612175929,12692.95,33.04758281238545,
2025-09-08T11:10:00.000000,12630.0,12630.0,12630.0,12630.0,15,ULTRACEMCO,12641.010327493559,12649.48617560848,57.499689403689025,12692.95,33.47492071612157,
2025-09-08T11:15:00.000000,12630.0,12630.0,12630.0,12630.0,45,ULTRACEMCO,12638.808261994847,12647.714705098617,55.969836998317774,12692.95,33.87173448387653,
2025-09-08T11:20:00.000000,12630.0,12647.75,12627.35,12627.35,200,ULTRACEMCO,12636.516609595878,12645.86336827147,54.38798777012462,12692.95,32.54064500758122,
2025-09-08T11:25:00.000000,12627.35,12646.2,12627.35,12646.2,2,ULTRACEMCO,12638.453287676703,12645.893971155881,53.44344957795812,12692.95,31.30463335102129,
2025-09-08T11:30:00.000000,12646.2,12652.2,12646.2,12652.2,4,ULTRACEMCO,12641.202630141363,12646.467246505346,52.62701781902551,12692.95,29.639376691287833,
2025-09-08T11:35:00.000000,12652.2,12652.2,12652.2,12652.2,0,ULTRACEMCO,12643.40210411309,12646.988405913951,51.64537992756292,12692.95,28.09306693582105,
2025-09-08T11:40:00.000000,12652.2,12652.2,12636.0,12636.0,5,ULTRACEMCO,12641.921683290473,12645.989459921773,50.29439317271964,12692.95,27.738289359401723,
2025-09-08T11:45:00.000000,12636.0,12636.0,12633.4,12633.4,5,ULTRACEMCO,12640.217346632378,12644.844963565249,49.035021327261845,12692.95,27.560653965113953,
2025-09-08T11:50:00.000000,12633.4,12677.75,12633.4,12677.75,24,ULTRACEMCO,12647.723877305903,12647.836330513863,48.92042929743684,12692.95,26.682049753496027,
2025-09-08T11:55:00.000000,12677.75,12680.0,12677.0,12677.0,41,ULTRACEMCO,12653.579101844723,12650.487573194421,48.56723198367923,12692.95,25.97773252586631,
2025-09-08T12:00:00.000000,12677.0,12677.0,12677.0,12677.0,0,ULTRACEMCO,12658.263281475778,12652.89779381311,48.31274754574185,12692.95,25.32372367163871,
2025-09-08T12:05:00.000000,12677.0,12702.15,12677.0,12689.0,88,ULTRACEMCO,12664.410625180622,12656.179812557373,48.58449887245844,12692.95,25.861977712152427,
2025-09-08T12:10:00.000000,12689.0,12689.0,12689.0,12689.0,0,ULTRACEMCO,12669.328500144498,12659.163465961248,49.44466932095084,12692.95,26.361785035486594,
2025-09-08T12:15:00.000000,12689.0,12690.4,12689.0,12690.4,2,ULTRACEMCO,12673.542800115598,12662.003150873861,50.38661148823464,12692.95,26.884854290913186,
2025-09-08T12:20:00.000000,12690.4,12690.4,12690.4,12690.4,0,ULTRACEMCO,12676.914240092477,12664.584682612602,51.328553655518455,12692.95,27.370561456666447,
2025-09-08T12:25:00.000000,12690.4,12690.4,12690.4,12690.4,0,ULTRACEMCO,12679.611392073983,12666.93152964782,52.3267013596104,12692.95,27.821575253437334,
2025-09-08T12:30:00.000000,12690.4,12690.4,12690.4,12690.4,0,ULTRACEMCO,12681.769113659186,12669.065026952563,53.324849063702345,12692.95,28.2403737790103,
2025-09-08T12:35:00.000000,12690.4,12690.4,12690.4,12690.4,0,ULTRACEMCO,12683.495290927349,12671.004569956876,54.66553376658205,12692.95,28.629258124185196,
2025-09-08T12:40:00.000000,12690.4,12690.4,12690.4,12690.4,0,ULTRACEMCO,12684.876232741879,12672.767790869888,55.808565946118804,12692.95,28.990365016133314,
2025-09-08T12:45:00.000000,12690.4,12690.4,12674.1,12690.4,9,ULTRACEMCO,12685.980986193503,12674.370718972625,56.95159812565555,12692.95,27.58264088859978,
2025-09-08T12:50:00.000000,12690.4,12690.4,12676.45,12676.45,9,ULTRACEMCO,12684.074788954802,12674.559744520568,57.53980603445755,12692.95,26.2754684844615,
2025-09-08T12:55:00.000000,12676.45,12676.45,12676.45,12676.45,0,ULTRACEMCO,12682.549831163842,12674.73158592779,58.128013943259546,12692.95,25.061665537761666,
2025-09-08T13:00:00.000000,12676.45,12677.65,12676.45,12677.65,1,ULTRACEMCO,12681.569864931074,12674.996896297991,58.80684936326065,12692.95,24.04152644120519,
2025-09-08T13:05:00.000000,12677.65,12689.05,12677.65,12689.05,18,ULTRACEMCO,12683.06589194486,12676.274451179992,59.34878663931916,12692.95,24.015012358660446,
2025-09-08T13:10:00.000000,12689.05,12702.55,12689.05,12702.55,8,ULTRACEMCO,12686.962713555888,12678.663137436357,60.0669967290976,12692.95,24.838679475018,
2025-09-08T13:15:00.000000,12702.55,12702.55,12685.0,12685.0,32,ULTRACEMCO,12686.57017084471,12679.239215851234,60.17738967400677,12692.95,25.140126469280347,
2025-09-08T13:20:00.000000,12685.0,12685.0,12685.0,12685.0,0,ULTRACEMCO,12686.256136675769,12679.76292350112,60.65713148229662,12692.95,25.420041535381095,
2025-09-08T13:25:00.000000,12685.0,12697.35,12685.0,12687.1,2,ULTRACEMCO,12686.424909340616,12680.429930455564,61.24521817546836,12692.95,26.413499829812555,
2025-09-08T13:30:00.000000,12687.1,12699.25,12687.1,12699.25,1,ULTRACEMCO,12688.989927472492,12682.140845868695,61.285422505757424,12692.95,27.437501849266585,
2025-09-08T13:35:00.000000,12699.25,12699.25,12699.25,12699.25,0,ULTRACEMCO,12691.041941977994,12683.696223516996,61.34236929635821,12692.95,28.38836086733104,
2025-09-08T13:40:00.000000,12699.25,12699.25,12678.75,12694.8,105,ULTRACEMCO,12691.793553582394,12684.705657742723,61.23439406464704,12692.95,26.9925836140682,
2025-09-08T13:45:00.000000,12694.8,12694.8,12665.3,12665.3,41,ULTRACEMCO,12686.494842865915,12682.941507038839,60.13836870020117,12692.95,25.505829953611165,
2025-09-08T13:50:00.000000,12665.3,12693.45,12665.3,12693.45,7,ULTRACEMCO,12687.885874292733,12683.896824580763,59.67447713573144,12692.95,24.12527298318678,
2025-09-08T13:55:00.000000,12693.45,12693.45,12682.15,12682.15,25,ULTRACEMCO,12686.738699434187,12683.738022346148,58.94847749426564,12692.95,22.843327224935564,
2025-09-08T14:00:00.000000,12682.15,12697.6,12682.15,12696.25,16,ULTRACEMCO,12688.640959547349,12684.875474860135,58.481675668012045,12692.95,21.26987067950037,
2025-09-08T14:05:00.000000,12696.25,12700.0,12696.25,12700.0,7,ULTRACEMCO,12690.91276763788,12686.250431691033,58.07941025087981,12692.95,19.912005663189415,
2025-09-08T14:10:00.000000,12700.0,12708.0,12700.0,12708.0,14,ULTRACEMCO,12694.330214110303,12688.227665173667,57.81207889774903,12692.95,19.34004663583824,
2025-09-08T14:15:00.000000,12708.0,12735.0,12708.0,12735.0,78,ULTRACEMCO,12702.464171288242,12692.479695612425,57.91917716942432,12692.95,20.470037508102116,
2025-09-08T14:20:00.000000,12735.0,12738.3,12730.0,12730.0,24,ULTRACEMCO,12707.971337030594,12695.89063237493,57.906556783500335,12692.95,21.674834653882577,
2025-09-08T14:25:00.000000,12730.0,12730.0,12720.0,12720.0,1,ULTRACEMCO,12710.377069624476,12698.082393068118,57.6630221589841,12692.95,21.824757832422574,
2025-09-08T14:30:00.000000,12720.0,12720.0,12720.0,12720.0,0,ULTRACEMCO,12712.30165569958,12700.074902789198,57.97431180520262,12692.95,21.963972212495428,
2025-09-08T14:35:00.000000,12720.0,12731.45,12716.15,12716.15,9,ULTRACEMCO,12713.071324559665,12701.536275262908,58.1928094983097,12692.95,22.72451119488712,
2025-09-08T14:40:00.000000,12716.15,12727.1,12716.15,12727.1,2,ULTRACEMCO,12715.877059647732,12703.860250239008,58.55304034752338,12692.95,23.430725964250836,
2025-09-08T14:45:00.000000,12727.1,12727.1,12659.95,12659.95,12,ULTRACEMCO,12704.691647718186,12699.868409308188,57.457886283821644,12692.95,23.193752499764194,
2025-09-08T14:50:00.000000,12659.95,12686.7,12659.95,12686.7,9,ULTRACEMCO,12701.09331817455,12698.671281189263,56.467032570870856,12692.95,22.973705711312313,
2025-09-08T14:55:00.000000,12686.7,12686.7,12676.45,12676.45,1,ULTRACEMCO,12696.16465453964,12696.651164717512,55.95865724659642,12692.95,22.769376550606996,
2025-09-08T15:00:00.000000,12676.45,12676.45,12650.0,12662.95,8,ULTRACEMCO,12689.521723631711,12693.587422470466,55.29358877920656,12692.95,23.660604190660226,
2025-09-08T15:05:00.000000,12662.95,12662.95,12659.55,12659.55,7,ULTRACEMCO,12683.527378905368,12690.493111336787,54.53501504560319,12692.95,24.488172713566797,
2025-09-08T15:10:00.000000,12659.55,12664.8,12645.0,12647.0,93,ULTRACEMCO,12676.221903124295,12686.539192124352,53.346855431112544,12692.95,25.755346384108584,
2025-09-08T15:15:00.000000,12647.0,12668.25,12647.0,12668.25,21,ULTRACEMCO,12674.627522499435,12684.876538294866,52.501418626623646,12692.95,26.65978560961209,
2025-09-08T15:20:00.000000,12668.25,12679.5,12668.25,12675.0,69,ULTRACEMCO,12674.702017999549,12683.97867117715,51.921297721003874,12692.95,26.64928903959984,
2025-09-08T15:25:00.000000,12675.0,12700.0,12674.6,12679.95,31,ULTRACEMCO,12675.75161439964,12683.612428342863,52.22368429515272,12692.95,25.334612392623917,
2025-09-09T09:15:00.000000,12627.55,12700.0,12627.55,12695.6,64,ULTRACEMCO,12679.721291519712,12684.702207584422,52.118130325566995,12708.45,25.83778889434751,
2025-09-09T09:20:00.000000,12695.6,12708.45,12678.7,12688.0,110,ULTRACEMCO,12681.37703321577,12685.002006894929,52.13677305148607,12708.45,25.847262895171102,
2025-09-09T09:25:00.000000,12688.0,12696.75,12688.0,12696.75,19,ULTRACEMCO,12684.451626572616,12686.070006268117,52.022543329898625,12708.45,25.85606018165015,
2025-09-09T09:30:00.000000,12683.25,12694.55,12646.1,12658.15,108,ULTRACEMCO,12679.191301258094,12683.531823880106,51.32033473752101,12708.45,27.015781652483945,
2025-09-09T09:35:00.000000,12658.15,12658.15,12654.0,12654.0,20,ULTRACEMCO,12674.153041006475,12680.84711261828,50.43555976135837,12708.45,28.092665875401035,
2025-09-09T09:40:00.000000,12654.0,12660.95,12654.0,12656.5,8,ULTRACEMCO,12670.62243280518,12678.63373874389,49.21759936480879,12708.45,28.924171203715826,
2025-09-09T09:45:00.000000,12656.5,12674.6,12656.5,12658.5,112,ULTRACEMCO,12668.197946244143,12676.803398858083,48.153962773327535,12708.45,28.896267175122805,
2025-09-09T09:50:00.000000,12658.5,12677.0,12657.05,12657.05,16,ULTRACEMCO,12665.968356995314,12675.00763532553,47.30092266630042,12708.45,28.733099039917043,
2025-09-09T09:55:00.000000,12657.05,12669.55,12657.05,12669.55,3,ULTRACEMCO,12666.68468559625,12674.511486659572,46.675380474953826,12708.45,28.581585771511694,
2025-09-09T10:00:00.000000,12669.55,12669.55,12649.9,12662.0,27,ULTRACEMCO,12665.747748477,12673.37407878143,46.02508019241499,12708.45,28.69837008712307,
2025-09-09T10:05:00.000000,12662.0,12662.0,12654.7,12654.7,1,ULTRACEMCO,12663.5381987816,12671.676435255846,45.08375352483071,12708.45,28.806812665905063,
2025-09-09T10:10:00.000000,12654.7,12668.0,12654.7,12655.8,31,ULTRACEMCO,12661.99055902528,12670.23312295986,45.288501655524996,12708.45,28.483172102573572,
2025-09-09T10:15:00.000000,12655.8,12659.5,12650.0,12659.5,6,ULTRACEMCO,12661.492447220224,12669.257384508965,45.16295819863353,12708.45,28.38310051281052,
2025-09-09T10:20:00.000000,12659.5,12664.95,12659.5,12664.95,10,ULTRACEMCO,12662.183957776178,12668.86580409906,45.27855445761894,12708.45,27.888667403323208,
2025-09-09T10:25:00.000000,12664.95,12664.95,12655.05,12655.05,6,ULTRACEMCO,12660.757166220943,12667.609821908236,45.3704695937446,12708.45,27.639576977917418,
2025-09-09T10:30:00.000000,12655.05,12655.05,12652.8,12652.8,8,ULTRACEMCO,12659.165732976755,12666.263474462032,45.461156690729716,12708.45,27.51615963238021,
2025-09-09T10:35:00.000000,12652.8,12654.0,12652.8,12654.0,5,ULTRACEMCO,12658.132586381404,12665.148613147301,45.722550783044625,12708.45,27.40155781152423,
2025-09-09T10:40:00.000000,12654.0,12668.65,12652.8,12657.9,8,ULTRACEMCO,12658.086069105122,12664.489648315728,45.740375077054836,12708.45,26.11618524716287,
2025-09-09T10:45:00.000000,12657.9,12657.9,12657.9,12657.9,0,ULTRACEMCO,12658.048855284098,12663.890589377934,45.657805494507876,12708.45,24.92262500882732,
2025-09-09T10:50:00.000000,12657.9,12669.9,12657.0,12657.9,30,ULTRACEMCO,12658.019084227279,12663.345990343576,45.50100125008741,12708.45,23.335954562167846,
2025-09-09T10:55:00.000000,12657.9,12669.75,12657.9,12669.75,1,ULTRACEMCO,12660.365267381823,12663.928173039614,45.44036085992732,12708.45,21.862617718841193,
2025-09-09T11:00:00.000000,12669.75,12669.75,12652.8,12652.8,8,ULTRACEMCO,12658.852213905458,12662.916520945104,45.097448534580266,12708.45,20.48720260694203,
2025-09-09T11:05:00.000000,12652.8,12663.2,12652.8,12663.2,1,ULTRACEMCO,12659.721771124367,12662.942291768277,44.88603963623565,12708.45,19.210031431607096,
2025-09-09T11:10:00.000000,12663.2,12664.8,12652.65,12664.8,22,ULTRACEMCO,12660.737416899494,12663.111174334797,45.23627644163342,12708.45,17.888616551826818,
2025-09-09T11:15:00.000000,12664.8,12665.0,12649.8,12649.8,16,ULTRACEMCO,12658.549933519595,12661.901067577088,45.305685007604026,12708.45,16.904444859907258,
2025-09-09T11:20:00.000000,12649.8,12661.95,12649.8,12661.95,3,ULTRACEMCO,12659.229946815676,12661.905515979171,45.625807257884645,12708.45,15.990571145981951,
2025-09-09T11:25:00.000000,12661.95,12661.95,12653.9,12653.9,11,ULTRACEMCO,12658.163957452542,12661.177741799247,45.74300641066992,12708.45,15.141974125908453,
2025-09-09T11:30:00.000000,12653.9,12653.9,12637.1,12637.1,9,ULTRACEMCO,12653.951165962033,12658.988856181133,45.57513308012108,12708.45,15.73308268333478,
2025-09-09T11:35:00.000000,12637.1,12637.1,12627.35,12628.8,7,ULTRACEMCO,12648.920932769626,12656.244414710121,45.04827950776108,12708.45,16.89340733259092,
2025-09-09T11:40:00.000000,12628.8,12635.2,12628.8,12635.2,10,ULTRACEMCO,12646.1767462157,12654.33128610011,44.8031048460724,12708.45,17.97085164975734,
2025-09-09T11:45:00.000000,12635.2,12637.1,12628.95,12628.95,11,ULTRACEMCO,12642.73139697256,12652.023896454646,44.56371711221701,12708.45,18.739058387616353,
2025-09-09T11:50:00.000000,12628.95,12629.2,12628.95,12629.2,5,ULTRACEMCO,12640.025117578049,12649.948996776951,44.308796175684144,12708.45,19.452393215628295,
2025-09-09T11:55:00.000000,12629.2,12629.2,12625.0,12625.75,19,ULTRACEMCO,12637.17009406244,12647.749087979048,43.91379982984005,12708.45,20.400264016161767,SELL
2025-09-09T12:00:00.000000,12625.75,12626.0,12604.7,12604.7,24,ULTRACEMCO,12630.676075249952,12643.835534526406,43.07910918362024,12708.45,22.418627582517647,SELL
2025-09-09T12:05:00.000000,12604.7,12616.05,12604.7,12616.05,1,ULTRACEMCO,12627.750860199962,12641.309576842188,42.743538818168304,12708.45,24.292822322705252,SELL
2025-09-09T12:10:00.000000,12616.05,12616.05,12616.05,12616.05,0,ULTRACEMCO,12625.41068815997,12639.013251674716,42.4480070077367,12708.45,26.033146010022314,SELL
2025-09-09T12:15:00.000000,12616.05,12626.05,12616.05,12626.05,1,ULTRACEMCO,12625.538550527976,12637.834774249743,42.39315730187725,12708.45,26.29860542364758,
2025-09-09T12:20:00.000000,12626.05,12629.0,12626.05,12629.0,3,ULTRACEMCO,12626.23084042238,12637.031612954312,42.3155812544196,12708.45,26.185159197324417,
2025-09-09T12:25:00.000000,12629.0,12629.0,12629.0,12629.0,0,ULTRACEMCO,12626.784672337904,12636.301466322102,42.238005206961944,12708.45,26.07981627288148,
2025-09-09T12:30:00.000000,12629.0,12629.0,12629.0,12629.0,0,ULTRACEMCO,12627.227737870324,12635.637696656457,42.16042915950429,12708.45,25.981997843041608,
2025-09-09T12:35:00.000000,12629.0,12629.0,12614.95,12614.95,45,ULTRACEMCO,12624.772190296258,12633.756996960416,41.46246964861378,12708.45,26.90043036506226,SELL
2025-09-09T12:40:00.000000,12614.95,12614.95,12607.75,12607.75,10,ULTRACEMCO,12621.367752237007,12631.39272450947,41.02990630547333,12708.45,28.16325425227235,SELL
2025-09-09T12:45:00.000000,12607.75,12620.0,12607.75,12620.0,1,ULTRACEMCO,12621.094201789605,12630.357022281336,40.70726714327412,12708.45,28.65225273907092,SELL
2025-09-09T12:50:00.000000,12620.0,12620.0,12616.1,12616.1,11,ULTRACEMCO,12620.095361431684,12629.06092934667,40.26635735691521,12708.45,29.10632276252674,SELL
2025-09-09T12:55:00.000000,12616.1,12616.1,12603.15,12603.15,9,ULTRACEMCO,12616.706289145348,12626.705390315154,39.9109390609448,12708.45,30.291549802027767,SELL
2025-09-09T13:00:00.000000,12603.15,12612.6,12603.15,12612.6,32,ULTRACEMCO,12615.885031316278,12625.423082104686,39.53486563346883,12708.45,31.392117767278727,SELL
2025-09-09T13:05:00.000000,12612.6,12612.6,12603.0,12603.95,4,ULTRACEMCO,12613.498025053023,12623.470983731533,39.166032206918324,12708.45,32.42262528800161,SELL
2025-09-09T13:10:00.000000,12603.95,12603.95,12597.0,12597.0,33,ULTRACEMCO,12610.198420042418,12621.06453066503,38.98206406958136,12708.45,33.715205908335655,SELL
2025-09-09T13:15:00.000000,12597.0,12597.0,12588.3,12591.95,8,ULTRACEMCO,12606.548736033934,12618.417755150027,38.845320308676854,12708.45,35.337067084243905,SELL
2025-09-09T13:20:00.000000,12591.95,12604.15,12591.95,12603.0,6,ULTRACEMCO,12605.838988827147,12617.016141045478,38.87062315954326,12708.45,35.7761253235724,SELL
2025-09-09T13:25:00.000000,12603.0,12606.85,12596.5,12596.5,25,ULTRACEMCO,12603.971191061717,12615.151037314072,38.87990266119523,12708.45,35.80602962164676,SELL
2025-09-09T13:30:00.000000,12596.5,12596.5,12596.5,12596.5,0,ULTRACEMCO,12602.476952849374,12613.455488467338,38.88228138073358,12708.45,35.83379789843009,SELL
2025-09-09T13:35:00.000000,12596.5,12599.0,12596.5,12599.0,1,ULTRACEMCO,12601.781562279499,12612.141353152125,39.025548202413376,12708.45,35.48412662761565,SELL
2025-09-09T13:40:00.000000,12599.0,12599.0,12594.1,12594.1,20,ULTRACEMCO,12600.2452498236,12610.501230138296,39.38966588142567,12708.45,35.34870950350508,SELL
2025-09-09T13:45:00.000000,12594.1,12595.05,12594.1,12595.05,13,ULTRACEMCO,12599.20619985888,12609.096572852995,39.46804574330155,12708.45,35.222965031116686,SELL
2025-09-09T13:50:00.000000,12595.05,12595.55,12584.0,12595.55,4,ULTRACEMCO,12598.474959887104,12607.865066229995,39.56482469505588,12708.45,35.854435593770845,SELL
2025-09-09T13:55:00.000000,12595.55,12609.7,12595.05,12608.8,14,ULTRACEMCO,12600.539967909683,12607.950060209087,39.83694262274364,12708.45,34.46268105248175,
2025-09-09T14:00:00.000000,12608.8,12608.8,12595.05,12595.1,3,ULTRACEMCO,12599.451974327747,12606.781872917352,39.69761396074015,12708.45,33.17033754985616,SELL
2025-09-09T14:05:00.000000,12595.1,12607.05,12595.1,12607.05,1,ULTRACEMCO,12600.971579462197,12606.806248106685,39.89981860909332,12708.45,31.970304297418107,
2025-09-09T14:10:00.000000,12607.05,12612.05,12593.95,12608.0,52,ULTRACEMCO,12602.377263569757,12606.914771006077,40.127612219498424,12708.45,30.20594556046253,
2025-09-09T14:15:00.000000,12608.0,12611.7,12608.0,12611.7,1,ULTRACEMCO,12604.241810855805,12607.349791823706,40.75748913516148,12708.45,28.56761244757521,
2025-09-09T14:20:00.000000,12611.7,12611.7,12600.0,12606.0,10,ULTRACEMCO,12604.593448684644,12607.227083476097,41.364216821007844,12708.45,27.885693651552007,
2025-09-09T14:25:00.000000,12606.0,12606.0,12587.35,12592.9,13,ULTRACEMCO,12602.254758947714,12605.924621341906,41.288694238187155,12708.45,28.27916753330083,SELL
2025-09-09T14:30:00.000000,12592.9,12594.2,12587.05,12587.05,241,ULTRACEMCO,12599.213807158172,12604.20874667446,41.16990176909016,12708.45,28.666005811576838,SELL
2025-09-09T14:35:00.000000,12587.05,12587.05,12560.0,12577.4,175,ULTRACEMCO,12594.851045726538,12601.771587885873,41.10792115702135,12708.45,30.4682328718516,SELL
2025-09-09T14:40:00.000000,12577.4,12577.4,12555.0,12562.5,22,ULTRACEMCO,12588.380836581231,12598.201443532611,40.53345910831938,12708.45,32.330036944264066,SELL
2025-09-09T14:45:00.000000,12562.5,12574.7,12535.35,12574.0,71,ULTRACEMCO,12585.504669264985,12596.001312302373,40.47925815384711,12708.45,34.66384021292429,SELL
2025-09-09T14:50:00.000000,12574.0,12584.05,12568.3,12584.05,26,ULTRACEMCO,12585.213735411988,12594.914829365793,40.82209302377749,12708.45,35.76094637303928,SELL
2025-09-09T14:55:00.000000,12584.05,12584.05,12572.95,12572.95,1,ULTRACEMCO,12582.76098832959,12592.918026696176,41.0455878663455,12708.45,36.77968780743176,SELL
2025-09-09T15:00:00.000000,12572.95,12584.7,12570.25,12583.6,6,ULTRACEMCO,12582.928790663673,12592.070933360159,41.21645049083686,12708.45,37.83099658345965,
2025-09-09T15:05:00.000000,12583.6,12583.6,12570.0,12570.0,26,ULTRACEMCO,12580.343032530938,12590.064484872872,41.26594600662403,12708.45,38.81737548953908,SELL
2025-09-09T15:10:00.000000,12570.0,12571.0,12560.0,12566.5,35,ULTRACEMCO,12577.57442602475,12587.922258975337,41.25740820907167,12708.45,40.120854214880886,SELL
2025-09-09T15:15:00.000000,12566.5,12573.45,12562.05,12562.05,8,ULTRACEMCO,12574.4695408198,12585.570235432124,41.09553723134581,12708.45,41.00866485438447,SELL
2025-09-09T15:20:00.000000,12562.05,12583.85,12562.05,12583.85,48,ULTRACEMCO,12576.34563265584,12585.41385039284,41.573334496853754,12708.45,40.567256330942726,
2025-09-09T15:25:00.000000,12583.85,12583.85,12552.0,12552.0,38,ULTRACEMCO,12571.476506124673,12582.376227629855,41.51742714892265,12708.45,40.659444275837174,SELL
2025-09-10T09:15:00.000000,12600.0,12621.4,12574.55,12577.0,1148,ULTRACEMCO,12572.581204899738,12581.887479663505,41.91577415607888,12621.4,37.83188419177196,
2025-09-10T09:20:00.000000,12576.0,12585.0,12576.0,12585.0,16,ULTRACEMCO,12575.06496391979,12582.170436057731,41.99983255139859,12621.4,35.20629268513998,
2025-09-10T09:25:00.000000,12585.0,12614.9,12585.0,12614.9,30,ULTRACEMCO,12583.031971135833,12585.145850961573,42.83803850430324,12621.4,34.31173134037243,
2025-09-10T09:30:00.000000,12614.9,12614.9,12585.0,12609.5,13,ULTRACEMCO,12588.325576908666,12587.359864510521,43.24395190038291,12621.4,33.48106723451686,
2025-09-10T09:35:00.000000,12609.5,12610.8,12597.0,12601.65,17,ULTRACEMCO,12590.990461526933,12588.658967736837,43.49307340770295,12621.4,32.709736279079536,
2025-09-10T09:40:00.000000,12601.65,12601.65,12590.05,12599.95,22,ULTRACEMCO,12592.782369221546,12589.685425215306,43.61128366528824,12621.4,31.470937433310432,
2025-09-10T09:45:00.000000,12599.95,12599.95,12596.55,12596.55,30,ULTRACEMCO,12593.535895377237,12590.30947746846,43.82553436632905,12621.4,30.320624219381976,
2025-09-10T09:50:00.000000,12596.55,12610.8,12583.0,12610.8,175,ULTRACEMCO,12596.98871630179,12592.172252244054,44.57852224488474,12621.4,28.273377168709285,
2025-09-10T09:55:00.000000,12610.8,12610.8,12603.9,12603.9,6,ULTRACEMCO,12598.370973041432,12593.238411130958,45.32491824651629,12621.4,26.3723620502275,
2025-09-10T10:00:00.000000,12603.9,12611.85,12603.9,12611.85,5,ULTRACEMCO,12601.066778433145,12594.930373755416,46.3832339166235,12621.4,24.68134794551632,
2025-09-10T10:05:00.000000,12611.85,12611.85,12611.85,12611.85,1,ULTRACEMCO,12603.223422746516,12596.468521595832,47.682728266140295,12621.4,23.11112056257022,
2025-09-10T10:10:00.000000,12611.85,12612.0,12611.85,12612.0,20,ULTRACEMCO,12604.978738197213,12597.88047417803,48.62563909988302,12621.4,21.6651969574997,
2025-09-10T10:15:00.000000,12612.0,12612.0,12599.3,12599.3,30,ULTRACEMCO,12603.84299055777,12598.009521980026,49.017975918832185,12621.4,20.912311980348353,
2025-09-10T10:20:00.000000,12599.3,12599.3,12579.4,12587.5,110,ULTRACEMCO,12600.574392446217,12597.054110890933,49.38843794574407,12621.4,21.409847406259832,
2025-09-10T10:25:00.000000,12587.5,12587.5,12575.0,12575.0,13,ULTRACEMCO,12595.459513956974,12595.04919171903,49.27259256880514,12621.4,22.093138227106014,
2025-09-10T10:30:00.000000,12575.0,12575.0,12575.0,12575.0,10,ULTRACEMCO,12591.367611165579,12593.226537926392,49.39901326251317,12621.4,22.727622560748898,
2025-09-10T10:35:00.000000,12575.0,12581.4,12568.15,12568.15,114,ULTRACEMCO,12586.724088932462,12590.946852660356,49.46748809062279,12621.4,23.671654411482532,
2025-09-10T10:40:00.000000,12568.15,12574.55,12568.15,12572.7,116,ULTRACEMCO,12583.91927114597,12589.288047873051,49.724959325435265,12621.4,24.54825541573519,
2025-09-10T10:45:00.000000,12572.7,12572.7,12567.0,12567.2,11,ULTRACEMCO,12580.575416916776,12587.280043520956,49.346870770001786,12621.4,25.425477118987853,
2025-09-10T10:50:00.000000,12567.2,12567.2,12557.45,12557.45,9,ULTRACEMCO,12575.950333533421,12584.568221382688,49.30439336709277,12621.4,26.73639525142529,
2025-09-10T10:55:00.000000,12557.45,12568.5,12553.7,12559.45,70,ULTRACEMCO,12572.650266826737,12582.284746711533,48.84606662634182,12621.4,28.13217997436792,
2025-09-10T11:00:00.000000,12559.45,12559.45,12547.1,12547.1,14,ULTRACEMCO,12567.540213461389,12579.086133374121,48.055081891939295,12621.4,29.726438873165723,
2025-09-10T11:05:00.000000,12547.1,12547.1,12535.0,12535.0,3,ULTRACEMCO,12561.032170769111,12575.078303067383,46.674416194115864,12621.4,31.67756088629321,
2025-09-10T11:10:00.000000,12535.0,12535.0,12510.0,12510.0,29,ULTRACEMCO,12550.825736615288,12569.162093697621,45.105993797220734,12621.4,34.190038624332445,
2025-09-10T11:15:00.000000,12510.0,12510.0,12490.0,12491.35,17,ULTRACEMCO,12538.930589292231,12562.088266997838,43.5095734850196,12621.4,36.91230465514861,SELL
2025-09-10T11:20:00.000000,12491.35,12491.35,12473.35,12473.35,1,ULTRACEMCO,12525.814471433785,12554.021151816216,41.814796869768614,12621.4,39.694270154177005,SELL
2025-09-10T11:25:00.000000,12473.35,12495.0,12473.35,12495.0,4,ULTRACEMCO,12519.651577147028,12548.655592560197,40.71614446368214,12621.4,41.907791063301424,SELL
2025-09-10T11:30:00.000000,12495.0,12501.1,12495.0,12501.1,3,ULTRACEMCO,12515.941261717622,12544.332356872907,39.52891167374215,12621.4,43.34984170369978,SELL
2025-09-10T11:35:00.000000,12501.1,12513.45,12501.1,12513.45,60,ULTRACEMCO,12515.443009374098,12541.52486988446,38.73387387273344,12621.4,43.54438314474,SELL
2025-09-10T11:40:00.000000,12513.45,12513.45,12495.0,12511.3,4,ULTRACEMCO,12514.614407499277,12538.777154440419,37.78599630130975,12621.4,43.91744407784877,SELL
2025-09-10T11:45:00.000000,12511.3,12511.3,12511.3,12511.3,0,ULTRACEMCO,12513.951525999422,12536.27923130947,36.83811872988606,12621.4,44.263857801449774,SELL
2025-09-10T11:50:00.000000,12511.3,12511.3,12507.3,12507.3,5,ULTRACEMCO,12512.621220799538,12533.644755735882,35.83178563263801,12621.4,44.719461761956445,SELL
2025-09-10T11:55:00.000000,12507.3,12507.3,12496.95,12496.95,10,ULTRACEMCO,12509.48697663963,12530.308868850801,34.960209650590144,12621.4,45.46880032207706,SELL
2025-09-10T12:00:00.000000,12496.95,12517.25,12496.95,12517.25,52,ULTRACEMCO,12511.039581311703,12529.121698955274,34.78208617728009,12621.4,45.19525813262656,
2025-09-10T12:05:00.000000,12517.25,12517.25,12510.05,12510.95,12,ULTRACEMCO,12511.021665049362,12527.469726322977,34.72124713165981,12621.4,44.94125467099396,SELL
2025-09-10T12:10:00.000000,12510.95,12510.95,12510.95,12510.95,0,ULTRACEMCO,12511.00733203949,12525.96793302089,34.66040808603952,12621.4,44.70539431376369,SELL
2025-09-10T12:15:00.000000,12510.95,12510.95,12510.95,12510.95,0,ULTRACEMCO,12510.995865631592,12524.602666382627,34.71554821935717,12621.4,44.48638112490702,SELL
2025-09-10T12:20:00.000000,12510.95,12510.95,12510.95,12510.95,0,ULTRACEMCO,12510.986692505274,12523.361514893297,34.65582442319621,12621.4,44.28301173525439,SELL
2025-09-10T12:25:00.000000,12510.95,12510.95,12510.95,12510.95,0,ULTRACEMCO,12510.97935400422,12522.233195357543,34.69503465740668,12621.4,44.09416873057695,SELL
2025-09-10T12:30:00.000000,12510.95,12510.95,12500.0,12500.0,1,ULTRACEMCO,12508.783483203375,12520.211995779584,34.6929772051605,12621.4,44.46287441220626,SELL
2025-09-10T12:35:00.000000,12500.0,12500.0,12481.1,12481.1,46,ULTRACEMCO,12503.2467865627,12516.656359799621,34.34404701179772,12621.4,45.5128830422923,SELL
2025-09-10T12:40:00.000000,12481.1,12492.65,12480.1,12492.65,26,ULTRACEMCO,12501.12742925016,12514.4739634542,34.523185619098115,12621.4,46.519983268945516,SELL
2025-09-10T12:45:00.000000,12492.65,12492.65,12492.65,12492.65,0,ULTRACEMCO,12499.431943400128,12512.489966776546,34.872877551826875,12621.4,47.4551477651235,SELL
2025-09-10T12:50:00.000000,12492.65,12492.65,12482.95,12482.95,10,ULTRACEMCO,12496.135554720102,12509.804515251406,35.343801518602625,12621.4,48.64124520038682,SELL
2025-09-10T12:55:00.000000,12482.95,12482.95,12481.9,12481.9,5,ULTRACEMCO,12493.288443776082,12507.267741137643,35.95729912642193,12621.4,49.77516330591167,SELL
2025-09-10T13:00:00.000000,12481.9,12481.9,12475.0,12475.0,3,ULTRACEMCO,12489.630755020866,12504.33431012513,36.58898613443254,12621.4,51.03674567009315,SELL
2025-09-10T13:05:00.000000,12475.0,12500.95,12475.0,12494.35,7,ULTRACEMCO,12490.574604016692,12503.426645568301,37.24082120534089,12621.4,49.85643188155718,
2025-09-10T13:10:00.000000,12494.35,12494.35,12494.35,12494.35,0,ULTRACEMCO,12491.329683213355,12502.601495971183,37.756996775605586,12621.4,48.76042622077377,
2025-09-10T13:15:00.000000,12494.35,12494.35,12491.55,12491.55,4,ULTRACEMCO,12491.373746570684,12501.596814519256,37.953984552334546,12621.4,47.894417964596606,
2025-09-10T13:20:00.000000,12491.55,12491.55,12472.5,12474.0,12,ULTRACEMCO,12487.898997256547,12499.088013199324,37.86097143693742,12621.4,47.9592847687408,SELL
2025-09-10T13:25:00.000000,12474.0,12489.2,12474.0,12489.2,5,ULTRACEMCO,12488.159197805238,12498.189102908476,38.16998183942059,12621.4,48.01951822973184,
2025-09-10T13:30:00.000000,12489.2,12489.2,12489.2,12489.2,0,ULTRACEMCO,12488.367358244192,12497.37191173498,38.53484813837334,12621.4,48.07544930065209,
2025-09-10T13:35:00.000000,12489.2,12489.2,12476.3,12480.2,28,ULTRACEMCO,12486.733886595353,12495.81082884998,38.868485734141785,12621.4,48.63828120760095,SELL
2025-09-10T13:40:00.000000,12480.2,12498.75,12480.2,12488.8,24,ULTRACEMCO,12487.147109276282,12495.17348077271,38.95895834760112,12621.4,48.044512621846685,
2025-09-10T13:45:00.000000,12488.8,12488.8,12465.95,12465.95,12,ULTRACEMCO,12482.907687421026,12492.516800702464,38.75276003743589,12621.4,48.08438518054804,SELL
2025-09-10T13:50:00.000000,12465.95,12469.25,12465.95,12468.1,14,ULTRACEMCO,12479.94614993682,12490.297091547694,38.60223955547976,12621.4,48.121409699342145,SELL
2025-09-10T13:55:00.000000,12468.1,12476.65,12464.05,12476.65,7,ULTRACEMCO,12479.286919949456,12489.056446861541,38.669589315506954,12621.4,47.33744499153587,SELL
2025-09-10T14:00:00.000000,12476.65,12477.05,12470.2,12477.05,3,ULTRACEMCO,12478.839535959565,12487.964951692311,38.747112051735755,12621.4,46.56570937998519,SELL
2025-09-10T14:05:00.000000,12477.05,12481.65,12477.05,12480.2,70,ULTRACEMCO,12479.111628767652,12487.25904699301,38.908119453605124,12621.4,45.33775916898237,
2025-09-10T14:10:00.000000,12480.2,12480.2,12468.75,12468.75,4,ULTRACEMCO,12477.039303014122,12485.57640635728,39.05195165026076,12621.4,44.66396622023276,SELL
2025-09-10T14:15:00.000000,12468.75,12468.75,12450.0,12450.0,30,ULTRACEMCO,12471.631442411297,12482.342187597527,39.185611909803654,12621.4,44.87903343684643,SELL
2025-09-10T14:20:00.000000,12450.0,12453.8,12438.75,12453.8,21,ULTRACEMCO,12468.065153929037,12479.747443270478,39.099333106114116,12621.4,45.47518099129342,SELL
2025-09-10T14:25:00.000000,12453.8,12453.8,12435.25,12435.25,7,ULTRACEMCO,12461.50212314323,12475.702221154981,38.75575213933588,12621.4,46.14340786700553,SELL
2025-09-10T14:30:00.000000,12435.25,12446.1,12435.25,12444.0,21,ULTRACEMCO,12458.001698514583,12472.820201049983,38.80720971684345,12621.4,46.76390425159535,SELL
2025-09-10T14:35:00.000000,12444.0,12449.75,12444.0,12449.75,7,ULTRACEMCO,12456.351358811666,12470.722910045439,39.02480945974088,12621.4,46.89932993009533,SELL
2025-09-10T14:40:00.000000,12449.75,12449.75,12435.0,12435.0,23,ULTRACEMCO,12452.081087049333,12467.47537276858,39.135344122901586,12621.4,47.376027902139526,SELL
2025-09-10T14:45:00.000000,12435.0,12441.15,12433.25,12440.0,51,ULTRACEMCO,12449.664869639466,12464.977611607801,38.820756283836026,12621.4,47.88382618925326,SELL
2025-09-10T14:50:00.000000,12440.0,12450.1,12440.0,12446.45,4,ULTRACEMCO,12449.021895711572,12463.29328327982,38.671902392543366,12621.4,47.277938949453976,SELL
2025-09-10T14:55:00.000000,12446.45,12464.35,12446.45,12464.35,10,ULTRACEMCO,12452.087516569258,12463.3893484362,38.98606889092902,12621.4,45.28737823117596,
2025-09-10T15:00:00.000000,12464.35,12472.0,12460.0,12469.8,21,ULTRACEMCO,12455.630013255406,12463.972134942,39.72761508344334,12621.4,42.78598081972338,
2025-09-10T15:05:00.000000,12469.8,12476.25,12469.8,12476.25,6,ULTRACEMCO,12459.754010604325,12465.088304492727,40.19486248796319,12621.4,40.11827388863259,
2025-09-10T15:10:00.000000,12476.25,12476.25,12469.4,12469.4,7,ULTRACEMCO,12461.68320848346,12465.48027681157,40.51619527301104,12621.4,37.670970890839854,
2025-09-10T15:15:00.000000,12469.4,12485.05,12469.4,12485.05,8,ULTRACEMCO,12466.356566786768,12467.259342555972,41.30905525897258,12621.4,35.27862067433113,
2025-09-10T15:20:00.000000,12485.05,12492.75,12480.0,12480.0,58,ULTRACEMCO,12469.085253429414,12468.417584141793,41.76548901334892,12621.4,33.618376819798996,
2025-09-10T15:25:00.000000,12480.0,12499.95,12480.0,12494.65,24,ULTRACEMCO,12474.198202743532,12470.802349219812,42.87189675791895,12621.4,32.55595903369764,
2025-09-11T09:15:00.000000,12451.95,12517.0,12451.0,12460.5,167,ULTRACEMCO,12471.458562194824,12469.86577201801,43.28229721841085,12517.0,31.000165396219987,
2025-09-11T09:20:00.000000,12460.5,12465.65,12443.05,12447.0,67,ULTRACEMCO,12466.56684975586,12467.787065470919,43.27977006030394,12517.0,29.99126089569786,SELL
2025-09-11T09:25:00.000000,12447.0,12461.35,12438.0,12442.2,66,ULTRACEMCO,12461.693479804688,12465.460968609927,43.20087832255216,12517.0,29.31972659859406,SELL
2025-09-11T09:30:00.000000,12442.2,12445.0,12430.0,12438.85,104,ULTRACEMCO,12457.12478384375,12463.041789645387,42.99143363324437,12517.0,29.09792373484291,SELL
2025-09-11T09:35:00.000000,12438.85,12438.85,12416.35,12429.9,107,ULTRACEMCO,12451.679827075,12460.028899677625,42.88148026735836,12517.0,29.498919615574685,SELL
2025-09-11T09:40:00.000000,12429.9,12429.9,12416.15,12418.75,65,ULTRACEMCO,12445.09386166,12456.276272434205,42.92778911992298,12517.0,29.879731829485458,SELL
2025-09-11T09:45:00.000000,12418.75,12428.5,12418.75,12421.4,12,ULTRACEMCO,12440.355089327999,12453.105702212913,42.930811562125065,12517.0,30.23334317097403,SELL
2025-09-11T09:50:00.000000,12421.4,12428.95,12421.4,12428.0,19,ULTRACEMCO,12437.884071462398,12450.823365648102,43.35011373787741,12517.0,30.516326639308065,SELL
2025-09-11T09:55:00.000000,12428.0,12428.9,12416.1,12416.1,14,ULTRACEMCO,12433.527257169919,12447.666696043729,43.36154723742625,12517.0,31.04411920583349,SELL
2025-09-11T10:00:00.000000,12416.0,12424.35,12411.5,12420.45,35,ULTRACEMCO,12430.911805735936,12445.192450948844,43.3310210750036,12517.0,31.756256482738106,SELL
2025-09-11T10:05:00.000000,12420.45,12420.45,12406.6,12414.25,23,ULTRACEMCO,12427.579444588748,12442.379500862586,43.42509532428742,12517.0,32.646353028557144,SELL
2025-09-11T10:10:00.000000,12414.25,12414.8,12401.05,12414.8,87,ULTRACEMCO,12425.023555670998,12439.87227351144,43.40296227182297,12517.0,33.72042983945782,SELL
2025-09-11T10:15:00.000000,12414.8,12414.8,12404.4,12411.0,133,ULTRACEMCO,12422.218844536797,12437.247521374036,43.155070775605125,12517.0,34.71778687815131,SELL
2025-09-11T10:20:00.000000,12411.0,12418.3,12405.05,12405.25,28,ULTRACEMCO,12418.825075629438,12434.338655794578,42.411387965193725,12517.0,35.1853851709282,SELL
2025-09-11T10:25:00.000000,12405.25,12417.15,12405.25,12410.0,21,ULTRACEMCO,12417.06006050355,12432.126050722343,41.70385791599851,12517.0,35.6195835856496,SELL
2025-09-11T10:30:00.000000,12410.0,12414.0,12401.3,12405.0,14,ULTRACEMCO,12414.64804840284,12429.660046111221,40.78351309180656,12517.0,36.24860553610732,SELL
2025-09-11T10:35:00.000000,12405.0,12405.0,12392.15,12403.4,103,ULTRACEMCO,12412.398438722272,12427.272769192019,39.981593395192235,12517.0,37.30264772280123,SELL
2025-09-11T10:40:00.000000,12403.4,12412.85,12394.6,12394.6,114,ULTRACEMCO,12408.838750977817,12424.30251744729,38.73235985753644,12517.0,37.21793418703631,SELL
2025-09-11T10:45:00.000000,12394.6,12403.15,12394.6,12400.0,34,ULTRACEMCO,12407.071000782253,12422.093197679354,37.782177508475904,12517.0,37.139271618111756,SELL
2025-09-11T10:50:00.000000,12400.0,12400.0,12394.6,12395.0,54,ULTRACEMCO,12404.656800625802,12419.630179708503,36.485544949390224,12517.0,37.066227804110376,SELL
2025-09-11T10:55:00.000000,12395.0,12397.25,12386.25,12397.25,279,ULTRACEMCO,12403.175440500641,12417.59561791682,35.91069668358661,12517.0,37.52688642110315,SELL
2025-09-11T11:00:00.000000,12397.25,12399.2,12386.0,12399.2,34,ULTRACEMCO,12402.380352400512,12415.92328901529,35.603445897693646,12517.0,37.66450108028879,SELL
2025-09-11T11:05:00.000000,12399.2,12399.2,12386.0,12386.0,8,ULTRACEMCO,12399.10428192041,12413.2029900139,35.11320085263676,12517.0,37.79228612096116,SELL
2025-09-11T11:10:00.000000,12386.0,12399.5,12386.0,12391.0,28,ULTRACEMCO,12397.483425536328,12411.184536376273,34.85529009152033,12517.0,37.86089339850903,SELL
2025-09-11T11:15:00.000000,12391.0,12407.45,12391.0,12407.3,22,ULTRACEMCO,12399.446740429063,12410.831396705702,35.23944691201348,12517.0,36.68165278001593,
2025-09-11T11:20:00.000000,12407.3,12412.0,12396.15,12405.9,102,ULTRACEMCO,12400.73739234325,12410.383087914275,35.735113492947804,12517.0,34.96470236368885,
2025-09-11T11:25:00.000000,12405.9,12410.85,12396.3,12398.1,13,ULTRACEMCO,12400.2099138746,12409.266443558432,35.99050533205347,12517.0,33.370391262813705,SELL
2025-09-11T11:30:00.000000,12398.1,12405.8,12394.6,12394.6,11,ULTRACEMCO,12399.08793109968,12407.933130507665,36.01126211482494,12517.0,32.07810982721504,SELL
2025-09-11T11:35:00.000000,12394.6,12400.0,12387.05,12398.95,10,ULTRACEMCO,12399.060344879745,12407.116482279695,36.345807690590206,12517.0,31.640882202334826,SELL
2025-09-11T11:40:00.000000,12398.95,12398.95,12386.0,12386.0,13,ULTRACEMCO,12396.448275903796,12405.196802072449,36.29528153441885,12517.0,31.332873991209027,SELL
2025-09-11T11:45:00.000000,12386.0,12393.05,12385.05,12393.05,11,ULTRACEMCO,12395.768620723036,12404.09254733859,36.56351163036622,12517.0,31.13891208572591,SELL
2025-09-11T11:50:00.000000,12393.05,12394.95,12385.05,12394.95,17,ULTRACEMCO,12395.604896578428,12403.261406671447,36.87686680772764,12517.0,30.62083518637732,SELL
2025-09-11T11:55:00.000000,12394.95,12404.7,12386.55,12397.5,49,ULTRACEMCO,12395.983917262743,12402.737642428589,37.33274868455395,12517.0,28.644697629054544,
2025-09-11T12:00:00.000000,12397.5,12402.9,12389.85,12397.55,5,ULTRACEMCO,12396.297133810194,12402.266038571444,37.88001469167365,12517.0,26.80971275439768,
2025-09-11T12:05:00.000000,12397.55,12407.4,12395.0,12407.0,8,ULTRACEMCO,12398.437707048155,12402.696398701313,38.587198206161915,12517.0,25.29357399122377,
2025-09-11T12:10:00.000000,12407.0,12407.0,12399.0,12405.8,11,ULTRACEMCO,12399.910165638525,12402.978544273921,39.34249446829656,12517.0,23.885730853990854,
2025-09-11T12:15:00.000000,12405.8,12420.0,12401.1,12420.0,98,ULTRACEMCO,12403.92813251082,12404.525949339928,40.525481889449516,12517.0,24.044925165605882,
2025-09-11T12:20:00.000000,12420.0,12420.0,12406.1,12410.0,60,ULTRACEMCO,12405.142506008657,12405.023590309025,41.547271220816604,12517.0,24.19274845496269,
2025-09-11T12:25:00.000000,12410.0,12417.85,12406.15,12409.0,28,ULTRACEMCO,12405.914004806926,12405.385082099114,42.352388440455435,12517.0,24.330012937936868,
2025-09-11T12:30:00.000000,12409.0,12417.0,12406.15,12406.4,18,ULTRACEMCO,12406.01120384554,12405.47734736283,43.16771946160396,12517.0,24.45747281498432,
2025-09-11T12:35:00.000000,12406.4,12414.0,12405.2,12405.2,19,ULTRACEMCO,12405.848963076432,12405.45213396621,43.8643993855208,12517.0,24.387321224132528,
2025-09-11T12:40:00.000000,12405.2,12424.0,12405.0,12414.0,33,ULTRACEMCO,12407.479170461145,12406.229212696555,44.764411989157225,12517.0,25.37022175322297,
2025-09-11T12:45:00.000000,12414.0,12420.25,12410.65,12414.0,7,ULTRACEMCO,12408.783336368917,12406.935647905959,45.913610455400836,12517.0,26.282915101664095,
2025-09-11T12:50:00.000000,12414.0,12425.75,12413.85,12425.75,26,ULTRACEMCO,12412.176669095134,12408.646043550872,47.20492617104916,12517.0,27.61186832045853,
2025-09-11T12:55:00.000000,12425.75,12426.5,12417.2,12426.5,10,ULTRACEMCO,12415.041335276106,12410.269130500794,47.99733372735592,12517.0,28.907901953471853,
2025-09-11T13:00:00.000000,12426.5,12431.25,12425.0,12431.25,53,ULTRACEMCO,12418.283068220884,12412.17648227345,48.94338715863772,12517.0,30.48723048806762,
2025-09-11T13:05:00.000000,12431.25,12435.45,12419.1,12425.35,15,ULTRACEMCO,12419.696454576708,12413.374074794045,49.824555771695785,12517.0,30.714747159990385,
2025-09-11T13:10:00.000000,12425.35,12425.5,12425.35,12425.5,45,ULTRACEMCO,12420.857163661367,12414.47643163095,50.785723569330784,12517.0,30.926012641061526,
2025-09-11T13:15:00.000000,12425.5,12438.0,12425.5,12438.0,8,ULTRACEMCO,12424.285730929094,12416.614937846318,51.93069242175661,12517.0,32.16498200906238,
2025-09-11T13:20:00.000000,12438.0,12438.0,12410.05,12419.45,35,ULTRACEMCO,12423.318584743276,12416.87267076938,52.69828400158493,12517.0,30.915656577209205,
2025-09-11T13:25:00.000000,12419.45,12420.85,12402.35,12416.45,59,ULTRACEMCO,12421.94486779462,12416.834246153981,53.150601519047335,12517.0,28.867419756729326,
2025-09-11T13:30:00.000000,12416.45,12416.7,12400.0,12400.0,40,ULTRACEMCO,12417.555894235697,12415.303860139984,53.12458091332506,12517.0,26.896738579303396,
2025-09-11T13:35:00.000000,12400.0,12407.5,12400.0,12407.5,31,ULTRACEMCO,12415.544715388558,12414.594418309076,53.2362041982697,12517.0,25.066820343122174,
2025-09-11T13:40:00.000000,12407.5,12409.75,12397.0,12409.75,149,ULTRACEMCO,12414.385772310847,12414.154016644614,53.410309425529576,12517.0,23.709455643848628,
2025-09-11T13:45:00.000000,12409.75,12409.75,12400.65,12402.0,7,ULTRACEMCO,12411.908617848678,12413.049106040558,53.08489501403293,12517.0,22.449045565951764,
2025-09-11T13:50:00.000000,12402.0,12408.85,12401.0,12401.0,32,ULTRACEMCO,12409.726894278941,12411.953732764145,52.77207667154856,12517.0,21.278664779333248,
2025-09-11T13:55:00.000000,12401.0,12407.5,12396.25,12396.25,12,ULTRACEMCO,12407.031515423154,12410.526120694676,51.94239911575962,12517.0,20.77885384523746,
2025-09-11T14:00:00.000000,12396.25,12396.25,12385.05,12385.05,28,ULTRACEMCO,12402.635212338522,12408.210109722433,51.1738601238262,12517.0,21.427623368492554,
2025-09-11T14:05:00.000000,12385.05,12398.4,12382.0,12398.4,19,ULTRACEMCO,12401.788169870817,12407.318281565847,50.86464657492527,12517.0,22.283588875423245,
2025-09-11T14:10:00.000000,12398.4,12398.4,12382.05,12396.4,26,ULTRACEMCO,12400.710535896653,12406.325710514408,50.58671026219842,12517.0,23.078413989001746,
2025-09-11T14:15:00.000000,12396.4,12401.6,12385.1,12389.6,4,ULTRACEMCO,12398.488428717323,12404.805191376734,50.18920009919535,12517.0,23.263696002017898,
2025-09-11T14:20:00.000000,12389.6,12403.3,12389.6,12402.0,10,ULTRACEMCO,12399.190742973859,12404.550173978849,49.88487355402034,12517.0,23.147408909909977,
2025-09-11T14:25:00.000000,12402.0,12412.45,12396.8,12400.0,89,ULTRACEMCO,12399.352594379086,12404.136521798953,49.530211214746174,12517.0,21.675715215926683,
2025-09-11T14:30:00.000000,12400.0,12402.95,12386.1,12398.5,121,ULTRACEMCO,12399.18207550327,12403.624110726321,48.80903190392526,12517.0,21.458043582991923,
2025-09-11T14:35:00.000000,12398.5,12417.45,12393.0,12412.95,12,ULTRACEMCO,12401.935660402616,12404.47191884211,48.46796257285277,12517.0,20.239506389667472,
2025-09-11T14:40:00.000000,12412.95,12412.95,12405.5,12408.6,14,ULTRACEMCO,12403.268528322093,12404.847198947373,47.88221765408698,12517.0,19.10800756729477,
2025-09-11T14:45:00.000000,12408.6,12423.9,12407.5,12416.5,15,ULTRACEMCO,12405.914822657674,12405.906544497611,47.73711780395231,12517.0,19.04955534958688,
2025-09-11T14:50:00.000000,12416.5,12416.5,12400.0,12400.25,30,ULTRACEMCO,12404.78185812614,12405.392313179647,47.160527831439325,12517.0,18.17736566638729,
2025-09-11T14:55:00.000000,12400.25,12409.95,12391.35,12402.95,54,ULTRACEMCO,12404.415486500911,12405.17028470877,46.327547682367836,12517.0,17.209558047589525,
2025-09-11T15:00:00.000000,12402.95,12407.95,12400.0,12405.2,51,ULTRACEMCO,12404.57238920073,12405.172986098883,46.210087723755244,12517.0,16.31087954442017,
2025-09-11T15:05:00.000000,12405.2,12405.2,12390.0,12392.0,26,ULTRACEMCO,12402.057911360584,12403.975441908076,45.86019002199366,12517.0,16.333381282689412,
2025-09-11T15:10:00.000000,12392.0,12400.5,12385.05,12400.5,28,ULTRACEMCO,12401.746329088466,12403.659492643706,46.16228870154339,12517.0,16.72854677627196,
2025-09-11T15:15:00.000000,12400.5,12400.5,12385.0,12388.0,35,ULTRACEMCO,12398.997063270774,12402.23590240337,45.968482128345066,12517.0,17.099299011115694,
2025-09-11T15:20:00.000000,12388.0,12388.0,12375.0,12375.0,60,ULTRACEMCO,12394.19765061662,12399.75991127579,45.46848286405443,12517.0,18.15896807710534,
2025-09-11T15:25:00.000000,12371.0,12396.05,12355.6,12377.0,129,ULTRACEMCO,12390.758120493296,12397.690828432536,45.21971772022073,12517.0,20.17048991536649,
2025-09-12T09:15:00.000000,12499.85,12499.85,12343.55,12396.8,50,ULTRACEMCO,12391.966496394636,12397.60984402958,45.50258551111174,12499.85,21.160107362307762,
2025-09-12T09:20:00.000000,12396.8,12405.25,12394.8,12400.4,12,ULTRACEMCO,12393.65319711571,12397.863494572344,45.98240474470428,12499.85,22.079037848753227,
2025-09-12T09:25:00.000000,12400.4,12406.25,12389.6,12389.6,70,ULTRACEMCO,12392.842557692567,12397.11226779304,46.476643749243586,12499.85,22.636358025678597,
2025-09-12T09:30:00.000000,12389.6,12409.65,12389.6,12395.0,57,ULTRACEMCO,12393.274046154054,12396.920243448218,46.66879128056836,12499.85,23.260579515251752,
2025-09-12T09:35:00.000000,12395.0,12415.0,12395.0,12404.65,17,ULTRACEMCO,12395.549236923243,12397.622948589289,47.123234867539736,12499.85,24.01102155756229,
2025-09-12T09:40:00.000000,12404.65,12418.35,12404.65,12415.0,24,ULTRACEMCO,12399.439389538595,12399.202680535718,47.942274723658606,12499.85,24.816476366210793,
2025-09-12T09:45:00.000000,12415.0,12430.0,12415.0,12415.0,5,ULTRACEMCO,12402.551511630876,12400.638800487017,48.392258178934654,12499.85,25.93037146287114,
2025-09-12T09:50:00.000000,12415.0,12419.0,12399.05,12399.05,158,ULTRACEMCO,12401.851209304701,12400.494364079106,48.50755137565636,12499.85,25.916296195227602,
2025-09-12T09:55:00.000000,12399.05,12403.95,12384.35,12391.85,613,ULTRACEMCO,12399.850967443761,12399.708512799187,48.510186935787495,12499.85,25.059020002813828,
2025-09-12T10:00:00.000000,12391.85,12393.0,12386.3,12386.3,12,ULTRACEMCO,12397.140773955009,12398.48955709017,48.00114743488358,12499.85,24.262977824143896,
2025-09-12T10:05:00.000000,12386.3,12398.15,12386.3,12398.15,9,ULTRACEMCO,12397.342619164006,12398.45868826379,47.89919315134765,12499.85,23.750004695241987,
2025-09-12T10:10:00.000000,12398.15,12402.9,12385.3,12402.9,21,ULTRACEMCO,12398.454095331204,12398.862443876173,47.70363232214279,12499.85,23.482465615562052,
2025-09-12T10:15:00.000000,12402.9,12402.9,12370.65,12370.65,74,ULTRACEMCO,12392.893276264964,12396.297676251066,47.33190530366538,12499.85,22.335570187724038,
2025-09-12T10:20:00.000000,12370.65,12404.55,12370.65,12400.0,36,ULTRACEMCO,12394.31462101197,12396.634251137333,47.45297249743764,12499.85,21.353607348109033,
2025-09-12T10:25:00.000000,12400.0,12400.0,12376.0,12384.65,94,ULTRACEMCO,12392.381696809576,12395.544773761212,47.27198154635324,12499.85,20.441784711323674,
2025-09-12T10:30:00.000000,12384.65,12402.95,12384.65,12402.95,6,ULTRACEMCO,12394.49535744766,12396.217976146556,47.70522879886511,12499.85,19.760745044678938,
2025-09-12T10:35:00.000000,12402.95,12405.0,12402.95,12404.0,51,ULTRACEMCO,12396.396285958128,12396.925432860506,47.92090389188368,12499.85,19.24692428392362,
2025-09-12T10:40:00.000000,12404.0,12410.0,12404.0,12410.0,460,ULTRACEMCO,12399.117028766503,12398.114029873186,48.506702885561474,12499.85,19.061190553393853,
2025-09-12T10:45:00.000000,12410.0,12430.95,12410.0,12430.95,22,ULTRACEMCO,12405.483623013202,12401.099118066533,49.63131827450274,12499.85,19.924196884957777,
2025-09-12T10:50:00.000000,12430.95,12430.95,12419.05,12422.05,68,ULTRACEMCO,12408.796898410561,12403.003743696849,50.53042909951722,12499.85,20.725559907124275,
2025-09-12T10:55:00.000000,12422.05,12434.9,12422.05,12425.0,89,ULTRACEMCO,12412.037518728448,12405.003403360772,50.964631229147514,12499.85,21.649874399833372,
2025-09-12T11:00:00.000000,12425.0,12425.0,12418.05,12418.05,20,ULTRACEMCO,12413.240014982759,12406.189457600702,51.182803064935825,12499.85,22.141355261128375,
2025-09-12T11:05:00.000000,12418.05,12424.75,12410.05,12424.75,12,ULTRACEMCO,12415.542011986206,12407.876779637001,51.7386010838856,12499.85,21.89608922433248,
2025-09-12T11:10:00.000000,12424.75,12428.65,12424.0,12428.65,4,ULTRACEMCO,12418.163609588964,12409.765254215456,52.227742894393245,12499.85,21.892334325100332,
2025-09-12T11:15:00.000000,12428.65,12439.8,12420.15,12423.95,26,ULTRACEMCO,12419.320887671172,12411.054776559506,52.39821351946487,12499.85,22.48150295842895,
2025-09-12T11:20:00.000000,12423.95,12441.8,12423.95,12439.8,5,ULTRACEMCO,12423.416710136938,12413.667978690459,52.6125921044821,12499.85,23.128861399464956,
2025-09-12T11:25:00.000000,12439.8,12439.8,12419.6,12419.6,4,ULTRACEMCO,12422.653368109552,12414.207253354962,52.41204933010988,12499.85,23.307600807272262,
2025-09-12T11:30:00.000000,12419.6,12429.05,12419.6,12429.05,5,ULTRACEMCO,12423.932694487641,12415.556593959056,52.74776859721891,12499.85,23.473573114521905,
2025-09-12T11:35:00.000000,12429.05,12429.05,12419.65,12427.25,9,ULTRACEMCO,12424.596155590112,12416.61963087187,53.19908663372985,12499.85,23.627690256968002,
2025-09-12T11:40:00.000000,12427.25,12427.25,12415.1,12415.1,6,ULTRACEMCO,12422.69692447209,12416.48148261079,53.52554137621486,12499.85,23.273039400705205,
2025-09-12T11:45:00.000000,12415.1,12429.05,12415.1,12429.05,1,ULTRACEMCO,12423.967539577672,12417.624075100719,53.807473734900896,12499.85,23.07784723953664,
2025-09-12T11:50:00.000000,12429.05,12430.1,12429.05,12430.1,11,ULTRACEMCO,12425.194031662139,12418.758250091563,54.00131683872554,12499.85,22.977734388513976,
2025-09-12T11:55:00.000000,12430.1,12445.0,12430.1,12445.0,2,ULTRACEMCO,12429.15522532971,12421.143863719602,55.0340909683199,12499.85,23.887849520095624,
2025-09-12T12:00:00.000000,12445.0,12456.0,12445.0,12455.05,55,ULTRACEMCO,12434.334180263768,12424.226239745092,55.64509880900765,12499.85,25.3058025640817,
2025-09-12T12:05:00.000000,12455.05,12468.35,12455.05,12468.35,36,ULTRACEMCO,12441.137344211014,12428.237490677357,56.66825323308922,12499.85,27.149222565812952,
2025-09-12T12:10:00.000000,12468.35,12468.35,12465.05,12468.0,7,ULTRACEMCO,12446.50987536881,12431.852264252142,57.38894128224892,12499.85,28.860969710277686,
2025-09-12T12:15:00.000000,12468.0,12468.0,12468.0,12468.0,2,ULTRACEMCO,12450.807900295049,12435.138422047401,58.093557847686625,12499.85,30.450449201566368,
2025-09-12T12:20:00.000000,12468.0,12468.0,12460.1,12460.1,17,ULTRACEMCO,12452.66632023604,12437.407656406729,58.49192938403072,12499.85,30.903189171106213,
2025-09-12T12:25:00.000000,12460.1,12466.75,12444.95,12445.05,125,ULTRACEMCO,12451.143056188832,12438.102414915209,58.233802404055645,12499.85,29.723920934063564,
2025-09-12T12:30:00.000000,12445.05,12445.05,12445.05,12445.05,1,ULTRACEMCO,12449.924444951066,12438.73401355928,58.143093749452966,12499.85,28.62888614252396,
2025-09-12T12:35:00.000000,12445.05,12445.05,12445.05,12445.05,0,ULTRACEMCO,12448.949555960853,12439.3081941448,58.01004208396201,12499.85,27.612068121808615,
2025-09-12T12:40:00.000000,12445.05,12477.15,12436.85,12436.85,244,ULTRACEMCO,12446.529644768683,12439.084721949817,57.81216863214945,12499.85,28.516325161275397,
2025-09-12T12:45:00.000000,12415.0,12442.1,12415.0,12437.0,50,ULTRACEMCO,12444.623715814947,12438.89520177256,57.51216876568208,12499.85,27.538496065145658,
2025-09-12T12:50:00.000000,12437.0,12437.0,12423.45,12428.2,58,ULTRACEMCO,12441.338972651958,12437.922910702327,56.93875696675019,12499.85,26.63051190445376,
2025-09-12T12:55:00.000000,12428.2,12428.2,12417.95,12417.95,2,ULTRACEMCO,12436.661178121567,12436.107191547571,56.24809453322236,12499.85,25.37489028366429,
2025-09-12T13:00:00.000000,12417.95,12417.95,12410.0,12416.75,21,ULTRACEMCO,12432.678942497254,12434.347446861428,55.28079611997599,12499.85,23.643418121792234,
2025-09-12T13:05:00.000000,12416.75,12421.95,12410.55,12421.95,37,ULTRACEMCO,12430.533153997803,12433.220406237662,54.88037135240122,12499.85,22.302919737577124,
2025-09-12T13:10:00.000000,12421.95,12426.05,12421.9,12426.05,9,ULTRACEMCO,12429.636523198242,12432.568551125147,54.445818543683174,12499.85,21.33067256279498,
2025-09-12T13:15:00.000000,12426.05,12426.05,12425.0,12425.0,5,ULTRACEMCO,12428.709218558593,12431.88050102286,54.02022039803454,12499.85,20.42787161478299,
2025-09-12T13:20:00.000000,12425.0,12425.0,12425.0,12425.0,0,ULTRACEMCO,12427.967374846874,12431.255000929874,53.83192803693733,12499.85,19.589556448771855,
2025-09-12T13:25:00.000000,12425.0,12425.0,12400.8,12411.9,73,ULTRACEMCO,12424.7538998775,12429.495455390794,53.07084081966754,12499.85,19.341101962215454,
2025-09-12T13:30:00.000000,12411.9,12415.95,12411.0,12415.95,17,ULTRACEMCO,12422.993119902,12428.264050355267,52.42923705577704,12499.85,19.110394224698798,
2025-09-12T13:35:00.000000,12415.95,12415.95,12415.95,12415.95,0,ULTRACEMCO,12421.5844959216,12427.144591232061,51.5520168790634,12499.85,18.896165611290474,
2025-09-12T13:40:00.000000,12415.95,12415.95,12396.35,12396.35,448,ULTRACEMCO,12416.53759673728,12424.345082938238,50.098701195367134,12499.85,19.82100118847755,
2025-09-12T13:45:00.000000,12396.35,12396.35,12374.95,12374.95,159,ULTRACEMCO,12408.220077389824,12419.854620852944,48.146760436584586,12499.85,21.559354617148482,
2025-09-12T13:50:00.000000,12374.95,12388.8,12374.95,12387.9,5,ULTRACEMCO,12404.156061911859,12416.94965532086,46.609323215146084,12499.85,23.17353994377149,
2025-09-12T13:55:00.000000,12387.9,12387.9,12374.0,12374.0,12,ULTRACEMCO,12398.124849529488,12413.04514120078,44.86867580795483,12499.85,24.709187426242686,SELL
2025-09-12T14:00:00.000000,12374.0,12380.0,12374.0,12378.0,6,ULTRACEMCO,12394.09987962359,12409.859219273438,43.457302949757725,12499.85,26.13514580282308,SELL
2025-09-12T14:05:00.000000,12378.0,12380.0,12369.95,12369.95,19,ULTRACEMCO,12389.269903698872,12406.231108430398,42.288856734256335,12499.85,27.631482915033104,SELL
2025-09-12T14:10:00.000000,12369.95,12369.95,12351.2,12357.95,75,ULTRACEMCO,12383.005922959099,12401.841916754907,40.96332580837671,12499.85,29.69562490441143,SELL
2025-09-12T14:15:00.000000,12357.95,12357.95,12340.0,12353.75,63,ULTRACEMCO,12377.154738367279,12397.469924322642,39.586431591101444,12499.85,31.932145975928222,SELL
2025-09-12T14:20:00.000000,12353.75,12353.75,12353.75,12353.75,1,ULTRACEMCO,12372.473790693823,12393.495385747856,38.41009555746888,12499.85,34.00891554233667,SELL
2025-09-12T14:25:00.000000,12353.75,12361.8,12353.75,12361.8,1,ULTRACEMCO,12370.339032555057,12390.613987043505,37.5014670420267,12499.85,35.0280045078173,SELL
2025-09-12T14:30:00.000000,12361.8,12361.95,12361.8,12361.95,5,ULTRACEMCO,12368.661226044045,12388.008170039551,36.80993450344944,12499.85,35.95752323518644,SELL
2025-09-12T14:35:00.000000,12361.95,12361.95,12361.95,12361.95,10,ULTRACEMCO,12367.318980835236,12385.639245490502,36.33916355112895,12499.85,36.8206477677435,SELL
2025-09-12T14:40:00.000000,12361.95,12361.95,12350.05,12361.75,2,ULTRACEMCO,12366.20518466819,12383.467495900457,35.8895096136972,12499.85,38.09425395566147,SELL
2025-09-12T14:45:00.000000,12361.75,12361.75,12350.8,12350.8,1,ULTRACEMCO,12363.124147734552,12380.49772354587,35.09191171316909,12499.85,39.276888273013874,SELL
2025-09-12T14:50:00.000000,12350.8,12355.05,12350.8,12355.0,14,ULTRACEMCO,12361.499318187642,12378.179748678063,34.344898130345484,12499.85,40.37504871055539,SELL
2025-09-12T14:55:00.000000,12355.0,12355.0,12355.0,12355.0,6,ULTRACEMCO,12360.199454550113,12376.07249879824,33.62512247575816,12499.85,41.39476911684394,SELL
2025-09-12T15:00:00.000000,12355.0,12355.0,12355.0,12355.0,0,ULTRACEMCO,12359.15956364009,12374.156817089308,32.90534682117084,12499.85,42.34165235125473,SELL
2025-09-12T15:05:00.000000,12355.0,12355.0,12355.0,12355.0,0,ULTRACEMCO,12358.327650912073,12372.415288263008,32.51930149411902,12499.85,43.2209010689219,SELL
2025-09-12T15:10:00.000000,12355.0,12368.7,12355.0,12368.0,6,ULTRACEMCO,12360.262120729658,12372.013898420917,32.55254357058251,12499.85,41.982975172358394,
2025-09-12T15:15:00.000000,12368.0,12375.7,12360.65,12375.7,14,ULTRACEMCO,12363.349696583726,12372.34899856447,32.85427015113106,12499.85,39.99870389178655,
2025-09-12T15:20:00.000000,12375.7,12385.75,12364.7,12385.75,112,ULTRACEMCO,12367.82975726698,12373.567271422246,33.891484703773216,12499.85,37.15103918160047,
2025-09-12T15:25:00.000000,12385.75,12391.8,12363.7,12391.3,31,ULTRACEMCO,12372.523805813584,12375.179337656587,35.40452170200575,12499.85,35.04357108369159,
2025-09-15T09:15:00.000000,12350.55,12408.3,12350.0,12360.05,107,ULTRACEMCO,12370.029044650866,12373.80394332417,35.69396133623359,12408.3,34.28068872754555,SELL
2025-09-15T09:20:00.000000,12360.05,12365.0,12321.9,12331.95,75,ULTRACEMCO,12362.413235720693,12369.99903938561,35.74158566496889,12408.3,32.30581446359318,SELL
2025-09-15T09:25:00.000000,12331.95,12363.3,12331.95,12356.05,14,ULTRACEMCO,12361.140588576554,12368.73094489601,36.23286257517546,12408.3,30.472002647065974,SELL
2025-09-15T09:30:00.000000,12356.05,12360.8,12339.8,12349.0,48,ULTRACEMCO,12358.712470861243,12366.937222632736,36.73252022807827,12408.3,28.769177388862143,SELL
2025-09-15T09:35:00.000000,12349.0,12360.85,12340.0,12358.05,15,ULTRACEMCO,12358.579976688994,12366.129293302487,37.577437567024496,12408.3,27.183766049661177,SELL
2025-09-15T09:40:00.000000,12358.05,12358.05,12342.25,12342.35,17,ULTRACEMCO,12355.333981351196,12363.967539365898,38.23129456052428,12408.3,25.711598377545993,SELL
2025-09-15T09:45:00.000000,12342.35,12364.55,12340.0,12340.0,53,ULTRACEMCO,12352.267185080957,12361.788672150817,38.85085668387219,12408.3,23.991941170315577,SELL
2025-09-15T09:50:00.000000,12340.0,12368.85,12340.0,12368.85,40,ULTRACEMCO,12355.583748064766,12362.430611046197,39.75233581011327,12408.3,22.76065006264333,
2025-09-15T09:55:00.000000,12368.85,12368.85,12352.0,12366.7,24,ULTRACEMCO,12357.806998451813,12362.818737314725,40.61197490465814,12408.3,21.617308319804813,
2025-09-15T10:00:00.000000,12366.7,12366.7,12360.0,12365.85,13,ULTRACEMCO,12359.41559876145,12363.09430664975,41.456263675944385,12408.3,20.555633844311906,
2025-09-15T10:05:00.000000,12365.85,12365.85,12331.0,12331.0,237,ULTRACEMCO,12353.73247900916,12360.176642408864,41.77436870034018,12408.3,20.92839216609942,SELL
2025-09-15T10:10:00.000000,12331.0,12359.8,12330.05,12359.8,15,ULTRACEMCO,12354.945983207328,12360.142402189877,42.77413374623039,12408.3,21.330910549913654,
2025-09-15T10:15:00.000000,12359.8,12367.05,12352.55,12352.55,120,ULTRACEMCO,12354.466786565863,12359.452183808979,43.505027632001585,12408.3,20.978019044175692,SELL
2025-09-15T10:20:00.000000,12352.55,12368.65,12352.55,12368.65,3,ULTRACEMCO,12357.30342925269,12360.288348917253,44.47584896807776,12408.3,20.494491185071094,
2025-09-15T10:25:00.000000,12368.65,12370.0,12362.1,12362.1,20,ULTRACEMCO,12358.262743402152,12360.45304447023,45.34861005049155,12408.3,19.908875462750622,
2025-09-15T10:30:00.000000,12362.1,12371.95,12362.1,12371.95,3,ULTRACEMCO,12361.000194721722,12361.498222245664,46.36741499334887,12408.3,19.161426094403446,
2025-09-15T10:35:00.000000,12371.95,12372.0,12360.0,12360.0,33,ULTRACEMCO,12360.800155777379,12361.36202022333,46.64500477119991,12408.3,18.652390246438795,
2025-09-15T10:40:00.000000,12360.0,12370.0,12360.0,12360.0,5,ULTRACEMCO,12360.640124621903,12361.238200203028,46.65411004496588,12408.3,18.179714101900196,
2025-09-15T10:45:00.000000,12360.0,12367.15,12354.85,12366.15,50,ULTRACEMCO,12361.742099697522,12361.684727457297,46.464879152505446,12408.3,18.213529735942007,
2025-09-15T10:50:00.000000,12366.15,12371.05,12362.4,12371.05,23,ULTRACEMCO,12363.603679758016,12362.53611587027,46.20984604950722,12408.3,17.754969028755713,
2025-09-15T10:55:00.000000,12371.05,12371.05,12355.1,12355.1,6,ULTRACEMCO,12361.902943806414,12361.86010533661,46.496727066132266,12408.3,17.98674914046713,
2025-09-15T11:00:00.000000,12355.1,12367.4,12355.1,12367.4,5,ULTRACEMCO,12363.002355045131,12362.36373212419,47.440962954510624,12408.3,18.20197352991344,
2025-09-15T11:05:00.000000,12367.4,12367.4,12367.4,12367.4,2,ULTRACEMCO,12363.881884036105,12362.821574658354,47.824151999454664,12408.3,18.40182474868502,
2025-09-15T11:10:00.000000,12367.4,12369.8,12357.0,12369.8,6,ULTRACEMCO,12365.065507228885,12363.45597696214,48.3591438842858,12408.3,19.47122383318137,
2025-09-15T11:15:00.000000,12369.8,12369.85,12356.45,12356.45,12,ULTRACEMCO,12363.342405783107,12362.81906996558,48.45440704572724,12408.3,20.50631403242874,
2025-09-15T11:20:00.000000,12356.45,12375.0,12356.45,12375.0,27,ULTRACEMCO,12365.673924626486,12363.926427241437,49.12558067943193,12408.3,20.684189335657738,
2025-09-15T11:25:00.000000,12375.0,12390.1,12375.0,12377.75,35,ULTRACEMCO,12368.08913970119,12365.183115674034,49.87665655686347,12408.3,19.368552821203473,
2025-09-15T11:30:00.000000,12377.75,12377.75,12374.0,12374.0,8,ULTRACEMCO,12369.271311760951,12365.984650612758,49.99750661500342,12408.3,18.04143597509543,
2025-09-15T11:35:00.000000,12374.0,12374.0,12358.45,12358.45,1,ULTRACEMCO,12367.107049408762,12365.299682375235,49.85810283709676,12408.3,18.09802185903857,
2025-09-15T11:40:00.000000,12358.45,12376.0,12358.45,12373.0,9,ULTRACEMCO,12368.28563952701,12365.999711250213,50.00112917425617,12408.3,17.92768025575858,
2025-09-15T11:45:00.000000,12373.0,12385.0,12370.0,12385.0,88,ULTRACEMCO,12371.628511621608,12367.727010227467,50.86974572066382,12408.3,16.836463138446423,
2025-09-15T11:50:00.000000,12385.0,12400.0,12385.0,12397.0,87,ULTRACEMCO,12376.702809297287,12370.388191115879,51.43021872104042,12408.3,16.679864499988803,
2025-09-15T11:55:00.000000,12397.0,12397.0,12374.25,12374.25,248,ULTRACEMCO,12376.21224743783,12370.7392646508,51.66334225434058,12408.3,15.592157790976955,
2025-09-15T12:00:00.000000,12374.25,12390.0,12354.85,12354.85,25,ULTRACEMCO,12371.939797950265,12369.29478604618,51.35829465631334,12408.3,15.699125715861497,
2025-09-15T12:05:00.000000,12354.85,12368.9,12351.05,12368.9,95,ULTRACEMCO,12371.33183836021,12369.25889640562,51.37727562208388,12408.3,16.018293209765563,
2025-09-15T12:10:00.000000,12368.9,12368.9,12365.0,12365.0,6,ULTRACEMCO,12370.065470688169,12368.871724005108,51.1897334461683,12408.3,16.314663025533626,
2025-09-15T12:15:00.000000,12365.0,12365.0,12364.6,12365.0,107,ULTRACEMCO,12369.052376550535,12368.519749095552,51.18725861839151,12408.3,16.61558887155788,
2025-09-15T12:20:00.000000,12365.0,12375.0,12364.6,12375.0,18,ULTRACEMCO,12370.241901240428,12369.108862814139,51.35654420785047,12408.3,15.962607481231371,
2025-09-15T12:25:00.000000,12375.0,12395.2,12375.0,12395.2,9,ULTRACEMCO,12375.233520992342,12371.48078437649,51.72683626279809,12408.3,15.752370645260545,
2025-09-15T12:30:00.000000,12395.2,12397.55,12380.0,12383.9,7839,ULTRACEMCO,12376.966816793874,12372.609803978627,51.80720684405579,12408.3,15.70211090696556,
2025-09-15T12:35:00.000000,12383.9,12419.7,12383.9,12410.05,48,ULTRACEMCO,12383.5834534351,12376.013458162388,52.509063654670534,12408.3,16.81735709476622,
2025-09-15T12:40:00.000000,12410.05,12448.0,12410.05,12448.0,43,ULTRACEMCO,12396.46676274808,12382.557689238534,53.36980950216834,12408.3,18.87599051953313,
2025-09-15T12:45:00.000000,12448.0,12448.65,12440.0,12448.65,51,ULTRACEMCO,12406.903410198463,12388.56608112594,54.23607706577384,12408.3,20.807504162504262,
2025-09-15T12:50:00.000000,12448.65,12448.65,12433.3,12433.3,9,ULTRACEMCO,12412.18272815877,12392.632801023583,54.778082431758094,12408.3,22.039348208551775,
2025-09-15T12:55:00.000000,12433.3,12448.65,12433.3,12448.65,11,ULTRACEMCO,12419.476182527016,12397.725273657803,55.72154894911222,12408.3,23.18320339416732,
2025-09-15T13:00:00.000000,12448.65,12448.65,12439.35,12448.6,3,ULTRACEMCO,12425.300946021613,12402.350248779821,56.33059108721737,12408.3,24.245354637953188,
2025-09-15T13:05:00.000000,12448.6,12460.0,12444.8,12460.0,49,ULTRACEMCO,12432.24075681729,12407.591135254383,57.00497449677406,12408.3,25.684534572028777,
2025-09-15T13:10:00.000000,12460.0,12461.95,12449.2,12450.05,14,ULTRACEMCO,12435.802605453831,12411.45103204944,57.55948191922378,12408.3,27.094736852095576,
2025-09-15T13:15:00.000000,12450.05,12450.3,12431.6,12431.6,2933,ULTRACEMCO,12434.962084363066,12413.282756408582,58.078819536680406,12408.3,26.81477452285191,
2025-09-15T13:20:00.000000,12431.6,12438.95,12430.0,12436.35,51,ULTRACEMCO,12435.239667490452,12415.379778553257,58.390152279388204,12408.3,26.42495565817282,
2025-09-15T13:25:00.000000,12436.35,12436.35,12436.35,12436.35,0,ULTRACEMCO,12435.461733992362,12417.286162321143,58.505863405569755,12408.3,26.062980998113666,
2025-09-15T13:30:00.000000,12436.35,12458.0,12436.35,12458.0,104,ULTRACEMCO,12439.96938719389,12420.987420291947,58.708637514983,12408.3,26.783246104048207,
2025-09-15T13:35:00.000000,12458.0,12458.0,12453.0,12453.0,3,ULTRACEMCO,12442.575509755112,12423.89765481086,59.240771019335384,12408.3,27.452063702415995,
2025-09-15T13:40:00.000000,12453.0,12453.0,12430.25,12430.25,10,ULTRACEMCO,12440.11040780409,12424.475140737146,59.662268175066984,12408.3,26.2599046784326,
2025-09-15T13:45:00.000000,12430.25,12437.05,12430.25,12437.05,14,ULTRACEMCO,12439.498326243272,12425.618309761041,59.9514828556922,12408.3,25.15289987044802,
2025-09-15T13:50:00.000000,12437.05,12437.05,12434.85,12434.85,4,ULTRACEMCO,12438.568660994619,12426.457554328219,60.262202405169695,12408.3,24.124966834462345,
2025-09-15T13:55:00.000000,12434.85,12434.85,12426.0,12426.0,6,ULTRACEMCO,12436.054928795695,12426.415958480198,60.415937951037485,12408.3,22.513278328437593,
2025-09-15T14:00:00.000000,12426.0,12426.25,12423.1,12423.1,23,ULTRACEMCO,12433.463943036555,12426.114507709271,60.34670763273791,12408.3,21.000255843641234,
2025-09-15T14:05:00.000000,12423.1,12454.45,12423.1,12438.05,65,ULTRACEMCO,12434.381154429244,12427.199552462975,60.21601776560669,12408.3,21.067862938977687,
2025-09-15T14:10:00.000000,12438.05,12450.4,12438.05,12450.4,1,ULTRACEMCO,12437.584923543394,12429.30868405725,60.47202175595028,12408.3,21.13064095607582,
2025-09-15T14:15:00.000000,12450.4,12459.4,12450.4,12459.4,7,ULTRACEMCO,12441.947938834715,12432.044258233864,60.50374387770105,12408.3,21.625835857611246,
2025-09-15T14:20:00.000000,12459.4,12459.4,12451.4,12451.4,13,ULTRACEMCO,12443.838351067772,12433.803871121694,59.99767462062099,12408.3,22.08565969475129,
2025-09-15T14:25:00.000000,12451.4,12459.45,12451.4,12459.45,5,ULTRACEMCO,12446.960680854218,12436.135337383359,59.60109197841687,12408.3,22.51523207547951,
2025-09-15T14:30:00.000000,12459.45,12462.0,12459.45,12459.95,17,ULTRACEMCO,12449.558544683374,12438.300306712144,59.49260385969809,12408.3,23.052630913364617,
2025-09-15T14:35:00.000000,12459.95,12460.9,12459.95,12460.9,38,ULTRACEMCO,12451.826835746699,12440.354824283768,59.248859423850114,12408.3,23.551644119972213,
2025-09-15T14:40:00.000000,12460.9,12460.9,12449.35,12449.35,16,ULTRACEMCO,12451.331468597358,12441.172567530699,58.733463907890936,12408.3,22.946272759785604,
2025-09-15T14:45:00.000000,12449.35,12479.15,12449.35,12471.85,68,ULTRACEMCO,12455.435174877886,12443.961425027908,58.45654019289706,12408.3,23.45070706702811,
2025-09-15T14:50:00.000000,12471.85,12471.85,12443.15,12443.8,86,ULTRACEMCO,12453.10813990231,12443.94675002537,57.82936105687308,12408.3,23.35784486099767,
2025-09-15T14:55:00.000000,12443.8,12453.35,12443.8,12445.8,30,ULTRACEMCO,12451.646511921848,12444.115227295792,57.566370091535454,12408.3,23.27161566968369,
2025-09-15T15:00:00.000000,12445.8,12453.35,12445.8,12449.1,12,ULTRACEMCO,12451.137209537479,12444.56838845072,57.299045060405795,12408.3,23.19154570632071,
2025-09-15T15:05:00.000000,12449.1,12449.1,12434.35,12434.35,17,ULTRACEMCO,12447.779767629983,12443.639444046108,56.765605490679285,12408.3,22.04966338647917,
2025-09-15T15:10:00.000000,12434.35,12434.35,12430.0,12430.0,7,ULTRACEMCO,12444.223814103987,12442.399494587371,55.89380968503464,12408.3,20.62429133502843,
2025-09-15T15:15:00.000000,12430.0,12438.0,12423.15,12427.95,75,ULTRACEMCO,12440.96905128319,12441.085904170337,55.08544803649704,12408.3,19.546985749168776,
2025-09-15T15:20:00.000000,12427.95,12437.9,12423.95,12425.6,121,ULTRACEMCO,12437.895241026552,12439.678094700306,54.643333299108704,12408.3,18.546630562299097,
2025-09-15T15:25:00.000000,12425.6,12434.35,12405.1,12424.1,87,ULTRACEMCO,12435.136192821241,12438.261904273006,54.079133216381834,12408.3,18.91795762701084,
2025-09-16T09:15:00.000000,12508.15,12517.6,12450.0,12505.75,204,ULTRACEMCO,12449.258954256993,12444.397185702732,54.73252608579823,12538.95,20.09768134434184,
2025-09-16T09:20:00.000000,12503.0,12538.95,12488.1,12531.0,191,ULTRACEMCO,12465.607163405595,12452.270168820665,55.740689768795185,12538.95,21.731207565636076,
2025-09-16T09:25:00.000000,12531.0,12531.0,12511.5,12516.95,94,ULTRACEMCO,12475.875730724476,12458.150153473332,56.55102457549096,12538.95,23.24805334255215,
2025-09-16T09:30:00.000000,12516.95,12516.95,12499.0,12506.15,248,ULTRACEMCO,12481.93058457958,12462.513775884847,56.93713023155807,12538.95,23.90693313231372,
2025-09-16T09:35:00.000000,12506.15,12528.15,12504.0,12515.85,64,ULTRACEMCO,12488.714467663665,12467.36252353168,57.23533297751692,12538.95,24.83779969951645,
2025-09-16T09:40:00.000000,12515.85,12533.4,12514.0,12530.9,78,ULTRACEMCO,12497.151574130932,12473.138657756072,57.54554673624273,12538.95,25.847721162256857,
2025-09-16T09:45:00.000000,12530.9,12531.0,12515.0,12515.0,107,ULTRACEMCO,12500.721259304746,12476.9442343237,57.7496002796867,12538.95,26.785505377658666,
2025-09-16T09:50:00.000000,12515.0,12521.35,12505.0,12512.2,658,ULTRACEMCO,12503.017007443797,12480.149303930637,57.79179027925858,12538.95,26.994931903400047,
2025-09-16T09:55:00.000000,12512.2,12520.0,12511.0,12520.0,38,ULTRACEMCO,12506.413605955038,12483.772094482398,57.90959619684206,12538.95,27.189399391588474,
2025-09-16T10:00:00.000000,12520.0,12530.0,12519.0,12519.5,23,ULTRACEMCO,12509.03088476403,12487.02008589309,58.003386028156775,12538.95,27.730054954528125,
2025-09-16T10:05:00.000000,12519.5,12527.0,12517.0,12524.0,46,ULTRACEMCO,12512.024707811224,12490.381896266445,58.421442730010654,12538.95,28.085651131818658,
2025-09-16T10:10:00.000000,12524.0,12530.9,12513.0,12513.0,114,ULTRACEMCO,12512.21976624898,12492.438087514949,58.27081690218351,12538.95,28.115089712920845,
2025-09-16T10:15:00.000000,12513.0,12513.0,12512.5,12512.5,1,ULTRACEMCO,12512.275812999183,12494.261897740862,58.65742053699944,12538.95,28.103390198022428,
2025-09-16T10:20:00.000000,12512.5,12525.0,12512.5,12520.1,14,ULTRACEMCO,12513.840650399346,12496.610816128057,59.11723336047156,12538.95,28.60219954027994,
2025-09-16T10:25:00.000000,12520.1,12524.45,12520.1,12521.0,31,ULTRACEMCO,12515.272520319477,12498.82801466187,59.53493775313312,12538.95,29.06537964380477,
2025-09-16T10:30:00.000000,12521.0,12521.0,12521.0,12521.0,0,ULTRACEMCO,12516.418016255582,12500.84364969261,60.21875668439154,12538.95,29.49547545422069,
2025-09-16T10:35:00.000000,12521.0,12528.0,12521.0,12528.0,42,ULTRACEMCO,12518.734413004466,12503.312408811464,61.08321102542087,12538.95,30.206891778052977,
2025-09-16T10:40:00.000000,12528.0,12528.0,12515.0,12515.0,20,ULTRACEMCO,12517.987530403572,12504.374917101331,61.66167318769392,12538.95,30.28488314918559,
2025-09-16T10:45:00.000000,12515.0,12515.05,12515.0,12515.0,132,ULTRACEMCO,12517.390024322858,12505.340833728484,62.2827684684609,12538.95,30.35730370809444,
2025-09-16T10:50:00.000000,12515.0,12518.0,12515.0,12518.0,4,ULTRACEMCO,12517.512019458287,12506.491667025894,62.987995697167875,12538.95,30.582930969819007,
2025-09-16T10:55:00.000000,12518.0,12528.0,12515.45,12515.45,10,ULTRACEMCO,12517.099615566629,12507.306060932631,62.44588747005598,12538.95,31.292985045789386,
2025-09-16T11:00:00.000000,12515.45,12522.0,12515.45,12521.0,4,ULTRACEMCO,12517.879692453304,12508.55096448421,61.81735957390835,12538.95,31.952320973476166,
2025-09-16T11:05:00.000000,12521.0,12536.0,12511.75,12515.0,150,ULTRACEMCO,12517.303753962642,12509.13724044019,61.26784086301528,12538.95,33.18536997109637,
2025-09-16T11:10:00.000000,12515.0,12520.7,12506.65,12506.65,51,ULTRACEMCO,12515.173003170114,12508.9111276729,60.678549009531345,12538.95,33.75245677843191,
2025-09-16T11:15:00.000000,12506.65,12510.1,12506.65,12506.65,16,ULTRACEMCO,12513.468402536091,12508.705570611728,59.99827759549432,12538.95,34.279037385243484,
2025-09-16T11:20:00.000000,12506.65,12508.0,12502.0,12502.0,4,ULTRACEMCO,12511.174722028873,12508.095973283389,59.05938771709545,12538.95,34.2214004428365,
2025-09-16T11:25:00.000000,12502.0,12502.0,12502.0,12502.0,0,ULTRACEMCO,12509.339777623098,12507.54179389399,58.39323101541818,12538.95,34.16788042488715,
2025-09-16T11:30:00.000000,12502.0,12518.0,12502.0,12518.0,2,ULTRACEMCO,12511.071822098478,12508.492539903627,58.18635610558083,12538.95,34.96353657341122,
2025-09-16T11:35:00.000000,12518.0,12521.75,12518.0,12520.0,14,ULTRACEMCO,12512.857457678783,12509.538672639661,57.94214563068532,12538.95,35.87023532502139,
2025-09-16T11:40:00.000000,12520.0,12525.0,12520.0,12525.0,16,ULTRACEMCO,12515.285966143027,12510.944247854237,57.82071525605543,12538.95,36.85633825731923,
2025-09-16T11:45:00.000000,12525.0,12534.0,12525.0,12534.0,6,ULTRACEMCO,12519.028772914422,12513.040225322033,57.83567019588609,12538.95,38.14273907064179,
2025-09-16T11:50:00.000000,12534.0,12553.75,12534.0,12545.0,139,ULTRACEMCO,12524.223018331537,12515.945659383666,58.26883661181421,12538.95,39.96903902749371,
2025-09-16T11:55:00.000000,12545.0,12575.1,12545.0,12546.65,200,ULTRACEMCO,12528.708414665229,12518.73696307606,58.74001553137731,12538.95,42.14640082227624,
2025-09-16T12:00:00.000000,12546.65,12562.4,12545.0,12562.4,77,ULTRACEMCO,12535.446731732183,12522.706330069146,59.34565495622337,12538.95,44.16823677457431,
2025-09-16T12:05:00.000000,12562.4,12573.1,12549.5,12549.5,34,ULTRACEMCO,12538.257385385747,12525.142118244677,59.498372516875975,12538.95,46.251332025060336,
2025-09-16T12:10:00.000000,12549.5,12555.5,12549.0,12552.45,19,ULTRACEMCO,12541.095908308598,12527.624652949708,59.70134792378483,12538.95,48.12521466919184,
2025-09-16T12:15:00.000000,12552.45,12592.0,12552.45,12570.3,228,ULTRACEMCO,12546.936726646878,12531.50422995428,60.06561158272084,12538.95,50.410180784688066,
2025-09-16T12:20:00.000000,12570.3,12595.0,12570.3,12585.5,91,ULTRACEMCO,12554.649381317502,12536.412936322073,60.932783114956365,12538.95,52.56596002979487,
2025-09-16T12:25:00.000000,12585.5,12585.5,12568.0,12581.0,51,ULTRACEMCO,12559.919505054002,12540.466305747339,61.65551788645671,12538.95,54.31757729666365,
2025-09-16T12:30:00.000000,12581.0,12588.0,12576.0,12584.0,39,ULTRACEMCO,12564.735604043202,12544.423914315763,62.360326202080465,12538.95,55.980407874342426,
2025-09-16T12:35:00.000000,12584.0,12585.0,12575.0,12575.0,11,ULTRACEMCO,12566.788483234563,12547.203558468875,62.842525865689616,12538.95,57.404308303943985,
2025-09-16T12:40:00.000000,12575.0,12576.0,12572.0,12572.0,54,ULTRACEMCO,12567.83078658765,12549.45778042625,63.11984962579895,12538.95,58.35339810605144,
2025-09-16T12:45:00.000000,12572.0,12574.0,12572.0,12573.15,27,ULTRACEMCO,12568.89462927012,12551.611618569317,63.58715833834558,12538.95,59.23469577943693,
2025-09-16T12:50:00.000000,12573.15,12573.15,12559.95,12560.0,1508,ULTRACEMCO,12567.115703416097,12552.37419869938,63.87277398814676,12538.95,58.57151972356642,
2025-09-16T12:55:00.000000,12560.0,12569.15,12552.45,12566.0,24,ULTRACEMCO,12566.892562732877,12553.612907908526,64.28010431226721,12538.95,57.14904179594434,
2025-09-16T13:00:00.000000,12566.0,12574.0,12557.3,12574.0,82,ULTRACEMCO,12568.314050186302,12555.466279916842,64.9649959840369,12538.95,56.04653274327966,
2025-09-16T13:05:00.000000,12574.0,12575.0,12564.05,12572.0,18,ULTRACEMCO,12569.051240149041,12556.969345378948,65.587087435437,12538.95,55.06834043461581,
2025-09-16T13:10:00.000000,12572.0,12575.0,12567.35,12567.35,23,ULTRACEMCO,12568.710992119233,12557.913041253589,65.64999801833835,12538.95,54.16001900514224,
2025-09-16T13:15:00.000000,12567.35,12576.5,12567.35,12573.0,28,ULTRACEMCO,12569.568793695387,12559.284582957807,65.7887760104592,12538.95,53.393514069671475,
2025-09-16T13:20:00.000000,12573.0,12580.0,12573.0,12580.0,14,ULTRACEMCO,12571.65503495631,12561.167802688915,65.95551852146805,12538.95,52.86296696793213,
2025-09-16T13:25:00.000000,12580.0,12580.0,12562.3,12572.0,69,ULTRACEMCO,12571.724027965047,12562.152547899013,65.67199832725505,12538.95,51.029012496674405,
2025-09-16T13:30:00.000000,12572.0,12578.0,12572.0,12576.25,22,ULTRACEMCO,12572.629222372037,12563.434134453648,65.28223057002492,12538.95,49.32605477336365,
2025-09-16T13:35:00.000000,12576.25,12580.0,12568.2,12568.2,92,ULTRACEMCO,12571.74337789763,12563.867394957862,64.61084753657562,12538.95,47.28757860749279,
2025-09-16T13:40:00.000000,12568.2,12580.0,12568.2,12580.0,49,ULTRACEMCO,12573.394702318104,12565.333995416238,63.96016899178532,12538.95,45.39470788204128,
2025-09-16T13:45:00.000000,12580.0,12580.0,12570.5,12570.5,62,ULTRACEMCO,12572.815761854483,12565.803632196581,63.470852655682016,12538.95,43.63704220840774,
2025-09-16T13:50:00.000000,12570.5,12580.0,12570.5,12580.0,15,ULTRACEMCO,12574.252609483587,12567.0942110878,63.133772993405444,12538.95,42.004924082890874,
2025-09-16T13:55:00.000000,12580.0,12580.0,12579.15,12580.0,35,ULTRACEMCO,12575.40208758687,12568.267464625273,62.528538123368115,12538.95,40.48938582348235,
2025-09-16T14:00:00.000000,12580.0,12580.0,12571.1,12574.85,62,ULTRACEMCO,12575.291670069497,12568.865876932066,61.58360346113998,12538.95,37.92806880157855,
2025-09-16T14:05:00.000000,12574.85,12588.0,12572.0,12580.6,71,ULTRACEMCO,12576.353336055598,12569.932615392787,60.916534321303445,12538.95,36.40275923073391,
2025-09-16T14:10:00.000000,12580.6,12587.0,12575.5,12583.0,24,ULTRACEMCO,12577.682668844478,12571.120559447989,60.26650858384695,12538.95,34.98640034352104,
2025-09-16T14:15:00.000000,12583.0,12583.0,12573.05,12575.0,15,ULTRACEMCO,12577.146135075582,12571.473235861808,59.64839799270239,12538.95,33.31662757850206,
2025-09-16T14:20:00.000000,12575.0,12585.0,12575.0,12584.5,53,ULTRACEMCO,12578.616908060465,12572.657487147098,59.35118091602425,12538.95,31.993953172244904,
2025-09-16T14:25:00.000000,12584.5,12585.0,12582.0,12582.0,33,ULTRACEMCO,12579.293526448371,12573.506806497362,58.95260349234476,12538.95,30.76575550929183,
2025-09-16T14:30:00.000000,12582.0,12584.0,12575.1,12577.0,18,ULTRACEMCO,12578.834821158696,12573.824369543056,58.7960655975175,12538.95,28.59071848422855,
2025-09-16T14:35:00.000000,12577.0,12577.0,12553.0,12566.6,747,ULTRACEMCO,12576.387856926956,12573.167608675505,58.2154596132004,12538.95,28.698740445294643,
2025-09-16T14:40:00.000000,12566.6,12574.4,12553.45,12564.0,97,ULTRACEMCO,12573.910285541566,12572.334189705005,57.412327877216796,12538.95,28.799046551998874,
2025-09-16T14:45:00.000000,12564.0,12573.0,12559.0,12573.0,54,ULTRACEMCO,12573.728228433252,12572.394717913641,56.93283490980898,12538.95,28.892187936795658,
2025-09-16T14:50:00.000000,12573.0,12573.0,12565.5,12567.0,38,ULTRACEMCO,12572.382582746603,12571.904289012402,56.429200493920256,12538.95,28.978676365535527,
2025-09-16T14:55:00.000000,12567.0,12568.0,12561.45,12563.0,58,ULTRACEMCO,12570.506066197282,12571.094808193093,55.69471552280203,12538.95,29.406199117419384,
2025-09-16T15:00:00.000000,12563.0,12570.0,12563.0,12566.0,37,ULTRACEMCO,12569.604852957826,12570.631643811903,54.91301546686401,12538.95,29.45935624873555,
2025-09-16T15:05:00.000000,12566.0,12573.45,12563.8,12570.0,39,ULTRACEMCO,12569.68388236626,12570.574221647184,54.517711849862486,12538.95,28.931044262473957,
2025-09-16T15:10:00.000000,12570.0,12573.45,12566.25,12573.0,67,ULTRACEMCO,12570.347105893008,12570.794746951986,54.121637934293275,12538.95,28.44046884665962,
2025-09-16T15:15:00.000000,12573.0,12585.0,12562.35,12579.95,292,ULTRACEMCO,12572.267684714407,12571.627042683624,54.18111330440264,12538.95,26.527757545736247,
2025-09-16T15:20:00.000000,12579.95,12595.95,12579.95,12582.1,115,ULTRACEMCO,12574.234147771525,12572.579129712385,54.04011805991032,12538.95,25.914775889060042,
2025-09-16T15:25:00.000000,12582.1,12600.0,12582.0,12588.4,92,ULTRACEMCO,12577.06731821722,12574.017390647623,54.34700782521647,12538.95,25.70822781209746,
2025-09-17T09:15:00.000000,12650.05,12800.0,12650.05,12756.0,1210,ULTRACEMCO,12612.853854573776,12590.561264225113,55.8025446439686,12800.0,29.733294698665947,
2025-09-17T09:20:00.000000,12756.0,12765.05,12726.0,12750.6,613,ULTRACEMCO,12640.403083659021,12605.110240204647,57.15397761159609,12800.0,33.470856807622404,
2025-09-17T09:25:00.000000,12751.0,12751.0,12711.75,12714.5,260,ULTRACEMCO,12655.222466927216,12615.054763822407,58.0384036986689,12800.0,36.16643596550589,
2025-09-17T09:30:00.000000,12714.5,12724.5,12704.45,12718.5,77,ULTRACEMCO,12667.877973541774,12624.458876202189,58.81185569378597,12800.0,38.28018945496337,
2025-09-17T09:35:00.000000,12718.5,12748.05,12718.5,12748.05,137,ULTRACEMCO,12683.912378833418,12635.694432911081,59.68510233336709,12800.0,40.486509056995295,
2025-09-17T09:40:00.000000,12748.05,12755.0,12740.05,12748.65,160,ULTRACEMCO,12696.859903066734,12645.963120828255,60.82072959356687,12800.0,42.60279262856089,
2025-09-17T09:45:00.000000,12748.65,12748.65,12706.15,12722.85,97,ULTRACEMCO,12702.057922453387,12652.952837116596,61.31356498665789,12800.0,42.88159010869591,
2025-09-17T09:50:00.000000,12722.85,12722.85,12699.0,12700.0,120,ULTRACEMCO,12701.64633796271,12657.229851924178,61.56711178070243,12800.0,42.820681811366754,
2025-09-17T09:55:00.000000,12700.0,12719.95,12700.0,12714.05,23,ULTRACEMCO,12704.127070370167,12662.39531993107,62.09037800651604,12800.0,42.76412410670397,
2025-09-17T10:00:00.000000,12714.05,12734.9,12709.6,12734.9,106,ULTRACEMCO,12710.281656296132,12668.986654482791,63.0658539610054,12800.0,42.99728739358495,
2025-09-17T10:05:00.000000,12734.9,12734.9,12713.0,12720.0,151,ULTRACEMCO,12712.225325036907,12673.624231347992,63.90401917023697,12800.0,43.21379615997443,
2025-09-17T10:10:00.000000,12720.0,12723.15,12702.3,12713.05,149,ULTRACEMCO,12712.390260029526,12677.208392134538,64.3864162370535,12800.0,42.84985855531755,
2025-09-17T10:15:00.000000,12713.05,12716.0,12708.15,12716.0,22,ULTRACEMCO,12713.11220802362,12680.73490194049,65.0655554349535,12800.0,42.51191649385045,
2025-09-17T10:20:00.000000,12716.0,12717.75,12708.15,12715.95,57,ULTRACEMCO,12713.679766418896,12683.936274491354,65.85339228502197,12800.0,42.24306430561453,
2025-09-17T10:25:00.000000,12715.95,12715.95,12702.1,12704.3,54,ULTRACEMCO,12711.803813135117,12685.787522264867,66.36649684216215,12800.0,41.63186447298988,
2025-09-17T10:30:00.000000,12704.3,12713.65,12701.0,12701.0,162,ULTRACEMCO,12709.643050508093,12687.170474786242,66.70442663563418,12800.0,40.99659491967184,
2025-09-17T10:35:00.000000,12701.0,12709.9,12694.55,12701.85,173,ULTRACEMCO,12708.084440406476,12688.504977078403,66.9606413384816,12800.0,40.00026448790886,
2025-09-17T10:40:00.000000,12701.85,12702.95,12694.6,12702.95,45,ULTRACEMCO,12707.057552325181,12689.818160980367,67.02894962148159,12800.0,39.07510051555751,
2025-09-17T10:45:00.000000,12702.95,12717.0,12696.1,12709.4,98,ULTRACEMCO,12707.526041860145,12691.59832816397,67.12212920452951,12800.0,38.72519296519697,
2025-09-17T10:50:00.000000,12709.4,12717.35,12691.5,12691.5,28,ULTRACEMCO,12704.320833488116,12691.589389239973,66.72523000323696,12800.0,38.081080990895934,
2025-09-17T10:55:00.000000,12691.5,12694.95,12678.8,12678.8,117,ULTRACEMCO,12699.216666790493,12690.426717490884,64.77486269881642,12800.0,36.6481960677952,
2025-09-17T11:00:00.000000,12678.8,12697.8,12678.8,12689.2,39,ULTRACEMCO,12697.213333432395,12690.315197718985,63.0880151973132,12800.0,35.44245063522733,
2025-09-17T11:05:00.000000,12689.2,12689.2,12676.45,12681.75,20,ULTRACEMCO,12694.120666745916,12689.536543380895,61.90562920329512,12800.0,34.163944719458925,
2025-09-17T11:10:00.000000,12681.75,12681.75,12677.8,12677.8,1,ULTRACEMCO,12690.856533396733,12688.469584891722,60.63655068910297,12800.0,32.976760654816836,
2025-09-17T11:15:00.000000,12677.8,12690.1,12675.0,12675.05,19,ULTRACEMCO,12687.695226717386,12687.249622628839,59.16679038795511,12800.0,32.29310042811094,
2025-09-17T11:20:00.000000,12675.05,12682.8,12660.0,12660.0,47,ULTRACEMCO,12682.156181373908,12684.772384208036,57.45454425047603,12800.0,30.59250762265635,
2025-09-17T11:25:00.000000,12660.0,12660.0,12650.0,12650.0,72,ULTRACEMCO,12675.724945099126,12681.611258370942,56.013820717455395,12800.0,28.42019546522818,
2025-09-17T11:30:00.000000,12650.0,12664.35,12638.8,12647.5,53,ULTRACEMCO,12670.0799560793,12678.510234882675,54.85828098650641,12800.0,27.0295809773286,
2025-09-17T11:35:00.000000,12647.5,12648.0,12628.65,12636.7,30,ULTRACEMCO,12663.40396486344,12674.709304438795,53.44404930717966,12800.0,26.25198201222491,
2025-09-17T11:40:00.000000,12636.7,12640.05,12618.75,12622.65,167,ULTRACEMCO,12655.253171890752,12669.976640398905,51.70460904654112,12800.0,25.988808958450445,
2025-09-17T11:45:00.000000,12622.65,12641.0,12622.65,12637.55,62,ULTRACEMCO,12651.712537512602,12667.028763999004,50.50522917319934,12800.0,25.675665787486118,
2025-09-17T11:50:00.000000,12637.55,12669.2,12637.55,12664.85,134,ULTRACEMCO,12654.340030010082,12666.83069454455,49.89519385464101,12800.0,24.041821924322875,
2025-09-17T11:55:00.000000,12664.85,12669.3,12652.5,12655.4,134,ULTRACEMCO,12654.552024008066,12665.791540495045,49.11724359439902,12800.0,22.52999848411783,
2025-09-17T12:00:00.000000,12655.4,12668.9,12655.4,12668.0,97,ULTRACEMCO,12657.241619206452,12665.99230954095,48.5436184205282,12800.0,21.12616243249885,
2025-09-17T12:05:00.000000,12668.0,12687.4,12668.0,12687.4,61,ULTRACEMCO,12663.273295365161,12667.938463219045,48.42736767458563,12800.0,20.801695243621452,
2025-09-17T12:10:00.000000,12687.4,12695.0,12677.55,12688.05,38,ULTRACEMCO,12668.22863629213,12669.766784744586,48.37092565752631,12800.0,20.85056990236047,
2025-09-17T12:15:00.000000,12688.05,12693.85,12680.05,12680.05,5,ULTRACEMCO,12670.592909033703,12670.701622495078,48.16122642328254,12800.0,20.8959535140467,
2025-09-17T12:20:00.000000,12680.05,12691.3,12680.0,12682.25,28,ULTRACEMCO,12672.924327226963,12671.751474995526,47.97185827678367,12800.0,20.93420606905642,
2025-09-17T12:25:00.000000,12682.25,12691.8,12682.0,12684.4,19,ULTRACEMCO,12675.219461781571,12672.901340905024,47.73288905101943,12800.0,20.99668476723372,
2025-09-17T12:30:00.000000,12684.4,12684.4,12664.2,12664.2,5,ULTRACEMCO,12673.015569425257,12672.110309913658,47.44611534743628,12800.0,19.701544769495893,
2025-09-17T12:35:00.000000,12664.2,12676.15,12664.2,12675.9,3,ULTRACEMCO,12673.592455540205,12672.454827194235,47.564550762260765,12800.0,18.498914771596482,
2025-09-17T12:40:00.000000,12675.9,12677.3,12675.0,12675.0,7,ULTRACEMCO,12673.873964432165,12672.686206540213,47.507150094748454,12800.0,17.46210799381312,
2025-09-17T12:45:00.000000,12675.0,12677.55,12668.1,12672.15,33,ULTRACEMCO,12673.529171545732,12672.637460491103,47.516355525885444,12800.0,16.44479598995296,
2025-09-17T12:50:00.000000,12672.15,12678.9,12672.15,12678.9,21,ULTRACEMCO,12674.603337236586,12673.206782264639,47.717876674613485,12800.0,15.394081946016058,
2025-09-17T12:55:00.000000,12678.9,12685.0,12675.6,12681.1,21,ULTRACEMCO,12675.902669789268,12673.924347513308,48.007323682447485,12800.0,14.646016371623398,
2025-09-17T13:00:00.000000,12681.1,12688.95,12681.1,12688.95,4,ULTRACEMCO,12678.512135831414,12675.29031592119,48.68431322196567,12800.0,14.247712678798276,
2025-09-17T13:05:00.000000,12688.95,12688.95,12687.1,12687.1,5,ULTRACEMCO,12680.22970866513,12676.363923564717,49.46017204899856,12800.0,13.877859249746376,
2025-09-17T13:10:00.000000,12687.1,12687.1,12672.25,12672.25,31,ULTRACEMCO,12678.633766932104,12675.989930513379,49.93493883370974,12800.0,13.483991576964575,
2025-09-17T13:15:00.000000,12672.25,12682.5,12672.25,12682.5,29,ULTRACEMCO,12679.407013545682,12676.581755012163,50.77047604946867,12800.0,13.118257309381475,
2025-09-17T13:20:00.000000,12682.5,12684.4,12673.5,12675.8,20,ULTRACEMCO,12678.685610836546,12676.510686374693,51.63554860214979,12800.0,12.599317441519117,
2025-09-17T13:25:00.000000,12675.8,12675.8,12662.2,12672.1,14,ULTRACEMCO,12677.368488669237,12676.109714886084,52.08872112014073,12800.0,12.9863928617812,
2025-09-17T13:30:00.000000,12672.1,12677.4,12672.1,12677.4,22,ULTRACEMCO,12677.37479093539,12676.227013532804,52.16697758417864,12800.0,13.182931772274772,
2025-09-17T13:35:00.000000,12677.4,12677.4,12677.4,12677.4,0,ULTRACEMCO,12677.379832748311,12676.333648666185,52.387302596844926,12800.0,13.365432189161663,
2025-09-17T13:40:00.000000,12677.4,12677.4,12663.15,12664.45,117,ULTRACEMCO,12674.793866198648,12675.25331696926,52.107105263132894,12800.0,14.536290256113,
2025-09-17T13:45:00.000000,12664.45,12681.15,12664.45,12665.3,358,ULTRACEMCO,12672.89509295892,12674.348469972054,51.57252656125593,12800.0,15.206169647968656,
2025-09-17T13:50:00.000000,12665.0,12675.2,12650.0,12659.75,452,ULTRACEMCO,12670.266074367135,12673.02133633823,50.90557223958292,12800.0,16.683833466364128,
2025-09-17T13:55:00.000000,12659.75,12661.0,12650.65,12653.05,128,ULTRACEMCO,12666.822859493708,12671.20576030748,50.2397766907141,12800.0,18.05594986915992,
2025-09-17T14:00:00.000000,12653.05,12662.3,12645.75,12648.85,187,ULTRACEMCO,12663.228287594966,12669.173418461347,49.45391906318921,12800.0,19.597048216013174,
2025-09-17T14:05:00.000000,12648.85,12661.25,12629.0,12629.0,869,ULTRACEMCO,12656.382630075972,12665.521289510316,48.28993492460424,12800.0,21.790073620077685,
2025-09-17T14:10:00.000000,12629.0,12652.7,12621.0,12635.05,3523,ULTRACEMCO,12652.116104060777,12662.751172282105,47.68380129982936,12800.0,24.1222456920946,
2025-09-17T14:15:00.000000,12635.05,12664.3,12634.95,12664.05,366,ULTRACEMCO,12654.50288324862,12662.869247529186,47.59163066618807,12800.0,25.017793233938193,
2025-09-17T14:20:00.000000,12664.05,12664.05,12650.1,12653.2,228,ULTRACEMCO,12654.242306598897,12661.990225026533,47.31169326356279,12800.0,25.849373094221527,
2025-09-17T14:25:00.000000,12653.2,12660.2,12643.0,12657.75,30,ULTRACEMCO,12654.943845279118,12661.60475002412,47.183338398664915,12800.0,26.963367019622805,
2025-09-17T14:30:00.000000,12657.75,12694.5,12657.75,12694.5,235,ULTRACEMCO,12662.855076223295,12664.595227294654,47.54829506224373,12800.0,25.147107696261084,
2025-09-17T14:35:00.000000,12694.5,12704.0,12690.05,12700.0,216,ULTRACEMCO,12670.284060978636,12667.81384299514,47.94494627689039,12800.0,23.80417974459001,
2025-09-17T14:40:00.000000,12700.0,12705.0,12697.0,12697.0,64,ULTRACEMCO,12675.627248782908,12670.46712999558,48.12846425601487,12800.0,22.61552822852719,
2025-09-17T14:45:00.000000,12697.0,12704.4,12694.45,12696.7,53,ULTRACEMCO,12679.841799026326,12672.851936359619,48.35015006018769,12800.0,21.332708796322304,
2025-09-17T14:50:00.000000,12696.7,12707.5,12696.7,12704.55,103,ULTRACEMCO,12684.78343922106,12675.733578508743,49.02871957546732,12800.0,20.34390466735236,
2025-09-17T14:55:00.000000,12704.55,12714.05,12691.5,12711.15,244,ULTRACEMCO,12690.05675137685,12678.953253189768,49.59348719143655,12800.0,19.844257480652352,
2025-09-17T15:00:00.000000,12711.95,12712.9,12698.55,12698.55,254,ULTRACEMCO,12691.75540110148,12680.734775627061,49.9945103682942,12800.0,19.380299378716636,
2025-09-17T15:05:00.000000,12698.55,12706.0,12695.35,12706.0,51,ULTRACEMCO,12694.604320881184,12683.031614206418,50.59538001425261,12800.0,18.66899202256201,
2025-09-17T15:10:00.000000,12706.0,12720.0,12706.0,12719.95,88,ULTRACEMCO,12699.673456704948,12686.387831096745,51.28183611603072,12800.0,18.916355207575712,
2025-09-17T15:15:00.000000,12719.95,12719.95,12706.95,12712.0,74,ULTRACEMCO,12702.138765363958,12688.71621008795,51.77377764494107,12800.0,19.146049593659864,
2025-09-17T15:20:00.000000,12712.0,12729.05,12710.2,12729.0,218,ULTRACEMCO,12707.511012291166,12692.378372807229,52.800708949226795,12800.0,19.89140830901844,
2025-09-17T15:25:00.000000,12729.0,12742.3,12697.65,12730.0,200,ULTRACEMCO,12712.008809832932,12695.798520733844,53.81835928163243,12800.0,21.239613284024895,
2025-09-18T09:15:00.000000,12729.95,12730.0,12656.0,12657.0,72,ULTRACEMCO,12701.007047866346,12692.271382485313,53.72352304065788,12730.0,19.98952498326603,
2025-09-18T09:20:00.000000,12657.0,12675.8,12650.5,12673.7,39,ULTRACEMCO,12695.545638293077,12690.583074986647,54.01964384642531,12730.0,19.11573588692121,
2025-09-18T09:25:00.000000,12673.7,12683.95,12673.7,12674.45,6,ULTRACEMCO,12691.326510634462,12689.116431806044,54.41240204987497,12730.0,17.823679870614473,
2025-09-18T09:30:00.000000,12674.45,12691.85,12670.0,12687.3,88,ULTRACEMCO,12690.52120850757,12688.951301641859,55.33584472153782,12730.0,16.918854438328633,
2025-09-18T09:35:00.000000,12687.3,12721.1,12685.0,12721.1,226,ULTRACEMCO,12696.636966806056,12691.873910583508,56.483038338090694,12730.0,17.407581995784028,
2025-09-18T09:40:00.000000,12721.1,12721.1,12706.45,12706.45,3,ULTRACEMCO,12698.599573444844,12693.199009621372,56.70427666933513,12730.0,17.861400441992608,
2025-09-18T09:45:00.000000,12706.45,12717.1,12692.8,12692.8,19,ULTRACEMCO,12697.439658755875,12693.162736019429,56.94798491426504,12730.0,17.434347313266294,
2025-09-18T09:50:00.000000,12692.8,12692.8,12692.8,12692.8,0,ULTRACEMCO,12696.5117270047,12693.129760017662,57.09456880329564,12730.0,17.037797979449003,
2025-09-18T09:55:00.000000,12692.8,12692.8,12684.35,12692.7,16,ULTRACEMCO,12695.74938160376,12693.090690925148,56.6183237548835,12730.0,16.154390734511427,
2025-09-18T10:00:00.000000,12692.7,12697.15,12692.7,12696.45,26,ULTRACEMCO,12695.889505283008,12693.396082659225,56.12414992284221,12730.0,15.569044390094579,
2025-09-18T10:05:00.000000,12696.45,12721.25,12696.45,12708.75,17,ULTRACEMCO,12698.461604226406,12694.791893326568,55.87310545501994,12730.0,16.14792496893521,
2025-09-18T10:10:00.000000,12708.75,12708.75,12708.75,12708.75,16,ULTRACEMCO,12700.519283381125,12696.060812115062,55.62890838538323,12730.0,16.685456935001508,
2025-09-18T10:15:00.000000,12708.75,12708.75,12707.2,12707.2,19,ULTRACEMCO,12701.8554267049,12697.073465559148,55.23506489983866,12730.0,17.07351275255442,
2025-09-18T10:20:00.000000,12707.2,12724.2,12707.2,12724.2,100,ULTRACEMCO,12706.324341363921,12699.53951414468,54.99765591017416,12730.0,18.09544526995345,
2025-09-18T10:25:00.000000,12724.2,12724.2,12710.45,12718.9,46,ULTRACEMCO,12708.839473091137,12701.299558313345,54.96201564367222,12730.0,19.044382607538267,
2025-09-18T10:30:00.000000,12718.9,12720.85,12710.05,12718.0,11,ULTRACEMCO,12710.67157847291,12702.817780284859,54.78702065485935,12730.0,19.89214686659911,
2025-09-18T10:35:00.000000,12718.0,12718.0,12717.3,12717.3,8,ULTRACEMCO,12711.997262778328,12704.134345713508,54.39131977936229,12730.0,20.67935653572703,
2025-09-18T10:40:00.000000,12717.3,12724.2,12717.3,12724.2,1,ULTRACEMCO,12714.437810222662,12705.958496103189,54.308590464457986,12730.0,21.707010612510285,
2025-09-18T10:45:00.000000,12724.2,12724.2,12696.0,12696.0,11,ULTRACEMCO,12710.75024817813,12705.053178275626,53.412217697693606,12730.0,20.905840147473327,
2025-09-18T10:50:00.000000,12696.0,12721.5,12696.0,12703.75,204,ULTRACEMCO,12709.350198542505,12704.934707523296,52.645111959041834,12730.0,20.161896144224723,
2025-09-18T10:55:00.000000,12703.75,12718.7,12703.75,12707.05,5,ULTRACEMCO,12708.890158834003,12705.12700683936,53.17428290487786,12730.0,19.47109099835102,
2025-09-18T11:00:00.000000,12707.05,12724.95,12707.05,12722.4,147,ULTRACEMCO,12711.592127067202,12706.697278944874,53.71680567686991,12730.0,19.229317053783408,
2025-09-18T11:05:00.000000,12722.4,12722.4,12722.4,12722.4,0,ULTRACEMCO,12713.753701653763,12708.124799040794,54.24834654578441,12730.0,19.004812676684914,
2025-09-18T11:10:00.000000,12722.4,12722.4,12722.4,12722.4,0,ULTRACEMCO,12715.48296132301,12709.42254458254,54.59220176242742,12730.0,18.796344326522025,
2025-09-18T11:15:00.000000,12722.4,12722.4,12700.0,12700.0,9,ULTRACEMCO,12712.386369058408,12708.56594962049,54.05220358219621,12730.0,18.117744601942906,
2025-09-18T11:20:00.000000,12700.0,12700.0,12679.95,12694.95,80,ULTRACEMCO,12708.899095246727,12707.328136018627,53.62952498342705,12730.0,18.615432086408084,
2025-09-18T11:25:00.000000,12694.95,12696.9,12674.05,12676.0,303,ULTRACEMCO,12702.31927619738,12704.480123653297,53.080074999256546,12730.0,19.357326950281056,
2025-09-18T11:30:00.000000,12676.2,12691.95,12675.0,12685.05,92,ULTRACEMCO,12698.865420957904,12702.713748775725,52.72680493682789,12730.0,20.046229323877387,
2025-09-18T11:35:00.000000,12685.05,12685.05,12685.05,12685.05,0,ULTRACEMCO,12696.102336766322,12701.107953432476,52.374974416247596,12730.0,20.68592438507398,
2025-09-18T11:40:00.000000,12685.05,12696.1,12685.05,12696.1,2,ULTRACEMCO,12696.101869413058,12700.652684938615,52.20539742383049,12730.0,20.275848998741935,
2025-09-18T11:45:00.000000,12696.1,12696.1,12680.8,12695.0,116,ULTRACEMCO,12695.881495530446,12700.13880448965,51.83623187364326,12730.0,20.157432615967746,
2025-09-18T11:50:00.000000,12695.0,12695.0,12675.0,12693.2,96,ULTRACEMCO,12695.345196424358,12699.508004081501,51.42998694355181,12730.0,20.394400935333685,
2025-09-18T11:55:00.000000,12693.2,12694.65,12680.05,12680.05,45,ULTRACEMCO,12692.286157139486,12697.739094619546,50.797148424981856,12730.0,20.614442946173483,
2025-09-18T12:00:00.000000,12680.0,12692.1,12671.5,12672.15,218,ULTRACEMCO,12688.258925711589,12695.412813290497,49.77294185113207,12730.0,21.32485446468673,
2025-09-18T12:05:00.000000,12672.2,12693.1,12670.0,12685.25,359,ULTRACEMCO,12687.65714056927,12694.488921173179,49.176087389146595,12730.0,22.069794709973827,
2025-09-18T12:10:00.000000,12685.25,12693.55,12677.05,12678.65,199,ULTRACEMCO,12685.855712455415,12693.049019248345,48.475204352020924,12730.0,22.70954157884399,
2025-09-18T12:15:00.000000,12677.15,12705.85,12677.1,12704.95,205,ULTRACEMCO,12689.674569964332,12694.130926589405,48.32458546863152,12730.0,21.99468819640483,
2025-09-18T12:20:00.000000,12705.15,12705.15,12689.4,12689.4,24,ULTRACEMCO,12689.619655971466,12693.700842354005,47.76794132939234,12730.0,21.33089576985418,
2025-09-18T12:25:00.000000,12689.4,12689.4,12686.05,12686.05,5,ULTRACEMCO,12688.905724777173,12693.005311230912,47.72876826465926,12730.0,20.978327028206262,
2025-09-18T12:30:00.000000,12686.05,12691.0,12682.8,12682.8,73,ULTRACEMCO,12687.684579821738,12692.077555664466,47.48936810899201,12730.0,20.90372973801201,
2025-09-18T12:35:00.000000,12682.8,12695.85,12672.05,12689.95,304,ULTRACEMCO,12688.137663857391,12691.88414151315,47.33949046821589,12730.0,21.58381523058153,
2025-09-18T12:40:00.000000,12689.95,12690.9,12652.55,12653.4,527,ULTRACEMCO,12681.190131085912,12688.385583193773,46.359339810811086,12730.0,23.22812967542524,
2025-09-18T12:45:00.000000,12653.4,12679.4,12652.05,12675.45,292,ULTRACEMCO,12680.04210486873,12687.209621085249,45.79096670043121,12730.0,24.777135881911512,
2025-09-18T12:50:00.000000,12675.35,12675.7,12648.25,12649.05,276,ULTRACEMCO,12673.843683894984,12683.740564622953,44.8919845728382,12730.0,26.38782214662096,SELL
2025-09-18T12:55:00.000000,12649.05,12674.3,12647.45,12658.65,110,ULTRACEMCO,12670.804947115987,12681.459604202684,44.628044603456225,12730.0,27.920450287517014,SELL
2025-09-18T13:00:00.000000,12658.65,12673.45,12654.4,12654.4,149,ULTRACEMCO,12667.523957692789,12678.999640184258,44.40310769104862,12730.0,29.34360498977764,SELL
2025-09-18T13:05:00.000000,12654.4,12664.95,12643.35,12648.35,45,ULTRACEMCO,12663.68916615423,12676.213309258417,44.41066533414931,12730.0,31.172009318565802,SELL
2025-09-18T13:10:00.000000,12648.35,12648.35,12635.05,12635.05,1,ULTRACEMCO,12657.961332923383,12672.471190234925,44.06267752368208,12730.0,33.18893531065206,SELL
2025-09-18T13:15:00.000000,12635.05,12635.05,12625.0,12625.0,20,ULTRACEMCO,12651.369066338706,12668.155627486294,43.602730693616195,12730.0,35.39374570376176,SELL
2025-09-18T13:20:00.000000,12625.0,12625.0,12610.0,12615.0,9,ULTRACEMCO,12644.095253070966,12663.323297714813,42.79920706360973,12730.0,37.84010802864702,SELL
2025-09-18T13:25:00.000000,12615.0,12620.85,12590.0,12610.55,95,ULTRACEMCO,12637.386202456772,12658.525725195284,41.9710955714132,12730.0,40.50735942753348,SELL
2025-09-18T13:30:00.000000,12610.55,12611.0,12610.55,12611.0,6,ULTRACEMCO,12632.108961965418,12654.205204722986,41.19077743292046,12730.0,42.98409286935662,SELL
2025-09-18T13:35:00.000000,12611.0,12611.0,12595.35,12596.0,41,ULTRACEMCO,12624.887169572334,12648.913822475442,40.50820835662508,12730.0,45.52951125890487,SELL
2025-09-18T13:40:00.000000,12596.0,12599.85,12590.0,12593.55,39,ULTRACEMCO,12618.619735657867,12643.880747704947,39.93892299136433,12730.0,47.969308150850566,SELL
2025-09-18T13:45:00.000000,12593.55,12601.0,12593.55,12600.0,7,ULTRACEMCO,12614.895788526293,12639.891588822678,39.21970443135938,12730.0,50.08828916577949,SELL
2025-09-18T13:50:00.000000,12600.0,12600.0,12590.0,12590.0,60,ULTRACEMCO,12609.916630821035,12635.3559898388,38.509964006567046,12730.0,52.11433390064506,SELL
2025-09-18T13:55:00.000000,12590.0,12594.9,12575.0,12580.0,148,ULTRACEMCO,12603.933304656828,12630.323627126181,37.16054251194088,12730.0,54.21523301013773,SELL
2025-09-18T14:00:00.000000,12580.0,12590.15,12580.0,12590.15,10,ULTRACEMCO,12601.176643725463,12626.67147920562,36.36787440268966,12730.0,56.166067897523774,SELL
2025-09-18T14:05:00.000000,12590.15,12610.2,12590.0,12601.8,149,ULTRACEMCO,12601.30131498037,12624.410435641472,35.915911753354536,12730.0,55.629283629421835,
2025-09-18T14:10:00.000000,12601.8,12601.8,12601.8,12601.8,0,ULTRACEMCO,12601.401051984296,12622.354941492247,35.52176483730482,12730.0,55.13084109475575,
2025-09-18T14:15:00.000000,12601.8,12619.9,12601.8,12619.9,1,ULTRACEMCO,12605.100841587437,12622.131764992952,35.38360811478445,12730.0,52.97559987519979,
2025-09-18T14:20:00.000000,12619.9,12619.9,12613.9,12613.9,24,ULTRACEMCO,12606.86067326995,12621.383422720864,35.71093035135029,12730.0,50.974304457040674,
2025-09-18T14:25:00.000000,12613.9,12615.3,12593.45,12593.45,24,ULTRACEMCO,12604.17853861596,12618.844020655331,35.31791408224151,12730.0,50.04204681896344,SELL
2025-09-18T14:30:00.000000,12593.45,12598.8,12581.5,12581.5,7,ULTRACEMCO,12599.642830892768,12615.449109686664,35.10217128499362,12730.0,49.61120231736974,SELL
2025-09-18T14:35:00.000000,12581.5,12581.5,12568.35,12575.95,15,ULTRACEMCO,12594.904264714214,12611.85828153333,34.65485310089353,12730.0,49.62750737592506,SELL
2025-09-18T14:40:00.000000,12575.95,12584.65,12575.95,12579.4,9,ULTRACEMCO,12591.80341177137,12608.907528666663,34.34524033249556,12730.0,49.36271020793583,SELL
2025-09-18T14:45:00.000000,12579.4,12581.05,12565.95,12581.05,11,ULTRACEMCO,12589.652729417096,12606.375026060603,34.15369247804118,12730.0,49.43389149637526,SELL
2025-09-18T14:50:00.000000,12581.05,12598.9,12581.05,12598.9,2,ULTRACEMCO,12591.502183533676,12605.695478236912,34.541882462212214,12730.0,48.03633298144081,
2025-09-18T14:55:00.000000,12598.9,12602.9,12598.9,12602.9,12,ULTRACEMCO,12593.78174682694,12605.441343851739,35.12747632163408,12730.0,46.44323160335674,
2025-09-18T15:00:00.000000,12602.9,12616.0,12602.9,12616.0,34,ULTRACEMCO,12598.225397461552,12606.401221683398,36.08234420815539,12730.0,44.057180278020404,
2025-09-18T15:05:00.000000,12616.0,12631.1,12609.4,12631.1,100,ULTRACEMCO,12604.800317969242,12608.646565166726,37.346740559954824,12730.0,40.94232821428487,
2025-09-18T15:10:00.000000,12631.1,12636.65,12625.0,12628.45,49,ULTRACEMCO,12609.530254375393,12610.446877424296,38.543856821204955,12730.0,38.288727806904106,
2025-09-18T15:15:00.000000,12628.45,12639.5,12627.25,12639.5,69,ULTRACEMCO,12615.524203500314,12613.088070385724,40.083110957268055,12730.0,35.981466470928176,
2025-09-18T15:20:00.000000,12639.5,12639.5,12620.0,12620.9,51,ULTRACEMCO,12616.59936280025,12613.798245805203,41.26285024587933,12730.0,33.42908581698357,
2025-09-18T15:25:00.000000,12620.9,12640.0,12610.0,12640.0,54,ULTRACEMCO,12621.2794902402,12616.180223459276,42.57857105889893,12730.0,31.6316211055516,
2025-09-19T09:15:00.000000,12639.95,12639.95,12540.0,12545.05,131,ULTRACEMCO,12606.03359219216,12609.713839508433,42.851028318759276,12639.95,32.43458750528799,SELL
2025-09-19T09:20:00.000000,12545.05,12555.4,12543.95,12555.25,36,ULTRACEMCO,12595.876873753728,12604.762581371302,43.37447036406395,12639.95,33.18019916218607,SELL
2025-09-19T09:25:00.000000,12555.25,12555.25,12541.0,12552.05,14,ULTRACEMCO,12587.111499002982,12599.970528519365,43.601129240167666,12639.95,33.94643118243341,SELL
2025-09-19T09:30:00.000000,12552.05,12555.0,12527.45,12527.45,14,ULTRACEMCO,12575.179199202386,12593.377753199422,43.344704079007286,12639.95,34.98726398612278,SELL
2025-09-19T09:35:00.000000,12527.45,12547.25,12524.6,12527.45,46,ULTRACEMCO,12565.63335936191,12587.384321090383,43.0882789178469,12639.95,36.0209658706932,SELL
2025-09-19T09:40:00.000000,12527.45,12539.0,12527.45,12539.0,5,ULTRACEMCO,12560.306687489527,12582.985746445804,42.61484794066155,12639.95,36.980831906365744,SELL
2025-09-19T09:45:00.000000,12539.0,12542.0,12535.0,12535.0,14,ULTRACEMCO,12555.245349991621,12578.623405859822,42.206375203607976,12639.95,37.639117461645,SELL
2025-09-19T09:50:00.000000,12535.0,12555.0,12535.0,12555.0,10,ULTRACEMCO,12555.196279993297,12576.475823508928,42.425802222744025,12639.95,37.28502848129596,SELL
2025-09-19T09:55:00.000000,12555.0,12555.0,12524.95,12524.95,35,ULTRACEMCO,12549.147023994637,12571.79165773539,42.50663862022045,12639.95,37.29985850443156,SELL
2025-09-19T10:00:00.000000,12524.95,12526.9,12516.05,12516.05,42,ULTRACEMCO,12542.52761919571,12566.7242343049,42.57837047140679,12639.95,37.59850860120332,SELL
2025-09-19T10:05:00.000000,12516.05,12524.9,12511.45,12515.1,87,ULTRACEMCO,12537.042095356568,12562.031122095364,42.556768544138414,12639.95,38.01918498161075,SELL
2025-09-19T10:10:00.000000,12515.1,12531.45,12515.1,12530.45,24,ULTRACEMCO,12535.723676285255,12559.160110995786,42.74720610283698,12639.95,37.8977192381804,SELL
2025-09-19T10:15:00.000000,12530.45,12541.15,12530.45,12541.15,2,ULTRACEMCO,12536.808941028205,12557.522828177987,42.68351016624877,12639.95,37.0662963136625,
2025-09-19T10:20:00.000000,12541.15,12550.0,12527.5,12550.0,14,ULTRACEMCO,12539.447152822564,12556.83893470726,42.66773419690843,12639.95,35.68449572299778,
2025-09-19T10:25:00.000000,12550.0,12574.4,12546.95,12574.4,60,ULTRACEMCO,12546.437722258052,12558.435395188419,42.71975674002492,12639.95,33.27565106721879,
2025-09-19T10:30:00.000000,12574.4,12590.2,12568.0,12574.65,75,ULTRACEMCO,12552.080177806441,12559.90945017129,42.51161052358416,12639.95,31.77007335762095,
2025-09-19T10:35:00.000000,12574.65,12592.0,12574.65,12590.0,33,ULTRACEMCO,12559.664142245154,12562.644954701173,42.55447300606941,12639.95,30.451363401723917,
2025-09-19T10:40:00.000000,12590.0,12613.65,12590.0,12596.55,98,ULTRACEMCO,12567.041313796122,12565.72723154652,42.4924942888441,12639.95,30.09854941717013,
2025-09-19T10:45:00.000000,12596.55,12596.55,12596.55,12596.55,0,ULTRACEMCO,12572.943051036898,12568.529301405926,42.814623312719874,12639.95,29.770936431513046,
2025-09-19T10:50:00.000000,12596.55,12596.75,12581.2,12596.75,22,ULTRACEMCO,12577.704440829519,12571.094819459933,42.83384067969998,12639.95,28.536631663894344,
2025-09-19T10:55:00.000000,12596.75,12596.75,12581.0,12582.45,11,ULTRACEMCO,12578.653552663614,12572.12710859994,43.75031447468662,12639.95,27.378811809949024,
2025-09-19T11:00:00.000000,12582.45,12588.05,12582.45,12588.05,2,ULTRACEMCO,12580.532842130891,12573.574644181763,44.60699418998608,12639.95,26.303693374142654,
2025-09-19T11:05:00.000000,12588.05,12588.05,12582.35,12582.35,8,ULTRACEMCO,12580.896273704713,12574.372403801603,45.3867992024539,12639.95,25.298611802054886,
2025-09-19T11:10:00.000000,12582.35,12582.35,12578.0,12578.0,12,ULTRACEMCO,12580.317018963771,12574.702185274184,46.28708703893668,12639.95,24.06103953007892,
2025-09-19T11:15:00.000000,12578.0,12579.2,12574.25,12574.25,57,ULTRACEMCO,12579.103615171018,12574.661077521985,47.117329688034594,12639.95,22.649348069976764,
2025-09-19T11:20:00.000000,12574.25,12574.75,12570.9,12574.75,2,ULTRACEMCO,12578.232892136813,12574.669161383623,47.76882630838226,12639.95,21.102268898332508,
2025-09-19T11:25:00.000000,12574.75,12574.75,12564.15,12564.15,1,ULTRACEMCO,12575.416313709451,12573.712873985112,48.25289650765531,12639.95,19.98861212785277,
2025-09-19T11:30:00.000000,12564.15,12564.15,12564.15,12564.15,0,ULTRACEMCO,12573.163050967562,12572.843521804647,48.41762790938844,12639.95,18.954502269550158,
2025-09-19T11:35:00.000000,12564.15,12578.2,12564.15,12568.95,5,ULTRACEMCO,12572.320440774049,12572.489565276952,48.98787150799397,12639.95,18.220638092023297,
2025-09-19T11:40:00.000000,12568.95,12568.95,12568.95,12568.95,0,ULTRACEMCO,12571.646352619238,12572.167786615411,49.634930307116136,12639.95,17.53919278431978,
2025-09-19T11:45:00.000000,12568.95,12568.95,12564.0,12564.0,5,ULTRACEMCO,12570.11708209539,12571.425260559465,50.17727702032405,12639.95,16.502017602425973,
2025-09-19T11:50:00.000000,12564.0,12564.0,12550.15,12552.65,4,ULTRACEMCO,12566.623665676312,12569.718418690423,50.227313057360064,12639.95,16.106038368305274,
2025-09-19T11:55:00.000000,12548.3,12564.85,12548.3,12564.85,18,ULTRACEMCO,12566.26893254105,12569.275835173112,50.432121123185,12639.95,15.860095591171346,
2025-09-19T12:00:00.000000,12564.85,12564.85,12564.85,12564.85,0,ULTRACEMCO,12565.985146032841,12568.87348652101,50.503564366109906,12639.95,15.631720155261268,
2025-09-19T12:05:00.000000,12564.85,12564.85,12564.85,12564.85,0,ULTRACEMCO,12565.758116826273,12568.5077150191,50.24360447306903,12639.95,15.419657250487626,
2025-09-19T12:10:00.000000,12564.85,12570.0,12562.2,12562.2,37,ULTRACEMCO,12565.046493461019,12567.934286381,49.91326976060747,12639.95,14.720550353227997,
2025-09-19T12:15:00.000000,12562.2,12563.15,12544.0,12544.0,56,ULTRACEMCO,12560.837194768816,12565.758442164546,48.989947977557314,12639.95,15.365026797645129,
2025-09-19T12:20:00.000000,12544.0,12551.6,12544.0,12551.6,3,ULTRACEMCO,12558.989755815053,12564.471311058678,48.21354365966908,12639.95,15.96346921031818,
2025-09-19T12:25:00.000000,12551.6,12558.05,12551.6,12558.05,1,ULTRACEMCO,12558.801804652043,12563.887555507888,47.61676959256253,12639.95,15.872921017398792,
2025-09-19T12:30:00.000000,12558.05,12558.05,12555.0,12555.0,5,ULTRACEMCO,12558.041443721635,12563.079595916262,46.94677020222992,12639.95,15.78884055254507,
2025-09-19T12:35:00.000000,12555.0,12555.0,12544.0,12552.0,3,ULTRACEMCO,12556.833154977308,12562.072359923875,46.466073774672864,12639.95,16.480587042262375,
2025-09-19T12:40:00.000000,12552.0,12580.6,12552.0,12580.6,4,ULTRACEMCO,12561.586523981847,12563.756690839888,46.59516345758088,12639.95,15.639303653713494,
2025-09-19T12:45:00.000000,12580.6,12580.6,12580.6,12580.6,0,ULTRACEMCO,12565.389219185477,12565.287900763535,46.828725895271305,12639.95,14.858111935775245,
2025-09-19T12:50:00.000000,12580.6,12580.6,12572.2,12572.2,27,ULTRACEMCO,12566.751375348382,12565.916273421395,46.92317541736308,12639.95,14.087986000940555,
2025-09-19T12:55:00.000000,12572.2,12572.25,12557.55,12557.55,51,ULTRACEMCO,12564.911100278705,12565.155703110358,46.75565695328197,12639.95,14.305076681204,
2025-09-19T13:00:00.000000,12557.55,12569.8,12556.0,12561.0,3,ULTRACEMCO,12564.128880222965,12564.777911918507,46.661898679015714,12639.95,14.597025114048455,
2025-09-19T13:05:00.000000,12561.0,12570.0,12561.0,12570.0,1,ULTRACEMCO,12565.303104178372,12565.252647198642,46.98273403750883,12639.95,14.850219338983228,
2025-09-19T13:10:00.000000,12570.0,12570.0,12570.0,12570.0,0,ULTRACEMCO,12566.242483342698,12565.684224726037,47.30356939600195,12639.95,15.085328262136949,
2025-09-19T13:15:00.000000,12570.0,12570.0,12556.1,12556.1,5,ULTRACEMCO,12564.213986674158,12564.812931569126,47.1853907622821,12639.95,16.155856931684816,
2025-09-19T13:20:00.000000,12556.1,12569.5,12556.1,12569.5,3,ULTRACEMCO,12565.271189339326,12565.239028699205,47.382319620950874,12639.95,17.149919267693548,
2025-09-19T13:25:00.000000,12569.5,12569.5,12556.0,12560.0,783,ULTRACEMCO,12564.21695147146,12564.762753362913,47.483466731665075,12639.95,18.079043943193476,
2025-09-19T13:30:00.000000,12560.0,12560.0,12559.95,12560.0,63,ULTRACEMCO,12563.373561177168,12564.329775784467,47.822813934376306,12639.95,18.94180257044341,
2025-09-19T13:35:00.000000,12560.0,12560.0,12559.95,12560.0,71,ULTRACEMCO,12562.698848941734,12563.936159804061,47.84115029678604,12639.95,19.742935581461207,
2025-09-19T13:40:00.000000,12560.0,12560.0,12559.95,12560.0,29,ULTRACEMCO,12562.159079153387,12563.578327094601,47.85948665919577,12639.95,20.486844805977732,
2025-09-19T13:45:00.000000,12560.0,12560.0,12555.0,12555.0,1,ULTRACEMCO,12560.72726332271,12562.79847917691,47.74926047788423,12639.95,21.550869513236325,
2025-09-19T13:50:00.000000,12555.0,12562.0,12553.8,12562.0,60,ULTRACEMCO,12560.981810658168,12562.725890160827,47.91425583881872,12639.95,22.234001768459255,
2025-09-19T13:55:00.000000,12562.0,12566.05,12562.0,12566.05,38,ULTRACEMCO,12561.995448526533,12563.028081964389,48.59225529518248,12639.95,22.265832562439066,
2025-09-19T14:00:00.000000,12566.05,12566.05,12551.2,12551.2,138,ULTRACEMCO,12559.836358821227,12561.952801785808,48.657394572776454,12639.95,23.15664050997852,
2025-09-19T14:05:00.000000,12551.2,12551.2,12551.2,12551.2,0,ULTRACEMCO,12558.109087056982,12560.975274350734,48.54290359958875,12639.95,23.983819318408013,
2025-09-19T14:10:00.000000,12551.2,12563.0,12551.2,12563.0,1,ULTRACEMCO,12559.087269645586,12561.159340318849,48.84277226629642,12639.95,23.163959047365978,
2025-09-19T14:15:00.000000,12563.0,12563.0,12540.0,12540.0,24,ULTRACEMCO,12555.269815716469,12559.235763926226,48.698362366251146,12639.95,23.304572994251977,
2025-09-19T14:20:00.000000,12540.0,12549.15,12533.0,12549.15,3,ULTRACEMCO,12554.045852573176,12558.31887629657,48.09813482807425,12639.95,23.90860233966955,
2025-09-19T14:25:00.000000,12549.15,12549.15,12548.1,12549.0,5,ULTRACEMCO,12553.03668205854,12557.471705724154,47.49472227027749,12639.95,24.46948673184301,
2025-09-19T14:30:00.000000,12549.0,12553.0,12549.0,12553.0,3,ULTRACEMCO,12553.029345646832,12557.065187021959,47.21802626892334,12639.95,24.48721341502991,
2025-09-19T14:35:00.000000,12553.0,12582.0,12553.0,12582.0,35,ULTRACEMCO,12558.823476517466,12559.33198820178,47.89173685094135,12639.95,23.667075830095552,
2025-09-19T14:40:00.000000,12582.0,12582.0,12578.75,12582.0,2,ULTRACEMCO,12563.458781213973,12561.392716547072,48.48168062819725,12639.95,22.905519501227932,
2025-09-19T14:45:00.000000,12582.0,12602.45,12582.0,12589.0,22,ULTRACEMCO,12568.567024971178,12563.902469588247,48.98637256717697,12639.95,23.430649707921116,
2025-09-19T14:50:00.000000,12589.0,12602.45,12589.0,12602.45,59,ULTRACEMCO,12575.343619976942,12567.406790534771,49.7056113682556,12639.95,23.91827061413622,
2025-09-19T14:55:00.000000,12602.45,12602.45,12594.8,12594.8,10,ULTRACEMCO,12579.234895981554,12569.897082304336,50.536344180476576,12639.95,24.371061455621668,
2025-09-19T15:00:00.000000,12589.4,12589.4,12499.85,12505.0,241,ULTRACEMCO,12564.387916785243,12563.997347549397,49.65943148124926,12639.95,25.445673195251715,
2025-09-19T15:05:00.000000,12505.0,12509.25,12500.0,12500.05,22,ULTRACEMCO,12551.520333428194,12558.183952317633,48.947106635967955,12639.95,26.44352695347962,
2025-09-19T15:10:00.000000,12500.05,12514.55,12485.25,12491.25,33,ULTRACEMCO,12539.466266742555,12552.099047561485,48.15605051719975,12639.95,27.75047446300602,
2025-09-19T15:15:00.000000,12491.25,12515.85,12491.25,12510.0,174,ULTRACEMCO,12533.573013394043,12548.271861419533,47.700287737703874,12639.95,28.878529750716684,
2025-09-19T15:20:00.000000,12510.0,12515.0,12496.15,12515.0,219,ULTRACEMCO,12529.858410715235,12545.24714674503,47.32898873745378,12639.95,29.926009660733722,
2025-09-19T15:25:00.000000,12515.0,12531.25,12500.0,12531.25,42,ULTRACEMCO,12530.136728572188,12543.974678859118,47.34861428617101,12639.95,29.80057925999225,
2025-09-22T09:15:00.000000,12532.2,12585.2,12532.2,12565.1,141,ULTRACEMCO,12537.12938285775,12545.895162599198,47.60911315902123,12650.0,28.194765838786658,
2025-09-22T09:20:00.000000,12565.1,12650.0,12560.0,12650.0,189,ULTRACEMCO,12559.703506286201,12555.359238726543,48.457460028826624,12650.0,28.449429169140192,
2025-09-22T09:25:00.000000,12650.0,12650.0,12601.65,12601.65,249,ULTRACEMCO,12568.09280502896,12559.567489751404,49.151305488671554,12650.0,28.685902261611325,
2025-09-22T09:30:00.000000,12601.0,12601.0,12581.0,12581.0,120,ULTRACEMCO,12570.674244023168,12561.515899774004,49.649859531272654,12650.0,28.069675842136895,
2025-09-22T09:35:00.000000,12581.0,12608.9,12581.0,12608.55,13,ULTRACEMCO,12578.249395218534,12565.791727067275,50.01103025105781,12650.0,27.699014058258978,
2025-09-22T09:40:00.000000,12608.55,12608.55,12586.5,12586.5,119,ULTRACEMCO,12579.899516174828,12567.674297333886,50.68116708712814,12650.0,27.354828116086626,
2025-09-22T09:45:00.000000,12586.5,12599.95,12586.5,12595.3,17,ULTRACEMCO,12582.979612939862,12570.185724848987,51.1800760918046,12650.0,27.03522688406944,
2025-09-22T09:50:00.000000,12595.3,12595.3,12570.0,12576.0,34,ULTRACEMCO,12581.58369035189,12570.71429531726,51.50202451332045,12650.0,25.9984247405752,
2025-09-22T09:55:00.000000,12576.0,12600.4,12576.0,12600.0,92,ULTRACEMCO,12585.266952281512,12573.376632106601,51.912585170934584,12650.0,25.206258884187466,
2025-09-22T10:00:00.000000,12600.0,12600.0,12584.65,12586.05,16,ULTRACEMCO,12585.42356182521,12574.528756460546,51.571828997099104,12650.0,24.470676303256,
2025-09-22T10:05:00.000000,12586.05,12595.85,12583.65,12592.0,11,ULTRACEMCO,12586.738849460167,12576.117051327768,51.28223967134238,12650.0,23.736997063143026,
2025-09-22T10:10:00.000000,12592.0,12592.0,12582.8,12592.0,29,ULTRACEMCO,12587.791079568135,12577.560955752517,50.86814392087117,12650.0,23.009914677227624,
2025-09-22T10:15:00.000000,12592.0,12595.0,12582.0,12582.0,77,ULTRACEMCO,12586.632863654508,12577.96450522956,50.131072830787886,12650.0,22.4638072568551,
2025-09-22T10:20:00.000000,12582.0,12598.4,12582.0,12596.55,7,ULTRACEMCO,12588.616290923606,12579.654095663236,49.75237454726859,12650.0,22.107076030980924,
2025-09-22T10:25:00.000000,12596.55,12600.0,12596.55,12600.0,4,ULTRACEMCO,12590.893032738884,12581.503723330216,50.80038112020528,12650.0,21.8492099671204,
2025-09-22T10:30:00.000000,12600.0,12601.75,12591.85,12591.85,39,ULTRACEMCO,12591.084426191108,12582.44429393656,51.791642876408254,12650.0,21.289073495782418,
2025-09-22T10:35:00.000000,12591.85,12597.0,12587.05,12587.05,13,ULTRACEMCO,12590.277540952886,12582.862994487781,52.80129159062206,12650.0,20.44317938300923,
2025-09-22T10:40:00.000000,12587.05,12591.0,12587.05,12591.0,12,ULTRACEMCO,12590.422032762308,12583.60272226162,53.52324667357468,12650.0,19.65770627829127,
2025-09-22T10:45:00.000000,12591.0,12594.0,12591.0,12591.0,14,ULTRACEMCO,12590.537626209847,12584.275202056018,54.16073797728153,12650.0,19.110608405340752,
2025-09-22T10:50:00.000000,12591.0,12600.0,12591.0,12600.0,5,ULTRACEMCO,12592.430100967878,12585.704729141835,54.65304310801756,12650.0,18.962276400631787,
2025-09-22T10:55:00.000000,12600.0,12600.15,12591.0,12600.0,31,ULTRACEMCO,12593.944080774303,12587.00429921985,54.69642188313473,12650.0,18.83365525742702,
2025-09-22T11:00:00.000000,12600.0,12662.05,12597.1,12646.0,391,ULTRACEMCO,12604.355264619442,12592.367544745319,54.54752519500964,12650.0,21.11674269844433,
2025-09-22T11:05:00.000000,12646.0,12651.8,12632.0,12651.8,43,ULTRACEMCO,12613.844211695554,12597.770495223018,54.9918885410806,12650.0,23.23675246510326,
2025-09-22T11:10:00.000000,12651.8,12666.0,12651.8,12653.85,87,ULTRACEMCO,12621.845369356442,12602.868632020925,55.650493705977354,12650.0,25.54797843003954,
2025-09-22T11:15:00.000000,12653.85,12698.0,12653.85,12688.35,84,ULTRACEMCO,12635.146295485154,12610.639665473569,56.38463762540401,12650.0,28.301006303418554,
2025-09-22T11:20:00.000000,12688.35,12690.35,12685.0,12690.35,17,ULTRACEMCO,12646.187036388123,12617.886059521426,57.338689415415026,12650.0,30.85738932869907,
2025-09-22T11:25:00.000000,12690.35,12697.85,12681.0,12697.8,76,ULTRACEMCO,12656.509629110498,12625.150963201297,58.27895151735853,12650.0,33.35797945075085,
2025-09-22T11:30:00.000000,12697.8,12697.8,12684.1,12696.8,11,ULTRACEMCO,12664.567703288398,12631.664512001178,59.3779736980523,12650.0,35.67995599265607,
2025-09-22T11:35:00.000000,12696.8,12696.8,12666.0,12666.0,178,ULTRACEMCO,12664.854162630718,12634.785920001072,59.689325816780126,12650.0,36.39599247323482,
2025-09-22T11:40:00.000000,12666.0,12679.0,12655.0,12669.9,197,ULTRACEMCO,12665.863330104574,12637.978109091884,60.17500039890159,12650.0,36.293947526789836,
2025-09-22T11:45:00.000000,12669.9,12677.05,12669.9,12676.95,25,ULTRACEMCO,12668.08066408366,12641.521008265348,60.68519657243511,12650.0,36.19919150509092,
2025-09-22T11:50:00.000000,12676.95,12680.0,12674.25,12675.3,40,ULTRACEMCO,12669.524531266929,12644.591825695772,61.16335717347637,12650.0,36.2152855397607,
2025-09-22T11:55:00.000000,12675.3,12687.0,12675.3,12687.0,11,ULTRACEMCO,12673.019625013543,12648.447114268884,61.88079464548061,12650.0,36.47616083490693,
2025-09-22T12:00:00.000000,12687.0,12687.0,12656.05,12664.85,88,ULTRACEMCO,12671.385700010835,12649.938285698985,62.036700265404804,12650.0,35.33752586654059,
2025-09-22T12:05:00.000000,12664.85,12678.35,12664.1,12664.1,10,ULTRACEMCO,12669.928560008668,12651.225714271804,62.14521793634045,12650.0,34.28022196734327,
2025-09-22T12:10:00.000000,12664.1,12677.4,12655.0,12660.0,6305,ULTRACEMCO,12667.942848006935,12652.023376610732,62.27936701164782,12650.0,32.69196999386783,
2025-09-22T12:15:00.000000,12660.0,12673.0,12660.0,12662.0,3,ULTRACEMCO,12666.754278405548,12652.930342373393,62.50409636232325,12650.0,31.217164589926345,
2025-09-22T12:20:00.000000,12662.0,12678.35,12662.0,12678.35,5,ULTRACEMCO,12669.073422724437,12655.241220339449,62.91560012327657,12650.0,30.135618201686295,
2025-09-22T12:25:00.000000,12678.35,12678.35,12660.0,12660.0,12,ULTRACEMCO,12667.25873817955,12655.673836672226,62.97674403201743,12650.0,28.981126731866453,
2025-09-22T12:30:00.000000,12660.0,12660.0,12644.9,12644.9,64,ULTRACEMCO,12662.78699054364,12654.69439697475,62.67126856637391,12650.0,26.958153265990063,
2025-09-22T12:35:00.000000,12644.9,12650.0,12644.9,12650.0,70,ULTRACEMCO,12660.229592434913,12654.267633613408,62.448645010321044,12650.0,25.079677904819132,
2025-09-22T12:40:00.000000,12650.0,12650.0,12644.0,12644.0,36,ULTRACEMCO,12656.98367394793,12653.334212375825,61.615762273493075,12650.0,23.3977967736818,
2025-09-22T12:45:00.000000,12644.0,12659.55,12644.0,12657.8,11,ULTRACEMCO,12657.146939158345,12653.740193068932,60.959959797416715,12650.0,22.279424580490677,
2025-09-22T12:50:00.000000,12657.8,12667.15,12654.7,12654.7,6,ULTRACEMCO,12656.657551326676,12653.827448244483,60.22894369005959,12650.0,21.7193470722526,
2025-09-22T12:55:00.000000,12654.7,12670.0,12654.7,12655.25,23,ULTRACEMCO,12656.376041061341,12653.956771131348,59.22556625217082,12650.0,21.37334994333683,
2025-09-22T13:00:00.000000,12655.25,12671.75,12655.25,12671.75,30,ULTRACEMCO,12659.450832849074,12655.574337392134,58.481813248432005,12650.0,21.161831043544385,
2025-09-22T13:05:00.000000,12671.75,12671.75,12655.35,12655.35,51,ULTRACEMCO,12658.63066627926,12655.553943083758,57.366247718788635,12650.0,20.965420636594256,
2025-09-22T13:10:00.000000,12655.35,12655.35,12655.35,12655.35,0,ULTRACEMCO,12657.974533023407,12655.535402803416,56.27206771317549,12650.0,20.78303954442628,
2025-09-22T13:15:00.000000,12655.35,12673.7,12654.7,12670.0,8,ULTRACEMCO,12660.379626418726,12656.850366184924,56.01677576848605,12650.0,21.749609115701297,
2025-09-22T13:20:00.000000,12670.0,12675.05,12670.0,12675.05,8,ULTRACEMCO,12663.31370113498,12658.504878349931,55.799552945091946,12650.0,22.71849164567198,
2025-09-22T13:25:00.000000,12675.05,12675.05,12659.95,12659.95,8,ULTRACEMCO,12662.640960907986,12658.636253045392,55.20185220383339,12650.0,22.567790432167307,
2025-09-22T13:30:00.000000,12659.95,12667.75,12655.85,12667.1,5,ULTRACEMCO,12663.532768726389,12659.40568458672,54.758484869589644,12650.0,22.03527364661294,
2025-09-22T13:35:00.000000,12667.1,12697.0,12667.1,12697.0,166,ULTRACEMCO,12670.22621498111,12662.82334962429,54.60959802008915,12650.0,23.113148838315702,
2025-09-22T13:40:00.000000,12697.0,12701.0,12689.6,12689.6,73,ULTRACEMCO,12674.100971984888,12665.257590567537,54.72906295280927,12650.0,24.27923799897486,
2025-09-22T13:45:00.000000,12689.6,12696.75,12676.0,12680.1,90,ULTRACEMCO,12675.30077758791,12666.606900515942,54.67787045981247,12650.0,24.179763909316126,
2025-09-22T13:50:00.000000,12680.1,12694.35,12680.0,12694.35,4436,ULTRACEMCO,12679.110622070328,12669.129000469038,54.8997004017771,12650.0,24.087395111775873,
2025-09-22T13:55:00.000000,12694.35,12694.35,12678.9,12678.9,14,ULTRACEMCO,12679.068497656262,12670.017273153671,54.80454276357566,12650.0,23.904962637779565,
2025-09-22T14:00:00.000000,12678.9,12680.9,12670.65,12680.9,19,ULTRACEMCO,12679.43479812501,12671.006611957882,54.50489499346785,12650.0,23.026499232591952,
2025-09-22T14:05:00.000000,12680.9,12697.15,12680.9,12697.15,83,ULTRACEMCO,12682.977838500008,12673.383283598076,54.78709786983336,12650.0,23.143175319982834,
2025-09-22T14:10:00.000000,12697.15,12698.9,12686.75,12698.9,22,ULTRACEMCO,12686.162270800007,12675.70298508916,55.342543872285106,12650.0,23.342132013360892,
2025-09-22T14:15:00.000000,12698.9,12698.9,12680.3,12680.3,12,ULTRACEMCO,12684.989816640005,12676.1208955356,55.45743507593502,12650.0,22.96336236044936,
2025-09-22T14:20:00.000000,12680.3,12685.0,12680.05,12685.0,12,ULTRACEMCO,12684.991853312004,12676.928086850545,55.74628765766113,12650.0,22.589656988588633,
2025-09-22T14:25:00.000000,12685.0,12689.0,12680.0,12680.0,9,ULTRACEMCO,12683.993482649603,12677.207351682313,55.711725631331674,12650.0,22.4953758819405,
2025-09-22T14:30:00.000000,12680.0,12700.0,12677.75,12677.75,186,ULTRACEMCO,12682.744786119682,12677.256683347558,55.68998365110541,12650.0,23.04318529779017,
2025-09-22T14:35:00.000000,12677.75,12689.65,12674.7,12675.15,50,ULTRACEMCO,12681.225828895746,12677.065166679598,55.60651981563785,12650.0,23.248440831330754,
2025-09-22T14:40:00.000000,12675.15,12675.15,12673.35,12673.35,11,ULTRACEMCO,12679.650663116596,12676.72742425418,55.211470755505545,12650.0,23.301264898028798,
2025-09-22T14:45:00.000000,12667.0,12667.0,12640.0,12650.0,107,ULTRACEMCO,12673.720530493276,12674.297658412892,54.70551403312131,12650.0,22.487618428555834,
2025-09-22T14:50:00.000000,12650.0,12655.75,12650.0,12654.2,9,ULTRACEMCO,12669.816424394621,12672.470598557175,54.29378247447738,12650.0,21.732089564045225,
2025-09-22T14:55:00.000000,12654.2,12654.2,12636.65,12640.0,120,ULTRACEMCO,12663.853139515697,12669.518725961068,53.40824395414021,12650.0,21.776071159422607,
2025-09-22T15:00:00.000000,12640.0,12659.95,12640.0,12650.0,31,ULTRACEMCO,12661.082511612558,12667.744296328245,52.668759863935705,12650.0,21.361630429345762,
2025-09-22T15:05:00.000000,12650.0,12656.7,12645.0,12645.0,24,ULTRACEMCO,12657.866009290046,12665.676633025678,52.151708059923536,12650.0,20.97679260856012,
2025-09-22T15:10:00.000000,12645.0,12655.5,12637.55,12642.1,135,ULTRACEMCO,12654.712807432037,12663.533302750617,51.46402805421452,12650.0,21.055177934559538,
2025-09-22T15:15:00.000000,12642.1,12645.0,12642.1,12645.0,10,ULTRACEMCO,12652.77024594563,12661.848457046015,50.42357214779487,12650.0,21.127964308701852,
2025-09-22T15:20:00.000000,12645.0,12650.0,12636.2,12636.3,119,ULTRACEMCO,12649.476196756505,12659.525870041833,49.378038718414345,12650.0,21.54350412690599,
2025-09-22T15:25:00.000000,12636.3,12650.55,12635.55,12642.0,48,ULTRACEMCO,12647.980957405203,12657.932609128939,48.66613729990177,12650.0,21.967779427590546,
2025-09-23T09:15:00.000000,12664.95,12687.45,12515.0,12519.95,390,ULTRACEMCO,12622.374765924164,12645.388735571762,46.64246578776742,12687.45,25.44479892480111,
2025-09-23T09:20:00.000000,12519.95,12519.95,12479.8,12497.8,251,ULTRACEMCO,12597.459812739331,12631.97157779251,44.812999922691496,12687.45,29.004025280054467,SELL
2025-09-23T09:25:00.000000,12497.8,12497.8,12437.0,12466.65,121,ULTRACEMCO,12571.297850191464,12616.942343447736,42.84249174686072,12687.45,32.611241392732715,SELL
2025-09-23T09:30:00.000000,12466.65,12466.65,12442.0,12452.0,42,ULTRACEMCO,12547.438280153172,12601.947584952488,40.59413594199072,12687.45,35.96079921164823,SELL
2025-09-23T09:35:00.000000,12452.0,12452.0,12405.0,12406.05,103,ULTRACEMCO,12519.160624122538,12584.13871359317,38.19929887848233,12687.45,39.28547954968967,SELL
2025-09-23T09:40:00.000000,12406.05,12413.0,12400.0,12404.1,71,ULTRACEMCO,12496.148499298031,12567.771557811973,36.15752994273982,12687.45,42.39875665128732,SELL
2025-09-23T09:45:00.000000,12404.1,12455.0,12404.1,12445.7,68,ULTRACEMCO,12486.058799438426,12556.67414346543,34.69333958454197,12687.45,43.21550893115421,SELL
2025-09-23T09:50:00.000000,12445.7,12446.95,12419.3,12430.0,25,ULTRACEMCO,12474.847039550741,12545.158312241301,33.25205579801333,12687.45,43.97392176245918,SELL
2025-09-23T09:55:00.000000,12430.0,12430.0,12410.0,12410.45,31,ULTRACEMCO,12461.967631640593,12532.912102037546,31.770163513573454,12687.45,44.80736385696881,SELL
2025-09-23T10:00:00.000000,12410.45,12416.15,12390.0,12416.15,76,ULTRACEMCO,12452.804105312474,12522.297365488677,30.425141921124872,12687.45,45.84485916079742,SELL
2025-09-23T10:05:00.000000,12416.15,12421.7,12416.15,12417.25,2,ULTRACEMCO,12445.69328424998,12512.747604989707,29.13477316036252,12687.45,46.532167090812514,SELL
2025-09-23T10:10:00.000000,12417.25,12458.0,12417.25,12425.95,314,ULTRACEMCO,12441.744627399983,12504.856913627007,28.412130000284883,12687.45,45.54983529859187,SELL
2025-09-23T10:15:00.000000,12425.95,12428.25,12416.0,12416.0,16,ULTRACEMCO,12436.595701919987,12496.779012388188,27.536772193411572,12687.45,44.66351458202298,SELL
2025-09-23T10:20:00.000000,12416.0,12416.0,12400.0,12400.0,1,ULTRACEMCO,12429.27656153599,12487.980920352898,26.797729894863586,12687.45,44.17036653979451,SELL
2025-09-23T10:25:00.000000,12400.0,12428.85,12400.0,12417.0,87,ULTRACEMCO,12426.821249228791,12481.528109411725,26.115388056530513,12687.45,43.15773235476537,SELL
2025-09-23T10:30:00.000000,12417.0,12419.0,12405.25,12405.25,38,ULTRACEMCO,12422.506999383033,12474.593735828841,25.438023741890227,12687.45,42.217429182952614,SELL
2025-09-23T10:35:00.000000,12405.25,12414.15,12400.0,12409.05,30,ULTRACEMCO,12419.815599506426,12468.635214389855,24.873416197658806,12687.45,41.47438562461326,SELL
2025-09-23T10:40:00.000000,12409.05,12424.2,12409.05,12424.2,5,ULTRACEMCO,12420.69247960514,12464.595649445322,24.488529807289403,12687.45,40.3051376995678,
2025-09-23T10:45:00.000000,12424.2,12424.2,12419.0,12419.0,2,ULTRACEMCO,12420.353983684112,12460.450590404838,24.21330621190699,12687.45,39.21940748345416,SELL
2025-09-23T10:50:00.000000,12419.0,12421.95,12414.85,12421.95,5,ULTRACEMCO,12420.67318694729,12456.95053673167,23.839759387859196,12687.45,38.338541157562396,
2025-09-23T10:55:00.000000,12421.95,12422.0,12419.35,12422.0,5,ULTRACEMCO,12420.938549557832,12453.77321521061,24.581319022017066,12687.45,37.517796125588156,
2025-09-23T11:00:00.000000,12422.0,12435.85,12422.0,12435.85,1,ULTRACEMCO,12423.920839646265,12452.143832009644,25.669585348433777,12687.45,35.991698585822135,
2025-09-23T11:05:00.000000,12435.85,12435.85,12395.0,12408.3,29,ULTRACEMCO,12420.796671717013,12448.158029099677,26.586665642509672,12687.45,35.47535240297017,SELL
2025-09-23T11:10:00.000000,12408.3,12408.3,12395.1,12395.1,25,ULTRACEMCO,12415.65733737361,12443.334571908797,27.433750386563588,12687.45,34.99588809032191,SELL
2025-09-23T11:15:00.000000,12395.1,12402.95,12382.0,12387.0,312,ULTRACEMCO,12409.925869898889,12438.213247189817,28.334998916945416,12687.45,34.94769229056574,SELL
2025-09-23T11:20:00.000000,12387.0,12402.55,12380.05,12402.55,20,ULTRACEMCO,12408.450695919111,12434.971133808924,29.5275475484389,12687.45,34.960892882742414,SELL
2025-09-23T11:25:00.000000,12402.55,12420.5,12402.55,12420.5,43,ULTRACEMCO,12410.86055673529,12433.65557618993,30.365525180124074,12687.45,33.92007498631507,
2025-09-23T11:30:00.000000,12420.5,12420.5,12420.5,12420.5,0,ULTRACEMCO,12412.788445388233,12432.459614718118,31.275022604634813,12687.45,32.95360122534682,
2025-09-23T11:35:00.000000,12420.5,12420.5,12408.6,12419.55,15,ULTRACEMCO,12414.140756310586,12431.286013380108,32.25670838615213,12687.45,32.49624920520156,
2025-09-23T11:40:00.000000,12419.55,12419.55,12415.8,12415.8,4,ULTRACEMCO,12414.472605048468,12429.878193981916,33.10465302384226,12687.45,32.07156518649524,
2025-09-23T11:45:00.000000,12415.8,12415.8,12415.8,12415.8,2,ULTRACEMCO,12414.738084038774,12428.598358165378,33.93544024331416,12687.45,31.67721574055366,
2025-09-23T11:50:00.000000,12415.8,12415.8,12414.0,12414.0,66,ULTRACEMCO,12414.590467231019,12427.271234695798,34.599842136198205,12687.45,31.386635947847413,SELL
2025-09-23T11:55:00.000000,12414.0,12414.0,12400.0,12400.0,13,ULTRACEMCO,12411.672373784815,12424.792031541634,35.12668482914631,12687.45,31.673713823646686,SELL
2025-09-23T12:00:00.000000,12400.0,12400.0,12362.05,12375.25,106,ULTRACEMCO,12404.387899027852,12420.288210492394,35.45956520391449,12687.45,33.043926528884846,SELL
2025-09-23T12:05:00.000000,12375.25,12397.9,12375.25,12397.9,3,ULTRACEMCO,12403.090319222281,12418.252918629449,35.97444055415106,12687.45,34.31626689803456,SELL
2025-09-23T12:10:00.000000,12397.9,12403.95,12397.9,12403.95,2,ULTRACEMCO,12403.262255377826,12416.952653299499,36.67808478983038,12687.45,35.04135618186982,
2025-09-23T12:15:00.000000,12403.95,12405.4,12393.3,12405.4,8,ULTRACEMCO,12403.689804302261,12415.902412090454,37.34472544235051,12687.45,35.84760104390024,
2025-09-23T12:20:00.000000,12405.4,12405.4,12398.0,12398.0,1,ULTRACEMCO,12402.551843441808,12414.27492008223,37.65359058814892,12687.45,36.5962569872142,SELL
2025-09-23T12:25:00.000000,12398.0,12405.55,12394.95,12394.95,33,ULTRACEMCO,12401.031474753447,12412.518109165665,37.96305680075322,12687.45,37.38776160996073,SELL
2025-09-23T12:30:00.000000,12394.95,12403.35,12394.95,12403.35,2,ULTRACEMCO,12401.495179802758,12411.684644696059,38.401868429685685,12687.45,38.12273018822536,
2025-09-23T12:35:00.000000,12403.35,12434.95,12403.35,12434.95,33,ULTRACEMCO,12408.186143842206,12413.799676996417,39.393756339626144,12687.45,36.359052396962795,
2025-09-23T12:40:00.000000,12434.95,12440.9,12424.9,12424.9,417,ULTRACEMCO,12411.528915073764,12414.80879726947,39.961048768794946,12687.45,34.35747006969292,
2025-09-23T12:45:00.000000,12424.9,12424.9,12414.0,12421.45,29,ULTRACEMCO,12413.513132059012,12415.412542972246,40.7529667351321,12687.45,33.03175881024315,
2025-09-23T12:50:00.000000,12421.45,12425.0,12421.45,12425.0,745,ULTRACEMCO,12415.810505647209,12416.284129974769,41.722719874061355,12687.45,31.794095213814074,
2025-09-23T12:55:00.000000,12425.0,12425.0,12424.95,12424.95,5,ULTRACEMCO,12417.638404517767,12417.071936340699,42.76004346902003,12687.45,30.64483615998708,
2025-09-23T13:00:00.000000,12424.95,12425.4,12424.95,12425.0,1776,ULTRACEMCO,12419.110723614214,12417.792669400635,43.5116810523119,12687.45,29.54697507570404,
2025-09-23T13:05:00.000000,12425.0,12434.95,12422.7,12425.0,2084,ULTRACEMCO,12420.288578891372,12418.447881273305,43.96657671983645,12687.45,27.809852612208154,
2025-09-23T13:10:00.000000,12425.0,12439.3,12425.0,12439.3,859,ULTRACEMCO,12424.090863113097,12420.343528430278,44.70816271443017,12687.45,25.88862442201185,
2025-09-23T13:15:00.000000,12439.3,12439.3,12425.0,12435.5,21,ULTRACEMCO,12426.372690490478,12421.72138948207,45.369610883929035,12687.45,24.104626816829573,
2025-09-23T13:20:00.000000,12435.5,12439.5,12431.0,12431.0,10,ULTRACEMCO,12427.298152392383,12422.564899529156,45.97100818162926,12687.45,22.43233257177668,
2025-09-23T13:25:00.000000,12431.0,12431.0,12419.0,12419.0,2,ULTRACEMCO,12425.638521913907,12422.240817753778,46.30252642410478,12687.45,21.755866784489672,
2025-09-23T13:30:00.000000,12419.0,12445.65,12419.0,12445.65,9,ULTRACEMCO,12429.640817531124,12424.368925230707,47.178074384799885,12687.45,20.403526001515086,
2025-09-23T13:35:00.000000,12445.65,12445.65,12420.0,12420.0,3,ULTRACEMCO,12427.7126540249,12423.971750209734,47.76123486871147,12687.45,19.14778098875297,
2025-09-23T13:40:00.000000,12420.0,12430.0,12418.95,12430.0,39,ULTRACEMCO,12428.17012321992,12424.51977291794,48.801255571786484,12687.45,17.897402714478968,
2025-09-23T13:45:00.000000,12430.0,12430.0,12430.0,12430.0,0,ULTRACEMCO,12428.536098575936,12425.017975379946,49.37705824599175,12687.45,16.73633717408168,
2025-09-23T13:50:00.000000,12430.0,12449.9,12430.0,12436.35,12,ULTRACEMCO,12430.098878860748,12426.048159436314,49.95474790728322,12687.45,17.07397820374106,
2025-09-23T13:55:00.000000,12436.35,12436.35,12415.1,12415.1,22,ULTRACEMCO,12427.099103088598,12425.05287221483,50.11930312505611,12687.45,16.174785809932413,
2025-09-23T14:00:00.000000,12415.1,12415.1,12415.1,12415.1,0,ULTRACEMCO,12424.699282470878,12424.148065649846,50.38935971820628,12687.45,15.339821444252957,
2025-09-23T14:05:00.000000,12415.1,12422.85,12414.25,12422.85,19,ULTRACEMCO,12424.329425976703,12424.030059681678,50.85795728537095,12687.45,15.095029861174007,
2025-09-23T14:10:00.000000,12422.85,12439.15,12419.85,12419.85,1282,ULTRACEMCO,12423.433540781361,12423.650054256072,51.088549736069005,12687.45,15.809979588488089,
2025-09-23T14:15:00.000000,12419.85,12419.85,12407.0,12413.2,12,ULTRACEMCO,12421.386832625089,12422.700049323701,50.638756522303346,12687.45,15.465885106747901,
2025-09-23T14:20:00.000000,12413.2,12415.0,12401.0,12415.0,22,ULTRACEMCO,12420.109466100072,12422.000044839728,50.40079364593545,12687.45,14.720824276287562,
2025-09-23T14:25:00.000000,12415.0,12419.2,12413.0,12413.0,6,ULTRACEMCO,12418.687572880057,12421.181858945207,50.17942091904438,12687.45,14.292779244802546,
2025-09-23T14:30:00.000000,12413.0,12413.0,12413.0,12413.0,0,ULTRACEMCO,12417.550058304045,12420.438053586551,49.89656540436156,12687.45,13.895308858423604,
2025-09-23T14:35:00.000000,12413.0,12435.4,12407.7,12424.85,310,ULTRACEMCO,12419.010046643236,12420.839139624137,49.91248865780282,12687.45,14.790376466240543,
2025-09-23T14:40:00.000000,12424.85,12429.7,12424.85,12429.7,1,ULTRACEMCO,12421.14803731459,12421.644672385579,50.03903058387855,12687.45,15.621510673499131,
2025-09-23T14:45:00.000000,12429.7,12434.0,12423.95,12425.75,26,ULTRACEMCO,12422.068429851672,12422.01788398689,50.06204283941624,12687.45,16.610757852978036,
2025-09-23T14:50:00.000000,12425.75,12430.0,12407.25,12410.05,81,ULTRACEMCO,12419.664743881338,12420.929894533536,49.43283805646658,12687.45,16.164849647211447,
2025-09-23T14:55:00.000000,12410.05,12430.25,12410.05,12430.1,9,ULTRACEMCO,12421.75179510507,12421.763540485033,49.35166549587207,12687.45,15.765984861190729,
2025-09-23T15:00:00.000000,12430.1,12438.5,12410.0,12410.0,182,ULTRACEMCO,12419.401436084056,12420.694127713667,48.979961575866234,12687.45,15.892365729065352,
2025-09-23T15:05:00.000000,12410.0,12410.0,12397.0,12400.0,283,ULTRACEMCO,12415.521148867245,12418.812843376061,48.7096939478112,12687.45,15.030873007504919,
2025-09-23T15:10:00.000000,12400.0,12400.0,12386.85,12400.0,388,ULTRACEMCO,12412.416919093796,12417.102584887329,47.921672297307445,12687.45,14.345728087222243,
2025-09-23T15:15:00.000000,12400.0,12400.0,12392.8,12400.0,221,ULTRACEMCO,12409.933535275037,12415.547804443026,47.62208680657854,12687.45,13.7095220898169,
2025-09-23T15:20:00.000000,12400.0,12400.0,12385.85,12399.9,128,ULTRACEMCO,12407.92682822003,12414.125276766386,47.14775524892106,12687.45,13.565946011778495,
2025-09-23T15:25:00.000000,12399.9,12408.7,12382.05,12406.65,157,ULTRACEMCO,12407.671462576023,12413.44570615126,46.85699497454949,12687.45,12.778866731745907,
2025-09-24T09:15:00.000000,12450.0,12450.0,12380.3,12392.25,54,ULTRACEMCO,12404.587170060819,12411.518823773873,46.16413149899315,12450.0,13.846655535531708,
2025-09-24T09:20:00.000000,12392.25,12392.25,12320.0,12338.0,86,ULTRACEMCO,12391.269736048655,12404.835294339884,45.18124904032201,12450.0,13.769494335268163,
2025-09-24T09:25:00.000000,12338.0,12348.95,12338.0,12348.95,42,ULTRACEMCO,12382.805788838923,12399.754813036257,44.451792604800815,12450.0,13.697844649309157,
2025-09-24T09:30:00.000000,12348.95,12366.85,12340.0,12352.0,35,ULTRACEMCO,12376.644631071138,12395.413466396598,43.636712172792095,12450.0,12.838673333447858,
2025-09-24T09:35:00.000000,12352.0,12352.0,12339.95,12340.4,29,ULTRACEMCO,12369.39570485691,12390.412242178725,42.75376477841254,12450.0,12.042949933430108,
2025-09-24T09:40:00.000000,12340.4,12341.2,12327.1,12332.25,33,ULTRACEMCO,12361.966563885528,12385.124765617024,41.914564872379906,12450.0,11.835630138621607,
2025-09-24T09:45:00.000000,12332.25,12354.6,12332.25,12354.6,8,ULTRACEMCO,12360.493251108423,12382.349786924568,41.53040460339104,12450.0,11.032271683207593,
2025-09-24T09:50:00.000000,12354.6,12354.6,12331.25,12345.25,7,ULTRACEMCO,12357.444600886738,12378.977079022334,41.07389703854636,12450.0,10.330732130657376,
2025-09-24T09:55:00.000000,12345.25,12352.0,12345.25,12352.0,3,ULTRACEMCO,12356.35568070939,12376.524617293031,40.75707582818309,12450.0,9.67930254614646,
2025-09-24T10:00:00.000000,12352.0,12352.0,12350.0,12350.0,5,ULTRACEMCO,12355.084544567511,12374.11328844821,40.115515584606136,12450.0,9.074403646243464,
2025-09-24T10:05:00.000000,12350.0,12367.8,12350.0,12367.8,4,ULTRACEMCO,12357.62763565401,12373.539353134736,39.72133224732257,12450.0,9.13438753747815,
2025-09-24T10:10:00.000000,12367.8,12367.8,12354.25,12354.25,8,ULTRACEMCO,12356.952108523208,12371.785775577033,39.23124136130162,12450.0,9.190086865053216,
2025-09-24T10:15:00.000000,12354.25,12354.25,12348.1,12350.1,19,ULTRACEMCO,12355.581686818567,12369.814341433666,39.048322168573605,12450.0,8.87065684283303,
2025-09-24T10:20:00.000000,12350.1,12350.1,12346.95,12346.95,10,ULTRACEMCO,12353.855349454854,12367.735764939696,38.36404413702602,12450.0,8.503507246205292,
2025-09-24T10:25:00.000000,12346.95,12372.5,12346.95,12372.5,107,ULTRACEMCO,12357.584279563884,12368.168877217906,38.572983126998885,12450.0,9.298178894363733,
2025-09-24T10:30:00.000000,12372.5,12382.5,12371.05,12371.05,33,ULTRACEMCO,12360.277423651107,12368.430797470823,38.925887232712206,12450.0,10.458359152778074,
2025-09-24T10:35:00.000000,12371.05,12387.95,12368.75,12387.95,101,ULTRACEMCO,12365.811938920886,12370.205270428021,39.56050270410476,12450.0,11.755777244589925,
2025-09-24T10:40:00.000000,12387.95,12387.95,12387.95,12387.95,0,ULTRACEMCO,12370.239551136709,12371.818427661838,40.19511817549733,12450.0,12.960522615558075,
2025-09-24T10:45:00.000000,12387.95,12387.95,12362.3,12362.3,3,ULTRACEMCO,12368.651640909367,12370.953116056216,40.38704689730132,12450.0,12.386281402213777,
2025-09-24T10:50:00.000000,12362.3,12362.3,12362.3,12362.3,0,ULTRACEMCO,12367.381312727493,12370.166469142016,40.395404335819386,12450.0,11.853057418394071,
2025-09-24T10:55:00.000000,12362.3,12362.3,12350.0,12350.0,2,ULTRACEMCO,12363.905050181995,12368.333153765469,40.50274947042791,12450.0,11.35153187252693,
2025-09-24T11:00:00.000000,12350.0,12350.0,12340.0,12340.0,116,ULTRACEMCO,12359.124040145596,12365.757412514062,41.14373801861668,12450.0,11.397430785148742,
2025-09-24T11:05:00.000000,12340.0,12341.25,12327.1,12327.1,2,ULTRACEMCO,12352.719232116477,12362.24310228551,41.36311581360824,12450.0,12.035080429272819,
2025-09-24T11:10:00.000000,12327.1,12327.1,12320.0,12324.8,36,ULTRACEMCO,12347.135385693182,12358.83918389592,41.48409642435464,12450.0,12.929524730259583,
2025-09-24T11:15:00.000000,12324.8,12341.55,12324.8,12341.55,7,ULTRACEMCO,12346.018308554545,12357.267439905381,42.09671287803219,12450.0,12.832180015955371,
2025-09-24T11:20:00.000000,12341.55,12341.55,12341.55,12341.55,0,ULTRACEMCO,12345.124646843637,12355.838581732165,42.79196724924052,12450.0,12.741788495530031,
2025-09-24T11:25:00.000000,12341.55,12341.55,12341.55,12341.55,0,ULTRACEMCO,12344.40971747491,12354.539619756513,42.99078640773579,12450.0,12.65785351227793,
2025-09-24T11:30:00.000000,12341.55,12341.55,12335.1,12335.1,3,ULTRACEMCO,12342.547773979928,12352.772381596831,43.19354766925239,12450.0,12.927009376237683,
2025-09-24T11:35:00.000000,12335.1,12335.1,12318.55,12325.0,3,ULTRACEMCO,12339.038219183942,12350.247619633483,43.09545070974544,12450.0,13.963868223133531,
2025-09-24T11:40:00.000000,12325.0,12325.0,12322.0,12322.0,2,ULTRACEMCO,12335.630575347153,12347.679654212257,42.97801407356839,12450.0,14.926665723822534,
2025-09-24T11:45:00.000000,12322.0,12322.0,12310.1,12310.1,238,ULTRACEMCO,12330.524460277722,12344.263322011144,42.32752742870839,12450.0,16.33398650242207,
2025-09-24T11:50:00.000000,12310.1,12321.0,12310.1,12319.95,11,ULTRACEMCO,12328.409568222178,12342.053020010131,42.14270736814011,12450.0,17.640784368264498,
2025-09-24T11:55:00.000000,12319.95,12319.95,12300.0,12300.0,41,ULTRACEMCO,12322.727654577742,12338.230018191029,41.73684382635483,12450.0,19.269016730548948,
2025-09-24T12:00:00.000000,12300.0,12310.75,12281.7,12287.45,31,ULTRACEMCO,12315.672123662194,12333.613652900935,41.229499960616785,12450.0,21.409451685506347,SELL
2025-09-24T12:05:00.000000,12281.25,12303.0,12281.25,12289.95,34,ULTRACEMCO,12310.527698929756,12329.64422990994,40.295748335326266,12450.0,23.411128327569365,SELL
2025-09-24T12:10:00.000000,12289.95,12307.25,12289.95,12307.25,11,ULTRACEMCO,12309.872159143804,12327.608390827218,39.816970138706274,12450.0,24.862914102316758,SELL
2025-09-24T12:15:00.000000,12307.25,12307.25,12292.0,12292.0,2,ULTRACEMCO,12306.297727315043,12324.37126438838,38.84825860894926,12450.0,26.211000893153624,SELL
2025-09-24T12:20:00.000000,12292.0,12294.0,12290.1,12290.1,17,ULTRACEMCO,12303.058181852035,12321.255694898526,37.85490992677952,12450.0,27.540692535456312,SELL
2025-09-24T12:25:00.000000,12290.1,12300.0,12290.1,12300.0,4,ULTRACEMCO,12302.446545481627,12319.32335899866,37.54342305402845,12450.0,28.13567552763917,SELL
2025-09-24T12:30:00.000000,12300.0,12301.1,12290.1,12290.1,5,ULTRACEMCO,12299.977236385303,12316.666689998781,37.08846817700103,12450.0,28.571094142121417,SELL
2025-09-24T12:35:00.000000,12290.1,12317.3,12290.1,12300.0,52,ULTRACEMCO,12299.981789108242,12315.151536362528,37.053188015966086,12450.0,27.435694919721023,
2025-09-24T12:40:00.000000,12300.0,12300.0,12284.1,12284.1,6,ULTRACEMCO,12296.805431286593,12312.32866942048,36.93015278437686,12450.0,26.75686993347686,SELL
2025-09-24T12:45:00.000000,12284.1,12294.2,12281.85,12293.65,33,ULTRACEMCO,12296.174345029274,12310.630608564072,37.18840059719547,12450.0,26.26565632256262,SELL
2025-09-24T12:50:00.000000,12293.65,12296.45,12281.5,12282.1,21,ULTRACEMCO,12293.35947602342,12308.036916876428,37.310969298109995,12450.0,25.596127154183158,SELL
2025-09-24T12:55:00.000000,12282.1,12282.1,12282.1,12282.1,0,ULTRACEMCO,12291.107580818736,12305.679015342208,37.06699857370923,12450.0,24.9744214978308,SELL
2025-09-24T13:00:00.000000,12282.1,12294.95,12282.1,12294.95,1,ULTRACEMCO,12291.876064654989,12304.703650311098,37.1167498504057,12450.0,23.2141472317563,
2025-09-24T13:05:00.000000,12294.95,12294.95,12285.0,12290.0,28,ULTRACEMCO,12291.500851723991,12303.36695482827,37.08478725564155,12450.0,21.579606841829982,SELL
2025-09-24T13:10:00.000000,12290.0,12290.0,12290.0,12290.0,0,ULTRACEMCO,12291.200681379192,12302.151777116609,37.1623585237797,12450.0,20.0618193368984,SELL
2025-09-24T13:15:00.000000,12290.0,12295.0,12290.0,12295.0,3,ULTRACEMCO,12291.960545103353,12301.501615560554,37.52374394731318,12450.0,19.06688271808985,
2025-09-24T13:20:00.000000,12295.0,12295.0,12276.0,12276.1,105,ULTRACEMCO,12288.788436082683,12299.192377782321,37.60682895677036,12450.0,18.499984423470227,
2025-09-24T13:25:00.000000,12276.1,12287.7,12276.1,12281.0,27,ULTRACEMCO,12287.230748866146,12297.538525256656,37.986214758742726,12450.0,17.973578864180578,
2025-09-24T13:30:00.000000,12281.0,12281.0,12270.0,12279.5,16,ULTRACEMCO,12285.684599092918,12295.898659324232,38.073627595272264,12450.0,17.966898172825257,
2025-09-24T13:35:00.000000,12279.5,12280.0,12265.0,12275.55,16,ULTRACEMCO,12283.657679274334,12294.048781203846,38.3708895827032,12450.0,18.329244995717577,
2025-09-24T13:40:00.000000,12275.55,12275.55,12258.25,12258.25,7,ULTRACEMCO,12278.576143419468,12290.794346548952,38.54326352619437,12450.0,19.12582886331615,
2025-09-24T13:45:00.000000,12258.25,12274.7,12257.85,12260.0,10,ULTRACEMCO,12274.860914735575,12287.994860499048,38.699376963235736,12450.0,19.8922768642768,
2025-09-24T13:50:00.000000,12260.0,12271.3,12257.85,12260.0,50,ULTRACEMCO,12271.88873178846,12285.449873180953,38.42499461914002,12450.0,20.60397857945454,SELL
2025-09-24T13:55:00.000000,12260.0,12260.0,12242.3,12242.3,42,ULTRACEMCO,12265.970985430768,12281.52715743723,38.102072822335685,12450.0,22.233113512320603,SELL
2025-09-24T14:00:00.000000,12242.3,12254.05,12242.3,12254.05,10,ULTRACEMCO,12263.586788344614,12279.029234033844,38.15138947896679,12450.0,23.745881664267653,SELL
2025-09-24T14:05:00.000000,12254.05,12270.4,12254.05,12269.95,2,ULTRACEMCO,12264.859430675691,12278.203849121675,38.363637936988184,12450.0,23.196939283476134,
2025-09-24T14:10:00.000000,12269.95,12269.95,12269.95,12269.95,0,ULTRACEMCO,12265.877544540554,12277.453499201523,38.719354399285926,12450.0,22.687207072741156,
2025-09-24T14:15:00.000000,12269.95,12269.95,12264.0,12264.0,10,ULTRACEMCO,12265.502035632442,12276.230453819566,38.733046392499695,12450.0,22.660542025337946,SELL
2025-09-24T14:20:00.000000,12264.0,12264.0,12247.25,12247.25,1,ULTRACEMCO,12261.851628505954,12273.595867108696,38.697322946710834,12450.0,23.658127841847083,SELL
2025-09-24T14:25:00.000000,12247.25,12261.05,12240.0,12240.0,143,ULTRACEMCO,12257.481302804763,12270.541697371542,38.34249533294897,12450.0,24.94246067201713,SELL
2025-09-24T14:30:00.000000,12240.0,12248.15,12234.0,12234.0,10,ULTRACEMCO,12252.78504224381,12267.21972488322,38.06792337268971,12450.0,26.409542454718387,SELL
2025-09-24T14:35:00.000000,12234.0,12253.35,12230.05,12252.3,102,ULTRACEMCO,12252.688033795048,12265.863386257473,38.2719575963085,12450.0,27.170187457193226,SELL
2025-09-24T14:40:00.000000,12252.3,12252.3,12226.0,12226.0,92,ULTRACEMCO,12247.350427036039,12262.239442052249,37.8089152022171,12450.0,28.084715290838695,SELL
2025-09-24T14:45:00.000000,12226.0,12241.95,12226.0,12227.1,31,ULTRACEMCO,12243.300341628832,12259.044947320226,37.45391309724067,12450.0,28.933919707795205,SELL
2025-09-24T14:50:00.000000,12227.1,12240.75,12227.1,12240.05,14,ULTRACEMCO,12242.650273303065,12257.318133927478,37.3995100594239,12450.0,29.722466666397676,SELL
2025-09-24T14:55:00.000000,12240.05,12240.05,12206.8,12206.8,41,ULTRACEMCO,12235.480218642451,12252.725576297707,36.80874445673726,12450.0,31.418395775761724,SELL
2025-09-24T15:00:00.000000,12206.8,12218.7,12201.0,12215.4,366,ULTRACEMCO,12231.464174913961,12249.332342088825,36.723220034314394,12450.0,33.20819392028689,SELL
2025-09-24T15:05:00.000000,12215.4,12220.0,12206.05,12220.0,25,ULTRACEMCO,12229.171339931168,12246.665765535296,36.61103699976481,12450.0,34.698320916460965,SELL
2025-09-24T15:10:00.000000,12220.0,12220.0,12208.9,12209.0,50,ULTRACEMCO,12225.137071944935,12243.241605032086,36.38869482517472,12450.0,36.082010270051185,SELL
2025-09-24T15:15:00.000000,12209.0,12215.95,12208.1,12210.0,41,ULTRACEMCO,12222.109657555948,12240.21964093826,36.25839837313154,12450.0,37.40247057057578,SELL
2025-09-24T15:20:00.000000,12210.0,12224.45,12210.0,12224.45,68,ULTRACEMCO,12222.577726044758,12238.7860372166,36.713500646861064,12450.0,37.40899881170761,
2025-09-24T15:25:00.000000,12224.45,12229.3,12202.2,12202.2,257,ULTRACEMCO,12218.502180835807,12235.460033833273,36.82490322319772,12450.0,37.854488588384946,SELL
2025-09-25T09:15:00.000000,12232.5,12232.5,12129.0,12152.0,152,ULTRACEMCO,12205.201744668646,12227.872758030247,36.47903153421264,12232.5,40.27546264027885,SELL
2025-09-25T09:20:00.000000,12152.0,12180.85,12152.0,12165.5,177,ULTRACEMCO,12197.261395734917,12222.202507300224,36.63899363476524,12232.5,42.523509974180335,SELL
2025-09-25T09:25:00.000000,12165.5,12175.3,12157.45,12167.35,34,ULTRACEMCO,12191.279116587933,12217.215915727476,36.485261839209016,12232.5,44.61098249851742,SELL
2025-09-25T09:30:00.000000,12167.35,12167.35,12167.35,12167.35,5,ULTRACEMCO,12186.493293270347,12212.682650661342,35.9313687448548,12232.5,46.549349842544714,SELL
2025-09-25T09:35:00.000000,12167.35,12167.35,12155.75,12165.0,6,ULTRACEMCO,12182.194634616277,12208.347864237583,35.35382376965111,12232.5,48.54315022157261,SELL
2025-09-25T09:40:00.000000,12165.0,12167.9,12155.05,12155.05,14,ULTRACEMCO,12176.76570769302,12203.502603852348,34.78876490760288,12232.5,50.40585513580286,SELL
2025-09-25T09:45:00.000000,12155.05,12189.95,12155.05,12189.95,22,ULTRACEMCO,12179.402566154416,12202.27054895668,35.16453670686961,12232.5,49.96654516753511,
2025-09-25T09:50:00.000000,12189.95,12190.0,12180.0,12190.0,13,ULTRACEMCO,12181.522052923534,12201.155044506073,35.64714133314734,12232.5,49.55424077184991,
2025-09-25T09:55:00.000000,12190.0,12197.05,12183.15,12197.05,10,ULTRACEMCO,12184.627642338826,12200.781858641885,36.3344035551699,12232.5,48.54773427574829,
2025-09-25T10:00:00.000000,12197.05,12197.05,12176.4,12186.05,11,ULTRACEMCO,12184.912113871062,12199.44259876535,36.390187639877965,12232.5,47.884015273124874,
2025-09-25T10:05:00.000000,12186.05,12186.05,12173.6,12173.6,10,ULTRACEMCO,12182.649691096849,12197.093271604865,36.658487618713295,12232.5,47.378694469127424,SELL
2025-09-25T10:10:00.000000,12173.6,12186.0,12173.6,12186.0,5,ULTRACEMCO,12183.31975287748,12196.08479236806,37.125817539296634,12232.5,46.90946800827265,
2025-09-25T10:15:00.000000,12186.0,12200.0,12180.1,12200.0,154,ULTRACEMCO,12186.655802301984,12196.4407203346,37.525026755866406,12232.5,45.17454691754609,
2025-09-25T10:20:00.000000,12200.0,12212.05,12200.0,12212.05,67,ULTRACEMCO,12191.734641841587,12197.859745758728,38.52138556837067,12232.5,42.62698021842822,
2025-09-25T10:25:00.000000,12212.05,12212.05,12192.65,12203.05,3,ULTRACEMCO,12193.997713473269,12198.331587053388,39.19441635200223,12232.5,40.68559848381436,
2025-09-25T10:30:00.000000,12203.05,12203.05,12203.0,12203.0,3,ULTRACEMCO,12195.798170778615,12198.755988230352,39.77107340053579,12232.5,38.882886873101484,
2025-09-25T10:35:00.000000,12203.0,12205.7,12192.0,12201.55,209,ULTRACEMCO,12196.948536622891,12199.00998930032,40.458702368677066,12232.5,37.82656979076903,
2025-09-25T10:40:00.000000,12201.55,12205.3,12201.55,12205.3,62,ULTRACEMCO,12198.618829298313,12199.581808454837,41.193312447287276,12232.5,36.84570392860318,
2025-09-25T10:45:00.000000,12205.3,12240.8,12200.0,12240.8,26,ULTRACEMCO,12207.05506343865,12203.328916777125,42.15334574061154,12232.5,34.946473300046236,
2025-09-25T10:50:00.000000,12240.8,12240.8,12201.0,12201.0,13,ULTRACEMCO,12205.84405075092,12203.117197070114,42.76945340773083,12232.5,33.182902002100505,
2025-09-25T10:55:00.000000,12201.0,12220.0,12201.0,12220.0,31,ULTRACEMCO,12208.675240600736,12204.651997336468,44.0916883328231,12232.5,31.545300082579466,
2025-09-25T11:00:00.000000,12220.0,12220.0,12220.0,12220.0,1,ULTRACEMCO,12210.94019248059,12206.04727030588,45.16485088854409,12232.5,30.024669728738502,
2025-09-25T11:05:00.000000,12220.0,12240.8,12220.0,12240.8,11,ULTRACEMCO,12216.912153984471,12209.206609368983,46.458351636320245,12232.5,29.760633064148518,
2025-09-25T11:10:00.000000,12240.8,12253.4,12238.95,12238.95,9,ULTRACEMCO,12221.319723187577,12211.910553971802,47.72153793641628,12232.5,30.06593035238072,
2025-09-25T11:15:00.000000,12238.95,12245.75,12238.95,12245.75,11,ULTRACEMCO,12226.205778550062,12214.986867247093,49.09120046491946,12232.5,30.34942069145348,
2025-09-25T11:20:00.000000,12245.75,12262.0,12245.75,12262.0,75,ULTRACEMCO,12233.36462284005,12219.260788406447,50.746480958845986,12232.5,31.250147122390207,
2025-09-25T11:25:00.000000,12262.0,12262.0,12238.65,12245.0,201,ULTRACEMCO,12235.69169827204,12221.600716733134,51.44283324731524,12232.5,31.475375727833388,
2025-09-25T11:30:00.000000,12245.0,12246.35,12202.9,12214.05,65,ULTRACEMCO,12231.363358617631,12220.914287939213,51.69227418563274,12232.5,29.33224099226337,
2025-09-25T11:35:00.000000,12214.05,12214.05,12172.45,12172.45,9,ULTRACEMCO,12219.580686894105,12216.508443581102,51.37643490822195,12232.5,28.4620313658927,
2025-09-25T11:40:00.000000,12172.45,12172.45,12167.7,12167.7,11,ULTRACEMCO,12209.204549515285,12212.071312346457,51.16978186172189,12232.5,27.830960758316728,
2025-09-25T11:45:00.000000,12167.7,12167.7,12155.05,12167.0,17,ULTRACEMCO,12200.763639612229,12207.973920314962,51.11721131016663,12232.5,27.69847389630207,
2025-09-25T11:50:00.000000,12167.0,12167.0,12148.55,12160.3,36,ULTRACEMCO,12192.670911689784,12203.639927559056,50.772299511142066,12232.5,27.796898738776925,
2025-09-25T11:55:00.000000,12160.3,12160.3,12159.0,12159.0,4,ULTRACEMCO,12185.936729351826,12199.581752326414,50.18149660154046,12232.5,27.88829323536072,
2025-09-25T12:00:00.000000,12159.0,12169.45,12159.0,12169.45,32,ULTRACEMCO,12182.63938348146,12196.842502114921,49.59261107038483,12232.5,27.38309365152519,
2025-09-25T12:05:00.000000,12169.45,12174.85,12169.45,12174.85,8,ULTRACEMCO,12181.081506785169,12194.843183740837,49.24036862796352,12232.5,26.57667843684868,
2025-09-25T12:10:00.000000,12174.85,12180.0,12172.45,12180.0,9,ULTRACEMCO,12180.865205428136,12193.493803400761,48.97948269076853,12232.5,25.507822206154337,
2025-09-25T12:15:00.000000,12180.0,12180.0,12175.0,12175.0,5,ULTRACEMCO,12179.692164342508,12191.812548546146,48.6728639037096,12232.5,24.51531284908101,
2025-09-25T12:20:00.000000,12175.0,12175.0,12168.1,12168.1,9,ULTRACEMCO,12177.373731474006,12189.656862314678,48.199699080292014,12232.5,23.95089360392146,
2025-09-25T12:25:00.000000,12168.1,12168.1,12164.0,12164.0,17,ULTRACEMCO,12174.698985179206,12187.324420286071,47.12977228389778,12232.5,23.63489732338874,
2025-09-25T12:30:00.000000,12164.0,12186.15,12164.0,12186.15,9,ULTRACEMCO,12176.989188143365,12187.21765480552,47.119802637939316,12232.5,22.128177981808793,
2025-09-25T12:35:00.000000,12186.15,12186.15,12186.15,12186.15,0,ULTRACEMCO,12178.821350514692,12187.120595277745,46.86097999932961,12232.5,20.729081450341702,
2025-09-25T12:40:00.000000,12186.15,12216.2,12186.15,12215.6,43,ULTRACEMCO,12186.177080411753,12189.709632070677,47.063109344655814,12232.5,20.643946693318714,
2025-09-25T12:45:00.000000,12215.6,12219.6,12205.25,12219.6,25,ULTRACEMCO,12192.861664329403,12192.42693824607,47.064990710746045,12232.5,20.71182037083411,
2025-09-25T12:50:00.000000,12219.6,12225.65,12219.6,12225.65,1,ULTRACEMCO,12199.419331463521,12195.447216587336,47.17949844230573,12232.5,21.036390776956445,
2025-09-25T12:55:00.000000,12225.65,12235.0,12223.2,12235.0,35,ULTRACEMCO,12206.535465170817,12199.042924170306,47.33456957189233,12232.5,21.72281935279326,
2025-09-25T13:00:00.000000,12235.0,12235.0,12235.0,12235.0,0,ULTRACEMCO,12212.228372136653,12202.311749245733,47.30372567704548,12232.5,22.3602173160703,
2025-09-25T13:05:00.000000,12235.0,12245.0,12235.0,12245.0,4,ULTRACEMCO,12218.782697709323,12206.192499314302,47.70353148409622,12232.5,23.358855021850534,
2025-09-25T13:10:00.000000,12245.0,12245.0,12226.5,12226.5,9,ULTRACEMCO,12220.326158167458,12208.038635740275,48.14213693355147,12232.5,23.60533919849561,
2025-09-25T13:15:00.000000,12226.5,12226.5,12211.75,12226.0,3,ULTRACEMCO,12221.460926533966,12209.671487036614,49.01548400239418,12232.5,22.787593600929863,
2025-09-25T13:20:00.000000,12226.0,12226.0,12213.95,12226.0,10,ULTRACEMCO,12222.368741227172,12211.155897306013,49.932516793762595,12232.5,22.028258403190243,
2025-09-25T13:25:00.000000,12226.0,12226.0,12215.2,12215.2,9,ULTRACEMCO,12220.934992981738,12211.523543005465,50.619654137073795,12232.5,21.323161433860594,
2025-09-25T13:30:00.000000,12215.2,12215.2,12194.75,12194.75,25,ULTRACEMCO,12215.697994385391,12209.998675459514,50.995338111965886,12232.5,20.26742088962669,
2025-09-25T13:35:00.000000,12194.75,12194.75,12186.15,12186.15,10,ULTRACEMCO,12209.788395508313,12207.830614054103,51.24688020623849,12232.5,19.755762454475796,
2025-09-25T13:40:00.000000,12186.15,12186.15,12186.15,12186.15,0,ULTRACEMCO,12205.06071640665,12205.859649140093,51.31307560214731,12232.5,19.280651050407112,
2025-09-25T13:45:00.000000,12186.15,12195.95,12186.15,12195.95,2,ULTRACEMCO,12203.23857312532,12204.95877194554,51.503544254835525,12232.5,18.153519023763394,
2025-09-25T13:50:00.000000,12195.95,12197.3,12180.05,12186.35,72,ULTRACEMCO,12199.860858500257,12203.267065405036,51.43321075176552,12232.5,17.478080982929132,
2025-09-25T13:55:00.000000,12184.25,12200.9,12175.9,12198.8,202,ULTRACEMCO,12199.648686800205,12202.860968550032,51.69929410626207,12232.5,17.09842934664706,
2025-09-25T14:00:00.000000,12198.8,12203.75,12169.8,12188.3,299,ULTRACEMCO,12197.378949440164,12201.537244136392,51.874415336039974,12232.5,17.101500406741202,
2025-09-25T14:05:00.000000,12188.3,12203.1,12177.95,12192.35,303,ULTRACEMCO,12196.373159552131,12200.702040123993,52.194278019915416,12232.5,17.104352105400046,
2025-09-25T14:10:00.000000,12192.35,12211.35,12174.25,12194.5,336,ULTRACEMCO,12195.998527641705,12200.13821829454,52.13819602281323,12232.5,16.42386749907052,
2025-09-25T14:15:00.000000,12194.5,12205.3,12174.0,12191.95,327,ULTRACEMCO,12195.188822113363,12199.393834813218,52.03021559774015,12232.5,15.80953125800652,
2025-09-25T14:20:00.000000,12191.95,12196.75,12174.05,12184.05,284,ULTRACEMCO,12192.96105769069,12197.99894073929,51.30352722200647,12232.5,15.239076177018521,
2025-09-25T14:25:00.000000,12184.05,12196.3,12165.35,12179.95,209,ULTRACEMCO,12190.358846152552,12196.358127944808,50.44372650008449,12232.5,15.347095883414335,
2025-09-25T14:30:00.000000,12186.25,12186.25,12163.55,12176.95,317,ULTRACEMCO,12187.677076922042,12194.593752677098,49.443261184997496,12232.5,15.573019036140712,
2025-09-25T14:35:00.000000,12176.95,12180.0,12152.0,12180.0,295,ULTRACEMCO,12186.141661537633,12193.26704788827,48.408936198912386,12232.5,16.524284085098177,
2025-09-25T14:40:00.000000,12182.25,12182.25,12164.3,12166.6,186,ULTRACEMCO,12182.233329230106,12190.842770807518,47.11390842186997,12232.5,17.167967974620982,
2025-09-25T14:45:00.000000,12166.5,12166.5,12164.3,12165.05,24,ULTRACEMCO,12178.796663384084,12188.497973461379,45.65757460626317,12232.5,17.765674443463585,
2025-09-25T14:50:00.000000,12165.05,12165.05,12165.05,12165.05,0,ULTRACEMCO,12176.047330707268,12186.366339510345,44.60852552500502,12232.5,18.320687593103145,
2025-09-25T14:55:00.000000,12165.05,12178.0,12165.05,12176.35,55,ULTRACEMCO,12176.107864565814,12185.455763191223,43.933462887956544,12232.5,17.42272392322907,
2025-09-25T15:00:00.000000,12176.35,12176.35,12120.1,12120.1,568,ULTRACEMCO,12164.90629165265,12179.514330173839,42.43301313276836,12232.5,19.084832739610977,
2025-09-25T15:05:00.000000,12120.1,12140.1,12119.9,12127.25,180,ULTRACEMCO,12157.375033322121,12174.763027430763,41.34943911783275,12232.5,20.63573180496876,SELL
2025-09-25T15:10:00.000000,12127.25,12138.8,12127.15,12135.1,87,ULTRACEMCO,12152.920026657697,12171.15729766433,40.83569750818681,12232.5,22.075852365658132,SELL
2025-09-25T15:15:00.000000,12135.1,12151.0,12127.6,12151.0,53,ULTRACEMCO,12152.536021326157,12169.32481605848,40.8116040656203,12232.5,22.292050643232873,SELL
2025-09-25T15:20:00.000000,12151.0,12156.25,12139.0,12141.0,101,ULTRACEMCO,12150.228817060926,12166.749832780437,40.646900507095914,12232.5,22.053862798075215,SELL
2025-09-25T15:25:00.000000,12141.0,12153.0,12132.7,12136.0,80,ULTRACEMCO,12147.38305364874,12163.954393436761,40.19582229195582,12232.5,22.178223324656592,SELL
2025-09-26T09:15:00.000000,12136.4,12162.1,12130.0,12133.0,87,ULTRACEMCO,12144.506442918992,12161.140357669783,39.873492440274234,12162.1,21.542414414644433,SELL
2025-09-26T09:20:00.000000,12133.0,12139.15,12100.0,12139.15,15,ULTRACEMCO,12143.435154335193,12159.141234245257,39.43417080067725,12162.1,22.38754219102835,SELL
2025-09-26T09:25:00.000000,12139.15,12139.15,12139.15,12139.15,0,ULTRACEMCO,12142.578123468154,12157.32384931387,39.182879837582554,12162.1,23.172303697670554,SELL
2025-09-26T09:30:00.000000,12139.15,12139.15,12118.0,12120.0,16,ULTRACEMCO,12138.062498774523,12153.930772103518,38.55919316784992,12162.1,24.659097784900894,SELL
2025-09-26T09:35:00.000000,12120.0,12120.0,12100.0,12100.0,8,ULTRACEMCO,12130.449999019618,12149.027974639563,37.65206899910486,12162.1,26.54940394978803,SELL
2025-09-26T09:40:00.000000,12100.0,12121.2,12100.0,12109.05,14,ULTRACEMCO,12126.169999215694,12145.393613308694,37.023408866465665,12162.1,28.206849737904303,SELL
2025-09-26T09:45:00.000000,12109.05,12120.0,12109.05,12120.0,6,ULTRACEMCO,12124.935999372556,12143.085103007903,36.80765439820354,12162.1,29.74590654115513,SELL
2025-09-26T09:50:00.000000,12120.0,12120.0,12104.9,12104.9,5,ULTRACEMCO,12120.928799498044,12139.613730007184,36.47318055361663,12162.1,31.30092648785122,SELL
2025-09-26T09:55:00.000000,12104.9,12115.8,12099.15,12109.95,41,ULTRACEMCO,12118.733039598435,12136.917027279258,36.3131664778145,12162.1,32.91712049513538,SELL
2025-09-26T10:00:00.000000,12109.95,12109.95,12095.0,12095.0,3,ULTRACEMCO,12113.986431678748,12133.10638843569,35.87516920217568,12162.1,34.5403582738868,SELL
2025-09-26T10:05:00.000000,12095.0,12095.0,12086.5,12086.5,3,ULTRACEMCO,12108.489145343,12128.869444032445,35.600315639069166,12162.1,36.28803329057416,SELL
2025-09-26T10:10:00.000000,12086.5,12086.5,12056.0,12070.05,13,ULTRACEMCO,12100.8013162744,12123.522221847677,35.18293591653207,12162.1,38.57468574257535,SELL
2025-09-26T10:15:00.000000,12070.05,12070.05,12040.0,12047.0,15,ULTRACEMCO,12090.041053019519,12116.56565622516,34.56864302360518,12162.1,40.955076408829704,SELL
2025-09-26T10:20:00.000000,12047.0,12050.0,12040.2,12050.0,20,ULTRACEMCO,12082.032842415614,12110.514232931964,33.66451504779654,12162.1,43.16543917035161,SELL
2025-09-26T10:25:00.000000,12050.0,12055.95,12023.3,12023.3,44,ULTRACEMCO,12070.286273932492,12102.585666301786,33.38637313745237,12162.1,45.46299092661473,SELL
2025-09-26T10:30:00.000000,12023.3,12023.3,11997.0,12006.55,87,ULTRACEMCO,12057.539019145994,12093.855151183441,32.825307471714964,12162.1,47.89575352709288,SELL
2025-09-26T10:35:00.000000,12006.55,12006.55,11991.0,12005.05,27,ULTRACEMCO,12047.041215316794,12085.78195562131,32.06397425979089,12162.1,50.213348656629464,SELL
2025-09-26T10:40:00.000000,12005.05,12035.85,12005.05,12035.85,33,ULTRACEMCO,12044.802972253436,12081.242686928465,31.63077148103157,12162.1,50.12369794846439,SELL
2025-09-26T10:45:00.000000,12035.85,12039.85,12035.0,12039.85,264,ULTRACEMCO,12043.81237780275,12077.479715389512,31.415475550171,12162.1,49.775020283457344,SELL
2025-09-26T10:50:00.000000,12039.85,12051.0,12039.85,12041.9,13,ULTRACEMCO,12043.4299022422,12074.245195808648,31.309430207081988,12162.1,48.72845257232929,SELL
2025-09-26T10:55:00.000000,12041.9,12052.75,12039.7,12039.7,3,ULTRACEMCO,12042.68392179376,12071.104723462407,31.21976287998833,12162.1,47.64430455541867,SELL
2025-09-26T11:00:00.000000,12039.7,12075.0,12039.7,12075.0,22,ULTRACEMCO,12049.147137435008,12071.458839511279,31.627961707615547,12162.1,45.32633809138296,
2025-09-26T11:05:00.000000,12075.0,12094.3,12075.0,12079.85,13,ULTRACEMCO,12055.287709948007,12072.22167228298,32.110711913142026,12162.1,42.2376407350036,
2025-09-26T11:10:00.000000,12079.85,12094.15,12079.85,12093.5,6,ULTRACEMCO,12062.930167958406,12074.1560657118,33.08084945142268,12162.1,39.36956461836563,
2025-09-26T11:15:00.000000,12093.5,12099.0,12090.0,12099.0,6,ULTRACEMCO,12070.144134366725,12076.414605192545,34.36508072306021,12162.1,36.642618442096826,
2025-09-26T11:20:00.000000,12099.0,12106.2,12086.85,12106.2,57,ULTRACEMCO,12077.35530749338,12079.122368356859,35.524334186868984,12162.1,34.454967282222,
2025-09-26T11:25:00.000000,12106.2,12106.2,12106.2,12106.2,0,ULTRACEMCO,12083.124245994704,12081.583971233507,36.42843795302537,12162.1,32.42357691948109,
2025-09-26T11:30:00.000000,12106.2,12106.2,12052.05,12065.3,49,ULTRACEMCO,12079.559396795763,12080.10361021228,36.883346158306516,12162.1,31.939286338829515,SELL
2025-09-26T11:35:00.000000,12065.3,12065.3,12056.0,12056.0,48,ULTRACEMCO,12074.84751743661,12077.912372920255,37.106315253101194,12162.1,31.48958794251019,SELL
2025-09-26T11:40:00.000000,12056.0,12061.35,12039.75,12057.2,119,ULTRACEMCO,12071.318013949289,12076.029429927505,37.53909247536755,12162.1,31.57204596065221,SELL
2025-09-26T11:45:00.000000,12057.2,12057.2,12002.9,12002.9,54,ULTRACEMCO,12057.634411159432,12069.381299934095,37.51982757268996,12162.1,32.548007153997794,SELL
2025-09-26T11:50:00.000000,12002.9,12017.25,12002.9,12017.25,10,ULTRACEMCO,12049.557528927546,12064.642090849178,37.911079417170285,12162.1,33.45425683353297,SELL
2025-09-26T11:55:00.000000,12017.25,12045.95,12016.5,12025.1,18,ULTRACEMCO,12044.666023142037,12061.047355317434,38.62562674718818,12162.1,32.797128610350676,SELL
2025-09-26T12:00:00.000000,12025.1,12025.1,12025.1,12025.1,0,ULTRACEMCO,12040.75281851363,12057.77941392494,39.26636225726739,12162.1,32.18693811739569,SELL
2025-09-26T12:05:00.000000,12025.1,12033.85,12025.1,12033.85,1,ULTRACEMCO,12039.372254810905,12055.604012659036,40.255861944851674,12162.1,31.189014243900136,SELL
2025-09-26T12:10:00.000000,12033.85,12052.25,12033.85,12052.25,3,ULTRACEMCO,12041.947803848725,12055.299102417306,41.63817369791288,12162.1,29.425203134495884,
2025-09-26T12:15:00.000000,12052.25,12055.0,12043.85,12055.0,9,ULTRACEMCO,12044.55824307898,12055.27191128846,43.07078538333873,12162.1,27.66789940938532,
2025-09-26T12:20:00.000000,12055.0,12055.0,12055.0,12055.0,1,ULTRACEMCO,12046.646594463184,12055.247192080418,43.82317309657082,12162.1,26.036117378925514,
2025-09-26T12:25:00.000000,12055.0,12085.0,12055.0,12085.0,9,ULTRACEMCO,12054.317275570547,12057.951992800381,44.92896290477778,12162.1,25.073138701512345,
2025-09-26T12:30:00.000000,12085.0,12085.0,12055.0,12056.55,31,ULTRACEMCO,12054.763820456437,12057.824538909437,45.585995379668624,12162.1,24.17894421534297,
2025-09-26T12:35:00.000000,12056.55,12083.35,12056.55,12083.35,16,ULTRACEMCO,12060.48105636515,12060.145035372216,46.5982418378022,12162.1,23.34862076389998,
2025-09-26T12:40:00.000000,12083.35,12089.95,12075.35,12080.2,10,ULTRACEMCO,12064.42484509212,12061.968213974742,46.92016664768041,12162.1,22.84973127071456,
2025-09-26T12:45:00.000000,12080.2,12080.2,12076.35,12077.25,8,ULTRACEMCO,12066.989876073696,12063.357467249765,47.1248586690721,12162.1,22.3864767413281,
2025-09-26T12:50:00.000000,12077.25,12090.0,12075.2,12090.0,7,ULTRACEMCO,12071.591900858957,12065.779515681605,47.28772260417992,12162.1,22.373234775516313,
2025-09-26T12:55:00.000000,12090.0,12090.0,12090.0,12090.0,0,ULTRACEMCO,12075.273520687166,12067.981377892367,47.37254438620094,12162.1,22.36093866440537,
2025-09-26T13:00:00.000000,12090.0,12096.3,12072.1,12072.1,23,ULTRACEMCO,12074.638816549732,12068.35579808397,47.07289721145614,12162.1,21.225293861906813,
2025-09-26T13:05:00.000000,12072.1,12085.85,12072.1,12085.85,1,ULTRACEMCO,12076.881053239786,12069.946180076337,46.96197959486396,12162.1,20.170766545301007,
2025-09-26T13:10:00.000000,12085.85,12085.85,12075.7,12075.7,1,ULTRACEMCO,12076.644842591828,12070.46925461485,47.34158421681605,12162.1,19.19156260845276,
2025-09-26T13:15:00.000000,12075.7,12075.7,12065.0,12065.0,5,ULTRACEMCO,12074.315874073462,12069.972049649865,47.679792329277966,12162.1,18.026261360588464,
2025-09-26T13:20:00.000000,12065.0,12068.0,12058.2,12058.2,4,ULTRACEMCO,12071.09269925877,12068.901863318059,47.89968642686262,12162.1,17.33711113241281,
2025-09-26T13:25:00.000000,12058.2,12058.2,12058.2,12058.2,0,ULTRACEMCO,12068.514159407016,12067.92896665278,48.66918172781621,12162.1,16.697185920535418,
2025-09-26T13:30:00.000000,12058.2,12062.7,12058.2,12062.7,12,ULTRACEMCO,12067.351327525612,12067.453606047982,49.27905560166283,12162.1,15.780481696519066,
2025-09-26T13:35:00.000000,12062.7,12078.65,12062.7,12078.65,39,ULTRACEMCO,12069.611062020489,12068.47146004362,50.029591723132576,12162.1,15.39519017264593,
2025-09-26T13:40:00.000000,12078.65,12099.95,12078.65,12084.05,17,ULTRACEMCO,12072.498849616391,12069.887690948746,50.864361041482695,12162.1,16.092261415073636,
2025-09-26T13:45:00.000000,12084.05,12100.5,12084.05,12100.5,11,ULTRACEMCO,12078.099079693113,12072.670628135224,51.78798552202356,12162.1,16.763929119860297,
2025-09-26T13:50:00.000000,12100.5,12100.5,12066.4,12066.4,37,ULTRACEMCO,12075.75926375449,12072.10057103202,51.851544980171994,12162.1,16.166906204487272,
2025-09-26T13:55:00.000000,12066.4,12074.6,12066.0,12066.0,6,ULTRACEMCO,12073.807411003592,12071.545973665474,51.86786676593314,12162.1,15.586877261954474,
2025-09-26T14:00:00.000000,12066.0,12066.0,12055.0,12055.0,13,ULTRACEMCO,12070.045928802874,12070.04179424134,51.723924604254606,12162.1,14.58827008489836,
2025-09-26T14:05:00.000000,12055.0,12055.0,12055.0,12055.0,0,ULTRACEMCO,12067.0367430423,12068.674358401218,51.14928361566032,12162.1,13.660991991917683,
2025-09-26T14:10:00.000000,12055.0,12058.15,12055.0,12058.15,3,ULTRACEMCO,12065.259394433839,12067.717598546562,51.041709462454776,12162.1,12.779601146946069,
2025-09-26T14:15:00.000000,12058.15,12058.15,12056.1,12056.1,4,ULTRACEMCO,12063.427515547071,12066.661453224147,50.56959885819841,12162.1,11.961166790901,
2025-09-26T14:20:00.000000,12056.1,12068.55,12056.1,12068.55,49,ULTRACEMCO,12064.452012437658,12066.83313929468,50.383598796468355,12162.1,11.901624065326315,
2025-09-26T14:25:00.000000,12068.55,12068.55,12054.0,12057.65,3,ULTRACEMCO,12063.091609950126,12065.998308449709,50.04562623832877,12162.1,11.678434223570857,
2025-09-26T14:30:00.000000,12057.65,12057.65,12055.0,12055.0,2,ULTRACEMCO,12061.473287960102,12064.998462227008,49.50129630846352,12162.1,11.471186513369359,
2025-09-26T14:35:00.000000,12055.0,12055.0,12055.0,12055.0,6,ULTRACEMCO,12060.178630368082,12064.089511115462,48.95696637859827,12162.1,11.278742211039397,
2025-09-26T14:40:00.000000,12055.0,12073.6,12055.0,12073.6,11,ULTRACEMCO,12062.862904294465,12064.954101014057,49.074525731806546,12162.1,12.335616954329854,
2025-09-26T14:45:00.000000,12073.6,12078.95,12070.0,12078.95,261,ULTRACEMCO,12066.080323435572,12066.226455467324,49.10024941139083,12162.1,13.609949915064858,
2025-09-26T14:50:00.000000,12078.95,12078.95,12078.95,12078.95,0,ULTRACEMCO,12068.654258748458,12067.38314133393,49.282480518086075,12162.1,14.793259092890219,
2025-09-26T14:55:00.000000,12078.95,12078.95,12060.0,12065.0,38,ULTRACEMCO,12067.923406998767,12067.166492121754,49.316372047482865,12162.1,14.166236496926222,
2025-09-26T15:00:00.000000,12065.0,12068.0,12054.05,12064.1,22,ULTRACEMCO,12067.158725599014,12066.887720110686,49.428496334619965,12162.1,13.171906866326749,
2025-09-26T15:05:00.000000,12064.1,12064.1,12050.0,12060.0,13,ULTRACEMCO,12065.726980479212,12066.261563736987,49.4527446988477,12162.1,12.544244595561555,
2025-09-26T15:10:00.000000,12060.0,12060.0,12041.85,12041.85,3,ULTRACEMCO,12060.95158438337,12064.042330669989,49.0523001011649,12162.1,12.52486810120709,
2025-09-26T15:15:00.000000,12041.85,12070.0,12041.85,12059.25,78,ULTRACEMCO,12060.611267506696,12063.606664245444,48.78123433638403,12162.1,11.718569642622167,
2025-09-26T15:20:00.000000,12059.25,12096.75,12059.25,12096.75,149,ULTRACEMCO,12067.839014005356,12066.619694768586,49.03741562159214,12162.1,12.388999106242622,
2025-09-26T15:25:00.000000,12096.75,12096.75,12090.0,12092.0,18,ULTRACEMCO,12072.671211204284,12068.926995244168,48.96233435657475,12162.1,13.011540751033047,
2025-09-29T09:15:00.000000,12092.1,12148.1,12092.1,12114.75,104,ULTRACEMCO,12081.086968963427,12073.092722949244,49.74522115420849,12148.1,15.44618661414727,
2025-09-29T09:20:00.000000,12114.75,12128.95,12080.7,12080.7,55,ULTRACEMCO,12081.009575170741,12073.784293590223,49.952746476732145,12148.1,16.939771862893558,
2025-09-29T09:25:00.000000,12080.7,12102.6,12080.7,12102.6,32,ULTRACEMCO,12085.327660136592,12076.40390326384,50.58700656538949,12148.1,18.32667245101511,
2025-09-29T09:30:00.000000,12102.6,12106.05,12102.6,12103.4,50,ULTRACEMCO,12088.942128109275,12078.858093876217,51.23053669899898,12148.1,19.728096332743025,
2025-09-29T09:35:00.000000,12103.4,12121.6,12103.4,12121.6,18,ULTRACEMCO,12095.47370248742,12082.743721705652,52.01881143881202,12148.1,21.50884539585847,
2025-09-29T09:40:00.000000,12121.6,12121.6,12102.05,12102.05,37,ULTRACEMCO,12096.788961989936,12084.498837914229,52.52942553661378,12148.1,23.058950781123198,
2025-09-29T09:45:00.000000,12102.05,12109.3,12089.25,12100.7,56,ULTRACEMCO,12097.571169591949,12085.971670831117,52.77690765122894,12148.1,23.54961156395866,
2025-09-29T09:50:00.000000,12100.7,12119.9,12100.7,12119.9,12,ULTRACEMCO,12102.03693567356,12089.056064391925,53.447784587253125,12148.1,24.38758784556262,
2025-09-29T09:55:00.000000,12119.9,12140.0,12119.9,12140.0,7,ULTRACEMCO,12109.629548538847,12093.687331265386,54.37231736323737,12148.1,25.789555248928075,
2025-09-29T10:00:00.000000,12140.0,12141.0,12127.2,12141.0,3,ULTRACEMCO,12115.903638831078,12097.988482968532,55.30676639769507,12148.1,27.120088496037592,
2025-09-29T10:05:00.000000,12141.0,12141.0,12115.0,12117.0,135,ULTRACEMCO,12116.122911064862,12099.716802698666,55.462087091657814,12148.1,27.466529437098217,
2025-09-29T10:10:00.000000,12117.0,12123.0,12105.2,12123.0,90,ULTRACEMCO,12117.498328851889,12101.833456998787,55.591624347884725,12148.1,27.13417996491318,
2025-09-29T10:15:00.000000,12123.0,12129.8,12120.0,12120.9,14,ULTRACEMCO,12118.178663081511,12103.566779089806,55.68632890546182,12148.1,27.09733045457339,
2025-09-29T10:20:00.000000,12120.9,12134.9,12119.4,12128.6,272,ULTRACEMCO,12120.26293046521,12105.842526445278,56.18474271646113,12148.1,27.26380263551666,
2025-09-29T10:25:00.000000,12128.6,12130.0,12114.9,12127.15,9,ULTRACEMCO,12121.640344372167,12107.779569495708,56.674926250916144,12148.1,27.093841134621634,
2025-09-29T10:30:00.000000,12127.15,12131.0,12114.05,12114.05,10,ULTRACEMCO,12120.122275497733,12108.349608632461,57.0143539716165,12148.1,26.980720327552156,
2025-09-29T10:35:00.000000,12114.05,12114.05,12101.0,12101.0,6,ULTRACEMCO,12116.297820398187,12107.681462393146,57.48201414552686,12148.1,25.93602102095241,
2025-09-29T10:40:00.000000,12101.0,12103.6,12100.05,12103.6,6,ULTRACEMCO,12113.75825631855,12107.310420357406,57.59642352702493,12148.1,24.90053566279125,
2025-09-29T10:45:00.000000,12103.6,12120.25,12103.25,12120.25,61,ULTRACEMCO,12115.05660505484,12108.486745779459,57.36128853940379,12148.1,24.782368133951756,
2025-09-29T10:50:00.000000,12120.25,12120.25,12100.0,12100.3,79,ULTRACEMCO,12112.105284043872,12107.742496163144,56.88889512789408,12148.1,24.43265160703197,
2025-09-29T10:55:00.000000,12100.3,12105.2,12100.0,12105.2,12,ULTRACEMCO,12110.724227235098,12107.511360148314,56.20690167267135,12148.1,24.10791483203503,
2025-09-29T11:00:00.000000,12105.2,12105.2,12089.2,12089.2,2,ULTRACEMCO,12106.419381788079,12105.846691043922,55.86166117682071,12148.1,22.992212027022457,
2025-09-29T11:05:00.000000,12089.2,12103.8,12089.2,12103.8,10,ULTRACEMCO,12105.895505430462,12105.660628221747,55.48774429340669,12148.1,21.956202279510784,
2025-09-29T11:10:00.000000,12103.8,12103.8,12089.0,12089.0,8,ULTRACEMCO,12102.51640434437,12104.146025656133,54.88656965612779,12148.1,20.978402120785454,
2025-09-29T11:15:00.000000,12089.0,12093.65,12084.1,12093.65,6,ULTRACEMCO,12100.743123475495,12103.191841505575,54.15853245740774,12148.1,19.675866539002808,
2025-09-29T11:20:00.000000,12093.65,12093.65,12084.1,12085.0,2,ULTRACEMCO,12097.594498780396,12101.538037732342,53.614440785293105,12148.1,18.46636921306178,
2025-09-29T11:25:00.000000,12085.0,12097.95,12083.15,12083.15,42,ULTRACEMCO,12094.705599024317,12099.866397938493,53.063486413947246,12148.1,17.68620116280592,
2025-09-29T11:30:00.000000,12083.15,12083.15,12061.4,12061.4,24,ULTRACEMCO,12088.044479219454,12096.369452671357,51.985419161916994,12148.1,17.511935467118327,
2025-09-29T11:35:00.000000,12061.4,12072.1,12035.0,12035.0,164,ULTRACEMCO,12077.435583375564,12090.790411519416,50.41291458157199,12148.1,18.663320714960175,
2025-09-29T11:40:00.000000,12035.0,12055.2,12035.0,12055.2,5,ULTRACEMCO,12072.988466700452,12087.554919563105,49.20112581376788,12148.1,19.732464159384744,
2025-09-29T11:45:00.000000,12055.2,12055.2,12024.7,12030.2,269,ULTRACEMCO,12064.430773360362,12082.340835966459,48.13415224153867,12148.1,21.14895836709099,
2025-09-29T11:50:00.000000,12030.2,12030.2,12016.0,12016.0,5,ULTRACEMCO,12054.74461868829,12076.309850878599,46.869726856357225,12148.1,22.788862998251272,
2025-09-29T11:55:00.000000,12016.0,12016.0,12015.4,12015.4,1,ULTRACEMCO,12046.875694950631,12070.772591707817,45.63481942181939,12148.1,24.333802509516254,
2025-09-29T12:00:00.000000,12015.4,12027.95,12000.0,12002.0,32,ULTRACEMCO,12037.900555960505,12064.520537916198,44.18370057537499,12148.1,26.296714202774407,SELL
2025-09-29T12:05:00.000000,12002.0,12014.6,12002.0,12014.6,8,ULTRACEMCO,12033.240444768404,12059.982307196544,43.00177922201333,12148.1,28.11941791794269,SELL
2025-09-29T12:10:00.000000,12014.6,12014.6,11998.7,12014.6,25,ULTRACEMCO,12029.512355814722,12055.856642905948,42.0584896053157,12148.1,29.922111607930407,SELL
2025-09-29T12:15:00.000000,12014.6,12014.6,11984.6,11985.6,13,ULTRACEMCO,12020.729884651779,12049.469675369044,41.06112579958892,12148.1,32.02379685536157,SELL
2025-09-29T12:20:00.000000,11985.6,11986.0,11979.7,11986.0,17,ULTRACEMCO,12013.783907721423,12043.69970488095,40.02874463314121,12148.1,34.108497881945254,SELL
2025-09-29T12:25:00.000000,11986.0,11989.95,11985.0,11989.95,10,ULTRACEMCO,12009.01712617714,12038.81336807359,38.81888316456841,12148.1,35.60351805102994,SELL
2025-09-29T12:30:00.000000,11989.95,11989.95,11980.0,11989.95,23,ULTRACEMCO,12005.20370094171,12034.371243703265,37.93932438308909,12148.1,37.15101960914928,SELL
2025-09-29T12:35:00.000000,11989.95,11989.95,11980.0,11980.0,14,ULTRACEMCO,12000.162960753369,12029.428403366604,36.8794826501353,12148.1,38.58798534168867,SELL
2025-09-29T12:40:00.000000,11980.0,11992.7,11963.0,11969.55,143,ULTRACEMCO,11994.040368602695,12023.984912151458,35.96379355998418,12148.1,40.42156114689812,SELL
2025-09-29T12:45:00.000000,11969.55,11976.95,11969.55,11976.95,5,ULTRACEMCO,11990.622294882156,12019.70901104678,34.992143003792506,12148.1,42.124167251735464,SELL
2025-09-29T12:50:00.000000,11976.95,11976.95,11960.0,11972.05,12,ULTRACEMCO,11986.907835905724,12015.376373678891,34.185651845616334,12148.1,43.95102275697207,SELL
2025-09-29T12:55:00.000000,11972.05,11972.05,11965.0,11972.0,10,ULTRACEMCO,11983.92626872458,12011.43306698081,33.30125112731098,12148.1,45.64738858326321,SELL
2025-09-29T13:00:00.000000,11972.0,12014.0,11972.0,12010.55,14,ULTRACEMCO,11989.251014979664,12011.352788164373,33.38389386617116,12148.1,43.279990938404694,
2025-09-29T13:05:00.000000,12010.55,12016.2,12005.05,12010.0,4,ULTRACEMCO,11993.40081198373,12011.229807422158,33.485629471556365,12148.1,40.93503962363837,
2025-09-29T13:10:00.000000,12010.0,12024.0,12010.0,12024.0,5,ULTRACEMCO,11999.520649586984,12012.390734020144,34.13015110474737,12148.1,38.24366408717126,
2025-09-29T13:15:00.000000,12024.0,12024.0,12013.1,12017.35,3,ULTRACEMCO,12003.086519669587,12012.841576381948,34.94770141915042,12148.1,35.744529660451796,
2025-09-29T13:20:00.000000,12017.35,12017.35,12015.1,12015.1,1,ULTRACEMCO,12005.48921573567,12013.046887619954,35.355616573268314,12148.1,33.42390483564087,
2025-09-29T13:25:00.000000,12015.1,12034.3,12015.1,12018.65,34,ULTRACEMCO,12008.121372588535,12013.556261472686,36.08728344338461,12148.1,31.911999876863753,
2025-09-29T13:30:00.000000,12018.65,12036.3,12018.65,12033.7,26,ULTRACEMCO,12013.23709807083,12015.387510429715,37.216828391463594,12148.1,30.62549600365336,
2025-09-29T13:35:00.000000,12033.7,12045.25,12033.7,12045.25,10,ULTRACEMCO,12019.639678456664,12018.102282208833,38.535630636910895,12148.1,29.940126965101232,
2025-09-29T13:40:00.000000,12045.25,12045.25,12011.7,12025.95,17,ULTRACEMCO,12020.90174276533,12018.81571109894,39.5972859901486,12148.1,27.85366143333195,
2025-09-29T13:45:00.000000,12025.95,12025.95,11988.6,11988.6,11,ULTRACEMCO,12014.441394212265,12016.068828271764,39.87849176861719,12148.1,27.11422471136044,SELL
2025-09-29T13:50:00.000000,11988.6,11990.9,11988.6,11990.9,11,ULTRACEMCO,12009.733115369812,12013.780752974331,40.20080162836875,12148.1,26.427604898101176,SELL
2025-09-29T13:55:00.000000,11990.9,12041.0,11990.9,12041.0,5,ULTRACEMCO,12015.98649229585,12016.255229976665,41.511955612184195,12148.1,25.79285153480395,
2025-09-29T14:00:00.000000,12041.0,12041.0,12041.0,12041.0,0,ULTRACEMCO,12020.98919383668,12018.504754524241,42.81495435346002,12148.1,25.20343769745653,
2025-09-29T14:05:00.000000,12041.0,12042.9,12024.05,12032.8,18,ULTRACEMCO,12023.351355069344,12019.804322294765,43.9104714623807,12148.1,23.77658529204347,
2025-09-29T14:10:00.000000,12032.8,12032.8,12020.0,12020.0,5,ULTRACEMCO,12022.681084055475,12019.82211117706,44.822041645338615,12148.1,22.25435731525865,
2025-09-29T14:15:00.000000,12020.0,12075.0,12020.0,12065.2,73,ULTRACEMCO,12031.184867244381,12023.947373797328,46.363433663867255,12148.1,22.425997329702344,
2025-09-29T14:20:00.000000,12065.2,12067.75,12054.6,12064.15,134,ULTRACEMCO,12037.777893795504,12027.602157997571,47.98952938967555,12148.1,22.58537734311435,
2025-09-29T14:25:00.000000,12064.15,12078.6,12064.15,12078.6,2,ULTRACEMCO,12045.942315036404,12032.238325452337,49.57799648860731,12148.1,23.075295331881563,
2025-09-29T14:30:00.000000,12078.6,12079.95,12066.8,12072.05,10,ULTRACEMCO,12051.163852029124,12035.857568593034,51.11392926783288,12148.1,23.57276196004771,
2025-09-29T14:35:00.000000,12072.05,12090.0,12061.25,12089.35,71,ULTRACEMCO,12058.801081623298,12040.720516902758,52.823578190845225,12148.1,24.351448793234425,
2025-09-29T14:40:00.000000,12089.35,12089.35,12069.35,12080.95,11,ULTRACEMCO,12063.23086529864,12044.377742638871,53.55463727756272,12148.1,25.074515138336377,
2025-09-29T14:45:00.000000,12080.95,12080.95,12059.6,12074.0,38,ULTRACEMCO,12065.384692238911,12047.070675126246,54.17960776497912,12148.1,25.10649481153166,
2025-09-29T14:50:00.000000,12074.0,12074.0,12062.95,12062.95,1,ULTRACEMCO,12064.897753791129,12048.51425011477,54.3827430109596,12148.1,25.136190222355854,
2025-09-29T14:55:00.000000,12062.95,12075.8,12062.95,12075.8,26,ULTRACEMCO,12067.078203032903,12050.99477283161,54.85698659205123,12148.1,25.238525856398788,
2025-09-29T15:00:00.000000,12075.8,12075.8,12021.25,12047.35,269,ULTRACEMCO,12063.132562426323,12050.663429846918,54.95126370201822,12148.1,23.884898286809232,
2025-09-29T15:05:00.000000,12047.35,12047.35,12021.85,12026.05,19,ULTRACEMCO,12055.716049941058,12048.42584531538,54.71777507756737,12148.1,22.627958400761788,
2025-09-29T15:10:00.000000,12026.05,12042.2,12026.05,12032.8,96,ULTRACEMCO,12051.132839952847,12047.005313923073,54.3070594760934,12148.1,21.4607999351463,
2025-09-29T15:15:00.000000,12032.8,12044.0,12025.75,12042.3,99,ULTRACEMCO,12049.366271962277,12046.577558111885,53.843656816811155,12148.1,20.27222335030263,
2025-09-29T15:20:00.000000,12042.3,12061.25,12038.4,12053.65,64,ULTRACEMCO,12050.223017569822,12047.22050737444,53.90646136527455,12148.1,19.4134143011849,
2025-09-29T15:25:00.000000,12053.65,12075.0,12046.4,12050.0,583,ULTRACEMCO,12050.178414055858,12047.473188522219,54.454536875112424,12148.1,19.24958096817459,
2025-09-30T09:15:00.000000,12050.0,12165.0,12050.0,12153.95,126,ULTRACEMCO,12070.932731244686,12057.152898656563,55.89377891429192,12170.0,21.496832721990625,
2025-09-30T09:20:00.000000,12153.95,12170.0,12129.95,12129.95,25,ULTRACEMCO,12082.736184995749,12063.770816960512,56.31042342580223,12170.0,23.666916240903753,
2025-09-30T09:25:00.000000,12129.95,12129.95,12097.0,12097.0,42,ULTRACEMCO,12085.588947996599,12066.791651782283,56.363476348093606,12170.0,24.121467813306584,
2025-09-30T09:30:00.000000,12097.0,12110.95,12091.05,12102.95,22,ULTRACEMCO,12089.061158397279,12070.07877434753,56.586577660655735,12170.0,24.290804400754734,
2025-09-30T09:35:00.000000,12102.95,12128.0,12102.95,12113.55,107,ULTRACEMCO,12093.958926717823,12074.0307039523,57.07836424196614,12170.0,24.85481270160501,
2025-09-30T09:40:00.000000,12113.55,12113.7,12094.95,12094.95,51,ULTRACEMCO,12094.157141374259,12075.932458138454,56.83455264201242,12170.0,25.022842411409915,
2025-09-30T09:45:00.000000,12094.95,12106.0,12094.95,12100.2,22,ULTRACEMCO,12095.365713099407,12078.138598307685,56.65318630244515,12170.0,25.1788699990859,
2025-09-30T09:50:00.000000,12100.2,12111.95,12098.05,12098.05,15,ULTRACEMCO,12095.902570479526,12079.948725734259,56.302074847030816,12170.0,25.487390244070188,
2025-09-30T09:55:00.000000,12098.05,12106.7,12098.05,12106.7,2,ULTRACEMCO,12098.06205638362,12082.380659758417,56.14090773134482,12170.0,25.773873328698453,
2025-09-30T10:00:00.000000,12106.7,12153.4,12106.7,12153.4,42,ULTRACEMCO,12109.129645106896,12088.836963416743,56.19403024754787,12170.0,27.16129661576026,
2025-09-30T10:05:00.000000,12153.4,12161.75,12146.05,12160.0,69,ULTRACEMCO,12119.303716085516,12095.306330378857,56.433862782164496,12170.0,28.6105640682541,
2025-09-30T10:10:00.000000,12160.0,12169.7,12159.0,12168.0,92,ULTRACEMCO,12129.042972868414,12101.914845798961,56.84595758743878,12170.0,30.10814948632839,
2025-09-30T10:15:00.000000,12168.0,12172.0,12163.75,12163.75,48,ULTRACEMCO,12135.984378294732,12107.5362234536,57.371864357910695,12170.0,31.54359263071738,
2025-09-30T10:20:00.000000,12163.75,12163.75,12155.0,12155.0,8,ULTRACEMCO,12139.787502635785,12111.851112230546,57.6077335973936,12170.0,32.35594841958688,
2025-09-30T10:25:00.000000,12155.0,12168.6,12154.05,12168.6,44,ULTRACEMCO,12145.550002108628,12117.010102027769,58.3793631044089,12170.0,33.225044910331334,
2025-09-30T10:30:00.000000,12168.6,12170.6,12153.3,12170.6,92,ULTRACEMCO,12150.560001686903,12121.881910934335,59.427464918261194,12170.0,34.080983733696215,
2025-09-30T10:35:00.000000,12170.6,12170.6,12155.05,12155.05,125,ULTRACEMCO,12151.458001349522,12124.897191758486,60.12883945767739,12170.0,34.87578406967789,
2025-09-30T10:40:00.000000,12155.05,12157.75,12144.25,12152.9,130,ULTRACEMCO,12151.746401079617,12127.442901598624,60.66465002873689,12170.0,34.86943671138524,
2025-09-30T10:45:00.000000,12152.9,12152.9,12152.9,12152.9,0,ULTRACEMCO,12151.977120863694,12129.757183271477,61.04947054661069,12170.0,34.863542735827785,
2025-09-30T10:50:00.000000,12152.9,12152.9,12152.9,12152.9,0,ULTRACEMCO,12152.161696690955,12131.861075701343,61.48723071625619,12170.0,34.85806975852443,
2025-09-30T10:55:00.000000,12152.9,12167.4,12152.9,12160.0,79,ULTRACEMCO,12153.729357352764,12134.419159728493,61.08165456669146,12170.0,35.353347787250236,
2025-09-30T11:00:00.000000,12160.0,12160.0,12144.1,12145.85,200,ULTRACEMCO,12152.15348588221,12135.458327025903,60.71036775135868,12170.0,35.14884600654288,
2025-09-30T11:05:00.000000,12145.85,12160.0,12141.05,12160.0,62,ULTRACEMCO,12153.722788705769,12137.689388205366,60.889707837820424,12170.0,34.73276846400476,
2025-09-30T11:10:00.000000,12160.0,12160.0,12145.5,12145.5,247,ULTRACEMCO,12152.078230964615,12138.39944382306,60.761592636757804,12170.0,34.34641074593364,
2025-09-30T11:15:00.000000,12145.5,12145.5,12128.5,12128.5,21,ULTRACEMCO,12147.362584771692,12137.4994943846,60.27796972205103,12170.0,32.751476249852104,
2025-09-30T11:20:00.000000,12128.5,12140.85,12121.15,12138.05,125,ULTRACEMCO,12145.500067817353,12137.549540349635,60.14387355857848,12170.0,30.801157002658847,
2025-09-30T11:25:00.000000,12135.75,12143.5,12127.45,12143.5,18,ULTRACEMCO,12145.100054253882,12138.090491226942,60.04243900710917,12170.0,29.14053387976632,
2025-09-30T11:30:00.000000,12143.5,12144.95,12133.4,12144.6,32,ULTRACEMCO,12145.000043403106,12138.682264751766,59.98313664247894,12170.0,27.68404866189012,
2025-09-30T11:35:00.000000,12144.6,12145.8,12128.1,12128.1,15,ULTRACEMCO,12141.620034722486,12137.720240683424,59.55593691922223,12170.0,25.954800278331597,
2025-09-30T11:40:00.000000,12128.1,12140.65,12121.1,12121.1,20,ULTRACEMCO,12137.516027777989,12136.209309712203,58.63063040384693,12170.0,24.329731699447716,
2025-09-30T11:45:00.000000,12121.1,12125.0,12115.0,12115.7,5,ULTRACEMCO,12133.152822222391,12134.344827011095,57.573768277620935,12170.0,23.21560282761364,
2025-09-30T11:50:00.000000,12115.7,12132.7,12115.7,12132.7,3,ULTRACEMCO,12133.062257777914,12134.195297282813,56.76287605281044,12170.0,21.621529766662093,
2025-09-30T11:55:00.000000,12132.7,12132.7,12118.0,12122.05,15,ULTRACEMCO,12130.859806222332,12133.091179348012,55.84020334346949,12170.0,20.141319067207085,
2025-09-30T12:00:00.000000,12122.05,12164.05,12122.05,12164.05,53,ULTRACEMCO,12137.497844977865,12135.905617589102,55.647595056079695,12170.0,20.46783663590582,
2025-09-30T12:05:00.000000,12164.05,12164.05,12163.8,12163.8,1,ULTRACEMCO,12142.75827598229,12138.441470535547,55.33389678772479,12170.0,20.77103152112607,
2025-09-30T12:10:00.000000,12163.8,12163.8,12150.0,12150.0,5,ULTRACEMCO,12144.206620785833,12139.492245941407,54.76810780875896,12170.0,20.030646814290797,
2025-09-30T12:15:00.000000,12150.0,12160.0,12145.55,12148.1,15,ULTRACEMCO,12144.985296628667,12140.274769037642,54.42304131163437,12170.0,19.04101319202125,
2025-09-30T12:20:00.000000,12148.1,12166.15,12148.1,12165.0,33,ULTRACEMCO,12148.988237302934,12142.522517306947,54.34379817550528,12170.0,18.48359304953481,
2025-09-30T12:25:00.000000,12165.0,12165.0,12153.8,12164.95,7,ULTRACEMCO,12152.180589842348,12144.561379369952,54.2636211681769,12170.0,17.96598863151169,
2025-09-30T12:30:00.000000,12164.95,12169.9,12163.0,12169.9,35,ULTRACEMCO,12155.724471873878,12146.864890336321,54.25187884900915,12170.0,17.786392551978164,
2025-09-30T12:35:00.000000,12169.9,12169.9,12168.8,12168.8,2,ULTRACEMCO,12158.339577499102,12148.858991214836,54.127811833394404,12170.0,17.61962476383989,
2025-09-30T12:40:00.000000,12168.8,12170.0,12168.8,12170.0,1052,ULTRACEMCO,12160.671661999282,12150.780901104397,54.2918923472673,12170.0,17.471548163464682,
2025-09-30T12:45:00.000000,12170.0,12170.0,12163.1,12170.0,292,ULTRACEMCO,12162.537329599425,12152.52809191309,54.26893754856461,12170.0,16.80200119142635,
2025-09-30T12:50:00.000000,12170.0,12199.95,12169.9,12199.95,358,ULTRACEMCO,12170.01986367954,12156.839174466444,54.92650808437854,12170.0,17.93482008788868,
2025-09-30T12:55:00.000000,12199.95,12199.95,12189.55,12189.55,3,ULTRACEMCO,12173.925890943632,12159.812885878586,55.60841533341585,12170.0,18.98672334888942,
2025-09-30T13:00:00.000000,12189.55,12195.0,12189.55,12195.0,6,ULTRACEMCO,12178.140712754906,12163.011714435079,56.22064303935264,12170.0,19.96349066267582,
2025-09-30T13:05:00.000000,12195.0,12199.7,12186.35,12187.95,14,ULTRACEMCO,12180.102570203926,12165.278831304617,56.585860256837314,12170.0,21.109920470030833,
2025-09-30T13:10:00.000000,12187.95,12208.0,12187.95,12205.15,11,ULTRACEMCO,12185.112056163141,12168.903483004196,57.16645518404043,12170.0,22.569727042988063,
2025-09-30T13:15:00.000000,12205.15,12219.9,12205.15,12215.0,9,ULTRACEMCO,12191.089644930513,12173.09407545836,58.147617930798745,12170.0,24.417103150294775,
2025-09-30T13:20:00.000000,12215.0,12217.65,12200.0,12200.0,24,ULTRACEMCO,12192.87171594441,12175.54006859851,58.89325972590162,12170.0,25.580722269336917,
2025-09-30T13:25:00.000000,12200.0,12201.0,12198.55,12201.0,101,ULTRACEMCO,12194.497372755528,12177.854607816827,59.737427611554665,12170.0,26.505085058836617,
2025-09-30T13:30:00.000000,12201.0,12210.0,12200.0,12210.0,385,ULTRACEMCO,12197.597898204422,12180.776916197115,60.4035643481688,12170.0,27.77653625041722,
2025-09-30T13:35:00.000000,12210.0,12210.0,12200.0,12200.0,11,ULTRACEMCO,12198.078318563537,12182.524469270105,61.01210035287145,12170.0,28.957169499742065,
2025-09-30T13:40:00.000000,12200.0,12201.9,12197.6,12197.6,36,ULTRACEMCO,12197.98265485083,12183.894972063732,60.96852782068495,12170.0,29.76205511478776,
2025-09-30T13:45:00.000000,12197.6,12217.3,12197.6,12217.3,12,ULTRACEMCO,12201.846123880663,12186.931792785212,61.22080112724103,12170.0,31.207262977077246,
2025-09-30T13:50:00.000000,12217.3,12217.3,12209.7,12210.0,53,ULTRACEMCO,12203.476899104531,12189.02890253201,61.53800759648402,12170.0,32.54924170634605,
2025-09-30T13:55:00.000000,12210.0,12225.0,12210.0,12225.0,36,ULTRACEMCO,12207.781519283624,12192.299002301828,62.09241200105687,12170.0,34.10457421057611,
2025-09-30T14:00:00.000000,12225.0,12225.0,12223.0,12225.0,38,ULTRACEMCO,12211.225215426899,12195.271820274389,62.41530152143707,12170.0,35.54881153593259,
2025-09-30T14:05:00.000000,12225.0,12231.7,12222.0,12231.7,41,ULTRACEMCO,12215.320172341519,12198.583472976718,62.82950518536501,12170.0,37.152013459966994,
2025-09-30T14:10:00.000000,12231.7,12232.0,12200.0,12200.0,72,ULTRACEMCO,12212.256137873215,12198.712248160653,62.48139473033187,12170.0,36.14386499713242,
2025-09-30T14:15:00.000000,12200.0,12208.0,12198.8,12200.0,92,ULTRACEMCO,12209.804910298571,12198.829316509684,62.15667468033138,12170.0,35.0949749949314,
2025-09-30T14:20:00.000000,12200.0,12209.9,12194.3,12209.9,165,ULTRACEMCO,12209.823928238857,12199.835742281532,61.97857726630493,12170.0,33.69364480939057,
2025-09-30T14:25:00.000000,12209.9,12209.9,12200.0,12203.6,31,ULTRACEMCO,12208.579142591085,12200.177947528666,61.67186708982672,12170.0,32.39240963710266,
2025-09-30T14:30:00.000000,12203.6,12205.0,12200.0,12205.0,66,ULTRACEMCO,12207.863314072867,12200.61631593515,60.97023013044419,12170.0,31.184119834263885,
2025-09-30T14:35:00.000000,12205.0,12231.25,12205.0,12229.0,114,ULTRACEMCO,12212.090651258293,12203.196650850137,60.89793217026113,12170.0,31.65664957879531,
2025-09-30T14:40:00.000000,12229.0,12234.4,12229.0,12234.4,5,ULTRACEMCO,12216.552521006635,12206.03331895467,60.82773374151657,12170.0,32.24206098058849,
2025-09-30T14:45:00.000000,12234.4,12248.1,12231.9,12244.75,349,ULTRACEMCO,12222.192016805308,12209.55301723152,61.06147094963562,12170.0,33.36086936246638,
2025-09-30T14:50:00.000000,12244.75,12246.9,12239.1,12246.2,13,ULTRACEMCO,12226.993613444247,12212.884561119563,61.082089071586665,12170.0,34.39976285992442,
2025-09-30T14:55:00.000000,12246.2,12256.9,12240.0,12251.1,165,ULTRACEMCO,12231.814890755397,12216.358691926875,61.050666982845506,12170.0,35.74326129873035,
2025-09-30T15:00:00.000000,12251.1,12251.1,12220.2,12228.5,147,ULTRACEMCO,12231.151912604317,12217.46244720625,60.819614042098486,12170.0,35.038944181629155,
2025-09-30T15:05:00.000000,12228.5,12228.5,12206.1,12206.1,94,ULTRACEMCO,12226.141530083454,12216.429497460227,60.1578107689572,12170.0,33.30302581212719,
2025-09-30T15:10:00.000000,12206.1,12224.95,12206.1,12218.15,12,ULTRACEMCO,12224.543224066763,12216.585906782024,59.57282883652927,12170.0,31.69110161187536,
2025-09-30T15:15:00.000000,12218.15,12225.0,12204.5,12208.45,44,ULTRACEMCO,12221.32457925341,12215.846278892748,59.05387564670457,12170.0,30.071015535829385,
2025-09-30T15:20:00.000000,12208.45,12238.9,12208.45,12235.0,118,ULTRACEMCO,12224.059663402728,12217.587526266134,58.99195693130334,12170.0,29.393869617617717,
2025-09-30T15:25:00.000000,12235.0,12248.95,12225.0,12225.0,76,ULTRACEMCO,12224.247730722182,12218.261387514667,58.46636837526368,12170.0,29.276530213319766,
2025-10-01T09:15:00.000000,12200.2,12261.1,12189.75,12214.95,216,ULTRACEMCO,12222.388184577745,12217.960352286062,57.946432256426725,12261.1,27.52143382141484,
2025-10-01T09:20:00.000000,12214.95,12214.95,12171.65,12196.7,31,ULTRACEMCO,12217.250547662195,12216.02759298733,56.951516215070725,12261.1,26.730174402573585,
2025-10-01T09:25:00.000000,12196.7,12202.15,12196.7,12202.15,8,ULTRACEMCO,12214.230438129756,12214.765993624846,56.04796502336302,12261.1,25.995433513649566,
2025-10-01T09:30:00.000000,12202.15,12210.0,12202.15,12210.0,10,ULTRACEMCO,12213.384350503806,12214.332721477133,55.184327176194,12261.1,24.827898339050353,
2025-10-01T09:35:00.000000,12210.0,12220.05,12206.0,12215.4,23,ULTRACEMCO,12213.787480403045,12214.429746797394,55.10314226791206,12261.1,23.16063525187397,
2025-10-01T09:40:00.000000,12215.4,12215.95,12206.0,12214.0,9,ULTRACEMCO,12213.829984322436,12214.390678906722,54.997134413084595,12261.1,21.612462385210183,
2025-10-01T09:45:00.000000,12214.0,12214.0,12186.35,12209.2,109,ULTRACEMCO,12212.903987457948,12213.918799006111,54.63836742799498,12261.1,21.191271840079196,
2025-10-01T09:50:00.000000,12209.2,12209.2,12175.0,12181.9,64,ULTRACEMCO,12206.703189966358,12211.007999096464,53.98051811624966,12261.1,21.296489906100046,
2025-10-01T09:55:00.000000,12181.9,12189.45,12172.7,12174.05,95,ULTRACEMCO,12200.172551973086,12207.648180996786,53.19379925396318,12261.1,21.491819670237312,
2025-10-01T10:00:00.000000,12174.05,12189.45,12170.0,12170.0,15,ULTRACEMCO,12194.13804157847,12204.225619087987,51.97102628843752,12261.1,21.791788136095022,
2025-10-01T10:05:00.000000,12170.0,12170.0,12129.0,12129.0,38,ULTRACEMCO,12181.110433262776,12197.386926443625,50.241310666633,12261.1,23.467834517187914,
2025-10-01T10:10:00.000000,12129.0,12142.95,12129.0,12135.0,44,ULTRACEMCO,12171.888346610222,12191.715387676022,48.5010121002885,12261.1,25.02416329963131,
2025-10-01T10:15:00.000000,12135.0,12141.7,12129.0,12137.15,35,ULTRACEMCO,12164.940677288178,12186.754897887293,46.7880991562749,12261.1,26.46932574047161,
2025-10-01T10:20:00.000000,12137.15,12137.15,12116.7,12116.7,22,ULTRACEMCO,12155.292541830542,12180.38627080663,44.81598833121632,12261.1,28.162386777737783,SELL
2025-10-01T10:25:00.000000,12116.7,12120.7,12111.0,12120.7,21,ULTRACEMCO,12148.374033464434,12174.960246187846,43.47887957492736,12261.1,29.887171462351237,SELL
2025-10-01T10:30:00.000000,12120.7,12120.7,12110.0,12110.0,34,ULTRACEMCO,12140.699226771547,12169.054769261678,42.458426232520495,12261.1,31.516140258915133,SELL
2025-10-01T10:35:00.000000,12110.0,12110.0,12100.0,12107.45,19,ULTRACEMCO,12134.049381417237,12163.454335692435,41.21194797329905,12261.1,33.29797183741323,SELL
2025-10-01T10:40:00.000000,12107.45,12113.8,12100.0,12100.9,27,ULTRACEMCO,12127.41950513379,12157.767577902214,40.07116864956536,12261.1,34.599656697706486,SELL
2025-10-01T10:45:00.000000,12100.9,12100.9,12070.8,12070.9,66,ULTRACEMCO,12116.115604107032,12149.870525365648,38.29145659841434,12261.1,36.52570885883389,SELL
2025-10-01T10:50:00.000000,12070.9,12083.6,12066.65,12069.25,130,ULTRACEMCO,12106.742483285625,12142.541386696044,36.672493932562546,12261.1,38.39855947155704,SELL
2025-10-01T10:55:00.000000,12069.25,12092.95,12069.25,12092.95,26,ULTRACEMCO,12103.9839866285,12138.033078814586,35.7700807447046,12261.1,39.33096368660673,SELL
2025-10-01T11:00:00.000000,12092.95,12093.3,12073.0,12093.3,6,ULTRACEMCO,12101.8471893028,12133.966435285987,35.1446771655386,12261.1,40.16658957071696,SELL
2025-10-01T11:05:00.000000,12093.3,12120.2,12080.0,12114.05,81,ULTRACEMCO,12104.28775144224,12132.15585025999,34.84801764190256,12261.1,38.91892156871966,
2025-10-01T11:10:00.000000,12114.05,12124.65,12112.85,12124.65,20,ULTRACEMCO,12108.360201153791,12131.473500236354,34.61043581549029,12261.1,37.476958426496466,
2025-10-01T11:15:00.000000,12124.65,12144.0,12124.65,12130.0,18,ULTRACEMCO,12112.688160923033,12131.339545669412,34.37736963459058,12261.1,35.02263671488903,
2025-10-01T11:20:00.000000,12130.0,12138.0,12130.0,12135.45,8,ULTRACEMCO,12117.240528738426,12131.71322333583,34.26429611024879,12261.1,32.74362369696784,
2025-10-01T11:25:00.000000,12135.45,12154.3,12125.0,12154.3,65,ULTRACEMCO,12124.65242299074,12133.766566668935,34.54066431019389,12261.1,31.020791771228925,
2025-10-01T11:30:00.000000,12154.3,12154.3,12148.7,12148.7,1,ULTRACEMCO,12129.461938392593,12135.124151517213,35.146276114100075,12261.1,29.421019268757078,
2025-10-01T11:35:00.000000,12148.7,12148.7,12122.05,12148.0,49,ULTRACEMCO,12133.169550714074,12136.294683197466,35.842879361741566,12261.1,28.081166644409077,
2025-10-01T11:40:00.000000,12148.0,12148.65,12132.35,12133.15,38,ULTRACEMCO,12133.165640571258,12136.008802906787,36.33237750819306,12261.1,26.83701777894308,SELL
2025-10-01T11:45:00.000000,12133.15,12159.95,12133.15,12159.95,50,ULTRACEMCO,12138.522512457006,12138.185275369806,37.68348875635475,12261.1,25.04697589255625,
2025-10-01T11:50:00.000000,12159.95,12159.95,12143.3,12154.7,3,ULTRACEMCO,12141.758009965604,12139.686613972552,38.816682551406245,12261.1,23.384794140911342,
2025-10-01T11:55:00.000000,12154.7,12154.7,12115.3,12118.85,14,ULTRACEMCO,12137.176407972484,12137.792376338683,39.3772498080521,12261.1,23.15684968345954,SELL
2025-10-01T12:00:00.000000,12118.85,12131.0,12118.0,12122.1,16,ULTRACEMCO,12134.161126377987,12136.36579667153,40.18494093541706,12261.1,22.945186972968582,SELL
2025-10-01T12:05:00.000000,12122.1,12127.3,12122.1,12127.0,7512,ULTRACEMCO,12132.72890110239,12135.514360610481,40.98560472431974,12261.1,22.748643027512692,SELL
2025-10-01T12:10:00.000000,12127.0,12127.0,12127.0,12127.0,6,ULTRACEMCO,12131.58312088191,12134.74032782771,41.88639282350786,12261.1,22.566137935303654,SELL
2025-10-01T12:15:00.000000,12127.0,12127.0,12110.0,12110.0,43,ULTRACEMCO,12127.266496705528,12132.4912071161,42.56652227359214,12261.1,23.153625364551253,SELL
2025-10-01T12:20:00.000000,12110.0,12113.45,12100.0,12100.05,46,ULTRACEMCO,12121.823197364422,12129.54200646918,43.17895041956508,12261.1,24.082728054357194,SELL
2025-10-01T12:25:00.000000,12100.05,12136.75,12100.05,12133.9,34,ULTRACEMCO,12124.238557891536,12129.938187699256,44.60250187101339,12261.1,23.360473755659424,
2025-10-01T12:30:00.000000,12133.9,12133.9,12122.15,12122.15,2,ULTRACEMCO,12123.820846313229,12129.230170635687,45.87410201343518,12261.1,22.689809049725778,
2025-10-01T12:35:00.000000,12122.15,12122.15,12122.15,12122.15,0,ULTRACEMCO,12123.486677050583,12128.586518759716,46.59350451847301,12261.1,22.06704896564454,
2025-10-01T12:40:00.000000,12122.15,12134.75,12122.15,12132.95,6,ULTRACEMCO,12125.379341640466,12128.983198872469,47.47864527892857,12261.1,20.68156015775361,
2025-10-01T12:45:00.000000,12132.95,12132.95,12132.95,12132.95,0,ULTRACEMCO,12126.893473312373,12129.34381715679,47.94367713420589,12261.1,19.395034836140603,
2025-10-01T12:50:00.000000,12132.95,12133.0,12131.05,12131.05,15,ULTRACEMCO,12127.7247786499,12129.49892468799,48.18643165265454,12261.1,18.318905746909508,
2025-10-01T12:55:00.000000,12131.05,12131.05,12126.55,12127.75,2,ULTRACEMCO,12127.729822919919,12129.339931534536,48.27680799845972,12261.1,17.604363485761798,
2025-10-01T13:00:00.000000,12127.75,12127.75,12122.15,12122.15,5,ULTRACEMCO,12126.613858335935,12128.686301395033,48.170686480792924,12261.1,17.216101256293516,
2025-10-01T13:05:00.000000,12122.15,12141.95,12122.15,12141.95,4,ULTRACEMCO,12129.681086668748,12129.892092177302,48.13179345405487,12261.1,16.138355277290746,
2025-10-01T13:10:00.000000,12141.95,12141.95,12123.95,12124.05,11,ULTRACEMCO,12128.554869335,12129.360992888456,47.8740376027643,12261.1,15.137591153931027,
2025-10-01T13:15:00.000000,12124.05,12124.05,12124.05,12124.05,0,ULTRACEMCO,12127.653895468,12128.878175353142,47.62899426065097,12261.1,14.208310182239858,
2025-10-01T13:20:00.000000,12124.05,12139.95,12124.05,12138.55,5,ULTRACEMCO,12129.8331163744,12129.75743213922,47.906979474844896,12261.1,14.402985463481311,
2025-10-01T13:25:00.000000,12138.55,12138.55,12138.55,12138.55,0,ULTRACEMCO,12131.576493099521,12130.5567564902,47.75599142991935,12261.1,14.583755367491232,
2025-10-01T13:30:00.000000,12138.55,12138.55,12125.65,12128.15,9,ULTRACEMCO,12130.891194479616,12130.337960445635,47.495134464726696,12261.1,13.71083688789676,
2025-10-01T13:35:00.000000,12128.15,12141.85,12128.15,12141.85,4,ULTRACEMCO,12133.082955583694,12131.384509496032,48.01289925896091,12261.1,13.13173336094935,
2025-10-01T13:40:00.000000,12141.85,12141.85,12127.95,12127.95,48,ULTRACEMCO,12132.056364466955,12131.07228136003,48.21774333231124,12261.1,12.577689900367298,
2025-10-01T13:45:00.000000,12127.95,12140.95,12124.05,12124.05,12,ULTRACEMCO,12130.455091573564,12130.433892145482,48.2715484763465,12261.1,11.73640202247299,
2025-10-01T13:50:00.000000,12124.05,12124.05,12108.55,12121.65,13,ULTRACEMCO,12128.69407325885,12129.635356495892,48.28182511604574,12261.1,11.969341166074221,
2025-10-01T13:55:00.000000,12121.65,12121.65,12108.55,12113.45,10,ULTRACEMCO,12125.64525860708,12128.163960450811,48.389152357958395,12261.1,12.185641799418221,
2025-10-01T14:00:00.000000,12113.45,12113.45,12107.0,12107.0,2,ULTRACEMCO,12121.916206885664,12126.239964046192,48.514686371500076,12261.1,12.494877933798731,
2025-10-01T14:05:00.000000,12107.0,12123.15,12105.35,12123.15,42,ULTRACEMCO,12122.16296550853,12125.95905822381,48.423469220037816,12261.1,11.888290187730945,
2025-10-01T14:10:00.000000,12123.15,12124.95,12110.55,12124.95,6,ULTRACEMCO,12122.720372406824,12125.86732565801,48.53275662102762,12261.1,11.168954303989278,
2025-10-01T14:15:00.000000,12124.95,12131.55,12124.95,12131.55,1,ULTRACEMCO,12124.48629792546,12126.383932416373,48.77898575990521,12261.1,10.798475059499959,
2025-10-01T14:20:00.000000,12131.55,12131.55,12131.0,12131.0,10,ULTRACEMCO,12125.789038340368,12126.803574923975,48.83956533992751,12261.1,10.454458618188445,
2025-10-01T14:25:00.000000,12131.0,12131.0,12104.3,12130.95,26,ULTRACEMCO,12126.821230672294,12127.18052265816,48.898939386638716,12261.1,11.281889082582394,
2025-10-01T14:30:00.000000,12130.95,12130.95,12102.8,12111.0,26,ULTRACEMCO,12123.656984537836,12125.709566052872,48.56026505982966,12261.1,12.137891458288523,
2025-10-01T14:35:00.000000,12111.0,12111.0,12109.0,12109.0,51,ULTRACEMCO,12120.72558763027,12124.19051459352,48.242842407553795,12261.1,12.9327508071585,
2025-10-01T14:40:00.000000,12109.0,12117.75,12102.65,12117.75,31,ULTRACEMCO,12120.130470104215,12123.605013266837,48.25079865319933,12261.1,13.002303804758302,
2025-10-01T14:45:00.000000,12117.75,12124.7,12115.2,12122.05,7,ULTRACEMCO,12120.514376083373,12123.463648424397,47.994824532871235,12261.1,12.435079138227575,
2025-10-01T14:50:00.000000,12122.05,12122.05,12115.0,12120.8,10,ULTRACEMCO,12120.571500866698,12123.221498567633,48.0266258842161,12261.1,11.924651015626626,
2025-10-01T14:55:00.000000,12120.8,12126.95,12110.0,12110.0,94,ULTRACEMCO,12118.457200693358,12122.019544152394,47.814503598734994,12261.1,11.861403289795872,
2025-10-01T15:00:00.000000,12110.2,12114.65,12101.0,12101.0,29,ULTRACEMCO,12114.965760554685,12120.108676502176,47.159372023928555,12261.1,12.471760090073591,
2025-10-01T15:05:00.000000,12101.0,12136.15,12090.55,12091.0,1808,ULTRACEMCO,12110.172608443749,12117.462433183797,46.3245610243884,12261.1,11.956504289176385,
2025-10-01T15:10:00.000000,12091.0,12093.7,12077.15,12093.7,133,ULTRACEMCO,12106.878086755,12115.30221198527,45.77412036287568,12261.1,11.667889622991153,
2025-10-01T15:15:00.000000,12093.7,12093.7,12081.1,12092.45,46,ULTRACEMCO,12103.992469404,12113.224738168428,44.947625114359155,12261.1,11.399890290104866,
2025-10-01T15:20:00.000000,12092.45,12104.45,12088.95,12092.0,120,ULTRACEMCO,12101.5939755232,12111.295216516753,44.371838029665824,12261.1,10.824190491354642,
2025-10-01T15:25:00.000000,12092.0,12122.0,12092.0,12114.1,193,ULTRACEMCO,12104.095180418559,12111.550196833412,44.51287365737586,12261.1,11.359518643911999,
2025-10-03T09:15:00.000000,12119.15,12119.2,12020.85,12050.45,184,ULTRACEMCO,12093.366144334846,12105.99563348492,43.726401726663084,12119.2,12.65011633379792,
2025-10-03T09:20:00.000000,12050.45,12070.0,12035.8,12070.0,59,ULTRACEMCO,12088.692915467876,12102.723303168108,43.48365747109623,12119.2,13.848528474406276,
2025-10-03T09:25:00.000000,12070.0,12070.0,11991.4,12014.0,1872,ULTRACEMCO,12073.754332374301,12094.657548334644,42.851882887612184,12119.2,16.10077702598108,
2025-10-03T09:30:00.000000,12014.0,12029.45,11995.95,11995.95,49,ULTRACEMCO,12058.193465899441,12085.684134849676,41.744754219125966,12119.2,18.192150681014827,
2025-10-03T09:35:00.000000,11995.95,12027.5,11995.95,12017.3,17,ULTRACEMCO,12050.014772719553,12079.467395317888,40.95344589739372,12119.2,20.13414050354616,SELL
2025-10-03T09:40:00.000000,12017.3,12040.0,12014.7,12017.65,19,ULTRACEMCO,12043.541818175641,12073.84763210717,40.03082338036284,12119.2,21.172828112711894,SELL
2025-10-03T09:45:00.000000,12017.65,12017.65,12006.0,12014.4,6,ULTRACEMCO,12037.713454540513,12068.44330191561,39.09308750704141,12119.2,22.381364040994477,SELL
2025-10-03T09:50:00.000000,12014.4,12050.55,12002.25,12036.45,67,ULTRACEMCO,12037.46076363241,12065.534819923281,38.51966858860557,12119.2,21.771536302357894,SELL
2025-10-03T09:55:00.000000,12036.45,12065.2,12027.8,12049.5,260,ULTRACEMCO,12039.868610905929,12064.077109021166,38.57039098527865,12119.2,20.573711210520525,
2025-10-03T10:00:00.000000,12049.5,12050.05,12036.25,12044.0,13,ULTRACEMCO,12040.694888724744,12062.25191729197,38.59701930229791,12119.2,19.461445053814398,
2025-10-03T10:05:00.000000,12044.0,12044.0,12030.0,12030.0,15,ULTRACEMCO,12038.555910979794,12059.319924810881,38.24605121665562,12119.2,18.67973010978321,
2025-10-03T10:10:00.000000,12030.0,12037.55,12018.65,12018.65,23,ULTRACEMCO,12034.574728783835,12055.622658918983,37.67296083275006,12119.2,18.39484534839801,
2025-10-03T10:15:00.000000,12018.65,12018.65,12009.1,12010.4,17,ULTRACEMCO,12029.739783027067,12051.511508108166,37.04706205936138,12119.2,18.481466449364007,
2025-10-03T10:20:00.000000,12010.4,12010.45,12000.0,12000.05,168,ULTRACEMCO,12023.801826421653,12046.833189189241,36.564772841547644,12119.2,18.882522880561403,
2025-10-03T10:25:00.000000,12000.05,12017.0,12000.05,12017.0,32,ULTRACEMCO,12022.441461137323,12044.121081081128,36.56410455024019,12119.2,18.887209274675858,
2025-10-03T10:30:00.000000,12017.0,12019.05,12000.85,12013.65,46,ULTRACEMCO,12020.683168909858,12041.350982801025,36.705715099941514,12119.2,18.774398956601665,
2025-10-03T10:35:00.000000,12013.65,12019.0,12007.2,12007.2,84,ULTRACEMCO,12017.986535127886,12038.246348000932,36.69164722763729,12119.2,18.669646518389918,
2025-10-03T10:40:00.000000,12007.2,12018.2,12002.2,12002.2,99,ULTRACEMCO,12014.82922810231,12034.969407273575,36.64439173012774,12119.2,18.794124686524267,
2025-10-03T10:45:00.000000,12002.2,12006.2,11996.05,12005.95,55,ULTRACEMCO,12013.053382481849,12032.331279339613,36.68309010235767,12119.2,19.17902262677322,
2025-10-03T10:50:00.000000,12005.95,12005.95,12005.95,12005.95,0,ULTRACEMCO,12011.63270598548,12029.93298121783,36.073843154669504,12119.2,19.536427857004394,
2025-10-03T10:55:00.000000,12005.95,12005.95,12000.0,12005.6,4,ULTRACEMCO,12010.426164788383,12027.720892016208,36.43072891359096,12119.2,20.14163933547269,SELL
2025-10-03T11:00:00.000000,12005.6,12018.75,12000.25,12018.75,64,ULTRACEMCO,12012.090931830706,12026.905356378371,36.68807954955831,12119.2,19.746383186842397,
2025-10-03T11:05:00.000000,12018.75,12018.75,12015.2,12015.2,3,ULTRACEMCO,12012.712745464565,12025.841233071247,37.38656769328187,12119.2,19.379359620257127,
2025-10-03T11:10:00.000000,12015.2,12029.6,12015.2,12029.6,25,ULTRACEMCO,12016.090196371651,12026.182939155678,38.50606035453642,12119.2,18.27464784856025,
2025-10-03T11:15:00.000000,12029.6,12029.6,12010.25,12010.25,27,ULTRACEMCO,12014.92215709732,12024.734490141525,38.95233679835499,12119.2,17.5497138224274,
2025-10-03T11:20:00.000000,12010.25,12019.95,12002.9,12002.9,16,ULTRACEMCO,12012.517725677857,12022.749536492296,39.28514577664949,12119.2,17.30644678833155,
2025-10-03T11:25:00.000000,12002.9,12014.8,12000.0,12000.0,88,ULTRACEMCO,12010.014180542286,12020.681396811178,39.60290310723362,12119.2,17.246629955685812,
2025-10-03T11:30:00.000000,12000.0,12000.0,12000.0,12000.0,0,ULTRACEMCO,12008.01134443383,12018.801269828344,39.557549016243264,12119.2,17.191085753943344,
2025-10-03T11:35:00.000000,12000.0,12004.9,12000.0,12000.05,2,ULTRACEMCO,12006.419075547063,12017.096608934859,39.320307944579625,12119.2,16.720278781609302,
2025-10-03T11:40:00.000000,12000.05,12012.7,12000.05,12012.7,7,ULTRACEMCO,12007.67526043765,12016.696917213509,39.46237882141739,12119.2,15.654905515093871,
2025-10-03T11:45:00.000000,12012.7,12012.7,12002.35,12002.35,6,ULTRACEMCO,12006.610208350121,12015.39265201228,39.56728627465653,12119.2,14.66563033904383,
2025-10-03T11:50:00.000000,12002.35,12008.8,12002.35,12008.8,1,ULTRACEMCO,12007.048166680097,12014.793320011164,39.94509118662037,12119.2,13.747017675568793,
2025-10-03T11:55:00.000000,12008.8,12008.8,11996.05,11996.05,38,ULTRACEMCO,12004.848533344077,12013.089381828331,40.177189041608706,12119.2,13.414877086490469,
2025-10-03T12:00:00.000000,11996.05,12004.75,11996.05,11998.0,4,ULTRACEMCO,12003.478826675262,12011.717619843937,40.559063290517784,12119.2,13.106460825203452,
2025-10-03T12:05:00.000000,11998.0,12041.2,11998.0,12036.35,22,ULTRACEMCO,12010.05306134021,12013.956927130852,41.402698047647085,12119.2,14.112121338270404,
2025-10-03T12:10:00.000000,12036.35,12036.35,12016.05,12016.05,5,ULTRACEMCO,12011.252449072168,12014.147206482592,41.920634548458544,12119.2,15.045948957546859,
2025-10-03T12:15:00.000000,12016.05,12018.75,12016.0,12016.65,31,ULTRACEMCO,12012.331959257734,12014.374733165992,42.52216164545337,12119.2,15.908270530165863,
2025-10-03T12:20:00.000000,12016.65,12016.65,12000.55,12008.95,55,ULTRACEMCO,12011.655567406187,12013.881575605448,43.04895254431991,12119.2,15.35028921939747,
2025-10-03T12:25:00.000000,12008.95,12008.95,12004.8,12005.05,6,ULTRACEMCO,12010.33445392495,12013.078705095862,43.43276493049096,12119.2,14.832163716541103,
2025-10-03T12:30:00.000000,12005.05,12006.7,12002.0,12006.45,8,ULTRACEMCO,12009.55756313996,12012.476095541693,43.84613454741808,12119.2,14.115607606113114,
2025-10-03T12:35:00.000000,12006.45,12012.1,12000.0,12000.0,23,ULTRACEMCO,12007.646050511968,12011.341905037903,44.147250728041634,12119.2,13.855233931809108,
2025-10-03T12:40:00.000000,12000.0,12015.0,12000.0,12015.0,5,ULTRACEMCO,12009.116840409575,12011.674459125366,44.47038076019405,12119.2,13.826403440314731,
2025-10-03T12:45:00.000000,12015.0,12025.0,12015.0,12025.0,160,ULTRACEMCO,12012.29347232766,12012.88587193215,45.040010492598235,12119.2,14.479952048081795,
2025-10-03T12:50:00.000000,12025.0,12042.45,12024.65,12038.15,73,ULTRACEMCO,12017.464777862127,12015.182610847409,45.52869303585787,12119.2,16.02962494631739,
2025-10-03T12:55:00.000000,12038.15,12038.15,12034.75,12034.75,2,ULTRACEMCO,12020.921822289702,12016.961464406735,46.261657480004004,12119.2,17.468606923250444,
2025-10-03T13:00:00.000000,12034.75,12040.8,12030.85,12030.85,16,ULTRACEMCO,12022.907457831761,12018.224058551577,47.013959237929456,12119.2,18.391129285497666,
2025-10-03T13:05:00.000000,12030.85,12030.85,12002.1,12005.35,65,ULTRACEMCO,12019.395966265409,12017.053689592343,47.3138740991949,12119.2,17.257941468732376,
2025-10-03T13:10:00.000000,12005.35,12005.35,12002.85,12002.85,6,ULTRACEMCO,12016.086773012326,12015.762445083948,47.57175061475285,12119.2,16.205695638878897,
2025-10-03T13:15:00.000000,12002.85,12002.85,12002.85,12002.85,0,ULTRACEMCO,12013.439418409862,12014.588586439953,47.82832719211316,12119.2,15.228610225443521,
2025-10-03T13:20:00.000000,12002.85,12014.4,12002.85,12011.7,14,ULTRACEMCO,12013.09153472789,12014.325987672684,47.966408950478815,12119.2,14.783627919977464,
2025-10-03T13:25:00.000000,12011.7,12021.4,11994.0,12015.45,357,ULTRACEMCO,12013.563227782312,12014.42817061153,48.37675959546583,12119.2,13.745774862388927,
2025-10-03T13:30:00.000000,12015.45,12015.45,12001.0,12009.55,10,ULTRACEMCO,12012.760582225848,12013.984700555937,48.505202064764156,12119.2,12.782054166056714,
2025-10-03T13:35:00.000000,12009.55,12009.55,11995.55,11995.55,4,ULTRACEMCO,12009.318465780678,12012.308818687216,48.590976708768935,12119.2,12.294427287187974,
2025-10-03T13:40:00.000000,11995.55,12003.15,11991.4,11991.4,9,ULTRACEMCO,12005.734772624543,12010.408016988378,48.55346396037406,12119.2,12.14240984252442,
2025-10-03T13:45:00.000000,11991.4,11999.7,11991.4,11992.0,6,ULTRACEMCO,12002.987818099635,12008.734560898525,47.76908522163396,12119.2,12.001250786765407,
2025-10-03T13:50:00.000000,11992.0,12001.2,11991.0,12001.2,13,ULTRACEMCO,12002.630254479707,12008.049600816841,47.59307419379837,12119.2,11.7251979301053,
2025-10-03T13:55:00.000000,12001.2,12002.45,11998.0,11998.0,38,ULTRACEMCO,12001.704203583766,12007.136000742583,47.33812804261086,12119.2,11.343230227516367,
2025-10-03T14:00:00.000000,11998.0,12002.2,11995.0,12002.2,85,ULTRACEMCO,12001.803362867013,12006.687273402347,47.328550026433795,12119.2,11.25833381501076,
2025-10-03T14:05:00.000000,12002.2,12007.8,11996.0,11996.0,6,ULTRACEMCO,12000.642690293611,12005.715703093043,47.243556179261475,12119.2,10.589257773107207,
2025-10-03T14:10:00.000000,11996.0,11996.0,11986.0,11986.05,47,ULTRACEMCO,11997.724152234889,12003.927911902767,46.92116527170559,12119.2,10.851473931418406,
2025-10-03T14:15:00.000000,11986.05,11996.95,11986.05,11990.55,73,ULTRACEMCO,11996.28932178791,12002.711738093425,46.84985606108621,12119.2,10.991031275527078,
2025-10-03T14:20:00.000000,11990.55,11994.75,11985.0,11985.0,105,ULTRACEMCO,11994.031457430328,12001.101580084933,46.34227429355112,12119.2,11.213612986113947,
2025-10-03T14:25:00.000000,11985.0,11991.6,11982.0,11991.6,19,ULTRACEMCO,11993.545165944262,12000.237800077211,45.84659067017718,12119.2,11.689775097849846,
2025-10-03T14:30:00.000000,11991.6,12003.8,11991.6,12003.8,11,ULTRACEMCO,11995.59613275541,12000.56163643383,45.45640751704606,12119.2,10.936042040696687,
2025-10-03T14:35:00.000000,12003.8,12009.55,11995.0,12004.95,13,ULTRACEMCO,11997.466906204329,12000.960578576209,45.17120981572269,12119.2,10.770620895683434,
2025-10-03T14:40:00.000000,12004.95,12009.05,12003.6,12009.05,29,ULTRACEMCO,11999.783524963463,12001.695980523826,45.08000184643482,12119.2,10.617015546742556,
2025-10-03T14:45:00.000000,12009.05,12010.0,12003.3,12010.0,17,ULTRACEMCO,12001.82681997077,12002.450891385297,45.50864590481348,12119.2,10.567689670387228,
2025-10-03T14:50:00.000000,12010.0,12011.0,12010.0,12010.05,17,ULTRACEMCO,12003.471455976616,12003.141719441179,45.980725002730445,12119.2,10.624486218236191,
2025-10-03T14:55:00.000000,12010.05,12019.7,12010.0,12013.6,42,ULTRACEMCO,12005.497164781293,12004.092472219254,46.55483622503976,12119.2,11.500209951674307,
2025-10-03T15:00:00.000000,12013.6,12023.7,12013.6,12022.95,24,ULTRACEMCO,12008.987731825035,12005.806792926594,47.17622729678111,12119.2,12.646465175780557,
2025-10-03T15:05:00.000000,12022.95,12023.0,12014.85,12016.65,111,ULTRACEMCO,12010.520185460027,12006.792539024176,47.49028826902067,12119.2,13.710845026736362,
2025-10-03T15:10:00.000000,12016.65,12023.0,12013.3,12014.35,58,ULTRACEMCO,12011.286148368023,12007.479580931069,47.85056167372592,12119.2,14.45816228022846,
2025-10-03T15:15:00.000000,12014.35,12021.0,12014.35,12018.0,49,ULTRACEMCO,12012.628918694418,12008.435982664609,48.58714885187087,12119.2,15.152099729899694,
2025-10-03T15:20:00.000000,12018.0,12024.2,12013.2,12021.3,136,ULTRACEMCO,12014.363134955534,12009.605438786008,49.491364453569595,12119.2,16.119128668105866,
2025-10-03T15:25:00.000000,12021.3,12022.95,12005.05,12015.95,398,ULTRACEMCO,12014.680507964427,12010.182217078189,50.174195161869434,12119.2,15.72606670239092,
2025-10-06T09:15:00.000000,12015.95,12044.1,12015.95,12032.0,122,ULTRACEMCO,12018.144406371543,12012.165651889263,51.03340058050721,12044.1,17.160710224298672,
2025-10-06T09:20:00.000000,12032.0,12032.0,12011.5,12011.5,17,ULTRACEMCO,12016.815525097234,12012.105138081148,51.324821305062486,12044.1,17.910499592863626,
2025-10-06T09:25:00.000000,12011.5,12024.0,12009.0,12012.85,113,ULTRACEMCO,12016.022420077787,12012.172852801043,51.53799432942999,12044.1,18.287146114620366,
2025-10-06T09:30:00.000000,12012.85,12012.85,12000.25,12000.25,23,ULTRACEMCO,12012.86793606223,12011.088957091857,51.57617364133101,12044.1,17.610151447014726,
2025-10-06T09:35:00.000000,12000.25,12004.95,12000.25,12004.2,11,ULTRACEMCO,12011.134348849784,12010.462688265325,51.93437354492873,12044.1,16.981513541380917,
2025-10-06T09:40:00.000000,12004.2,12004.2,12002.0,12002.0,20,ULTRACEMCO,12009.307479079827,12009.693352968477,52.10343195029659,12044.1,16.39777834329238,
2025-10-06T09:45:00.000000,12002.0,12002.0,11988.85,11990.8,28,ULTRACEMCO,12005.605983263862,12007.975775425888,52.128102071781655,12044.1,15.993741203135945,
2025-10-06T09:50:00.000000,11990.8,12006.7,11990.8,12006.7,4,ULTRACEMCO,12005.82478661109,12007.859795841716,52.398253987932115,12044.1,15.106896597081994,
2025-10-06T09:55:00.000000,12006.7,12043.2,12006.7,12043.2,167,ULTRACEMCO,12013.299829288873,12011.072541674288,53.02448250572958,12044.1,16.369592627404653,
2025-10-06T10:00:00.000000,12043.2,12043.2,12026.0,12026.05,27,ULTRACEMCO,12015.849863431098,12012.434128794806,53.24392270373612,12044.1,17.54209608413284,
2025-10-06T10:05:00.000000,12026.05,12031.95,12013.8,12013.8,38,ULTRACEMCO,12015.439890744878,12012.558298904369,53.12380017268798,12044.1,17.494711594162116,
2025-10-06T10:10:00.000000,12013.8,12017.85,12013.8,12017.85,1,ULTRACEMCO,12015.921912595903,12013.039362640335,53.05077407129153,12044.1,17.450711710617874,
2025-10-06T10:15:00.000000,12017.85,12026.0,12017.85,12026.0,21,ULTRACEMCO,12017.937530076722,12014.217602400304,53.11884195648567,12044.1,17.914073746590812,
2025-10-06T10:20:00.000000,12026.0,12026.0,11999.0,11999.0,36,ULTRACEMCO,12014.150024061379,12012.834184000276,52.60309121549508,12044.1,16.79867582849685,
2025-10-06T10:25:00.000000,11999.0,12016.5,11999.0,12004.0,43,ULTRACEMCO,12012.120019249103,12012.031076363886,51.93362683233405,12044.1,15.762949190266747,
2025-10-06T10:30:00.000000,12004.0,12004.0,12004.0,12004.0,0,ULTRACEMCO,12010.496015399283,12011.300978512623,51.489932743851774,12044.1,14.801203026195935,
2025-10-06T10:35:00.000000,12004.0,12012.95,12004.0,12004.0,16,ULTRACEMCO,12009.196812319427,12010.637253193294,51.12604954351599,12044.1,14.562925155543423,
2025-10-06T10:40:00.000000,12004.0,12017.0,12004.0,12004.0,7,ULTRACEMCO,12008.157449855542,12010.033866539357,50.65657467951861,12044.1,14.618171812848752,
2025-10-06T10:45:00.000000,12004.0,12017.35,12004.0,12017.2,32,ULTRACEMCO,12009.965959884434,12010.685333217598,50.37592974072686,12044.1,14.69398095957374,
2025-10-06T10:50:00.000000,12017.2,12038.0,12017.2,12038.0,4,ULTRACEMCO,12015.572767907546,12013.168484743272,50.66281500051933,12044.1,15.997715055701489,
2025-10-06T10:55:00.000000,12038.0,12053.2,12035.95,12053.2,64,ULTRACEMCO,12023.098214326037,12016.807713402974,50.74337603875462,12044.1,17.877212965400293,
2025-10-06T11:00:00.000000,12053.2,12065.0,12052.05,12052.05,16,ULTRACEMCO,12028.88857146083,12020.011557639067,51.43220041739668,12044.1,20.053275356009543,
2025-10-06T11:05:00.000000,12052.05,12062.65,12052.05,12062.65,41,ULTRACEMCO,12035.640857168664,12023.887779671879,52.22961879116533,12044.1,22.07390471871813,
2025-10-06T11:10:00.000000,12062.65,12070.0,12062.65,12068.4,53,ULTRACEMCO,12042.192685734932,12027.934345156253,53.41750913151117,12044.1,24.209314108662277,
2025-10-06T11:15:00.000000,12068.4,12072.1,12068.4,12072.1,1,ULTRACEMCO,12048.174148587945,12031.949404687502,54.540731036219675,12044.1,26.26475423788335,
2025-10-06T11:20:00.000000,12072.1,12083.0,12072.1,12081.4,34,ULTRACEMCO,12054.819318870355,12036.444913352276,55.83459686116795,12044.1,28.52841688204823,
2025-10-06T11:25:00.000000,12081.4,12081.4,12081.4,12081.4,0,ULTRACEMCO,12060.135455096284,12040.531739411159,57.390101690425674,12044.1,30.63038933734419,
2025-10-06T11:30:00.000000,12081.4,12089.2,12081.4,12089.2,18,ULTRACEMCO,12065.948364077027,12044.956126737417,58.59720121391287,12044.1,32.82446872705256,
2025-10-06T11:35:00.000000,12089.2,12090.0,12081.55,12081.55,231,ULTRACEMCO,12069.068691261622,12048.282842488561,58.87489793924259,12044.1,34.88620972204794,
2025-10-06T11:40:00.000000,12081.55,12092.0,12081.55,12092.0,8,ULTRACEMCO,12073.654953009298,12052.257129535055,59.67145373877323,12044.1,36.864235471825126,
2025-10-06T11:45:00.000000,12092.0,12092.0,12085.0,12085.0,1,ULTRACEMCO,12075.923962407438,12055.233754122777,60.48565640055241,12044.1,38.7009736680468,
2025-10-06T11:50:00.000000,12085.0,12088.2,12075.0,12088.2,73,ULTRACEMCO,12078.379169925951,12058.23068556616,61.27573662972149,12044.1,39.02823834987062,
2025-10-06T11:55:00.000000,12088.2,12094.6,12073.6,12084.95,114,ULTRACEMCO,12079.693335940761,12060.659714151056,61.81883341585078,12044.1,39.638468539522826,
2025-10-06T12:00:00.000000,12084.95,12084.95,12066.35,12084.4,354,ULTRACEMCO,12080.63466875261,12062.817921955506,62.825361704880734,12044.1,39.31485732890575,
2025-10-06T12:05:00.000000,12084.4,12084.4,12084.4,12084.4,3,ULTRACEMCO,12081.387735002087,12064.779929050459,63.73963808130726,12044.1,39.01436120476132,
2025-10-06T12:10:00.000000,12084.4,12084.4,12084.4,12084.4,0,ULTRACEMCO,12081.99018800167,12066.563571864053,64.65391445773379,12044.1,38.73532908948435,
2025-10-06T12:15:00.000000,12084.4,12085.0,12080.05,12084.0,125,ULTRACEMCO,12082.392150401336,12068.148701694594,65.55169461411097,12044.1,37.90178726256888,
2025-10-06T12:20:00.000000,12084.0,12084.7,12030.7,12050.35,158,ULTRACEMCO,12075.983720321068,12066.530637904176,65.42850822955289,12044.1,37.082661591569476,
2025-10-06T12:25:00.000000,12050.35,12050.35,12041.9,12047.85,6,ULTRACEMCO,12070.356976256855,12064.832398094706,64.96797353064875,12044.1,36.32204489707002,
2025-10-06T12:30:00.000000,12047.85,12060.2,12047.85,12060.2,42,ULTRACEMCO,12068.325581005483,12064.411270995188,64.46947800562683,12044.1,34.81373325856056,
2025-10-06T12:35:00.000000,12060.2,12060.2,12060.2,12060.2,1,ULTRACEMCO,12066.700464804388,12064.028428177444,63.75566312096241,12044.1,33.41315816565891,
2025-10-06T12:40:00.000000,12060.2,12060.2,12060.2,12060.2,0,ULTRACEMCO,12065.40037184351,12063.680389252222,63.06992280129782,12044.1,32.112624150821674,
2025-10-06T12:45:00.000000,12060.2,12067.4,12060.2,12067.4,1,ULTRACEMCO,12065.800297474809,12064.018535683837,62.43309856267289,12044.1,30.287835005047498,
2025-10-06T12:50:00.000000,12067.4,12080.65,12067.4,12080.65,2,ULTRACEMCO,12068.770237979847,12065.530486985306,62.02811929508289,12044.1,28.64041418513847,
2025-10-06T12:55:00.000000,12080.65,12089.6,12080.65,12089.6,2,ULTRACEMCO,12072.936190383878,12067.718624532097,61.751504105262576,12044.1,27.680782417218058,
2025-10-06T13:00:00.000000,12089.6,12089.6,12086.0,12086.0,5,ULTRACEMCO,12075.548952307103,12069.380567756452,61.242429704676304,12044.1,26.789695775577673,
2025-10-06T13:05:00.000000,12086.0,12086.0,12081.15,12086.0,5,ULTRACEMCO,12077.639161845682,12070.891425233138,60.73335530409004,12044.1,25.54015349210261,
2025-10-06T13:10:00.000000,12086.0,12094.55,12086.0,12094.55,8,ULTRACEMCO,12081.021329476545,12073.042204757397,60.30557272482292,12044.1,24.954805410259635,
2025-10-06T13:15:00.000000,12094.55,12094.55,12094.55,12094.55,0,ULTRACEMCO,12083.727063581237,12074.99745887036,60.12325340315785,12044.1,24.411267905691155,
2025-10-06T13:20:00.000000,12094.55,12094.55,12089.0,12089.0,1,ULTRACEMCO,12084.781650864988,12076.270417154874,59.58977883897984,12044.1,23.38165822993002,
2025-10-06T13:25:00.000000,12089.0,12097.9,12089.0,12097.9,15,ULTRACEMCO,12087.40532069199,12078.236742868066,59.4707224463118,12044.1,22.677055075317043,
2025-10-06T13:30:00.000000,12097.9,12097.9,12088.9,12088.9,1,ULTRACEMCO,12087.704256553592,12079.20612988006,58.98477808014966,12044.1,22.012597814206664,
2025-10-06T13:35:00.000000,12088.9,12088.9,12088.9,12088.9,1,ULTRACEMCO,12087.943405242873,12080.087390800054,58.6033264766059,12044.1,21.39560178603274,
2025-10-06T13:40:00.000000,12088.9,12094.95,12088.9,12094.95,3,ULTRACEMCO,12089.3447241943,12081.438537090959,58.38954744876803,12044.1,21.323753113250614,
2025-10-06T13:45:00.000000,12094.95,12094.95,12094.95,12094.95,4,ULTRACEMCO,12090.46577935544,12082.66685190087,58.17576842093016,12044.1,21.25703648852436,
2025-10-06T13:50:00.000000,12094.95,12094.95,12085.0,12085.0,32,ULTRACEMCO,12089.372623484353,12082.878956273518,57.594755428868794,12044.1,20.04453576876474,
2025-10-06T13:55:00.000000,12085.0,12085.0,12085.0,12085.0,0,ULTRACEMCO,12088.498098787482,12083.07177843047,57.030238656856774,12044.1,18.918642243273663,
2025-10-06T14:00:00.000000,12085.0,12085.0,12072.5,12075.0,129,ULTRACEMCO,12085.798479029985,12082.337980391338,57.15622325712078,12044.1,18.47661788852423,
2025-10-06T14:05:00.000000,12075.0,12079.05,12075.0,12075.0,14,ULTRACEMCO,12083.638783223989,12081.670891264852,57.3369229027014,12044.1,18.066166701971188,
2025-10-06T14:10:00.000000,12075.0,12083.75,12075.0,12075.0,19,ULTRACEMCO,12081.911026579191,12081.06444660441,57.19315622071624,12044.1,17.150249905702243,
2025-10-06T14:15:00.000000,12075.0,12075.0,12054.65,12067.1,93,ULTRACEMCO,12078.948821263353,12079.794951458554,56.794222437896835,12044.1,17.90016985903272,
2025-10-06T14:20:00.000000,12067.1,12067.1,12062.65,12062.65,3,ULTRACEMCO,12075.689057010683,12078.236319507776,56.26570394053723,12044.1,18.596524101411013,
2025-10-06T14:25:00.000000,12062.65,12062.65,12050.0,12053.0,14,ULTRACEMCO,12071.151245608546,12075.942108643432,55.295942985272255,12044.1,19.995803919381437,
2025-10-06T14:30:00.000000,12053.0,12054.45,12045.0,12054.45,4,ULTRACEMCO,12067.810996486836,12073.98828058494,54.08549286199394,12044.1,21.552876389367903,
2025-10-06T14:35:00.000000,12054.45,12054.45,12054.45,12054.45,0,ULTRACEMCO,12065.13879718947,12072.212073259036,52.699166334514075,12044.1,22.998729397212482,
2025-10-06T14:40:00.000000,12054.45,12054.45,12045.55,12045.55,102,ULTRACEMCO,12061.221037751575,12069.788248417304,51.20704136053833,12044.1,24.7884394419359,
2025-10-06T14:45:00.000000,12045.55,12050.45,12045.55,12047.0,4,ULTRACEMCO,12058.37683020126,12067.716589470276,49.787994593728136,12044.1,26.45031305489336,
2025-10-06T14:50:00.000000,12047.0,12050.45,12042.05,12042.05,4,ULTRACEMCO,12055.111464161007,12065.383263154796,48.0712693752386,12044.1,28.166970260785224,
2025-10-06T14:55:00.000000,12042.05,12045.65,12042.05,12045.65,1,ULTRACEMCO,12053.219171328807,12063.589330140723,46.54166784334821,12044.1,29.761009094827667,
2025-10-06T15:00:00.000000,12045.65,12045.65,12042.0,12042.0,5,ULTRACEMCO,12050.975337063046,12061.626663764293,45.12698001951837,12044.1,31.243925863692933,
2025-10-06T15:05:00.000000,12042.0,12047.0,12042.0,12047.0,1,ULTRACEMCO,12050.180269650436,12060.296967058448,43.77045245235665,12044.1,32.38425102149204,
2025-10-06T15:10:00.000000,12047.0,12058.15,12047.0,12058.15,31,ULTRACEMCO,12051.774215720348,12060.101788234953,43.21399451482709,12044.1,31.72147517917104,
2025-10-06T15:15:00.000000,12058.15,12058.15,12056.75,12056.75,1,ULTRACEMCO,12052.769372576278,12059.797080213593,42.609538387271925,12044.1,31.106040468444398,
2025-10-06T15:20:00.000000,12056.75,12060.0,12054.0,12060.0,87,ULTRACEMCO,12054.215498061023,12059.815527466902,41.98635308836104,12044.1,30.780294632272053,
2025-10-06T15:25:00.000000,12060.0,12077.95,12060.0,12077.95,51,ULTRACEMCO,12058.962398448819,12061.464115879002,41.93680026594747,12044.1,28.848144614762187,
2025-10-07T09:15:00.000000,12056.0,12128.55,12056.0,12108.5,220,ULTRACEMCO,12068.869918759056,12065.740105344546,42.83312297447939,12174.65,29.947106871291833,
2025-10-07T09:20:00.000000,12108.5,12124.0,12108.5,12115.7,58,ULTRACEMCO,12078.235935007244,12070.281913949588,43.826423509411555,12174.65,30.96757182378365,
2025-10-07T09:25:00.000000,12115.7,12166.7,12115.7,12160.0,199,ULTRACEMCO,12094.588748005795,12078.438103590534,45.56128570503781,12174.65,33.07694461886996,
2025-10-07T09:30:00.000000,12160.0,12174.65,12110.75,12127.55,287,ULTRACEMCO,12101.180998404636,12082.90282144594,46.48471963873723,12174.65,35.19153486705604,
2025-10-07T09:35:00.000000,12127.55,12135.35,12121.8,12128.0,163,ULTRACEMCO,12106.54479872371,12087.002564950853,47.4132065759438,12174.65,37.15508295465741,
2025-10-07T09:40:00.000000,12128.0,12129.9,12123.65,12125.0,31,ULTRACEMCO,12110.235838978968,12090.456877228049,48.52863040638586,12174.65,38.978377607430104,
2025-10-07T09:45:00.000000,12121.1,12134.9,12121.1,12134.9,18,ULTRACEMCO,12115.168671183174,12094.497161116407,49.89556449106094,12174.65,40.7823118261965,
2025-10-07T09:50:00.000000,12134.9,12138.0,12126.0,12138.0,28,ULTRACEMCO,12119.73493694654,12098.45196465128,51.548286309244915,12174.65,42.52642745805522,
2025-10-07T09:55:00.000000,12138.0,12150.0,12137.4,12150.0,15,ULTRACEMCO,12125.78794955723,12103.138149682982,53.275250166703565,12174.65,44.397622326127795,
2025-10-07T10:00:00.000000,12150.0,12155.85,12140.25,12155.85,63,ULTRACEMCO,12131.800359645784,12107.930136075438,55.066181629737386,12174.65,46.247912197404155,
2025-10-07T10:05:00.000000,12155.85,12169.7,12146.0,12169.7,17,ULTRACEMCO,12139.380287716627,12113.545578250398,57.22047448774832,12174.65,48.20788542697546,
2025-10-07T10:10:00.000000,12169.7,12180.7,12160.5,12175.05,57,ULTRACEMCO,12146.514230173301,12119.136889318543,59.35225015088863,12174.65,50.1948495997811,
2025-10-07T10:15:00.000000,12175.05,12175.05,12155.9,12155.9,42,ULTRACEMCO,12148.39138413864,12122.478990289585,61.102345049574595,12174.65,51.5561469943162,
2025-10-07T10:20:00.000000,12155.9,12167.45,12155.0,12167.45,68,ULTRACEMCO,12152.203107310912,12126.567263899622,62.80216260103576,12174.65,52.72299308812135,
2025-10-07T10:25:00.000000,12167.45,12167.45,12149.45,12162.05,11,ULTRACEMCO,12154.172485848729,12129.792967181475,64.46598456687073,12174.65,53.198538612441375,
2025-10-07T10:30:00.000000,12162.05,12165.0,12156.1,12156.1,4,ULTRACEMCO,12154.557988678984,12132.184515619523,65.73057518638811,12174.65,53.64011659930997,
2025-10-07T10:35:00.000000,12156.1,12156.1,12128.1,12149.45,37,ULTRACEMCO,12153.536390943187,12133.754105108657,66.3575954359334,12174.65,51.44581392621783,
2025-10-07T10:40:00.000000,12149.45,12184.15,12149.25,12149.35,1726,ULTRACEMCO,12152.69911275455,12135.171913735143,67.030207888985,12174.65,50.49809600691696,
2025-10-07T10:45:00.000000,12149.35,12159.85,12145.0,12145.0,23,ULTRACEMCO,12151.15929020364,12136.065376122857,67.463713645349,12174.65,49.30925809049472,
2025-10-07T10:50:00.000000,12145.0,12145.0,12128.1,12136.95,40,ULTRACEMCO,12148.317432162912,12136.145796475324,67.129298247899,12174.65,47.075631977561635,
2025-10-07T10:55:00.000000,12136.95,12136.95,12121.1,12130.0,46,ULTRACEMCO,12144.65394573033,12135.58708770484,66.05779348808719,12174.65,44.579421448392495,
2025-10-07T11:00:00.000000,12130.0,12133.35,12115.0,12122.45,43,ULTRACEMCO,12140.213156584265,12134.3928070044,64.7262124506663,12174.65,41.90208184685714,
2025-10-07T11:05:00.000000,12122.45,12122.45,12119.3,12119.3,1,ULTRACEMCO,12136.030525267412,12133.020733640364,62.9169373604352,12174.65,39.41598078828861,
2025-10-07T11:10:00.000000,12119.3,12119.3,12094.95,12107.35,33,ULTRACEMCO,12130.29442021393,12130.687030582149,61.682084288562066,12174.65,37.409572940057764,
2025-10-07T11:15:00.000000,12107.35,12113.4,12093.15,12109.3,29,ULTRACEMCO,12126.095536171144,12128.74275507468,60.494883265901066,12174.65,35.632045906843906,
2025-10-07T11:20:00.000000,12109.3,12109.3,12080.0,12091.25,58,ULTRACEMCO,12119.126428936916,12125.334322795163,59.05769270705806,12174.65,34.581780396944055,
2025-10-07T11:25:00.000000,12091.25,12109.95,12091.25,12109.95,26,ULTRACEMCO,12117.291143149532,12123.935747995603,57.962606215195215,12174.65,33.56258354342428,
2025-10-07T11:30:00.000000,12109.95,12109.95,12100.0,12100.0,4,ULTRACEMCO,12113.832914519626,12121.759770905093,56.65817978083891,12174.65,32.61618646515593,
2025-10-07T11:35:00.000000,12100.0,12105.2,12090.4,12104.7,13,ULTRACEMCO,12112.006331615701,12120.208882640994,55.323714799119024,12174.65,32.19369630308676,
2025-10-07T11:40:00.000000,12104.7,12114.95,12091.5,12114.95,3,ULTRACEMCO,12112.59506529256,12119.730802400903,54.15246864725557,12174.65,31.07181439805648,
2025-10-07T11:45:00.000000,12114.95,12129.7,12113.2,12129.7,6,ULTRACEMCO,12116.016052234048,12120.637093091731,53.128323724079664,12174.65,29.064139250242953,
2025-10-07T11:50:00.000000,12129.7,12139.8,12127.05,12135.65,14,ULTRACEMCO,12119.942841787239,12122.001902810665,52.15955030981386,12174.65,27.35634412033327,
2025-10-07T11:55:00.000000,12135.65,12135.95,12119.8,12119.8,10,ULTRACEMCO,12119.914273429791,12121.801729827877,51.36401733152883,12174.65,25.465663634615826,
2025-10-07T12:00:00.000000,12119.8,12131.15,12119.8,12131.15,3,ULTRACEMCO,12122.161418743834,12122.651572570798,50.63986732941346,12174.65,23.710031755021056,
2025-10-07T12:05:00.000000,12131.15,12131.15,12112.75,12124.3,64,ULTRACEMCO,12122.589134995067,12122.801429609815,49.909807782596474,12174.65,22.510621285811002,
2025-10-07T12:10:00.000000,12124.3,12124.3,12110.0,12110.0,8,ULTRACEMCO,12120.071307996053,12121.63766328165,49.060532052092334,12174.65,21.562610139120977,
2025-10-07T12:15:00.000000,12110.0,12117.25,12107.55,12107.55,3,ULTRACEMCO,12117.567046396842,12120.356966619682,48.325137527793956,12174.65,20.833734742832807,
2025-10-07T12:20:00.000000,12107.55,12114.05,12107.55,12112.35,12,ULTRACEMCO,12116.523637117474,12119.629060563348,47.69621677569488,12174.65,20.156921874850934,
2025-10-07T12:25:00.000000,12112.35,12112.35,12112.35,12112.35,8,ULTRACEMCO,12115.68890969398,12118.967327784861,47.17581431482496,12174.65,19.52845278315348,
2025-10-07T12:30:00.000000,12112.35,12123.8,12110.0,12115.05,21,ULTRACEMCO,12115.561127755183,12118.611207077147,46.91345327796644,12174.65,18.27657111852942,
2025-10-07T12:35:00.000000,12115.05,12119.1,12115.05,12115.05,2,ULTRACEMCO,12115.458902204147,12118.287460979225,46.80954003674774,12174.65,17.114109572807077,
2025-10-07T12:40:00.000000,12115.05,12115.05,12111.2,12111.2,1,ULTRACEMCO,12114.607121763318,12117.64314634475,46.77633536848217,12174.65,16.07431171453566,
2025-10-07T12:45:00.000000,12111.2,12111.2,12090.4,12104.2,18,ULTRACEMCO,12112.525697410654,12116.421042131591,46.64787601576986,12174.65,16.54522820813528,
2025-10-07T12:50:00.000000,12104.2,12111.7,12104.2,12111.7,19,ULTRACEMCO,12112.360557928523,12115.991856483264,46.96785055504245,12174.65,16.935944590097325,
2025-10-07T12:55:00.000000,12111.7,12131.15,12110.95,12131.15,76,ULTRACEMCO,12116.118446342818,12117.369869530241,47.68757045426442,12174.65,15.740688112542546,
2025-10-07T13:00:00.000000,12128.65,12145.35,12128.65,12145.35,34,ULTRACEMCO,12121.964757074255,12119.913517754765,48.98490763637812,12174.65,15.523536868042598,
2025-10-07T13:05:00.000000,12145.35,12145.35,12145.35,12145.35,0,ULTRACEMCO,12126.641805659403,12122.225925231605,49.81821521181882,12174.65,15.321896426721215,
2025-10-07T13:10:00.000000,12145.35,12145.35,12145.35,12145.35,0,ULTRACEMCO,12130.383444527522,12124.328113846914,50.8234344773899,12174.65,15.134658874065648,
2025-10-07T13:15:00.000000,12145.35,12151.95,12141.0,12151.95,23,ULTRACEMCO,12134.696755622019,12126.839194406286,51.84338076821448,12174.65,15.383407878202656,
2025-10-07T13:20:00.000000,12151.95,12152.05,12147.1,12152.05,16,ULTRACEMCO,12138.167404497615,12129.131085823896,52.63803174611589,12174.65,15.620810419753932,
2025-10-07T13:25:00.000000,12152.05,12155.0,12150.45,12154.75,20,ULTRACEMCO,12141.483923598093,12131.460078021724,53.19834570841217,12174.65,16.038122069118675,
2025-10-07T13:30:00.000000,12154.75,12155.15,12146.05,12146.05,16,ULTRACEMCO,12142.397138878474,12132.786434565203,53.3473439812481,12174.65,15.97755208754821,
2025-10-07T13:35:00.000000,12146.05,12159.05,12146.05,12151.15,54,ULTRACEMCO,12144.14771110278,12134.45584960473,53.93832939490519,12174.65,16.205917699904138,
2025-10-07T13:40:00.000000,12151.15,12174.75,12151.15,12174.75,18,ULTRACEMCO,12150.268168882223,12138.118954186119,54.74073795679478,12174.65,17.394890109669053,
2025-10-07T13:45:00.000000,12174.75,12180.0,12164.4,12180.0,96,ULTRACEMCO,12156.214535105779,12141.926321987381,55.75493825382657,12174.65,18.77442324984526,
2025-10-07T13:50:00.000000,12180.0,12180.0,12170.1,12170.1,8,ULTRACEMCO,12158.991628084623,12144.487565443074,56.70552867685076,12174.65,20.055418308580307,
2025-10-07T13:55:00.000000,12170.1,12180.0,12170.1,12173.25,2,ULTRACEMCO,12161.843302467698,12147.102332220977,57.75219408585682,12174.65,21.24491372026285,
2025-10-07T14:00:00.000000,12173.25,12182.45,12173.25,12182.45,17,ULTRACEMCO,12165.964641974158,12150.315756564525,58.843624761750014,12174.65,22.495889203389147,
2025-10-07T14:05:00.000000,12182.45,12182.45,12175.0,12182.0,21,ULTRACEMCO,12169.171713579326,12153.196142331386,59.91931932497691,12174.65,23.657509294863566,
2025-10-07T14:10:00.000000,12182.0,12182.15,12181.0,12181.0,16,ULTRACEMCO,12171.537370863462,12155.723765755805,60.894179962851695,12174.65,24.73615652266124,
2025-10-07T14:15:00.000000,12181.0,12184.0,12175.0,12175.0,32,ULTRACEMCO,12172.22989669077,12157.476150687096,61.64752368545809,12174.65,24.844257803035134,
2025-10-07T14:20:00.000000,12175.0,12184.0,12175.0,12180.0,12,ULTRACEMCO,12173.783917352615,12159.523773351906,62.59478943791188,12174.65,24.944637563382322,
2025-10-07T14:25:00.000000,12180.0,12180.0,12161.15,12161.15,70,ULTRACEMCO,12171.257133882093,12159.671612138096,63.10355609888336,12174.65,23.284607109295177,
2025-10-07T14:30:00.000000,12161.15,12170.25,12152.65,12170.25,19,ULTRACEMCO,12171.055707105674,12160.633283761905,63.60407533420441,12174.65,22.326878749536053,
2025-10-07T14:35:00.000000,12170.25,12180.0,12155.1,12180.0,148,ULTRACEMCO,12172.84456568454,12162.393894329005,63.846595803644355,12174.65,20.99444114765954,
2025-10-07T14:40:00.000000,12180.0,12180.0,12166.4,12166.4,7,ULTRACEMCO,12171.555652547631,12162.758085753641,63.459628563866076,12174.65,19.757177660202778,
2025-10-07T14:45:00.000000,12166.4,12169.7,12166.4,12169.7,1,ULTRACEMCO,12171.184522038106,12163.389168866946,63.1430960285811,12174.65,18.608290136135786,
2025-10-07T14:50:00.000000,12169.7,12180.0,12168.65,12168.65,16,ULTRACEMCO,12170.677617630485,12163.86742624268,62.797878457519076,12174.65,18.50429042635784,
2025-10-07T14:55:00.000000,12168.65,12177.25,12168.65,12177.25,14,ULTRACEMCO,12171.992094104387,12165.084023856982,62.51813688212726,12174.65,18.40771926727832,
2025-10-07T15:00:00.000000,12177.25,12178.0,12157.3,12178.0,56,ULTRACEMCO,12173.19367528351,12166.258203506348,62.252685246514616,12174.65,17.137191404755203,
2025-10-07T15:05:00.000000,12178.0,12190.0,12158.15,12181.95,77,ULTRACEMCO,12174.944940226807,12167.684730460316,62.021135998883835,12174.65,16.927392529274435,
2025-10-07T15:10:00.000000,12181.95,12193.4,12174.6,12174.6,60,ULTRACEMCO,12174.875952181446,12168.31339132756,61.85758281832942,12174.65,16.996164846578953,
2025-10-07T15:15:00.000000,12174.6,12195.0,12170.05,12170.55,107,ULTRACEMCO,12174.010761745158,12168.51671938869,61.455977303263786,12174.65,16.568538715176505,
2025-10-07T15:20:00.000000,12170.55,12191.0,12170.55,12187.25,127,ULTRACEMCO,12176.658609396127,12170.21974489881,61.01862878077799,12174.65,16.171457307445657,
2025-10-07T15:25:00.000000,12187.25,12202.4,12184.95,12202.4,65,ULTRACEMCO,12181.806887516901,12173.145222635281,60.77636653427819,12174.65,16.72446809304938,
2025-10-08T09:15:00.000000,12179.25,12179.25,12110.8,12142.85,69,ULTRACEMCO,12174.015510013522,12170.391111486619,59.631053538465515,12179.25,18.28176902092443,
2025-10-08T09:20:00.000000,12142.85,12142.85,12131.1,12140.0,18,ULTRACEMCO,12167.212408010817,12167.628283169654,58.393107215402765,12179.25,19.72783416823697,
2025-10-08T09:25:00.000000,12140.0,12167.5,12140.0,12140.0,9,ULTRACEMCO,12161.769926408653,12165.116621063322,57.006327839772894,12179.25,19.460996134775872,
2025-10-08T09:30:00.000000,12140.0,12140.0,12125.45,12134.95,24,ULTRACEMCO,12156.405941126923,12162.374200966657,55.55921778884859,12179.25,19.775563721312828,
2025-10-08T09:35:00.000000,12134.95,12144.15,12126.55,12132.5,36,ULTRACEMCO,12151.624752901538,12159.658364515142,54.11164355045154,12179.25,19.820104484328564,
2025-10-08T09:40:00.000000,12132.5,12132.5,12132.5,12132.5,0,ULTRACEMCO,12147.799802321231,12157.189422286492,52.88558622732286,12179.25,19.861463764271747,
2025-10-08T09:45:00.000000,12132.5,12138.95,12132.0,12138.95,4,ULTRACEMCO,12146.029841856986,12155.53129298772,51.72545906060009,12179.25,19.486951608436545,
2025-10-08T09:50:00.000000,12138.95,12138.95,12111.0,12111.0,61,ULTRACEMCO,12139.023873485588,12151.4829936252,50.736480253273385,12179.25,20.017961724537933,
2025-10-08T09:55:00.000000,12111.0,12117.45,12100.25,12110.0,31,ULTRACEMCO,12133.219098788471,12147.711812386546,49.53125194318778,12179.25,20.895174474341108,
2025-10-08T10:00:00.000000,12110.0,12110.0,12110.0,12110.0,8,ULTRACEMCO,12128.575279030778,12144.283465805951,48.131571986314626,12179.25,21.709729170586915,
2025-10-08T10:05:00.000000,12110.0,12113.3,12110.0,12113.3,4,ULTRACEMCO,12125.520223224623,12141.466787096319,47.19836952622859,12179.25,22.224840002890232,
2025-10-08T10:10:00.000000,12113.3,12122.8,12113.3,12122.8,1,ULTRACEMCO,12124.976178579698,12139.769806451199,46.46104074158446,12179.25,22.027745808824758,
2025-10-08T10:15:00.000000,12122.8,12122.8,12106.0,12106.0,8,ULTRACEMCO,12121.180942863759,12136.699824046544,45.47749794325944,12179.25,22.173898734043608,
2025-10-08T10:20:00.000000,12106.0,12106.0,12080.05,12080.05,24,ULTRACEMCO,12112.954754291008,12131.549840042313,43.981789792734276,12179.25,23.284157596104503,SELL
2025-10-08T10:25:00.000000,12080.05,12091.6,12080.05,12091.6,1,ULTRACEMCO,12108.683803432807,12127.918036402103,42.75893778136699,12179.25,24.315112253732476,SELL
2025-10-08T10:30:00.000000,12091.6,12109.25,12091.6,12091.85,30,ULTRACEMCO,12105.317042746245,12124.639124001911,41.45506813296138,12179.25,24.051171220848794,SELL
2025-10-08T10:35:00.000000,12091.85,12106.5,12091.85,12106.5,1,ULTRACEMCO,12105.553634196996,12122.99011272901,40.736480394245675,12179.25,23.806083118885372,
2025-10-08T10:40:00.000000,12106.5,12106.7,12106.5,12106.7,9,ULTRACEMCO,12105.782907357598,12121.50919339001,40.14652453490068,12179.25,23.56446725113923,
2025-10-08T10:45:00.000000,12106.7,12106.7,12106.7,12106.7,0,ULTRACEMCO,12105.966325886078,12120.162903081828,39.17265921919932,12179.25,23.340109659660673,
2025-10-08T10:50:00.000000,12106.7,12106.7,12106.7,12106.7,0,ULTRACEMCO,12106.113060708863,12118.939002801662,37.928940967726966,12179.25,23.131777610430582,
2025-10-08T10:55:00.000000,12106.7,12106.7,12075.0,12085.45,28,ULTRACEMCO,12101.98044856709,12115.894548001512,37.5574606891225,12179.25,24.32428446822154,SELL
2025-10-08T11:00:00.000000,12085.45,12085.45,12058.2,12058.2,18,ULTRACEMCO,12093.224358853673,12110.649589092283,36.89519249291732,12179.25,25.95668075685062,SELL
2025-10-08T11:05:00.000000,12058.2,12058.2,12040.0,12049.8,13,ULTRACEMCO,12084.539487082939,12105.117808265712,36.149661020749406,12179.25,27.94314136563015,SELL
2025-10-08T11:10:00.000000,12049.8,12049.8,12049.8,12049.8,0,ULTRACEMCO,12077.59158966635,12100.088916605193,35.480196336542214,12179.25,29.78771193092543,SELL
2025-10-08T11:15:00.000000,12049.8,12049.8,12030.0,12030.0,19,ULTRACEMCO,12068.07327173308,12093.717196913813,34.66432611369612,12179.25,31.949611795021962,SELL
2025-10-08T11:20:00.000000,12030.0,12030.0,12011.6,12029.0,260,ULTRACEMCO,12060.258617386464,12087.833815376192,33.83992136478615,12179.25,34.29888831838655,SELL
2025-10-08T11:25:00.000000,12029.0,12049.95,12029.0,12049.95,9,ULTRACEMCO,12058.196893909171,12084.389832160176,33.415245156969505,12179.25,35.035539238857226,SELL
2025-10-08T11:30:00.000000,12049.95,12049.95,12049.95,12049.95,0,ULTRACEMCO,12056.547515127337,12081.258938327432,33.41977192646119,12179.25,35.71957223643714,SELL
2025-10-08T11:35:00.000000,12049.95,12049.95,12038.7,12038.7,2,ULTRACEMCO,12052.97801210187,12077.38994393403,33.296920916955806,12179.25,36.648660801930454,SELL
2025-10-08T11:40:00.000000,12038.7,12038.7,12008.0,12008.05,8,ULTRACEMCO,12043.992409681496,12071.0863126673,32.870602913299386,12179.25,38.16768777786108,SELL
2025-10-08T11:45:00.000000,12008.05,12008.05,12002.0,12002.0,8,ULTRACEMCO,12035.593927745196,12064.805738788455,32.29814759181719,12179.25,39.68747223030159,SELL
2025-10-08T11:50:00.000000,12002.0,12016.55,12002.0,12010.0,7,ULTRACEMCO,12030.475142196157,12059.823398898596,31.665205648740795,12179.25,40.5003496425776,SELL
2025-10-08T11:55:00.000000,12010.0,12010.0,12002.0,12006.8,85,ULTRACEMCO,12025.740113756925,12055.003089907814,31.2754003422205,12179.25,41.255164382548195,SELL
2025-10-08T12:00:00.000000,12006.8,12006.8,11990.0,11990.0,26,ULTRACEMCO,12018.59209100554,12049.093718098013,31.05273645189236,12179.25,42.23290740282136,SELL
2025-10-08T12:05:00.000000,11990.0,11995.25,11976.0,11976.0,112,ULTRACEMCO,12010.073672804432,12042.448834634557,30.428857553126686,12179.25,43.43210163425368,SELL
2025-10-08T12:10:00.000000,11976.0,11986.6,11976.0,11976.0,103,ULTRACEMCO,12003.258938243545,12036.40803148596,29.798798626126178,12179.25,44.545639134869404,SELL
2025-10-08T12:15:00.000000,11976.0,11976.0,11968.7,11968.7,4,ULTRACEMCO,11996.347150594836,12030.252755896328,28.762569939148143,12179.25,45.7315336090263,SELL
2025-10-08T12:20:00.000000,11968.7,11968.7,11950.0,11950.0,33,ULTRACEMCO,11987.077720475869,12022.957050814844,27.589011055103782,12179.25,47.18025577152458,SELL
2025-10-08T12:25:00.000000,11950.0,11962.8,11945.05,11958.0,17,ULTRACEMCO,11981.262176380695,12017.051864377132,26.64312946961032,12179.25,48.60917463865005,SELL
2025-10-08T12:30:00.000000,11958.0,11958.0,11957.0,11957.0,12,ULTRACEMCO,11976.409741104555,12011.59260397921,25.68882424702424,12179.25,49.93602787240942,SELL
2025-10-08T12:35:00.000000,11957.0,11957.0,11941.2,11944.0,133,ULTRACEMCO,11969.927792883644,12005.447821799282,24.985214507034424,12179.25,51.433345158286045,SELL
2025-10-08T12:40:00.000000,11944.0,11947.45,11944.0,11947.0,5,ULTRACEMCO,11965.342234306914,12000.134383453893,24.702649333623203,12179.25,52.8237112094572,SELL
2025-10-08T12:45:00.000000,11947.0,11961.0,11947.0,11957.3,30,ULTRACEMCO,11963.733787445532,11996.240348594449,24.80675748268495,12179.25,52.879850245246395,SELL
2025-10-08T12:50:00.000000,11957.3,11957.3,11954.4,11954.4,1,ULTRACEMCO,11961.867029956426,11992.436680540408,24.878202412588045,12179.25,52.93197934990779,SELL
2025-10-08T12:55:00.000000,11954.4,11961.4,11954.4,11961.4,3,ULTRACEMCO,11961.77362396514,11989.615164127643,25.338640982062515,12179.25,52.6042178013092,SELL
2025-10-08T13:00:00.000000,11961.4,11962.95,11961.4,11962.95,1,ULTRACEMCO,11962.008899172113,11987.191058297858,25.853123749437078,12179.25,52.154005547808815,
2025-10-08T13:05:00.000000,11962.95,11962.95,11962.95,11962.95,0,ULTRACEMCO,11962.19711933769,11984.987325725326,25.800415667720706,12179.25,51.7359513124156,
2025-10-08T13:10:00.000000,11962.95,11963.25,11952.2,11952.2,9,ULTRACEMCO,11960.197695470153,11982.006659750296,25.589703849098147,12179.25,51.73012329315435,SELL
2025-10-08T13:15:00.000000,11952.2,11952.2,11952.2,11952.2,0,ULTRACEMCO,11958.598156376123,11979.296963409359,25.519439089465955,12179.25,51.72471156098318,SELL
2025-10-08T13:20:00.000000,11952.2,11964.8,11952.2,11964.75,7,ULTRACEMCO,11959.828525100898,11977.974512190327,26.161422126587304,12179.25,50.42695211467447,
2025-10-08T13:25:00.000000,11964.75,11965.7,11950.0,11950.0,70,ULTRACEMCO,11957.862820080718,11975.431374718479,26.61231260394239,12179.25,49.32605162084278,SELL
2025-10-08T13:30:00.000000,11950.0,11962.15,11950.0,11957.0,5,ULTRACEMCO,11957.690256064574,11973.755795198616,27.06351860900666,12179.25,48.3037868765705,SELL
2025-10-08T13:35:00.000000,11957.0,11980.0,11957.0,11980.0,26,ULTRACEMCO,11962.15220485166,11974.32345018056,28.10896509404979,12179.25,45.70378461460873,
2025-10-08T13:40:00.000000,11980.0,12005.15,11980.0,12000.0,76,ULTRACEMCO,11969.721763881327,11976.657681982328,29.68070243931546,12179.25,43.236956036522415,
2025-10-08T13:45:00.000000,12000.0,12017.0,12000.0,12009.65,41,ULTRACEMCO,11977.707411105062,11979.656983620298,31.51827165577282,12179.25,41.54727219521386,
2025-10-08T13:50:00.000000,12009.65,12009.65,12008.0,12008.0,26,ULTRACEMCO,11983.76592888405,11982.233621472998,33.31889588205357,12179.25,39.978280056855915,
2025-10-08T13:55:00.000000,12008.0,12008.0,11995.0,12008.0,20,ULTRACEMCO,11988.61274310724,11984.576019520908,35.177795059800886,12179.25,37.60279226465645,
2025-10-08T14:00:00.000000,12008.0,12013.35,11999.0,12013.35,110,ULTRACEMCO,11993.560194485792,11987.191835928097,37.26449251042657,12179.25,35.70009396995403,
2025-10-08T14:05:00.000000,12013.35,12013.35,11995.0,11995.0,102,ULTRACEMCO,11993.848155588634,11987.901669025543,38.695331690509015,12179.25,33.65322782142523,
2025-10-08T14:10:00.000000,11995.0,11995.0,11984.65,11984.65,1,ULTRACEMCO,11992.008524470906,11987.606062750494,39.92954182427053,12179.25,31.431661682096102,
2025-10-08T14:15:00.000000,11984.65,11997.95,11984.65,11997.95,8,ULTRACEMCO,11993.196819576726,11988.546420682267,41.53285318649221,12179.25,29.20045633765473,
2025-10-08T14:20:00.000000,11997.95,11997.95,11997.95,11997.95,0,ULTRACEMCO,11994.147455661381,11989.401291529333,43.0450783643348,12179.25,27.1286228035306,
2025-10-08T14:25:00.000000,11997.95,11997.95,11990.0,11990.3,12,ULTRACEMCO,11993.377964529105,11989.482992299394,44.090462524533024,12179.25,25.729662549196792,
2025-10-08T14:30:00.000000,11990.3,12001.95,11990.3,12000.0,3,ULTRACEMCO,11994.702371623283,11990.43908390854,45.367777491089264,12179.25,24.122088835623742,
2025-10-08T14:35:00.000000,12000.0,12000.0,12000.0,12000.0,20,ULTRACEMCO,11995.761897298627,11991.308258098674,46.44004972284319,12179.25,22.629341815877336,
2025-10-08T14:40:00.000000,12000.0,12000.0,12000.0,12000.0,0,ULTRACEMCO,11996.609517838902,11992.09841645334,47.4668122827609,12179.25,21.243219583255673,
2025-10-08T14:45:00.000000,12000.0,12007.2,12000.0,12000.05,6,ULTRACEMCO,11997.297614271121,11992.821287684854,48.49475652651907,12179.25,20.106230750563004,
2025-10-08T14:50:00.000000,12000.05,12016.7,12000.05,12016.7,62,ULTRACEMCO,12001.178091416898,11994.992079713504,50.039355574173314,12179.25,19.762487167910223,
2025-10-08T14:55:00.000000,12016.7,12016.7,11999.0,11999.0,17,ULTRACEMCO,12000.742473133518,11995.356436103186,51.13349295492894,12179.25,19.341364090877132,
2025-10-08T15:00:00.000000,11999.0,11999.0,11983.0,11983.0,23,ULTRACEMCO,11997.193978506813,11994.23312373017,51.493106831085775,12179.25,18.34248245278166,
2025-10-08T15:05:00.000000,11983.0,11983.85,11980.0,11983.85,15,ULTRACEMCO,11994.525182805452,11993.289203391063,52.11343657180836,12179.25,17.637808350856567,
2025-10-08T15:10:00.000000,11983.85,11992.0,11983.85,11992.0,68,ULTRACEMCO,11994.020146244362,11993.172003082784,52.71724960306334,12179.25,16.454034965067862,
2025-10-08T15:15:00.000000,11992.0,11998.85,11985.45,11994.0,26,ULTRACEMCO,11994.01611699549,11993.247275529804,52.804388070196616,12179.25,15.875977462998891,
2025-10-08T15:20:00.000000,11994.0,12003.85,11994.0,12001.0,51,ULTRACEMCO,11995.412893596393,11993.952068663459,52.67951880342385,12179.25,15.697876445802589,
2025-10-08T15:25:00.000000,12001.0,12001.0,11970.0,11990.0,61,ULTRACEMCO,11994.330314877114,11993.592789694054,52.1434712266438,12179.25,15.408315605772165,
2025-10-09T09:15:00.000000,12053.0,12053.0,11980.0,12020.55,188,ULTRACEMCO,11999.574251901691,11996.043445176412,52.229182010284,12053.0,16.186936801724425,
2025-10-09T09:20:00.000000,12020.55,12047.5,12020.4,12028.35,17,ULTRACEMCO,12005.329401521352,11998.98040470583,52.43228827499679,12053.0,16.90994219796581,
2025-10-09T09:25:00.000000,12028.35,12028.35,12014.75,12017.2,13,ULTRACEMCO,12007.703521217081,12000.636731550754,52.28534185874321,12053.0,17.21069606374672,
2025-10-09T09:30:00.000000,12017.2,12028.35,12013.05,12013.05,34,ULTRACEMCO,12008.772816973666,12001.765210500685,52.475758016708824,12053.0,17.376324939958597,
2025-10-09T09:35:00.000000,12013.05,12024.5,12012.55,12024.5,5,ULTRACEMCO,12011.918253578933,12003.832009546079,53.06568035750091,12053.0,17.494747803662655,
2025-10-09T09:40:00.000000,12024.5,12024.5,12012.55,12012.55,9,ULTRACEMCO,12012.044602863147,12004.624554132799,53.13088370654278,12053.0,17.604711891387854,
2025-10-09T09:45:00.000000,12012.55,12021.05,12012.0,12021.05,7,ULTRACEMCO,12013.845682290517,12006.117776484363,53.34321933019114,12053.0,17.6621149304759,
2025-10-09T09:50:00.000000,12021.05,12032.55,12005.0,12032.55,30,ULTRACEMCO,12017.586545832413,12008.520705894876,53.90268784576582,12053.0,18.332392519907813,
2025-10-09T09:55:00.000000,12032.55,12055.0,12032.55,12046.4,155,ULTRACEMCO,12023.34923666593,12011.96427808625,54.45931777190132,12053.0,19.903436034404372,
2025-10-09T10:00:00.000000,12046.4,12054.95,12046.1,12047.05,20,ULTRACEMCO,12028.089389332745,12015.153889169318,55.02484674969298,12053.0,21.36226215500832,
2025-10-09T10:05:00.000000,12047.05,12055.0,12047.05,12055.0,82,ULTRACEMCO,12033.471511466196,12018.776262881198,55.699819424629894,12053.0,22.718889730075055,
2025-10-09T10:10:00.000000,12055.0,12058.45,12046.65,12046.65,90,ULTRACEMCO,12036.107209172957,12021.310238982907,56.156422747565315,12053.0,24.122386295768486,
2025-10-09T10:15:00.000000,12046.65,12050.0,12038.95,12038.95,18,ULTRACEMCO,12036.675767338365,12022.913853620825,56.064995478787424,12053.0,24.662684552875124,
2025-10-09T10:20:00.000000,12038.95,12050.95,12038.95,12050.95,19,ULTRACEMCO,12039.530613870693,12025.46259420075,56.615925279457386,12053.0,25.212551492493912,
2025-10-09T10:25:00.000000,12050.95,12050.95,12040.05,12040.05,1,ULTRACEMCO,12039.634491096554,12026.788722000681,57.23367755864272,12053.0,25.723142222139927,
2025-10-09T10:30:00.000000,12040.05,12049.95,12039.35,12049.95,12,ULTRACEMCO,12041.697592877244,12028.894292727893,57.99230805604136,12053.0,26.11818547200895,
2025-10-09T10:35:00.000000,12049.95,12050.0,12047.35,12047.35,3,ULTRACEMCO,12042.828074301795,12030.572084298085,58.498489884825766,12053.0,26.488168644350075,
2025-10-09T10:40:00.000000,12047.35,12047.35,12035.0,12035.0,4,ULTRACEMCO,12041.262459441436,12030.974622089168,58.674428923589616,12053.0,25.461986551485957,
2025-10-09T10:45:00.000000,12035.0,12040.95,12019.35,12019.35,7,ULTRACEMCO,12036.879967553148,12029.91783826288,58.381447301826505,12053.0,24.108411686650836,
2025-10-09T10:50:00.000000,12019.35,12022.0,12011.65,12011.65,5,ULTRACEMCO,12031.833974042518,12028.257125693526,58.209138714143556,12053.0,23.39195599286739,
2025-10-09T10:55:00.000000,12011.65,12027.2,12011.65,12027.2,1,ULTRACEMCO,12030.907179234015,12028.16102335775,57.762293809824975,12053.0,22.273727330392735,
2025-10-09T11:00:00.000000,12027.2,12050.0,12022.0,12022.0,314,ULTRACEMCO,12029.125743387212,12027.600930325227,57.099829501245175,12053.0,21.730060227585188,
2025-10-09T11:05:00.000000,12022.0,12027.3,12022.0,12027.3,16,ULTRACEMCO,12028.760594709769,12027.573573022933,56.79683264647375,12053.0,21.225226489263893,
2025-10-09T11:10:00.000000,12027.3,12048.7,12027.3,12040.0,33,ULTRACEMCO,12031.008475767816,12028.703248202666,56.818582638332636,12053.0,21.881382966966235,
2025-10-09T11:15:00.000000,12040.0,12040.25,12035.2,12040.25,13,ULTRACEMCO,12032.856780614253,12029.752952911515,56.6503571086746,12053.0,22.490671124832694,
2025-10-09T11:20:00.000000,12040.25,12040.25,12032.35,12032.35,2,ULTRACEMCO,12032.755424491403,12029.989048101377,56.56538249195844,12053.0,22.79827502720632,
2025-10-09T11:25:00.000000,12032.35,12032.35,12032.35,12032.35,0,ULTRACEMCO,12032.674339593123,12030.203680092161,56.333275600635794,12053.0,23.083907222267545,
2025-10-09T11:30:00.000000,12032.35,12032.35,12029.75,12029.75,9,ULTRACEMCO,12032.089471674499,12030.16243644742,55.855266139693185,12053.0,23.09112791985391,
2025-10-09T11:35:00.000000,12029.75,12049.7,12029.75,12040.25,11,ULTRACEMCO,12033.721577339598,12031.079487679472,55.41238740005608,12053.0,24.030218942183534,
2025-10-09T11:40:00.000000,12040.25,12060.0,12040.25,12060.0,31,ULTRACEMCO,12038.977261871678,12033.708625163155,55.31744987391687,12053.0,25.348545290696226,
2025-10-09T11:45:00.000000,12060.0,12070.0,12044.25,12044.25,106,ULTRACEMCO,12040.031809497343,12034.666931966505,54.73471419402695,12053.0,26.954502615356365,
2025-10-09T11:50:00.000000,12044.25,12044.25,12040.85,12040.85,26,ULTRACEMCO,12040.195447597875,12035.22902906046,54.293957251107926,12053.0,28.098241360298285,
2025-10-09T11:55:00.000000,12040.85,12040.85,12040.85,12040.85,0,ULTRACEMCO,12040.3263580783,12035.7400264186,54.04257983291235,12053.0,29.160284480601494,
2025-10-09T12:00:00.000000,12040.85,12047.0,12036.0,12036.0,9,ULTRACEMCO,12039.461086462641,12035.763660380546,53.48352335324891,12053.0,30.409551982801414,
2025-10-09T12:05:00.000000,12036.0,12036.0,12005.0,12015.7,327,ULTRACEMCO,12034.708869170114,12033.939691255042,52.76557897995326,12053.0,28.85060442046133,
2025-10-09T12:10:00.000000,12015.7,12020.0,12015.7,12020.0,20,ULTRACEMCO,12031.76709533609,12032.672446595492,51.98949142057868,12053.0,27.40301025543125,
2025-10-09T12:15:00.000000,12020.0,12035.95,12020.0,12031.0,3,ULTRACEMCO,12031.613676268873,12032.520405995901,51.524234340999,12053.0,26.934551472137365,
2025-10-09T12:20:00.000000,12031.0,12031.0,12021.6,12021.6,3,ULTRACEMCO,12029.610941015098,12031.527641814457,51.152776089535436,12053.0,26.49955403050733,
2025-10-09T12:25:00.000000,12021.6,12028.45,12021.6,12028.45,1,ULTRACEMCO,12029.37875281208,12031.247856194961,51.24424995170849,12053.0,26.09562783470801,
2025-10-09T12:30:00.000000,12028.45,12037.6,12028.45,12037.6,28,ULTRACEMCO,12031.023002249663,12031.8253238136,51.66430946221789,12053.0,26.216231524376813,
2025-10-09T12:35:00.000000,12037.6,12057.6,12037.6,12057.6,46,ULTRACEMCO,12036.33840179973,12034.168476194181,52.128573060872576,12053.0,27.210621796774912,
2025-10-09T12:40:00.000000,12057.6,12059.9,12057.6,12059.9,3,ULTRACEMCO,12041.050721439784,12036.507705631075,52.72766722062001,12053.0,28.22269250545754,
2025-10-09T12:45:00.000000,12059.9,12067.7,12059.9,12067.7,10,ULTRACEMCO,12046.380577151827,12039.343368755523,53.34533383425512,12053.0,29.457384205573437,
2025-10-09T12:50:00.000000,12067.7,12075.4,12061.9,12075.4,33,ULTRACEMCO,12052.184461721461,12042.621244323202,53.84399974015203,12053.0,30.87502446737979,
2025-10-09T12:55:00.000000,12075.4,12080.0,12070.3,12073.05,3,ULTRACEMCO,12056.357569377169,12045.387494839275,54.27228765534032,12053.0,32.346731850115155,
2025-10-09T13:00:00.000000,12073.05,12097.5,12073.0,12097.5,24,ULTRACEMCO,12064.586055501735,12050.124995308432,55.20837392550122,12053.0,34.23135428225444,
2025-10-09T13:05:00.000000,12097.5,12109.85,12089.35,12098.3,75,ULTRACEMCO,12071.328844401389,12054.504541189483,56.15387107548302,12053.0,36.28206168054838,
2025-10-09T13:10:00.000000,12098.3,12105.0,12098.3,12101.0,19,ULTRACEMCO,12077.26307552111,12058.731401081348,57.19477614983657,12053.0,38.18628997896418,
2025-10-09T13:15:00.000000,12101.0,12109.85,12097.15,12109.85,65,ULTRACEMCO,12083.780460416889,12063.378546437589,58.110102039901086,12053.0,40.07202614933443,
2025-10-09T13:20:00.000000,12109.85,12115.0,12101.3,12105.2,12,ULTRACEMCO,12088.064368333511,12067.180496761444,58.519028624414794,12053.0,41.94528802814251,
2025-10-09T13:25:00.000000,12105.2,12114.0,12105.2,12105.25,23,ULTRACEMCO,12091.501494666809,12070.641360692221,59.306996065433715,12053.0,43.68474548703573,
2025-10-09T13:30:00.000000,12105.25,12124.0,12105.25,12124.0,30,ULTRACEMCO,12098.001195733446,12075.492146083838,60.403085448861916,12053.0,45.53619048785794,
2025-10-09T13:35:00.000000,12124.0,12124.0,12114.0,12114.0,10,ULTRACEMCO,12101.200956586757,12078.992860076216,61.18290101781537,12053.0,47.25538941719285,
2025-10-09T13:40:00.000000,12114.0,12132.45,12114.0,12124.0,37,ULTRACEMCO,12105.760765269406,12083.084418251105,62.20645747527792,12053.0,49.04226190098684,
2025-10-09T13:45:00.000000,12124.0,12125.0,12121.1,12125.0,53,ULTRACEMCO,12109.608612215525,12086.894925682822,63.660348917486544,12053.0,50.70150063593839,
2025-10-09T13:50:00.000000,12125.0,12125.0,12117.9,12117.9,10,ULTRACEMCO,12111.26688977242,12089.713568802565,64.78394954101803,12053.0,51.78567223844505,
2025-10-09T13:55:00.000000,12117.9,12129.85,12117.9,12129.85,3,ULTRACEMCO,12114.983511817936,12093.362335275058,65.82757550745876,12053.0,52.93156690296764,
2025-10-09T14:00:00.000000,12129.85,12134.0,12128.0,12129.4,28,ULTRACEMCO,12117.866809454348,12096.638486613689,67.04713943889685,12053.0,54.110483343901954,
2025-10-09T14:05:00.000000,12129.4,12142.7,12129.4,12134.7,45,ULTRACEMCO,12121.233447563478,12100.098624194263,68.18798387825325,12053.0,55.42658164740584,
2025-10-09T14:10:00.000000,12134.7,12149.0,12134.1,12147.45,20,ULTRACEMCO,12126.476758050783,12104.403294722057,69.29844953676731,12053.0,56.7924437000202,
2025-10-09T14:15:00.000000,12147.45,12147.45,12132.0,12132.0,11,ULTRACEMCO,12127.581406440626,12106.91208611096,69.56467930170163,12053.0,57.7411443109185,
2025-10-09T14:20:00.000000,12132.0,12132.0,12128.05,12128.05,7,ULTRACEMCO,12127.6751251525,12108.833714646327,69.68110076905297,12053.0,58.02241908925621,
2025-10-09T14:25:00.000000,12128.05,12142.3,12119.3,12119.3,15,ULTRACEMCO,12126.000100122,12109.785195133025,69.43371174530678,12053.0,58.61683826494099,
2025-10-09T14:30:00.000000,12119.3,12131.4,12119.3,12125.15,15,ULTRACEMCO,12125.830080097601,12111.181995575476,69.18014341416142,12053.0,59.16879892807685,
2025-10-09T14:35:00.000000,12125.15,12140.0,12125.15,12140.0,88,ULTRACEMCO,12128.66406407808,12113.801814159524,69.23913644730767,12053.0,59.93484961511445,
2025-10-09T14:40:00.000000,12140.0,12155.3,12140.0,12155.3,154,ULTRACEMCO,12133.991251262465,12117.574376508657,69.17916864773203,12053.0,61.007644407473926,
2025-10-09T14:45:00.000000,12155.3,12172.4,12155.3,12172.05,35,ULTRACEMCO,12141.603001009971,12122.526705916962,69.30043208614835,12053.0,62.30484376488885,
2025-10-09T14:50:00.000000,12172.05,12185.95,12170.2,12185.7,17,ULTRACEMCO,12150.422400807976,12128.269732651783,69.52032848525151,12053.0,63.69621901135128,
2025-10-09T14:55:00.000000,12185.7,12201.0,12179.25,12201.0,154,ULTRACEMCO,12160.53792064638,12134.881575137984,69.76230189397765,12053.0,65.15811078588763,
2025-10-09T15:00:00.000000,12201.0,12211.0,12201.0,12201.0,46,ULTRACEMCO,12168.630336517104,12140.89234103453,70.15383434310054,12053.0,66.61224894231403,
2025-10-09T15:05:00.000000,12201.0,12201.0,12185.1,12198.85,157,ULTRACEMCO,12174.674269213683,12146.161219122301,70.47743657162364,12053.0,66.27108605886463,
2025-10-09T15:10:00.000000,12198.85,12211.25,12179.1,12179.1,175,ULTRACEMCO,12175.559415370946,12149.155653747546,70.00895338226694,12053.0,66.17619561472783,
2025-10-09T15:15:00.000000,12179.1,12191.0,12176.1,12191.0,76,ULTRACEMCO,12178.647532296756,12152.959685225042,70.00248217744044,12053.0,65.79335419196079,
2025-10-09T15:20:00.000000,12191.0,12195.85,12179.1,12179.1,74,ULTRACEMCO,12178.738025837405,12155.33607747731,69.57610158800311,12053.0,65.55466976174549,
2025-10-09T15:25:00.000000,12179.1,12185.75,12170.85,12170.9,66,ULTRACEMCO,12177.170420669923,12156.750979524828,68.95060441928237,12053.0,64.50888517940488,
2025-10-10T09:15:00.000000,12135.05,12171.2,12114.95,12157.1,76,ULTRACEMCO,12173.156336535938,12156.782708658935,68.2653940218501,12261.9,59.94405210674292,
2025-10-10T09:20:00.000000,12157.1,12198.45,12157.1,12198.45,76,ULTRACEMCO,12178.21506922875,12160.570644235395,67.96351758842272,12261.9,56.71140960497758,
2025-10-10T09:25:00.000000,12198.45,12239.0,12174.1,12239.0,62,ULTRACEMCO,12190.372055383,12167.700585668541,68.03096817853677,12261.9,54.903088381550454,
2025-10-10T09:30:00.000000,12239.0,12261.9,12220.05,12260.0,164,ULTRACEMCO,12204.2976443064,12176.091441516855,68.16648325105696,12261.9,53.74547821639508,
2025-10-10T09:35:00.000000,12260.0,12260.0,12224.0,12224.2,51,ULTRACEMCO,12208.27811544512,12180.464946833505,67.55841146020624,12261.9,52.670554491607945,
2025-10-10T09:40:00.000000,12224.2,12253.7,12224.2,12251.5,185,ULTRACEMCO,12216.922492356096,12186.922678939549,67.65040403637548,12261.9,51.67241103287703,
2025-10-10T09:45:00.000000,12251.5,12261.0,12243.1,12255.0,31,ULTRACEMCO,12224.537993884876,12193.111526308681,67.88093908415313,12261.9,50.92357101384109,
2025-10-10T09:50:00.000000,12255.0,12258.7,12245.05,12255.4,7,ULTRACEMCO,12230.7103951079,12198.774114826074,68.355330248191,12261.9,50.228219567593435,
2025-10-10T09:55:00.000000,12255.4,12255.4,12235.25,12240.0,164,ULTRACEMCO,12232.568316086321,12202.521922569158,68.4739777842374,12261.9,48.982229888037715,
2025-10-10T10:00:00.000000,12240.0,12288.45,12240.0,12281.25,100,ULTRACEMCO,12242.304652869057,12209.679020517417,68.66913114250688,12261.9,48.67867905871096,
2025-10-10T10:05:00.000000,12281.25,12294.7,12280.0,12294.7,120,ULTRACEMCO,12252.783722295246,12217.40820047038,68.74220381227363,12261.9,48.534728531997914,
2025-10-10T10:10:00.000000,12294.7,12300.7,12291.4,12300.0,69,ULTRACEMCO,12262.226977836197,12224.916545882163,68.65913456403182,12261.9,48.53386794030898,
2025-10-10T10:15:00.000000,12300.0,12320.0,12293.75,12310.0,315,ULTRACEMCO,12271.781582268957,12232.65140534742,68.5094970643729,12261.9,48.92924888252326,
2025-10-10T10:20:00.000000,12310.0,12319.65,12307.0,12318.0,84,ULTRACEMCO,12281.025265815166,12240.410368497654,68.28338756288503,12261.9,49.296388328865085,
2025-10-10T10:25:00.000000,12318.0,12322.05,12308.3,12321.9,177,ULTRACEMCO,12289.200212652133,12247.818516816049,68.08281143827233,12261.9,49.687503943935,
2025-10-10T10:30:00.000000,12321.9,12321.9,12293.25,12293.25,14,ULTRACEMCO,12290.010170121706,12251.948651650953,67.44690073006778,12261.9,49.01530493876849,
2025-10-10T10:35:00.000000,12293.25,12314.3,12293.25,12310.0,22,ULTRACEMCO,12294.008136097365,12257.226046955411,67.50891122757098,12261.9,48.391120148256725,
2025-10-10T10:40:00.000000,12310.0,12310.0,12291.2,12297.0,36,ULTRACEMCO,12294.606508877892,12260.841860868555,67.21868094765021,12261.9,47.66543676163326,
2025-10-10T10:45:00.000000,12297.0,12309.7,12287.2,12309.7,47,ULTRACEMCO,12297.625207102314,12265.283509880504,67.33208692477388,12261.9,46.69808838269618,
2025-10-10T10:50:00.000000,12309.7,12315.0,12300.1,12300.1,15,ULTRACEMCO,12298.12016568185,12268.448645345914,67.47822851652302,12261.9,45.991304429132626,
2025-10-10T10:55:00.000000,12300.1,12304.25,12300.0,12300.0,26,ULTRACEMCO,12298.49613254548,12271.316950314467,67.91012195113422,12261.9,45.32693258911615,
2025-10-10T11:00:00.000000,12300.0,12300.0,12295.25,12295.25,3,ULTRACEMCO,12297.846906036384,12273.49268210406,67.70881661922303,12261.9,44.3141487370653,
2025-10-10T11:05:00.000000,12295.25,12306.2,12284.95,12284.95,31,ULTRACEMCO,12295.267524829107,12274.534256458237,66.97755797993042,12261.9,42.56346572347733,
2025-10-10T11:10:00.000000,12284.95,12284.95,12274.0,12278.05,16,ULTRACEMCO,12291.824019863285,12274.853869507488,65.98975378475424,12261.9,40.166785482947944,
2025-10-10T11:15:00.000000,12278.05,12278.05,12260.5,12260.5,54,ULTRACEMCO,12285.559215890627,12273.548972279534,65.31308777779876,12261.9,37.486122861915696,
2025-10-10T11:20:00.000000,12260.5,12270.1,12252.05,12252.05,14,ULTRACEMCO,12278.857372712502,12271.59452025412,64.3056121098047,12261.9,35.46416737848681,
2025-10-10T11:25:00.000000,12252.05,12280.65,12252.05,12267.0,24,ULTRACEMCO,12276.485898170002,12271.176836594655,63.497874427316276,12261.9,32.94053781400563,
2025-10-10T11:30:00.000000,12267.0,12280.0,12267.0,12268.8,12,ULTRACEMCO,12274.948718536001,12270.960760540596,62.71348500016944,12261.9,30.597167504130248,
2025-10-10T11:35:00.000000,12268.8,12279.95,12267.0,12267.0,19,ULTRACEMCO,12273.358974828801,12270.600691400543,62.14589243921595,12261.9,28.421180787817388,
2025-10-10T11:40:00.000000,12267.0,12275.85,12255.05,12275.85,10,ULTRACEMCO,12273.857179863042,12271.07790127322,61.395601428702,12261.9,27.148992860259305,
2025-10-10T11:45:00.000000,12275.85,12275.85,12260.4,12262.9,14,ULTRACEMCO,12271.665743890433,12270.334455702927,60.330181262652346,12261.9,25.967675498955373,
2025-10-10T11:50:00.000000,12262.9,12262.9,12240.0,12251.25,27,ULTRACEMCO,12267.582595112346,12268.599505184478,59.04401006070519,12261.9,25.968863538777804,
2025-10-10T11:55:00.000000,12251.25,12251.45,12250.85,12251.45,3,ULTRACEMCO,12264.356076089876,12267.040459258616,57.69630040456362,12261.9,25.969966718612916,
2025-10-10T12:00:00.000000,12251.45,12269.7,12251.45,12269.7,11,ULTRACEMCO,12265.4248608719,12267.282235689652,56.61955500942188,12261.9,24.608366443231535,
2025-10-10T12:05:00.000000,12269.7,12269.7,12245.45,12245.45,18,ULTRACEMCO,12261.429888697521,12265.297486990594,55.13333908222795,12261.9,23.682373658490434,
2025-10-10T12:10:00.000000,12245.45,12245.45,12245.45,12245.45,0,ULTRACEMCO,12258.233910958017,12263.493169991449,54.14970155932591,12261.9,22.82252321551655,
2025-10-10T12:15:00.000000,12245.45,12246.3,12245.45,12246.3,4,ULTRACEMCO,12255.847128766414,12261.93015453768,53.04360369391086,12261.9,21.95797402519188,
2025-10-10T12:20:00.000000,12246.3,12256.15,12246.3,12252.0,2,ULTRACEMCO,12255.077703013132,12261.027413216072,52.25615985567176,12261.9,20.41363332144115,
2025-10-10T12:25:00.000000,12252.0,12252.0,12249.05,12249.05,6,ULTRACEMCO,12253.872162410506,12259.938557469157,51.304168369418484,12261.9,18.97960266795833,
2025-10-10T12:30:00.000000,12249.05,12260.0,12249.05,12255.0,25,ULTRACEMCO,12254.097729928404,12259.489597699234,50.62990742562297,12261.9,18.181456829061755,
2025-10-10T12:35:00.000000,12255.0,12266.95,12251.3,12251.3,42,ULTRACEMCO,12253.538183942723,12258.745088817484,49.88401593576625,12261.9,17.905033290684944,
2025-10-10T12:40:00.000000,12251.3,12257.6,12241.3,12241.3,9,ULTRACEMCO,12251.090547154177,12257.159171652258,49.0297039584687,12261.9,16.843529147671227,
2025-10-10T12:45:00.000000,12241.3,12269.7,12241.3,12269.7,3,ULTRACEMCO,12254.812437723342,12258.299246956598,48.90713811867199,12261.9,16.64612005651833,
2025-10-10T12:50:00.000000,12269.7,12271.0,12258.65,12271.0,14,ULTRACEMCO,12258.049950178673,12259.453860869635,48.920784519306736,12261.9,16.542584961735862,
2025-10-10T12:55:00.000000,12271.0,12271.0,12254.6,12268.8,7,ULTRACEMCO,12260.199960142938,12260.303509881485,49.15798623167296,12261.9,16.102602062110343,
2025-10-10T13:00:00.000000,12268.8,12268.8,12250.1,12250.1,4,ULTRACEMCO,12258.179968114351,12259.375918074078,49.146340533722984,12261.9,15.318577573129968,
2025-10-10T13:05:00.000000,12250.1,12274.95,12250.1,12270.7,6,ULTRACEMCO,12260.683974491481,12260.405380067345,49.27995594959954,12261.9,15.034414882514781,
2025-10-10T13:10:00.000000,12270.7,12271.85,12263.5,12263.5,6,ULTRACEMCO,12261.247179593185,12260.68670915213,49.25221039437335,12261.9,14.770549526943539,
2025-10-10T13:15:00.000000,12263.5,12265.05,12263.5,12265.05,2,ULTRACEMCO,12262.007743674549,12261.083371956482,49.282334507339655,12261.9,14.52553169677024,
2025-10-10T13:20:00.000000,12265.05,12265.05,12248.0,12255.95,7,ULTRACEMCO,12260.79619493964,12260.61670177862,48.99681876014705,12261.9,14.03738795399801,
2025-10-10T13:25:00.000000,12255.95,12255.95,12241.3,12241.3,27,ULTRACEMCO,12256.896955951712,12258.860637980562,48.684402974427954,12261.9,14.070091173637282,
2025-10-10T13:30:00.000000,12241.3,12259.75,12241.3,12259.75,27,ULTRACEMCO,12257.46756476137,12258.941489073239,48.90899086738084,12261.9,13.748141934628267,
2025-10-10T13:35:00.000000,12259.75,12260.0,12259.75,12260.0,49,ULTRACEMCO,12257.974051809095,12259.037717339308,49.13432017894938,12261.9,13.425375402606306,
2025-10-10T13:40:00.000000,12260.0,12260.0,12245.25,12245.25,2,ULTRACEMCO,12255.429241447277,12257.78428849028,48.77648483789809,12261.9,14.161163441700678,
2025-10-10T13:45:00.000000,12245.25,12265.2,12245.25,12264.95,12,ULTRACEMCO,12257.333393157822,12258.435716809347,49.1551244077596,12261.9,14.330951093464678,
2025-10-10T13:50:00.000000,12264.95,12264.95,12264.95,12264.95,0,ULTRACEMCO,12258.856714526257,12259.027924372132,49.53376397762112,12261.9,14.488611055816964,
2025-10-10T13:55:00.000000,12264.95,12272.1,12250.15,12272.1,245,ULTRACEMCO,12261.505371621006,12260.216294883758,50.018695069761705,12261.9,15.594306188283014,
2025-10-10T14:00:00.000000,12272.1,12272.1,12257.85,12257.85,1,ULTRACEMCO,12260.774297296804,12260.001177167052,50.11822521465795,12261.9,16.62102309700149,
2025-10-10T14:05:00.000000,12257.85,12257.85,12255.0,12255.0,20,ULTRACEMCO,12259.619437837444,12259.54652469732,50.218739046736,12261.9,17.74793467275678,
2025-10-10T14:10:00.000000,12255.0,12265.5,12255.0,12265.5,7,ULTRACEMCO,12260.795550269955,12260.087749724837,50.393901624865194,12261.9,17.932440456082833,
2025-10-10T14:15:00.000000,12265.5,12269.15,12260.0,12265.0,5,ULTRACEMCO,12261.636440215963,12260.53431793167,50.63205677002289,12261.9,17.719264287327224,
2025-10-10T14:20:00.000000,12265.0,12266.55,12259.2,12266.55,6,ULTRACEMCO,12262.61915217277,12261.0811981197,51.09144892061873,12261.9,17.58479351065297,
2025-10-10T14:25:00.000000,12266.55,12266.55,12260.05,12265.9,6,ULTRACEMCO,12263.275321738216,12261.519271017909,50.979091176837684,12261.9,17.459927789455445,
2025-10-10T14:30:00.000000,12265.9,12268.7,12261.35,12268.7,3,ULTRACEMCO,12264.360257390574,12262.172064561735,50.90734703902686,12261.9,17.083012901826994,
2025-10-10T14:35:00.000000,12268.7,12275.0,12268.7,12275.0,11,ULTRACEMCO,12266.48820591246,12263.338240510668,51.021611676149384,12261.9,16.00766915605257,
2025-10-10T14:40:00.000000,12275.0,12280.9,12265.65,12280.9,40,ULTRACEMCO,12269.370564729967,12264.934764100606,51.629054720102566,12261.9,15.329063390144137,
2025-10-10T14:45:00.000000,12280.9,12288.0,12273.2,12288.0,64,ULTRACEMCO,12273.096451783973,12267.031603727824,52.00711429091821,12261.9,15.352122333088179,
2025-10-10T14:50:00.000000,12288.0,12300.0,12288.0,12295.7,73,ULTRACEMCO,12277.617161427179,12269.63782157075,52.66206067761789,12261.9,16.284053088112966,
2025-10-10T14:55:00.000000,12295.7,12295.7,12285.15,12286.25,4,ULTRACEMCO,12279.343729141743,12271.148019609773,53.00068380792966,12261.9,16.808103976990473,
2025-10-10T15:00:00.000000,12286.25,12286.25,12285.1,12285.15,8,ULTRACEMCO,12280.504983313394,12272.420926917976,53.481892253441615,12261.9,17.28851843990305,
2025-10-10T15:05:00.000000,12285.15,12292.4,12285.15,12287.8,5,ULTRACEMCO,12281.963986650715,12273.819024470888,54.275182974322504,12261.9,18.199674523952257,
2025-10-10T15:10:00.000000,12287.8,12290.6,12267.25,12267.25,18,ULTRACEMCO,12279.021189320572,12273.22184042808,54.15636789779304,12261.9,17.08891161740586,
2025-10-10T15:15:00.000000,12267.25,12279.05,12267.25,12272.9,4,ULTRACEMCO,12277.796951456457,12273.192582207344,54.170665943028055,12261.9,16.057488918469918,
2025-10-10T15:20:00.000000,12272.9,12280.8,12263.55,12268.55,68,ULTRACEMCO,12275.947561165165,12272.770529279403,54.338426798900926,12261.9,15.073794237579605,
2025-10-10T15:25:00.000000,12268.55,12281.0,12259.95,12272.4,81,ULTRACEMCO,12275.238048932131,12272.736844799458,54.25260729555824,12261.9,14.495084395150538,
2025-10-13T09:15:00.000000,12239.15,12240.0,12190.0,12216.95,65,ULTRACEMCO,12263.580439145706,12267.665313454052,53.21725998562791,12240.0,17.28597015172363,
2025-10-13T09:20:00.000000,12216.95,12216.95,12190.0,12199.8,15,ULTRACEMCO,12250.824351316565,12261.495739503684,51.88344858525461,12240.0,19.877506925684365,
2025-10-13T09:25:00.000000,12199.8,12206.65,12190.0,12206.65,12,ULTRACEMCO,12241.989481053251,12256.509763185168,50.986349385017824,12240.0,22.28393393007647,
2025-10-13T09:30:00.000000,12206.65,12216.9,12206.65,12216.9,1,ULTRACEMCO,12236.9715848426,12252.90887562288,50.37536214471379,12240.0,23.5973847087386,
2025-10-13T09:35:00.000000,12216.9,12216.9,12195.0,12203.2,30,ULTRACEMCO,12230.21726787408,12248.38988692989,49.40391432786975,12240.0,25.211981228918667,
2025-10-13T09:40:00.000000,12203.2,12203.2,12203.2,12203.2,10,ULTRACEMCO,12224.813814299265,12244.281715390809,48.44274834879707,12240.0,26.711249426228733,
2025-10-13T09:45:00.000000,12203.2,12220.0,12190.0,12220.0,11,ULTRACEMCO,12223.851051439411,12242.074286718916,47.82964516731239,12240.0,26.695133698735695,
2025-10-13T09:50:00.000000,12220.0,12220.0,12208.0,12208.0,11,ULTRACEMCO,12220.680841151529,12238.976624289924,47.06994159567435,12240.0,26.680169094635016,
2025-10-13T09:55:00.000000,12208.0,12208.0,12202.0,12202.0,7,ULTRACEMCO,12216.944672921223,12235.61511299084,46.17090725792138,12240.0,26.94406488714797,
2025-10-13T10:00:00.000000,12202.0,12202.0,12196.9,12196.9,1,ULTRACEMCO,12212.935738336979,12232.0955572644,45.06836464337243,12240.0,27.418820797740075,
2025-10-13T10:05:00.000000,12196.9,12197.0,12196.9,12197.0,1,ULTRACEMCO,12209.748590669584,12228.905052058546,43.84451060953374,12240.0,27.85966557186132,SELL
2025-10-13T10:10:00.000000,12197.0,12215.0,12197.0,12215.0,3,ULTRACEMCO,12210.798872535666,12227.64095641686,42.90446036952981,12240.0,26.751780622649587,
2025-10-13T10:15:00.000000,12215.0,12215.0,12215.0,12215.0,0,ULTRACEMCO,12211.639098028532,12226.491778560783,41.82247114724283,12240.0,25.723030312667266,
2025-10-13T10:20:00.000000,12215.0,12215.0,12215.0,12215.0,0,ULTRACEMCO,12212.311278422825,12225.447071418894,41.02913384122955,12240.0,24.76776216768368,
2025-10-13T10:25:00.000000,12215.0,12215.0,12215.0,12215.0,0,ULTRACEMCO,12212.84902273826,12224.49733765354,40.26838235603341,12240.0,23.880727461627494,
2025-10-13T10:30:00.000000,12215.0,12215.0,12215.0,12215.0,0,ULTRACEMCO,12213.279218190608,12223.6339433214,39.44921281974005,12240.0,23.057052377432463,
2025-10-13T10:35:00.000000,12215.0,12218.0,12215.0,12218.0,15,ULTRACEMCO,12214.223374552486,12223.121766655819,39.27793946514611,12240.0,21.99554926381934,
2025-10-13T10:40:00.000000,12218.0,12218.0,12205.3,12205.3,1,ULTRACEMCO,12212.438699641989,12221.501606050744,38.697474165404124,12240.0,21.757694721818417,SELL
2025-10-13T10:45:00.000000,12205.3,12205.3,12205.3,12205.3,0,ULTRACEMCO,12211.01095971359,12220.028732773404,38.2241609040736,12240.0,21.536829789960425,SELL
2025-10-13T10:50:00.000000,12194.2,12194.2,12194.2,12194.2,1,ULTRACEMCO,12207.648767770872,12217.68066615764,37.43656598267779,12240.0,22.09544721130906,SELL
2025-10-13T10:55:00.000000,12194.2,12194.2,12181.5,12181.5,120,ULTRACEMCO,12202.419014216697,12214.391514688763,37.39040893545861,12240.0,23.31753888435892,SELL
2025-10-13T11:00:00.000000,12181.5,12181.5,12181.5,12181.5,0,ULTRACEMCO,12198.235211373358,12211.401376989785,37.52013599986925,12240.0,24.452338295048076,SELL
2025-10-13T11:05:00.000000,12181.5,12181.5,12181.5,12181.5,0,ULTRACEMCO,12194.888169098685,12208.683069990713,37.48640039158026,12240.0,25.50608060497372,SELL
2025-10-13T11:10:00.000000,12181.5,12181.5,12181.5,12181.5,0,ULTRACEMCO,12192.210535278948,12206.211881809739,37.21843268216684,12240.0,26.484555607047533,SELL
2025-10-13T11:15:00.000000,12181.5,12191.15,12181.5,12191.15,5,ULTRACEMCO,12191.998428223158,12204.842619827035,37.487767511412486,12240.0,26.15321849484771,SELL
2025-10-13T11:20:00.000000,12191.15,12193.6,12181.5,12181.5,13,ULTRACEMCO,12189.898742578527,12202.720563479123,37.556775641822604,12240.0,25.558593371658862,SELL
2025-10-13T11:25:00.000000,12181.5,12181.5,12181.5,12181.5,5,ULTRACEMCO,12188.218994062821,12200.791421344657,37.24674152849237,12240.0,25.00644147155493,SELL
2025-10-13T11:30:00.000000,12181.5,12181.5,12181.5,12181.5,0,ULTRACEMCO,12186.875195250257,12199.03765576787,37.09864033998336,12240.0,24.493728992886993,SELL
2025-10-13T11:35:00.000000,12181.5,12181.5,12181.5,12181.5,81,ULTRACEMCO,12185.800156200206,12197.443323425336,37.0274485053378,12240.0,24.01763883412391,SELL
2025-10-13T11:40:00.000000,12181.5,12181.5,12171.8,12171.8,46,ULTRACEMCO,12183.000124960165,12195.11211220485,36.80882787998659,12240.0,24.45218556202057,SELL
2025-10-13T11:45:00.000000,12171.8,12171.8,12166.0,12166.0,9,ULTRACEMCO,12179.600099968131,12192.465556549863,36.47668207025655,12240.0,25.293744747103116,SELL
2025-10-13T11:50:00.000000,12166.0,12175.0,12166.0,12175.0,9,ULTRACEMCO,12178.680079974505,12190.877778681694,36.11639289099836,12240.0,25.593046407848117,SELL
2025-10-13T11:55:00.000000,12175.0,12191.35,12175.0,12184.05,24,ULTRACEMCO,12179.754063979604,12190.257071528813,36.097737572275015,12240.0,23.889627327569645,
2025-10-13T12:00:00.000000,12184.05,12184.05,12175.0,12175.0,2,ULTRACEMCO,12178.803251183683,12188.870065026194,35.86022940708213,12240.0,22.307881038739634,SELL
2025-10-13T12:05:00.000000,12175.0,12190.3,12175.0,12190.3,4,ULTRACEMCO,12181.102600946946,12189.000059114722,36.10964483456081,12240.0,21.220160382887958,
2025-10-13T12:10:00.000000,12190.3,12190.3,12190.3,12190.3,0,ULTRACEMCO,12182.942080757557,12189.118235558837,36.35906026203949,12240.0,20.210134059597117,
2025-10-13T12:15:00.000000,12190.3,12190.3,12170.15,12170.15,2,ULTRACEMCO,12180.383664606046,12187.393850508033,36.05671783446925,12240.0,20.133918497690093,SELL
2025-10-13T12:20:00.000000,12170.15,12178.95,12170.15,12178.95,1,ULTRACEMCO,12180.096931684837,12186.626227734576,36.282507239190856,12240.0,20.063146904490715,SELL
2025-10-13T12:25:00.000000,12178.95,12178.95,12162.9,12175.45,22,ULTRACEMCO,12179.16754534787,12185.610207031432,36.432603344499576,12240.0,20.5329044498884,SELL
2025-10-13T12:30:00.000000,12175.45,12175.45,12175.45,12175.45,0,ULTRACEMCO,12178.424036278295,12184.686551846757,36.79802371335334,12240.0,20.96910788490053,SELL
2025-10-13T12:35:00.000000,12175.45,12184.45,12175.45,12184.45,2,ULTRACEMCO,12179.629229022636,12184.665047133416,37.64140270829701,12240.0,20.308906165612655,
2025-10-13T12:40:00.000000,12184.45,12184.45,12184.45,12184.45,0,ULTRACEMCO,12180.593383218109,12184.645497394014,38.48478170324068,12240.0,19.695861711988197,
2025-10-13T12:45:00.000000,12184.45,12184.45,12184.45,12184.45,0,ULTRACEMCO,12181.364706574488,12184.62772490365,39.328160698184355,12240.0,19.126606147908344,
2025-10-13T12:50:00.000000,12184.45,12184.45,12184.45,12184.45,0,ULTRACEMCO,12181.98176525959,12184.611568094228,40.171539693128025,12240.0,18.598011695548482,
2025-10-13T12:55:00.000000,12184.45,12184.45,12184.45,12184.45,0,ULTRACEMCO,12182.475412207672,12184.59688008566,40.639551534468715,12240.0,18.107173989785757,
2025-10-13T13:00:00.000000,12184.45,12184.45,12184.45,12184.45,0,ULTRACEMCO,12182.870329766138,12184.5835273506,41.30789007464492,12240.0,17.651396120148938,
2025-10-13T13:05:00.000000,12184.45,12184.45,12184.45,12184.45,0,ULTRACEMCO,12183.18626381291,12184.571388500546,41.97622861482112,12240.0,17.228173812629034,
2025-10-13T13:10:00.000000,12184.45,12195.0,12184.45,12195.0,8,ULTRACEMCO,12185.549011050327,12185.519444091406,43.05142537504208,12240.0,16.662314002164127,
2025-10-13T13:15:00.000000,12195.0,12195.0,12191.15,12191.15,1,ULTRACEMCO,12186.669208840261,12186.031312810368,43.965967146037435,12240.0,16.13687274958957,
2025-10-13T13:20:00.000000,12191.15,12202.8,12191.15,12202.8,6,ULTRACEMCO,12189.89536707221,12187.555738918516,45.46754224167752,12240.0,16.5493052708738,
2025-10-13T13:25:00.000000,12202.8,12202.8,12202.8,12202.8,0,ULTRACEMCO,12192.476293657768,12188.941580835015,47.08012299031671,12240.0,16.932278326352012,
2025-10-13T13:30:00.000000,12202.8,12202.8,12196.25,12196.25,1,ULTRACEMCO,12193.231034926215,12189.605982577286,48.015518195983,12240.0,16.24975404504663,
2025-10-13T13:35:00.000000,12196.25,12196.25,12184.45,12184.45,11,ULTRACEMCO,12191.474827940972,12189.137256888442,48.19149499724179,12240.0,16.00288177220902,
2025-10-13T13:40:00.000000,12184.45,12194.6,12184.45,12192.5,38,ULTRACEMCO,12191.679862352777,12189.442960807673,48.8592507230906,12240.0,15.773643233145522,
2025-10-13T13:45:00.000000,12192.5,12192.5,12180.2,12180.2,15,ULTRACEMCO,12189.383889882221,12188.60269164334,48.671719405516065,12240.0,16.013984896887315,
2025-10-13T13:50:00.000000,12180.2,12180.2,12174.55,12174.55,104,ULTRACEMCO,12186.417111905777,12187.325174221218,48.33830697598879,12240.0,16.782037807667486,
2025-10-13T13:55:00.000000,12174.55,12180.05,12160.0,12160.0,12,ULTRACEMCO,12181.133689524622,12184.841067473835,48.15070824680826,12240.0,18.579989995801007,
2025-10-13T14:00:00.000000,12160.0,12162.1,12154.4,12162.1,45,ULTRACEMCO,12177.326951619698,12182.773697703487,47.7830315512148,12240.0,20.577688512210237,
2025-10-13T14:05:00.000000,12162.1,12168.6,12162.1,12168.6,2,ULTRACEMCO,12175.581561295758,12181.485179730444,47.72182975071696,12240.0,21.490284102911783,
2025-10-13T14:10:00.000000,12168.6,12170.95,12168.6,12170.95,1,ULTRACEMCO,12174.655249036607,12180.527436118586,47.74166817278348,12240.0,22.015109869441318,
2025-10-13T14:15:00.000000,12170.95,12170.95,12170.95,12170.95,1,ULTRACEMCO,12173.914199229286,12179.656760107806,47.491637901171096,12240.0,22.50244808121874,
2025-10-13T14:20:00.000000,12170.95,12170.95,12165.4,12165.4,2,ULTRACEMCO,12172.21135938343,12178.360691007096,47.09224094169805,12240.0,23.386451912232527,
2025-10-13T14:25:00.000000,12165.4,12190.95,12165.4,12182.55,8,ULTRACEMCO,12174.279087506744,12178.741537279178,47.26287966727398,12240.0,21.820009449160843,
2025-10-13T14:30:00.000000,12182.55,12182.55,12180.55,12181.7,10,ULTRACEMCO,12175.763270005395,12179.010488435617,47.40801550143312,12240.0,20.365455733451423,
2025-10-13T14:35:00.000000,12181.7,12181.7,12179.95,12179.95,1,ULTRACEMCO,12176.600616004316,12179.095898577834,47.498383800950805,12240.0,19.074965424875348,
2025-10-13T14:40:00.000000,12179.95,12182.55,12175.0,12182.55,17,ULTRACEMCO,12177.790492803453,12179.409907798032,47.67338672407625,12240.0,18.369233243583643,
2025-10-13T14:45:00.000000,12182.55,12182.55,12170.1,12170.1,24,ULTRACEMCO,12176.252394242763,12178.563552543665,47.47157909193196,12240.0,18.167805378404704,
2025-10-13T14:50:00.000000,12170.1,12170.1,12170.1,12170.1,0,ULTRACEMCO,12175.02191539421,12177.79413867606,46.862913239742895,12240.0,17.980765217881405,
2025-10-13T14:55:00.000000,12170.1,12170.1,12170.1,12170.1,0,ULTRACEMCO,12174.03753231537,12177.09467152369,46.414902376779445,12240.0,17.807085068824055,
2025-10-13T15:00:00.000000,12170.1,12184.0,12170.1,12184.0,18,ULTRACEMCO,12176.030025852295,12177.7224286579,46.07263081043915,12240.0,17.064289313640923,
2025-10-13T15:05:00.000000,12184.0,12184.0,12176.0,12176.0,3,ULTRACEMCO,12176.024020681836,12177.565844234456,45.476103328147225,12240.0,16.37455039811373,
2025-10-13T15:10:00.000000,12176.0,12176.0,12170.0,12170.0,1,ULTRACEMCO,12174.81921654547,12176.878040213142,44.987706183727674,12240.0,15.3698423953744,
2025-10-13T15:15:00.000000,12170.0,12170.2,12165.0,12165.0,39,ULTRACEMCO,12172.855373236376,12175.798218375583,44.78210366428645,12240.0,14.96087157072043,
2025-10-13T15:20:00.000000,12165.0,12172.25,12163.1,12171.7,53,ULTRACEMCO,12172.6242985891,12175.425653068713,44.53608597892237,12240.0,14.329784809471715,
2025-10-13T15:25:00.000000,12171.7,12185.8,12160.9,12185.8,52,ULTRACEMCO,12175.25943887128,12176.368775517012,45.06860688637527,12240.0,14.278279897489744,
2025-10-14T09:15:00.000000,12141.05,12240.0,12141.05,12223.4,5,ULTRACEMCO,12184.887551097025,12180.644341379102,46.438482655607764,12250.0,16.974990841921887,
2025-10-14T09:20:00.000000,12223.4,12230.0,12222.0,12230.0,17,ULTRACEMCO,12193.91004087762,12185.131219435547,48.21346937625924,12250.0,19.479079576037453,
2025-10-14T09:25:00.000000,12230.0,12250.0,12226.25,12240.95,22,ULTRACEMCO,12203.318032702096,12190.205654032316,50.04386778882147,12250.0,22.35217562077599,
2025-10-14T09:30:00.000000,12240.95,12242.45,12225.95,12225.95,56,ULTRACEMCO,12207.844426161677,12193.455140029379,51.21932788070818,12250.0,24.990660779692412,
2025-10-14T09:35:00.000000,12225.95,12236.85,12200.0,12200.0,13,ULTRACEMCO,12206.275540929342,12194.050127299435,51.7395580466864,12250.0,25.238496004242332,
2025-10-14T09:40:00.000000,12200.0,12200.7,12185.0,12185.0,23,ULTRACEMCO,12202.020432743473,12193.227388454032,51.99524221403628,12250.0,24.481974448956947,
2025-10-14T09:45:00.000000,12185.0,12185.0,12159.05,12159.05,16,ULTRACEMCO,12193.426346194778,12190.12035314003,52.026077463677225,12250.0,23.05378037502009,
2025-10-14T09:50:00.000000,12159.05,12170.0,12159.05,12170.0,1,ULTRACEMCO,12188.741076955823,12188.291230127299,51.68528220202411,12250.0,21.727600163507287,
2025-10-14T09:55:00.000000,12170.0,12170.0,12158.0,12158.0,27,ULTRACEMCO,12182.592861564659,12185.537481933909,51.20904557958529,12250.0,20.549164582560156,
2025-10-14T10:00:00.000000,12158.0,12158.0,12140.05,12140.05,16,ULTRACEMCO,12174.084289251727,12181.402256303552,50.57237958727344,12250.0,20.30216599542101,
2025-10-14T10:05:00.000000,12140.05,12140.15,12140.0,12140.0,10,ULTRACEMCO,12167.267431401382,12177.638414821411,49.85050130745933,12250.0,20.075032824370187,
2025-10-14T10:10:00.000000,12140.0,12140.0,12135.0,12135.0,3,ULTRACEMCO,12160.813945121106,12173.762195292193,49.445280476741644,12250.0,20.09410151217424,
2025-10-14T10:15:00.000000,12135.0,12140.95,12121.3,12121.3,3,ULTRACEMCO,12152.911156096885,12168.992904811084,48.883509123261334,12250.0,20.696977085642647,
2025-10-14T10:20:00.000000,12121.3,12121.3,12120.0,12120.0,16,ULTRACEMCO,12146.328924877507,12164.539004373713,48.3072802393771,12250.0,21.30988053519085,
2025-10-14T10:25:00.000000,12120.0,12120.0,12120.0,12120.0,0,ULTRACEMCO,12141.063139902006,12160.490003976103,47.250744734445504,12250.0,21.87900516691418,
2025-10-14T10:30:00.000000,12120.0,12152.2,12120.0,12152.2,1,ULTRACEMCO,12143.290511921605,12159.736367251004,47.14137032579633,12250.0,20.349151992888768,
2025-10-14T10:35:00.000000,12152.2,12152.2,12127.55,12138.85,18,ULTRACEMCO,12142.402409537284,12157.837606591822,47.012512211029424,12250.0,18.92857404557946,
2025-10-14T10:40:00.000000,12138.85,12138.85,12135.85,12136.85,21,ULTRACEMCO,12141.291927629827,12155.929642356201,46.99064326985628,12250.0,17.609465951649383,
2025-10-14T10:45:00.000000,12136.85,12136.85,12136.85,12136.85,0,ULTRACEMCO,12140.403542103862,12154.195129414727,46.73626341648552,12250.0,16.3845798644286,
2025-10-14T10:50:00.000000,12136.85,12136.85,12120.0,12120.0,35,ULTRACEMCO,12136.32283368309,12151.086481286116,45.83278829792719,12250.0,16.18126770697823,
2025-10-14T10:55:00.000000,12120.0,12120.0,12120.0,12120.0,0,ULTRACEMCO,12133.058266946473,12148.260437532834,44.23783942954199,12250.0,15.992477846488601,
2025-10-14T11:00:00.000000,12120.0,12131.65,12120.0,12120.0,274,ULTRACEMCO,12130.446613557178,12145.69130684803,42.55718053757208,12250.0,15.002066449884603,
2025-10-14T11:05:00.000000,12120.0,12125.75,12099.95,12099.95,42,ULTRACEMCO,12124.347290845742,12141.533006225482,40.47626792396922,12250.0,15.180193763806939,
2025-10-14T11:10:00.000000,12099.95,12099.95,12085.8,12096.45,6,ULTRACEMCO,12118.767832676594,12137.434551114075,38.77757037314838,12250.0,15.973937946104538,
2025-10-14T11:15:00.000000,12096.45,12096.45,12096.45,12096.45,0,ULTRACEMCO,12114.304266141276,12133.708682830977,37.65306252567167,12250.0,16.71098611538088,
2025-10-14T11:20:00.000000,12096.45,12096.45,12056.8,12068.85,14,ULTRACEMCO,12105.21341291302,12127.812438937251,36.49303865936254,12250.0,18.75020256258683,
2025-10-14T11:25:00.000000,12068.85,12068.85,12068.85,12068.85,0,ULTRACEMCO,12097.940730330416,12122.452217215683,35.70723039862302,12250.0,20.643760692135206,SELL
2025-10-14T11:30:00.000000,12068.85,12068.85,12068.85,12068.85,0,ULTRACEMCO,12092.122584264333,12117.579288377894,34.72301696412857,12250.0,22.402064669572987,SELL
2025-10-14T11:35:00.000000,12068.85,12069.8,12068.85,12069.8,1,ULTRACEMCO,12087.658067411467,12113.235716707177,33.93130248761381,12250.0,23.955485614072167,SELL
2025-10-14T11:40:00.000000,12069.8,12069.85,12058.0,12069.85,3,ULTRACEMCO,12084.096453929173,12109.291560642889,33.35655763584756,12250.0,25.74069355805271,SELL
2025-10-14T11:45:00.000000,12069.85,12069.85,12067.9,12067.9,1,ULTRACEMCO,12080.857163143339,12105.528691493535,32.757754174291975,12250.0,27.398386648891783,SELL
2025-10-14T11:50:00.000000,12067.9,12067.9,12063.6,12063.6,4,ULTRACEMCO,12077.40573051467,12101.71699226685,32.16428212745078,12250.0,29.076203680178878,SELL
2025-10-14T11:55:00.000000,12063.6,12063.6,12050.0,12055.1,20,ULTRACEMCO,12072.944584411736,12097.479083878956,31.625438835518686,12250.0,31.036091915224358,SELL
2025-10-14T12:00:00.000000,12055.1,12055.1,12043.6,12054.65,2,ULTRACEMCO,12069.28566752939,12093.585530799051,31.095768919850492,12250.0,33.02644035574223,SELL
2025-10-14T12:05:00.000000,12054.65,12054.65,12040.0,12044.0,25,ULTRACEMCO,12064.228534023512,12089.077755271865,30.44693039726132,12250.0,34.96906976910447,SELL
2025-10-14T12:10:00.000000,12044.0,12044.0,12029.4,12029.4,1,ULTRACEMCO,12057.26282721881,12083.652504792604,28.97074302719691,12250.0,37.03596236598474,SELL
2025-10-14T12:15:00.000000,12029.4,12047.0,12029.4,12047.0,4,ULTRACEMCO,12055.210261775048,12080.320458902368,28.331386685217915,12250.0,38.63394766301195,SELL
2025-10-14T12:20:00.000000,12047.0,12047.0,12047.0,12047.0,0,ULTRACEMCO,12053.568209420038,12077.29132627488,27.72003108853948,12250.0,40.117791153108655,SELL
2025-10-14T12:25:00.000000,12047.0,12047.0,12047.0,12047.0,0,ULTRACEMCO,12052.25456753603,12074.5375693408,27.108675491861042,12250.0,41.49564582248416,SELL
2025-10-14T12:30:00.000000,12047.0,12053.4,12047.0,12053.15,28,ULTRACEMCO,12052.433654028824,12072.593244855274,26.959233831610867,12250.0,41.99927412406493,
2025-10-14T12:35:00.000000,12053.15,12053.15,12053.15,12053.15,0,ULTRACEMCO,12052.57692322306,12070.825677141158,26.80979217136069,12250.0,42.46692897553279,
2025-10-14T12:40:00.000000,12053.15,12053.15,12043.9,12043.9,2,ULTRACEMCO,12050.841538578448,12068.377888310144,26.492779217352894,12250.0,43.27790486843493,SELL
2025-10-14T12:45:00.000000,12043.9,12043.9,12043.9,12043.9,0,ULTRACEMCO,12049.453230862759,12066.152625736495,26.444158301337005,12250.0,44.030953911844065,SELL
2025-10-14T12:50:00.000000,12043.9,12054.85,12043.9,12054.85,3,ULTRACEMCO,12050.532584690207,12065.125114305905,26.854260706593323,12250.0,43.374764283480204,
2025-10-14T12:55:00.000000,12054.85,12054.85,12054.8,12054.8,5,ULTRACEMCO,12051.386067752166,12064.186467550822,27.263221188751498,12250.0,42.765445342856616,
2025-10-14T13:00:00.000000,12054.8,12054.8,12039.0,12039.0,5,ULTRACEMCO,12048.908854201733,12061.896788682565,27.648711248871393,12250.0,42.996038174002415,SELL
2025-10-14T13:05:00.000000,12039.0,12039.0,12039.0,12039.0,0,ULTRACEMCO,12046.927083361386,12059.815262438695,28.034201308991292,12250.0,43.2101600886378,SELL
2025-10-14T13:10:00.000000,12039.0,12049.1,12039.0,12049.1,7,ULTRACEMCO,12047.361666689108,12058.841147671541,28.79262000124828,12250.0,42.234983350253515,
2025-10-14T13:15:00.000000,12049.1,12049.1,12033.0,12042.75,31,ULTRACEMCO,12046.439333351287,12057.378316065036,29.38157211789336,12250.0,41.667510604825694,SELL
2025-10-14T13:20:00.000000,12042.75,12044.3,12035.15,12044.3,29,ULTRACEMCO,12046.01146668103,12056.189378240942,30.025202693659924,12250.0,41.140571626928434,SELL
2025-10-14T13:25:00.000000,12044.3,12044.3,12044.3,12044.3,0,ULTRACEMCO,12045.669173344824,12055.108525673584,30.693469543110314,12250.0,40.651271147452405,SELL
2025-10-14T13:30:00.000000,12044.3,12065.0,12044.3,12065.0,13,ULTRACEMCO,12049.53533867586,12056.007750612349,32.08871011380678,12250.0,38.04343244135917,
2025-10-14T13:35:00.000000,12065.0,12065.0,12050.15,12050.15,5,ULTRACEMCO,12049.658270940688,12055.475227829407,33.215423623058314,12250.0,35.62186792855831,
2025-10-14T13:40:00.000000,12050.15,12050.15,12043.25,12043.25,4,ULTRACEMCO,12048.37661675255,12054.36384348128,34.19933945643957,12250.0,33.92007456943086,SELL
2025-10-14T13:45:00.000000,12043.25,12063.0,12043.25,12063.0,2,ULTRACEMCO,12051.30129340204,12055.148948619346,35.80631790798357,12250.0,31.757008983533915,
2025-10-14T13:50:00.000000,12063.0,12063.0,12063.0,12063.0,0,ULTRACEMCO,12053.641034721633,12055.862680563041,37.54774002667203,12250.0,29.74844808234389,
2025-10-14T13:55:00.000000,12063.0,12063.0,12063.0,12063.0,0,ULTRACEMCO,12055.512827777307,12056.511527784583,38.644253166062576,12250.0,27.88335581695316,
2025-10-14T14:00:00.000000,12063.0,12064.95,12063.0,12063.0,2,ULTRACEMCO,12057.010262221846,12057.101388895077,39.74076630545313,12250.0,26.32699228140256,
2025-10-14T14:05:00.000000,12063.0,12065.0,12063.0,12065.0,98,ULTRACEMCO,12058.608209777476,12057.81944445007,40.892855863940234,12250.0,24.886517042265048,
2025-10-14T14:10:00.000000,12065.0,12066.9,12065.0,12066.9,2,ULTRACEMCO,12060.26656782198,12058.644949500063,41.87624685759094,12250.0,23.73653069718659,
2025-10-14T14:15:00.000000,12066.9,12076.0,12066.9,12076.0,8,ULTRACEMCO,12063.413254257584,12060.222681363693,43.104503301412706,12250.0,23.490569038022166,
2025-10-14T14:20:00.000000,12076.0,12076.0,12072.85,12072.85,2,ULTRACEMCO,12065.300603406067,12061.37061942154,44.39018495526783,12250.0,23.26217606879806,
2025-10-14T14:25:00.000000,12072.85,12075.0,12072.85,12075.0,12,ULTRACEMCO,12067.240482724854,12062.609654019581,45.73504944550109,12250.0,23.05009688308996,
2025-10-14T14:30:00.000000,12075.0,12076.0,12075.0,12075.0,310,ULTRACEMCO,12068.792386179883,12063.736049108711,46.66313227667294,12250.0,22.950062150959493,
2025-10-14T14:35:00.000000,12075.0,12077.7,12075.0,12077.7,10,ULTRACEMCO,12070.573908943907,12065.005499189738,47.67305365222332,12250.0,23.026278745214775,
2025-10-14T14:40:00.000000,12077.7,12101.0,12077.7,12098.85,78,ULTRACEMCO,12076.229127155126,12068.08227199067,49.503035119549885,12250.0,24.771054503924127,
2025-10-14T14:45:00.000000,12098.85,12098.85,12082.65,12090.4,8,ULTRACEMCO,12079.0633017241,12070.111156355155,51.00829227057648,12250.0,26.39120342272567,
2025-10-14T14:50:00.000000,12090.4,12090.4,12090.4,12090.4,0,ULTRACEMCO,12081.33064137928,12071.955596686505,52.14062078946599,12250.0,27.895627418755673,
2025-10-14T14:55:00.000000,12090.4,12102.0,12090.4,12102.0,35,ULTRACEMCO,12085.464513103423,12074.686906078641,53.65629421514139,12250.0,29.89660206264859,
2025-10-14T15:00:00.000000,12102.0,12102.0,12078.7,12078.7,36,ULTRACEMCO,12084.111610482738,12075.051732798765,54.37468495580924,12250.0,30.097666643075765,
2025-10-14T15:05:00.000000,12078.7,12090.8,12078.7,12083.3,20,ULTRACEMCO,12083.94928838619,12075.801575271606,55.199316837065204,12250.0,30.284369467758143,
2025-10-14T15:10:00.000000,12083.3,12083.3,12061.45,12061.45,15,ULTRACEMCO,12079.449430708952,12074.49688661055,54.8435232674416,12250.0,28.53515249510638,
2025-10-14T15:15:00.000000,12061.45,12066.35,12045.0,12052.8,62,ULTRACEMCO,12074.119544567162,12072.524442373227,54.69479119334976,12250.0,27.385643521131897,
2025-10-14T15:20:00.000000,12052.8,12071.85,12052.8,12060.8,101,ULTRACEMCO,12071.455635653729,12071.458583975662,54.894851120612486,12250.0,25.848862227078122,
2025-10-14T15:25:00.000000,12060.8,12080.0,12060.8,12069.0,23,ULTRACEMCO,12070.964508522982,12071.23507634151,54.78299152219223,12250.0,24.228279147834787,
2025-10-15T09:15:00.000000,12080.15,12143.95,12080.15,12129.05,92,ULTRACEMCO,12082.581606818385,12076.490978492282,55.57806504233124,12192.55,25.620974255791346,
2025-10-15T09:20:00.000000,12129.05,12140.05,12108.35,12127.05,61,ULTRACEMCO,12091.475285454708,12081.087253174801,56.33081537715459,12192.55,26.91419114175101,
2025-10-15T09:25:00.000000,12127.05,12156.0,12122.75,12148.65,86,ULTRACEMCO,12102.910228363766,12087.229321068,57.298851482494726,12192.55,28.549446717570493,
2025-10-15T09:30:00.000000,12148.65,12168.4,12145.0,12156.0,256,ULTRACEMCO,12113.528182691012,12093.48120097091,58.27703861487235,12192.55,30.365377589489526,
2025-10-15T09:35:00.000000,12158.5,12192.55,12158.5,12186.0,117,ULTRACEMCO,12128.02254615281,12101.892000882644,59.43154917006228,12192.55,32.53894588859431,
2025-10-15T09:40:00.000000,12186.0,12189.55,12171.95,12174.5,56,ULTRACEMCO,12137.318036922248,12108.49272807513,60.097970672316116,12192.55,34.557259309191615,
2025-10-15T09:45:00.000000,12174.5,12196.0,12171.65,12186.9,61,ULTRACEMCO,12147.234429537799,12115.620661886482,60.97181678437861,12192.55,36.554341925526025,
2025-10-15T09:50:00.000000,12186.9,12189.95,12173.55,12175.0,34,ULTRACEMCO,12152.787543630238,12121.018783533165,61.54234813162994,12192.55,38.40877578355083,
2025-10-15T09:55:00.000000,12175.0,12184.1,12161.7,12162.05,46,ULTRACEMCO,12154.64003490419,12124.74889412106,61.86500500064095,12192.55,39.137801306226315,
2025-10-15T10:00:00.000000,12162.05,12190.0,12161.1,12190.0,64,ULTRACEMCO,12161.712027923353,12130.680812837327,62.36683193347049,12192.55,39.975709809130805,
2025-10-15T10:05:00.000000,12190.0,12190.0,12174.3,12189.95,46,ULTRACEMCO,12167.359622338683,12136.068920761207,62.37117754338855,12192.55,40.75376770468497,
2025-10-15T10:10:00.000000,12189.95,12195.95,12179.55,12184.75,35,ULTRACEMCO,12170.837697870946,12140.49447341928,62.59667297870527,12192.55,41.647465932375205,
2025-10-15T10:15:00.000000,12184.75,12200.0,12182.95,12183.1,51,ULTRACEMCO,12173.290158296757,12144.367703108435,62.7881871098313,12192.55,42.59258993579128,
2025-10-15T10:20:00.000000,12183.1,12200.0,12181.2,12198.2,29,ULTRACEMCO,12178.272126637406,12149.261548280396,62.887981464432116,12192.55,43.29526678400792,
2025-10-15T10:25:00.000000,12197.9,12200.0,12184.05,12198.8,24,ULTRACEMCO,12182.377701309924,12153.76504389127,63.73456315060871,12192.55,43.94775242878051,
2025-10-15T10:30:00.000000,12198.8,12198.8,12180.0,12180.0,3,ULTRACEMCO,12181.90216104794,12156.150039901155,64.07317366019058,12192.55,44.11033326270029,
2025-10-15T10:35:00.000000,12180.0,12180.2,12180.0,12180.2,2,ULTRACEMCO,12181.561728838351,12158.33639991014,64.9226149781686,12192.55,44.26130117991151,
2025-10-15T10:40:00.000000,12180.2,12198.0,12177.75,12186.55,82,ULTRACEMCO,12182.55938307068,12160.901272645582,66.01898771587258,12192.55,45.061647497434535,
2025-10-15T10:45:00.000000,12186.55,12194.6,12178.95,12183.0,45,ULTRACEMCO,12182.647506456544,12162.91024785962,66.83445302538092,12192.55,45.80482622084877,
2025-10-15T10:50:00.000000,12183.0,12194.6,12180.45,12187.7,15,ULTRACEMCO,12183.658005165234,12165.163861690564,67.52527435418631,12192.55,46.49492074973341,
2025-10-15T10:55:00.000000,12187.7,12198.0,12187.0,12198.0,78,ULTRACEMCO,12186.526404132188,12168.148965173239,67.45081707945067,12192.55,47.26101175425872,
2025-10-15T11:00:00.000000,12198.0,12210.0,12194.35,12200.95,75,ULTRACEMCO,12189.41112330575,12171.130877430218,67.45811601173818,12192.55,48.37027078663838,
2025-10-15T11:05:00.000000,12200.95,12201.65,12181.5,12186.05,55,ULTRACEMCO,12188.7388986446,12172.487161300198,66.88092297857182,12192.55,47.882197550846925,
2025-10-15T11:10:00.000000,12186.05,12200.0,12182.1,12182.1,35,ULTRACEMCO,12187.411118915681,12173.361055727453,66.14718743984224,12192.55,47.42898668904058,
2025-10-15T11:15:00.000000,12182.1,12196.55,12182.1,12190.0,8,ULTRACEMCO,12187.928895132545,12174.873687024958,65.31553088111345,12192.55,47.008148031648965,
2025-10-15T11:20:00.000000,12190.0,12192.0,12176.9,12190.4,42,ULTRACEMCO,12188.423116106036,12176.28517002269,64.73386137168367,12192.55,45.9915567841839,
2025-10-15T11:25:00.000000,12190.4,12198.0,12176.8,12195.3,154,ULTRACEMCO,12189.79849288483,12178.013790929717,64.14004730835244,12192.55,45.39054292655948,
2025-10-15T11:30:00.000000,12195.3,12208.4,12185.0,12200.6,30,ULTRACEMCO,12191.958794307864,12180.06708266338,63.88081438781986,12192.55,45.35699630930456,
2025-10-15T11:35:00.000000,12200.6,12200.9,12184.35,12185.4,106,ULTRACEMCO,12190.64703544629,12180.551893330345,63.46431492027705,12192.55,45.24452445447044,
2025-10-15T11:40:00.000000,12185.4,12207.2,12184.9,12195.45,70,ULTRACEMCO,12191.607628357033,12181.90626666395,62.97325064311652,12192.55,45.4444066376981,
2025-10-15T11:45:00.000000,12195.45,12205.15,12188.0,12194.1,77,ULTRACEMCO,12192.106102685626,12183.014787876318,62.44795089887614,12192.55,45.63001152212379,
2025-10-15T11:50:00.000000,12194.1,12205.45,12192.25,12195.15,52,ULTRACEMCO,12192.7148821485,12184.11798897847,62.046711824404,12192.55,45.817827118351296,
2025-10-15T11:55:00.000000,12195.15,12205.45,12189.4,12205.1,89,ULTRACEMCO,12195.1919057188,12186.025444525883,61.867523010459514,12192.55,45.559125074176414,
2025-10-15T12:00:00.000000,12192.0,12205.45,12190.85,12190.85,38,ULTRACEMCO,12194.32352457504,12186.464040478077,61.14744947424498,12192.55,45.3189017474426,
2025-10-15T12:05:00.000000,12190.85,12205.4,12190.85,12205.4,28,ULTRACEMCO,12196.538819660032,12188.185491343706,60.691318467016984,12192.55,45.09583722976121,
2025-10-15T12:10:00.000000,12205.4,12213.9,12197.05,12197.05,30,ULTRACEMCO,12196.641055728025,12188.991355767004,60.429317580546275,12192.55,45.43455439618607,
2025-10-15T12:15:00.000000,12197.05,12221.0,12197.05,12219.35,41,ULTRACEMCO,12201.18284458242,12191.751232515458,60.52731771634639,12192.55,46.129892417708426,
2025-10-15T12:20:00.000000,12219.35,12220.0,12202.3,12209.3,88,ULTRACEMCO,12202.806275665935,12193.346575014053,60.30635230082562,12192.55,46.775563437693464,
2025-10-15T12:25:00.000000,12209.45,12225.0,12206.15,12225.0,159,ULTRACEMCO,12207.245020532748,12196.224159103685,60.395066544819635,12192.55,47.63088116606504,
2025-10-15T12:30:00.000000,12225.0,12244.35,12218.9,12232.05,112,ULTRACEMCO,12212.206016426198,12199.481053730624,60.51006891713176,12192.55,49.160964252377994,
2025-10-15T12:35:00.000000,12232.05,12241.6,12223.95,12223.95,41,ULTRACEMCO,12214.55481314096,12201.705503391477,60.290155742962426,12192.55,50.58175568966859,
2025-10-15T12:40:00.000000,12223.95,12249.5,12223.95,12249.5,50,ULTRACEMCO,12221.543850512768,12206.050457628615,60.35557704807378,12192.55,52.134826323735375,
2025-10-15T12:45:00.000000,12249.5,12250.0,12249.5,12250.0,88,ULTRACEMCO,12227.235080410213,12210.045870571468,60.79588078089311,12192.55,53.591109755648844,
2025-10-15T12:50:00.000000,12250.0,12250.0,12240.45,12250.0,23,ULTRACEMCO,12231.788064328171,12213.67806415588,61.32699957314158,12192.55,53.43484414799524,
2025-10-15T12:55:00.000000,12250.0,12256.9,12238.0,12239.95,120,ULTRACEMCO,12233.420451462538,12216.066421959891,61.467830594475934,12192.55,53.60677249617341,
2025-10-15T13:00:00.000000,12239.95,12253.9,12239.95,12240.35,6,ULTRACEMCO,12234.80636117003,12218.274019963537,61.60793910962292,12192.55,53.766420248053144,
2025-10-15T13:05:00.000000,12240.35,12256.9,12240.35,12256.0,19,ULTRACEMCO,12239.045088936025,12221.703654512306,61.88612809281513,12192.55,54.0535305220834,
2025-10-15T13:10:00.000000,12256.0,12271.0,12253.05,12262.0,59,ULTRACEMCO,12243.63607114882,12225.366958647552,62.15111801153829,12192.55,54.86961576642191,
2025-10-15T13:15:00.000000,12262.0,12273.95,12262.0,12271.2,27,ULTRACEMCO,12249.148856919055,12229.533598770502,62.93397923623094,12192.55,55.724660676719246,
2025-10-15T13:20:00.000000,12271.2,12282.0,12265.3,12272.3,37,ULTRACEMCO,12253.779085535243,12233.421453427729,63.544878497771926,12192.55,56.76464087279394,
2025-10-15T13:25:00.000000,12272.3,12291.0,12272.3,12284.85,27,ULTRACEMCO,12259.993268428194,12238.09677584339,64.33680291654225,12192.55,57.96626703326633,
2025-10-15T13:30:00.000000,12284.85,12297.35,12284.85,12297.35,75,ULTRACEMCO,12267.464614742556,12243.4834325849,65.23487729019939,12192.55,59.22899358910776,
2025-10-15T13:35:00.000000,12297.35,12300.0,12286.25,12290.0,102,ULTRACEMCO,12271.971691794044,12247.71221144082,65.71918719278884,12192.55,60.46035770084162,
2025-10-15T13:40:00.000000,12290.0,12290.0,12270.75,12273.45,14,ULTRACEMCO,12272.267353435236,12250.052010400745,66.13976348103861,12192.55,59.39022807340162,
2025-10-15T13:45:00.000000,12273.45,12290.0,12273.45,12290.0,10,ULTRACEMCO,12275.813882748189,12253.683645818859,66.50765543196576,12192.55,58.39653627649306,
2025-10-15T13:50:00.000000,12290.0,12290.8,12279.4,12290.8,155,ULTRACEMCO,12278.811106198551,12257.057859835326,67.09305502926654,12192.55,57.51433363128906,
2025-10-15T13:55:00.000000,12290.8,12291.2,12276.6,12276.6,34,ULTRACEMCO,12278.368884958842,12258.834418032115,66.9603387948432,12192.55,56.30155387428634,
2025-10-15T14:00:00.000000,12276.6,12282.8,12276.6,12282.8,10,ULTRACEMCO,12279.255107967074,12261.013107301922,67.15525296947173,12192.55,55.17540124278381,
2025-10-15T14:05:00.000000,12282.8,12282.8,12282.0,12282.0,4,ULTRACEMCO,12279.804086373659,12262.921006638111,67.10039540415713,12192.55,54.12968808496004,
2025-10-15T14:10:00.000000,12282.0,12290.7,12274.75,12277.35,24,ULTRACEMCO,12279.313269098928,12264.232733307374,66.83066105969726,12192.55,53.65712314206511,
2025-10-15T14:15:00.000000,12277.35,12299.0,12277.35,12290.3,40,ULTRACEMCO,12281.510615279141,12266.602484824885,66.96496927455233,12192.55,53.65775599806079,
2025-10-15T14:20:00.000000,12290.3,12304.95,12284.75,12295.3,69,ULTRACEMCO,12284.268492223313,12269.211349840805,66.84969951195018,12192.55,53.93298032194643,
2025-10-15T14:25:00.000000,12295.3,12295.3,12291.05,12291.05,5,ULTRACEMCO,12285.62479377865,12271.196681673458,66.60831044879681,12192.55,54.18854576555452,
2025-10-15T14:30:00.000000,12291.05,12306.95,12291.05,12306.95,75,ULTRACEMCO,12289.889835022921,12274.446983339507,66.60537958848212,12192.55,54.907070809417455,
2025-10-15T14:35:00.000000,12306.95,12306.95,12295.55,12295.55,9,ULTRACEMCO,12291.021868018337,12276.365439399551,66.55260851287133,12192.55,55.57427263586161,
2025-10-15T14:40:00.000000,12295.55,12306.95,12295.55,12306.95,4,ULTRACEMCO,12294.20749441467,12279.145853999593,66.66420454766663,12192.55,56.19381718898832,
2025-10-15T14:45:00.000000,12306.9,12317.05,12293.85,12306.9,87,ULTRACEMCO,12296.745995531735,12281.668958181448,66.55121956206806,12192.55,57.14330553018498,
2025-10-15T14:50:00.000000,12306.9,12306.9,12290.35,12290.45,19,ULTRACEMCO,12295.486796425388,12282.467234710408,65.93967945264004,12192.55,57.39728605910333,
2025-10-15T14:55:00.000000,12290.45,12306.65,12290.45,12295.0,25,ULTRACEMCO,12295.389437140311,12283.606577009461,65.295948616468,12192.55,57.63312512167037,
2025-10-15T15:00:00.000000,12295.0,12320.5,12295.0,12320.45,80,ULTRACEMCO,12300.40154971225,12286.95597909951,65.02059297622425,12192.55,58.39170217991829,
2025-10-15T15:05:00.000000,12320.45,12320.45,12305.6,12305.6,14,ULTRACEMCO,12301.4412397698,12288.650890090463,64.25994787017825,12192.55,59.09609516257707,
2025-10-15T15:10:00.000000,12305.6,12315.0,12298.25,12315.0,14,ULTRACEMCO,12304.15299181584,12291.046263718603,63.50692744501564,12192.55,58.47881923064859,
2025-10-15T15:15:00.000000,12315.0,12320.0,12303.0,12303.05,132,ULTRACEMCO,12303.932393452671,12292.137512471458,62.724918879275506,12192.55,58.16017697491262,
2025-10-15T15:20:00.000000,12303.05,12313.05,12300.0,12300.05,278,ULTRACEMCO,12303.155914762137,12292.856829519507,62.33201488121775,12192.55,57.375719084078014,
2025-10-15T15:25:00.000000,12300.05,12308.75,12290.95,12297.95,65,ULTRACEMCO,12302.11473180971,12293.319845017733,61.67706169900621,12192.55,55.321782366320505,
2025-10-16T09:15:00.000000,12380.85,12380.85,12272.05,12336.05,148,ULTRACEMCO,12308.901785447768,12297.204404561575,61.55786142919278,12380.85,56.063969176911804,
2025-10-16T09:20:00.000000,12336.05,12375.0,12321.95,12359.0,187,ULTRACEMCO,12318.921428358215,12302.822185965068,62.026945302095065,12380.85,56.75314264388943,
2025-10-16T09:25:00.000000,12359.0,12376.95,12351.4,12351.4,32,ULTRACEMCO,12325.417142686572,12307.238350877335,62.243046893926746,12380.85,57.43236849166869,
2025-10-16T09:30:00.000000,12351.4,12359.8,12351.4,12359.8,3,ULTRACEMCO,12332.293714149258,12312.016682615758,62.56509427022828,12380.85,58.063078207463704,
2025-10-16T09:35:00.000000,12359.8,12359.8,12315.0,12315.0,105,ULTRACEMCO,12328.834971319407,12312.287893287054,62.22221389460988,12380.85,55.588045190108815,
2025-10-16T09:40:00.000000,12315.0,12330.7,12313.0,12330.7,178,ULTRACEMCO,12329.207977055526,12313.961721170048,61.85604674499723,12380.85,53.15738873682839,
2025-10-16T09:45:00.000000,12330.7,12337.0,12317.55,12323.0,42,ULTRACEMCO,12327.96638164442,12314.783382881862,61.30042563043695,12380.85,51.172007719719666,
2025-10-16T09:50:00.000000,12323.0,12347.15,12315.0,12347.15,47,ULTRACEMCO,12331.803105315537,12317.725802619874,61.13895711612404,12380.85,49.74212333308052,
2025-10-16T09:55:00.000000,12347.15,12349.15,12323.5,12325.8,71,ULTRACEMCO,12330.60248425243,12318.459820563521,60.432456932409,12380.85,48.494034522294044,
2025-10-16T10:00:00.000000,12325.8,12341.7,12317.9,12341.65,59,ULTRACEMCO,12332.811987401943,12320.56801869411,60.208703952457086,12380.85,46.89509465686613,
2025-10-16T10:05:00.000000,12341.65,12354.2,12328.55,12343.9,82,ULTRACEMCO,12335.029589921554,12322.689107903736,59.83903142072431,12380.85,45.94174862232811,
2025-10-16T10:10:00.000000,12343.9,12343.9,12322.95,12339.9,72,ULTRACEMCO,12336.003671937244,12324.253734457941,59.40887333586254,12380.85,44.61460509293731,
2025-10-16T10:15:00.000000,12339.9,12341.65,12312.5,12312.5,51,ULTRACEMCO,12331.302937549795,12323.185213143583,59.01450222696849,12380.85,42.607485265573985,
2025-10-16T10:20:00.000000,12312.5,12331.65,12312.5,12325.0,25,ULTRACEMCO,12330.042350039836,12323.350193766893,58.70072221592043,12380.85,40.74373114016519,
2025-10-16T10:25:00.000000,12325.0,12342.9,12323.9,12335.95,80,ULTRACEMCO,12331.223880031868,12324.495630697176,58.139700844153495,12380.85,39.58624608742472,
2025-10-16T10:30:00.000000,12335.95,12335.95,12312.35,12320.8,57,ULTRACEMCO,12329.139104025495,12324.15966427016,57.707672138860275,12380.85,37.65693424300666,
2025-10-16T10:35:00.000000,12320.8,12321.9,12310.6,12321.9,60,ULTRACEMCO,12327.691283220396,12323.9542402456,57.15621138216623,12380.85,35.74133921772329,
2025-10-16T10:40:00.000000,12321.9,12321.9,12304.1,12317.95,73,ULTRACEMCO,12325.743026576318,12323.408400223274,56.80203274671521,12380.85,33.502280631996236,
2025-10-16T10:45:00.000000,12317.95,12318.5,12306.1,12318.1,50,ULTRACEMCO,12324.214421261055,12322.925818384794,56.511983960146,12380.85,31.423154802392542,
2025-10-16T10:50:00.000000,12318.1,12324.85,12313.0,12313.0,39,ULTRACEMCO,12321.971537008843,12322.023471258904,56.18550990045956,12380.85,29.91457415462154,
2025-10-16T10:55:00.000000,12313.0,12337.85,12313.0,12320.05,42,ULTRACEMCO,12321.587229607074,12321.844064780822,55.43414921386211,12380.85,29.282036447755235,
2025-10-16T11:00:00.000000,12320.05,12347.95,12320.05,12347.95,19,ULTRACEMCO,12326.859783685659,12324.21733161893,54.859731625294486,12380.85,29.208827106893875,
2025-10-16T11:05:00.000000,12347.95,12348.2,12329.55,12330.1,65,ULTRACEMCO,12327.507826948528,12324.752119653573,54.14634313836207,12380.85,29.15327247714531,
2025-10-16T11:10:00.000000,12330.1,12344.85,12325.4,12333.05,56,ULTRACEMCO,12328.616261558822,12325.506472412339,53.389627336838245,12380.85,28.72056030609587,
2025-10-16T11:15:00.000000,12333.05,12346.2,12323.05,12329.6,57,ULTRACEMCO,12328.813009247058,12325.878611283944,53.360228600084284,12380.85,28.101496986736503,
2025-10-16T11:20:00.000000,12329.6,12329.6,12329.6,12329.6,2,ULTRACEMCO,12328.970407397646,12326.21691934904,53.14333510947283,12380.85,27.526652475902807,
2025-10-16T11:25:00.000000,12329.6,12331.6,12326.85,12331.6,21,ULTRACEMCO,12329.496325918117,12326.70629031731,53.075489706290774,12380.85,26.714627325546036,
2025-10-16T11:30:00.000000,12331.6,12347.05,12331.6,12347.05,1,ULTRACEMCO,12333.007060734493,12328.555718470281,52.9882312494878,12380.85,26.94334820834399,
2025-10-16T11:35:00.000000,12347.05,12360.3,12339.2,12355.35,25,ULTRACEMCO,12337.475648587595,12330.99156224571,53.33101769743904,12380.85,27.814573303053784,
2025-10-16T11:40:00.000000,12355.35,12355.35,12330.15,12331.55,30,ULTRACEMCO,12336.290518870075,12331.042329314281,53.032436556500706,12380.85,27.746351622426484,
2025-10-16T11:45:00.000000,12331.55,12350.0,12330.25,12334.65,50,ULTRACEMCO,12335.96241509606,12331.37029937662,52.76090191671191,12380.85,27.68300291898685,
2025-10-16T11:50:00.000000,12334.65,12350.0,12334.05,12350.0,51,ULTRACEMCO,12338.769932076848,12333.0639085242,52.792974973885315,12380.85,27.62417912293576,
2025-10-16T11:55:00.000000,12350.0,12350.0,12330.85,12343.7,47,ULTRACEMCO,12339.755945661478,12334.030825931091,53.088229081692035,12380.85,27.22959959695806,
2025-10-16T12:00:00.000000,12343.7,12343.7,12324.35,12342.45,42,ULTRACEMCO,12340.294756529183,12334.796205391902,53.19755930703068,12380.85,26.20173340385111,
2025-10-16T12:05:00.000000,12342.45,12345.8,12323.4,12339.0,37,ULTRACEMCO,12340.035805223346,12335.178368538092,53.10130890010261,12380.85,25.407350193069085,
2025-10-16T12:10:00.000000,12339.05,12339.05,12322.0,12325.3,30,ULTRACEMCO,12337.088644178677,12334.28033503463,52.94931236350344,12380.85,24.520729629767228,
2025-10-16T12:15:00.000000,12325.3,12341.55,12323.4,12338.8,43,ULTRACEMCO,12337.430915342942,12334.691213667846,53.036947797468784,12380.85,23.90674788849628,
2025-10-16T12:20:00.000000,12338.8,12346.7,12326.4,12346.7,60,ULTRACEMCO,12339.284732274355,12335.782921516224,53.31850171904368,12380.85,23.75413127900885,
2025-10-16T12:25:00.000000,12350.0,12368.25,12350.0,12361.2,15,ULTRACEMCO,12343.667785819483,12338.09356501475,53.826110839324826,12380.85,24.945429766059217,
2025-10-16T12:30:00.000000,12361.2,12371.95,12361.2,12371.95,35,ULTRACEMCO,12349.324228655587,12341.171422740681,54.56638750903337,12380.85,26.23138428795139,
2025-10-16T12:35:00.000000,12371.95,12371.95,12353.3,12353.3,1,ULTRACEMCO,12350.11938292447,12342.274020673347,54.79836112089763,12380.85,26.521452249863774,
2025-10-16T12:40:00.000000,12353.3,12366.8,12352.3,12352.3,40,ULTRACEMCO,12350.555506339575,12343.185473339407,54.6011868671269,12380.85,26.679814674029796,
2025-10-16T12:45:00.000000,12352.3,12352.3,12352.3,12352.3,0,ULTRACEMCO,12350.90440507166,12344.014066672187,54.70375684910131,12380.85,26.826865496469672,
2025-10-16T12:50:00.000000,12352.3,12364.75,12350.0,12353.65,11,ULTRACEMCO,12351.453524057328,12344.89006061108,54.788814548868665,12380.85,27.7111429630834,
2025-10-16T12:55:00.000000,12353.65,12400.0,12353.65,12400.0,184,ULTRACEMCO,12361.162819245863,12349.900055100981,55.57868080389041,12380.85,29.875572633028664,
2025-10-16T13:00:00.000000,12400.0,12400.0,12400.0,12400.0,1,ULTRACEMCO,12368.93025539669,12354.454595546347,56.36854705891214,12380.85,31.885400183692123,
2025-10-16T13:05:00.000000,12400.0,12400.0,12400.0,12400.0,0,ULTRACEMCO,12375.144204317352,12358.595086860316,57.12362966792118,12380.85,33.75166862359391,
2025-10-16T13:10:00.000000,12400.0,12400.0,12362.0,12362.0,6,ULTRACEMCO,12372.515363453882,12358.904624418468,56.848428361362856,12380.85,32.16588978741989,
2025-10-16T13:15:00.000000,12362.0,12365.35,12362.0,12365.35,3,ULTRACEMCO,12371.082290763106,12359.490567653153,56.499967422244275,12380.85,30.69338086811545,
2025-10-16T13:20:00.000000,12365.35,12377.9,12365.35,12377.9,9,ULTRACEMCO,12372.445832610485,12361.164152411957,56.800235508844125,12380.85,29.96557206382568,
2025-10-16T13:25:00.000000,12377.9,12377.9,12375.0,12375.0,1,ULTRACEMCO,12372.956666088388,12362.421956738142,56.99398484499682,12380.85,29.289749602699462,
2025-10-16T13:30:00.000000,12375.0,12385.0,12375.0,12385.0,8,ULTRACEMCO,12375.365332870711,12364.474506125584,57.09202126835729,12380.85,29.01584146442513,
2025-10-16T13:35:00.000000,12385.0,12385.0,12385.0,12385.0,0,ULTRACEMCO,12377.292266296568,12366.340460114166,57.31239463904959,12380.85,28.76149819317039,
2025-10-16T13:40:00.000000,12385.0,12400.0,12385.0,12400.0,4,ULTRACEMCO,12381.833813037254,12369.400418285606,57.770084130417594,12380.85,29.230276332524657,
2025-10-16T13:45:00.000000,12400.0,12400.0,12393.55,12393.55,68,ULTRACEMCO,12384.177050429804,12371.595834805097,58.15367212034484,12380.85,29.665570319067903,
2025-10-16T13:50:00.000000,12393.55,12400.0,12393.55,12400.0,18,ULTRACEMCO,12387.341640343842,12374.178031640997,58.89666088674518,12380.85,30.069771878000918,
2025-10-16T13:55:00.000000,12400.0,12400.0,12400.0,12400.0,0,ULTRACEMCO,12389.873312275075,12376.525483309997,59.385188919344685,12380.85,30.445101897010147,
2025-10-16T14:00:00.000000,12400.0,12400.0,12399.95,12399.95,8,ULTRACEMCO,12391.888649820059,12378.65498482727,59.735882847388,12380.85,30.787888356341377,
2025-10-16T14:05:00.000000,12399.95,12399.95,12399.95,12399.95,0,ULTRACEMCO,12393.500919856047,12380.590895297519,59.858192236344635,12380.85,31.10619006857752,
2025-10-16T14:10:00.000000,12399.95,12399.95,12399.95,12399.95,0,ULTRACEMCO,12394.790735884839,12382.350813906834,59.82909451555728,12380.85,31.401755944225364,
2025-10-16T14:15:00.000000,12399.95,12399.95,12378.15,12378.15,94,ULTRACEMCO,12391.462588707871,12381.968921733485,59.60481046418596,12380.85,29.31744517962534,
2025-10-16T14:20:00.000000,12378.15,12394.3,12375.0,12380.0,1387,ULTRACEMCO,12389.170070966296,12381.789928848622,59.44156794199191,12380.85,27.331940852859038,
2025-10-16T14:25:00.000000,12380.0,12383.5,12376.0,12383.5,176,ULTRACEMCO,12388.036056773037,12381.945389862383,59.358823855160324,12380.85,25.488258263718897,
2025-10-16T14:30:00.000000,12383.5,12383.5,12378.0,12378.0,5,ULTRACEMCO,12386.02884541843,12381.586718056713,59.110449556044294,12380.85,23.776267288088768,
2025-10-16T14:35:00.000000,12378.0,12386.85,12373.05,12386.75,23,ULTRACEMCO,12386.173076334744,12382.056107324284,58.42373733850873,12380.85,22.658052214843746,
2025-10-16T14:40:00.000000,12386.75,12386.75,12383.85,12383.85,5,ULTRACEMCO,12385.708461067796,12382.219188476622,57.65844836955542,12380.85,21.61970964683051,
2025-10-16T14:45:00.000000,12383.85,12384.85,12371.6,12376.6,12,ULTRACEMCO,12383.886768854236,12381.708353160566,56.70255552878524,12380.85,21.71436941502872,
2025-10-16T14:50:00.000000,12376.6,12376.6,12360.0,12360.0,2,ULTRACEMCO,12379.109415083389,12379.734866509605,56.15250055666627,12380.85,22.579892178057758,
2025-10-16T14:55:00.000000,12360.0,12368.95,12360.0,12368.95,10,ULTRACEMCO,12377.07753206671,12378.754424099641,55.78788267307941,12380.85,23.383591886584725,
2025-10-16T15:00:00.000000,12368.95,12370.2,12358.8,12358.8,34,ULTRACEMCO,12373.422025653368,12376.94038554513,55.03298390939292,12380.85,23.96402218334385,
2025-10-16T15:05:00.000000,12358.8,12372.35,12358.8,12360.0,76,ULTRACEMCO,12370.737620522694,12375.400350495573,54.365732220395195,12380.85,24.210496298673217,
2025-10-16T15:10:00.000000,12360.0,12368.55,12360.0,12363.05,23,ULTRACEMCO,12369.200096418155,12374.27759135961,53.63818388721036,12380.85,24.439365120050486,
2025-10-16T15:15:00.000000,12363.05,12364.65,12352.0,12352.0,76,ULTRACEMCO,12365.760077134524,12372.252355781464,52.67759681895569,12380.85,25.266040577641782,
2025-10-16T15:20:00.000000,12352.0,12352.0,12336.55,12340.25,68,ULTRACEMCO,12360.65806170762,12369.343050710422,51.291150598888045,12380.85,26.93710792809973,
2025-10-16T15:25:00.000000,12340.25,12354.7,12340.25,12350.0,35,ULTRACEMCO,12358.526449366096,12367.584591554929,50.33118925832282,12380.85,28.107957618139416,
2025-10-17T09:15:00.000000,12340.0,12340.0,12270.0,12284.0,65,ULTRACEMCO,12343.621159492877,12359.985992322663,48.47659425145982,12340.0,31.224169598197047,
2025-10-17T09:20:00.000000,12284.0,12309.25,12284.0,12306.95,8,ULTRACEMCO,12336.286927594301,12355.164538475148,47.09765676114368,12340.0,34.11779500825056,
2025-10-17T09:25:00.000000,12306.95,12308.0,12280.0,12308.0,11,ULTRACEMCO,12330.629542075441,12350.876853159225,45.74036542412722,12340.0,36.86941895038969,
2025-10-17T09:30:00.000000,12308.0,12315.0,12305.65,12315.0,4,ULTRACEMCO,12327.503633660353,12347.615321053841,44.5219117833728,12340.0,38.722294002319984,SELL
2025-10-17T09:35:00.000000,12315.0,12325.2,12313.0,12313.0,46,ULTRACEMCO,12324.602906928283,12344.46847368531,43.27885251887117,12340.0,39.488889875283654,SELL
2025-10-17T09:40:00.000000,12313.0,12331.95,12293.7,12293.7,65,ULTRACEMCO,12318.422325542626,12339.853157895737,42.3961471681538,12340.0,40.71777967107464,SELL
2025-10-17T09:45:00.000000,12293.7,12293.7,12293.7,12293.7,0,ULTRACEMCO,12313.4778604341,12335.657416268852,41.471878335298186,12340.0,41.85889162430912,SELL
2025-10-17T09:50:00.000000,12293.7,12293.7,12290.0,12290.0,12,ULTRACEMCO,12308.78228834728,12331.506742062593,40.42467567113834,12340.0,43.01395246833199,SELL
2025-10-17T09:55:00.000000,12290.0,12296.9,12290.0,12296.9,2,ULTRACEMCO,12306.405830677824,12328.360674602358,39.68537245198235,12340.0,43.7711406605976,SELL
2025-10-17T10:00:00.000000,12296.9,12296.9,12296.35,12296.35,20,ULTRACEMCO,12304.39466454226,12325.45061327487,38.731016619470985,12340.0,44.4742439819871,SELL
2025-10-17T10:05:00.000000,12296.35,12318.5,12288.7,12293.75,33,ULTRACEMCO,12302.265731633808,12322.568739340792,37.818257541736834,12340.0,43.15795965315171,SELL
2025-10-17T10:10:00.000000,12293.75,12293.75,12293.75,12293.75,0,ULTRACEMCO,12300.562585307047,12319.948853946174,37.096102335819566,12340.0,41.93569563351885,SELL
2025-10-17T10:15:00.000000,12293.75,12364.45,12293.75,12356.45,43,ULTRACEMCO,12311.740068245637,12323.267139951067,37.95384544345891,12340.0,40.72805263764196,
2025-10-17T10:20:00.000000,12356.45,12358.15,12350.9,12350.9,28,ULTRACEMCO,12319.57205459651,12325.779218137333,38.475989414293174,12340.0,39.60666985575627,
2025-10-17T10:25:00.000000,12350.9,12350.9,12339.95,12339.95,3,ULTRACEMCO,12323.647643677208,12327.067471033939,39.01442971312166,12340.0,37.95947174619215,
2025-10-17T10:30:00.000000,12339.95,12362.4,12339.95,12362.4,1,ULTRACEMCO,12331.398114941767,12330.279519121763,39.82535485437349,12340.0,36.854753944330874,
2025-10-17T10:35:00.000000,12362.4,12362.4,12335.0,12335.0,99,ULTRACEMCO,12332.118491953413,12330.708653747057,40.12106905850631,12340.0,35.54914295175122,
2025-10-17T10:40:00.000000,12335.0,12335.0,12333.65,12333.65,22,ULTRACEMCO,12332.42479356273,12330.97604886096,40.63050049485398,12340.0,34.25797864669255,
2025-10-17T10:45:00.000000,12333.65,12333.65,12325.65,12325.65,7,ULTRACEMCO,12331.069834850185,12330.491862600873,41.23661323091293,12340.0,32.58869576688396,
2025-10-17T10:50:00.000000,12325.65,12325.65,12319.85,12325.0,4,ULTRACEMCO,12329.855867880147,12329.99260236443,41.55175764930088,12340.0,30.706536455502736,SELL
2025-10-17T10:55:00.000000,12325.0,12325.0,12325.0,12325.0,0,ULTRACEMCO,12328.884694304117,12329.53872942221,42.668341866997984,12340.0,28.958817094934457,SELL
2025-10-17T11:00:00.000000,12325.0,12345.95,12325.0,12345.95,2,ULTRACEMCO,12332.297755443295,12331.0306631111,43.655336109838856,12340.0,28.33655678218292,
2025-10-17T11:05:00.000000,12345.95,12355.95,12344.75,12344.75,2,ULTRACEMCO,12334.788204354636,12332.277875555545,44.600043238973186,12340.0,28.165052317964093,
2025-10-17T11:10:00.000000,12344.75,12344.75,12344.75,12344.75,0,ULTRACEMCO,12336.78056348371,12333.411705050496,45.40591267184547,12340.0,28.00579817261804,
2025-10-17T11:15:00.000000,12344.75,12344.75,12340.9,12340.9,5,ULTRACEMCO,12337.604450786968,12334.092459136815,46.157704975101424,12340.0,27.580285119526177,
2025-10-17T11:20:00.000000,12340.9,12352.0,12340.9,12350.9,5,ULTRACEMCO,12340.263560629575,12335.620417397104,47.31119789246758,12340.0,27.513143548827315,
2025-10-17T11:25:00.000000,12350.9,12350.9,12340.4,12340.4,20,ULTRACEMCO,12340.29084850366,12336.054924906457,48.24474646969021,12340.0,27.41139625906766,
2025-10-17T11:30:00.000000,12340.4,12351.45,12340.4,12351.45,4,ULTRACEMCO,12342.522678802929,12337.454477187688,49.41851685798349,12340.0,27.344018202965724,
2025-10-17T11:35:00.000000,12351.45,12351.45,12351.45,12351.45,2,ULTRACEMCO,12344.308143042343,12338.726797443353,50.42520116316568,12340.0,27.281452865156783,
2025-10-17T11:40:00.000000,12351.45,12351.45,12333.0,12333.0,4,ULTRACEMCO,12342.046514433874,12338.206179493956,51.05969489797043,12340.0,25.719560852753972,
2025-10-17T11:45:00.000000,12333.0,12333.0,12308.0,12313.8,6,ULTRACEMCO,12336.397211547099,12335.987435903597,51.412630125594035,12340.0,24.967284029101073,
2025-10-17T11:50:00.000000,12313.8,12313.8,12313.8,12313.8,0,ULTRACEMCO,12331.877769237679,12333.970396275998,51.76556535321763,12340.0,24.268741264280525,
2025-10-17T11:55:00.000000,12313.8,12313.8,12313.8,12313.8,0,ULTRACEMCO,12328.262215390143,12332.13672388727,50.908751835354636,12340.0,23.620094411232873,
2025-10-17T12:00:00.000000,12313.8,12332.0,12313.8,12331.95,5,ULTRACEMCO,12328.999772312114,12332.119748988427,50.54770463347195,12340.0,22.08961021289226,
2025-10-17T12:05:00.000000,12331.95,12331.95,12322.95,12331.95,2,ULTRACEMCO,12329.589817849692,12332.104317262207,50.37796367803039,12340.0,20.66844631443312,
2025-10-17T12:10:00.000000,12331.95,12331.95,12317.5,12317.5,2,ULTRACEMCO,12327.171854279753,12330.776652056551,49.62768309634922,12340.0,19.398938898201887,
2025-10-17T12:15:00.000000,12317.5,12331.95,12317.5,12328.0,12,ULTRACEMCO,12327.337483423802,12330.524229142318,49.53105328490373,12340.0,18.22011058313003,
2025-10-17T12:20:00.000000,12328.0,12328.0,12305.0,12305.0,13,ULTRACEMCO,12322.869986739042,12328.203844674836,49.068523577949875,12340.0,17.936735359990028,
2025-10-17T12:25:00.000000,12305.0,12305.0,12305.0,12305.0,1,ULTRACEMCO,12319.295989391234,12326.09440424985,48.72264883306921,12340.0,17.67360122421717,
2025-10-17T12:30:00.000000,12305.0,12308.35,12305.0,12308.35,10,ULTRACEMCO,12317.106791512988,12324.481276590774,48.46385135668447,12340.0,17.142990633996714,
2025-10-17T12:35:00.000000,12308.35,12308.35,12300.0,12300.0,11,ULTRACEMCO,12313.68543321039,12322.255705991613,48.066281727773564,12340.0,16.992463644804186,
2025-10-17T12:40:00.000000,12300.0,12300.0,12298.0,12299.95,15,ULTRACEMCO,12310.938346568313,12320.227914537829,47.32180868851097,12340.0,16.98908699050814,
2025-10-17T12:45:00.000000,12299.95,12300.05,12299.95,12300.05,6,ULTRACEMCO,12308.76067725465,12318.393558670754,46.60204275319741,12340.0,16.980900068161027,
2025-10-17T12:50:00.000000,12300.05,12321.15,12300.05,12321.15,9,ULTRACEMCO,12311.23854180372,12318.64414424614,46.39948778377841,12340.0,16.362358278892522,
2025-10-17T12:55:00.000000,12321.15,12345.0,12321.15,12340.0,9,ULTRACEMCO,12316.990833442975,12320.58558567831,46.62966763029905,12340.0,17.149238747422025,
2025-10-17T13:00:00.000000,12340.0,12341.5,12305.0,12305.15,84,ULTRACEMCO,12314.62266675438,12319.182350616644,46.05398406706417,12340.0,16.682248923625625,
2025-10-17T13:05:00.000000,12305.15,12320.45,12305.15,12313.15,11,ULTRACEMCO,12314.328133403504,12318.63395510604,45.841250211766095,12340.0,16.24861551581468,
2025-10-17T13:10:00.000000,12313.15,12327.45,12313.15,12327.45,4,ULTRACEMCO,12316.952506722802,12319.435413732763,45.66827018923192,12340.0,16.24222398200504,
2025-10-17T13:15:00.000000,12327.45,12341.6,12327.45,12341.6,25,ULTRACEMCO,12321.882005378242,12321.450376120694,45.705376346014035,12340.0,16.949090912715388,
2025-10-17T13:20:00.000000,12341.6,12341.6,12313.0,12313.0,55,ULTRACEMCO,12320.105604302593,12320.682160109722,45.67075984635729,12340.0,16.56259186312504,
2025-10-17T13:25:00.000000,12313.0,12319.95,12295.0,12295.0,82,ULTRACEMCO,12315.084483442075,12318.347418281564,45.72298277144098,12340.0,15.626209117282956,
2025-10-17T13:30:00.000000,12295.0,12295.0,12284.3,12285.35,25,ULTRACEMCO,12309.13758675366,12315.34765298324,45.66100863961359,12340.0,15.303067152976695,
2025-10-17T13:35:00.000000,12285.35,12286.4,12274.45,12286.4,7,ULTRACEMCO,12304.590069402928,12312.716048166581,45.6176332320236,12340.0,15.465418760828502,
2025-10-17T13:40:00.000000,12286.4,12308.9,12286.4,12291.15,17,ULTRACEMCO,12301.902055522341,12310.755498333256,45.265830508642004,12340.0,14.381233120053015,
2025-10-17T13:45:00.000000,12291.15,12300.1,12291.15,12300.1,29,ULTRACEMCO,12301.541644417874,12309.786816666596,45.07640722742063,12340.0,13.37448931076149,
2025-10-17T13:50:00.000000,12300.1,12319.75,12298.2,12319.75,8,ULTRACEMCO,12305.1833155343,12310.692560605996,45.481968558254145,12340.0,13.38948303932462,
2025-10-17T13:55:00.000000,12319.75,12346.0,12319.75,12346.0,11,ULTRACEMCO,12313.346652427439,12313.902327823633,46.01020563155117,12340.0,14.397007829668642,
2025-10-17T14:00:00.000000,12346.0,12346.0,12341.5,12341.5,35,ULTRACEMCO,12318.977321941951,12316.411207112393,46.84674238757424,12340.0,15.33256656355952,
2025-10-17T14:05:00.000000,12341.5,12341.5,12341.5,12341.5,0,ULTRACEMCO,12323.481857553561,12318.692006465812,47.683279143597304,12340.0,16.20129967360105,
2025-10-17T14:10:00.000000,12341.5,12353.0,12341.5,12353.0,106,ULTRACEMCO,12329.38548604285,12321.810914968919,48.59468122820167,12340.0,17.427209669913967,
2025-10-17T14:15:00.000000,12353.0,12375.0,12353.0,12374.1,19,ULTRACEMCO,12338.32838883428,12326.564468153563,49.88948254000665,12340.0,19.24587776232295,
2025-10-17T14:20:00.000000,12374.1,12382.4,12366.45,12366.45,4,ULTRACEMCO,12343.952711067424,12330.190425594148,51.03392041545675,12340.0,21.135457825149945,
2025-10-17T14:25:00.000000,12366.45,12366.45,12366.45,12366.45,0,ULTRACEMCO,12348.452168853939,12333.486750540134,52.175609298376536,12340.0,22.890067883489298,
2025-10-17T14:30:00.000000,12366.45,12379.7,12363.1,12376.4,43,ULTRACEMCO,12354.04173508315,12337.387955036485,52.92246949070919,12340.0,24.879064854837832,
2025-10-17T14:35:00.000000,12376.4,12385.6,12376.4,12385.6,19,ULTRACEMCO,12360.35338806652,12341.770868214986,53.42225999317776,12340.0,26.87582540616247,
2025-10-17T14:40:00.000000,12385.6,12389.0,12361.0,12377.05,142,ULTRACEMCO,12363.692710453215,12344.978062013624,54.35600662404422,12340.0,27.562996754129617,
2025-10-17T14:45:00.000000,12377.05,12385.9,12367.45,12367.45,115,ULTRACEMCO,12364.444168362572,12347.02096546693,54.9415399105484,12340.0,28.201084434384825,
2025-10-17T14:50:00.000000,12367.45,12373.9,12348.0,12373.9,98,ULTRACEMCO,12366.335334690057,12349.464514060846,55.38144083463783,12340.0,27.47366241305258,
2025-10-17T14:55:00.000000,12373.9,12386.85,12366.35,12386.85,42,ULTRACEMCO,12370.438267752046,12352.86319460077,55.784259249518676,12340.0,27.316346750411725,
2025-10-17T15:00:00.000000,12386.85,12386.85,12365.25,12378.45,107,ULTRACEMCO,12372.040614201636,12355.189267818881,56.45109434387648,12340.0,27.098424238120526,
2025-10-17T15:05:00.000000,12378.45,12385.85,12378.45,12385.0,28,ULTRACEMCO,12374.63249136131,12357.899334380802,57.44141782868932,12340.0,26.89606761956441,
2025-10-17T15:10:00.000000,12385.0,12389.85,12372.35,12388.0,14,ULTRACEMCO,12377.305993089049,12360.635758528002,58.58813289555037,12340.0,26.272324466412723,
2025-10-17T15:15:00.000000,12392.1,12392.9,12370.0,12370.0,90,ULTRACEMCO,12375.844794471239,12361.487053207275,59.31497074867006,12340.0,25.84370655038887,
2025-10-17T15:20:00.000000,12370.0,12373.9,12370.0,12370.6,61,ULTRACEMCO,12374.795835576992,12362.315502915704,59.964554314217956,12340.0,25.445704199795294,
2025-10-17T15:25:00.000000,12370.6,12378.9,12313.05,12336.35,158,ULTRACEMCO,12367.106668461593,12359.95500265064,59.8475081918088,12340.0,25.25634033772178,
2025-10-20T09:15:00.000000,12424.05,12424.1,12182.15,12273.0,1077,ULTRACEMCO,12348.285334769274,12352.050002409673,58.75437508389025,12424.1,27.671710234309938,
2025-10-20T09:20:00.000000,12273.0,12320.9,12247.55,12276.0,527,ULTRACEMCO,12333.82826781542,12345.136365826975,57.36738396340267,12424.1,29.91455370971323,
2025-10-20T09:25:00.000000,12276.0,12301.0,12238.0,12300.0,234,ULTRACEMCO,12327.062614252336,12341.033059842704,56.45495026803727,12424.1,32.10897853162224,
2025-10-20T09:30:00.000000,12300.0,12303.8,12270.0,12293.35,51,ULTRACEMCO,12320.320091401869,12336.69823622064,55.47694550577937,12424.1,34.00978268736499,
2025-10-20T09:35:00.000000,12293.35,12301.7,12264.05,12297.0,148,ULTRACEMCO,12315.656073121496,12333.089305655127,54.40674239930181,12424.1,35.85317015443117,
2025-10-20T09:40:00.000000,12297.0,12297.0,12178.95,12196.0,309,ULTRACEMCO,12291.724858497197,12320.626641504661,52.37564892664794,12424.1,38.39849111565267,
2025-10-20T09:45:00.000000,12196.0,12267.75,12187.0,12240.0,109,ULTRACEMCO,12281.379886797757,12313.29694682242,51.04631806850294,12424.1,40.76200343678691,
2025-10-20T09:50:00.000000,12240.0,12260.0,12240.0,12260.0,95,ULTRACEMCO,12277.103909438205,12308.451769838564,49.93162256705218,12424.1,42.956693449268705,
2025-10-20T09:55:00.000000,12260.0,12272.0,12245.1,12260.0,568,ULTRACEMCO,12273.683127550565,12304.047063489605,48.69454479029398,12424.1,44.398555425510445,
2025-10-20T10:00:00.000000,12260.0,12283.0,12260.0,12283.0,359,ULTRACEMCO,12275.546502040452,12302.133694081458,47.59571158443074,12424.1,45.203296896394654,
2025-10-20T10:05:00.000000,12283.0,12295.65,12274.0,12295.5,22,ULTRACEMCO,12279.537201632362,12301.530630983143,46.81518554212054,12424.1,45.35328249558994,
2025-10-20T10:10:00.000000,12295.5,12299.0,12290.0,12290.0,73,ULTRACEMCO,12281.629761305889,12300.482391802858,46.189406144935624,12424.1,45.33379849474719,
2025-10-20T10:15:00.000000,12290.0,12300.0,12290.0,12293.0,7,ULTRACEMCO,12283.90380904471,12299.802174366234,45.50462609732528,12424.1,45.26568355806451,
2025-10-20T10:20:00.000000,12293.0,12295.0,12279.0,12295.0,52,ULTRACEMCO,12286.123047235767,12299.365613060212,44.66997272825061,12424.1,45.41732315371063,
2025-10-20T10:25:00.000000,12295.0,12297.45,12290.0,12290.0,19,ULTRACEMCO,12286.898437788614,12298.514193691102,43.967736875183114,12424.1,45.42329441629857,
2025-10-20T10:30:00.000000,12290.0,12298.4,12290.0,12291.0,31,ULTRACEMCO,12287.718750230892,12297.83108517373,43.18690779508047,12424.1,45.37355047481891,
2025-10-20T10:35:00.000000,12291.0,12316.6,12290.0,12300.0,44,ULTRACEMCO,12290.175000184714,12298.028259248846,42.485338334784196,12424.1,44.30495126745361,
2025-10-20T10:40:00.000000,12300.0,12304.05,12290.0,12304.0,7,ULTRACEMCO,12292.940000147772,12298.571144771679,42.23933619079588,12424.1,43.312680574900114,
2025-10-20T10:45:00.000000,12304.0,12310.0,12295.0,12299.0,10,ULTRACEMCO,12294.152000118218,12298.610131610616,41.91271149521396,12424.1,42.05460122046616,
2025-10-20T10:50:00.000000,12299.0,12299.0,12290.0,12290.0,82,ULTRACEMCO,12293.321600094574,12297.827392373287,42.06436222289359,12424.1,41.054479207535906,SELL
2025-10-20T10:55:00.000000,12290.0,12300.0,12288.65,12300.0,179,ULTRACEMCO,12294.657280075658,12298.024902157533,43.02797228879872,12424.1,40.17269122419662,
2025-10-20T11:00:00.000000,12300.0,12300.0,12289.4,12297.65,203,ULTRACEMCO,12295.255824060527,12297.990820143212,43.902737205260635,12424.1,39.35388809681013,
2025-10-20T11:05:00.000000,12297.65,12302.0,12290.15,12299.0,61,ULTRACEMCO,12296.004659248421,12298.082563766557,44.40258054542072,12424.1,38.45164920163789,
2025-10-20T11:10:00.000000,12299.0,12307.0,12266.0,12273.0,422,ULTRACEMCO,12291.403727398738,12295.80233069687,44.5850763087747,12424.1,38.488901976765014,SELL
2025-10-20T11:15:00.000000,12273.0,12286.45,12260.0,12261.25,90,ULTRACEMCO,12285.37298191899,12292.661209724427,44.56119874054056,12424.1,38.710129904312616,SELL
2025-10-20T11:20:00.000000,12261.25,12264.15,12250.0,12250.0,35,ULTRACEMCO,12278.298385535192,12288.782917931298,45.122809147324844,12424.1,39.21331826594941,
2025-10-20T11:25:00.000000,12250.0,12279.0,12250.0,12279.0,17,ULTRACEMCO,12278.438708428153,12287.893561755725,45.63909146994999,12424.1,38.61408538524721,
2025-10-20T11:30:00.000000,12279.0,12282.15,12249.1,12264.0,79,ULTRACEMCO,12275.550966742523,12285.721419777932,45.75395256255352,12424.1,37.84398641588234,
2025-10-20T11:35:00.000000,12264.0,12264.0,12256.0,12258.0,12,ULTRACEMCO,12272.04077339402,12283.201290707211,45.797353183348726,12424.1,37.12889451575783,
2025-10-20T11:40:00.000000,12258.0,12265.0,12252.0,12257.0,38,ULTRACEMCO,12269.032618715215,12280.819355188374,45.58320709777215,12424.1,36.632810600944126,
2025-10-20T11:45:00.000000,12257.0,12264.0,12257.0,12264.0,8,ULTRACEMCO,12268.026094972172,12279.290322898521,45.37168504746974,12424.1,36.17216125147426,
2025-10-20T11:50:00.000000,12264.0,12264.0,12264.0,12264.0,0,ULTRACEMCO,12267.220875977739,12277.900293544111,45.21062432861105,12424.1,35.74441542696652,
2025-10-20T11:55:00.000000,12264.0,12265.0,12258.35,12263.0,26,ULTRACEMCO,12266.376700782192,12276.545721403738,45.00121379772903,12424.1,35.61825329391699,
2025-10-20T12:00:00.000000,12263.0,12285.0,12263.0,12285.0,178,ULTRACEMCO,12270.101360625753,12277.314292185216,45.18035006591053,12424.1,33.85866786859678,
2025-10-20T12:05:00.000000,12285.0,12292.9,12277.0,12292.9,95,ULTRACEMCO,12274.661088500603,12278.731174713832,45.54340668263461,12424.1,31.68538809590536,
2025-10-20T12:10:00.000000,12292.9,12292.9,12285.0,12285.0,24,ULTRACEMCO,12276.728870800482,12279.301067921666,45.74814873012666,12424.1,29.6673425926919,
2025-10-20T12:15:00.000000,12285.0,12290.0,12285.0,12290.0,20,ULTRACEMCO,12279.383096640386,12280.273698110605,45.918410587087116,12424.1,27.793443196850827,
2025-10-20T12:20:00.000000,12290.0,12293.45,12285.0,12293.45,22,ULTRACEMCO,12282.196477312309,12281.471543736914,46.09512123236505,12424.1,25.82737074825079,
2025-10-20T12:25:00.000000,12293.45,12293.45,12289.0,12290.5,11,ULTRACEMCO,12283.857181849848,12282.292312488104,46.280121368657674,12424.1,24.001732045979328,
2025-10-20T12:30:00.000000,12290.5,12300.0,12290.5,12300.0,1,ULTRACEMCO,12287.085745479879,12283.902102261913,46.76664791018086,12424.1,22.82678100808138,
2025-10-20T12:35:00.000000,12300.0,12314.4,12299.0,12305.0,67,ULTRACEMCO,12290.668596383903,12285.820092965376,47.18612067566063,12424.1,22.70926861463547,
2025-10-20T12:40:00.000000,12305.0,12310.0,12305.0,12308.0,10,ULTRACEMCO,12294.134877107123,12287.836448150341,47.694866829635046,12424.1,22.600149963578552,
2025-10-20T12:45:00.000000,12308.0,12308.0,12305.0,12305.0,8,ULTRACEMCO,12296.307901685697,12289.396771045765,48.10239164735534,12424.1,22.49882550188284,
2025-10-20T12:50:00.000000,12305.0,12305.0,12305.0,12305.0,10,ULTRACEMCO,12298.046321348558,12290.815246405242,48.89283510877423,12424.1,22.404738501736826,
2025-10-20T12:55:00.000000,12305.0,12305.0,12305.0,12305.0,0,ULTRACEMCO,12299.437057078847,12292.10476945931,49.82959947326075,12424.1,22.31737200160124,
2025-10-20T13:00:00.000000,12305.0,12332.3,12305.0,12332.3,64,ULTRACEMCO,12306.009645663078,12295.758881326647,51.39169532220158,12424.1,23.85867799727711,
2025-10-20T13:05:00.000000,12332.3,12332.3,12320.7,12320.7,6,ULTRACEMCO,12308.947716530463,12298.026255751496,52.12523281169477,12424.1,25.289890707547556,
2025-10-20T13:10:00.000000,12320.7,12340.0,12320.7,12334.05,60,ULTRACEMCO,12313.96817322437,12301.301141592268,53.25389334707493,12424.1,26.96410444290555,
2025-10-20T13:15:00.000000,12334.05,12334.05,12326.35,12326.35,7,ULTRACEMCO,12316.444538579495,12303.578310538425,54.252508793279034,12424.1,28.51873148288083,
2025-10-20T13:20:00.000000,12326.35,12326.35,12320.0,12323.0,55,ULTRACEMCO,12317.755630863596,12305.343918671295,55.177385078526676,12424.1,29.153636584617242,
2025-10-20T13:25:00.000000,12323.0,12332.0,12323.0,12332.0,9,ULTRACEMCO,12320.604504690877,12307.767198792086,56.12770872822364,12424.1,30.047130505135033,
2025-10-20T13:30:00.000000,12332.0,12332.0,12322.65,12322.65,3,ULTRACEMCO,12321.0136037527,12309.120180720078,56.83527836366348,12424.1,30.83112008569054,
2025-10-20T13:35:00.000000,12322.65,12331.85,12320.05,12331.85,45,ULTRACEMCO,12323.18088300216,12311.186527927344,57.72039658546454,12424.1,31.207975822173317,
2025-10-20T13:40:00.000000,12331.85,12331.85,12325.0,12325.0,11,ULTRACEMCO,12323.544706401728,12312.442298115768,58.01892740861458,12424.1,31.557913291764468,
2025-10-20T13:45:00.000000,12325.0,12325.3,12307.0,12307.0,14,ULTRACEMCO,12320.235765121382,12311.947543741608,57.78740022575823,12424.1,29.756861763791388,
2025-10-20T13:50:00.000000,12307.0,12310.7,12303.0,12310.7,7,ULTRACEMCO,12318.328612097106,12311.83413067419,57.77744089651603,12424.1,27.70670237464171,
2025-10-20T13:55:00.000000,12310.7,12316.0,12310.7,12316.0,4,ULTRACEMCO,12317.862889677685,12312.212846067445,57.78981529140108,12424.1,26.271280230100533,
2025-10-20T14:00:00.000000,12316.0,12316.0,12316.0,12316.0,5,ULTRACEMCO,12317.490311742147,12312.557132788586,57.74145207116462,12424.1,24.938388238740867,
2025-10-20T14:05:00.000000,12316.0,12329.6,12316.0,12329.6,1,ULTRACEMCO,12319.912249393718,12314.10648435326,58.02989343853297,12424.1,24.78767004872508,
2025-10-20T14:10:00.000000,12329.6,12329.6,12329.6,12329.6,0,ULTRACEMCO,12321.849799514974,12315.514985775691,58.14278322320606,12424.1,24.647717443710423,
2025-10-20T14:15:00.000000,12329.6,12330.0,12310.7,12310.7,68,ULTRACEMCO,12319.61983961198,12315.077259796084,57.70513143458176,12424.1,23.097063921604875,
2025-10-20T14:20:00.000000,12310.7,12312.0,12305.0,12306.0,9,ULTRACEMCO,12316.895871689583,12314.252054360077,57.114106650626844,12424.1,22.099407733562998,
2025-10-20T14:25:00.000000,12306.0,12320.6,12300.0,12320.6,121,ULTRACEMCO,12317.636697351667,12314.829140327343,56.91787060580068,12424.1,20.600777600601543,
2025-10-20T14:30:00.000000,12320.6,12320.6,12302.0,12314.15,11,ULTRACEMCO,12316.939357881334,12314.767400297585,56.5775003301869,12424.1,19.209192477137332,
2025-10-20T14:35:00.000000,12314.15,12314.15,12300.0,12301.9,46,ULTRACEMCO,12313.931486305068,12313.59763663417,55.98590757033988,12424.1,17.935633327738216,
2025-10-20T14:40:00.000000,12301.9,12301.9,12300.0,12300.0,10,ULTRACEMCO,12311.145189044055,12312.361487849244,54.8625788516277,12424.1,16.753042689010467,
2025-10-20T14:45:00.000000,12300.0,12300.0,12286.0,12287.0,34,ULTRACEMCO,12306.316151235244,12310.055898044768,53.82200229195543,12424.1,16.83166175210473,
2025-10-20T14:50:00.000000,12287.0,12291.0,12287.0,12291.0,2,ULTRACEMCO,12303.252920988194,12308.323543677061,52.676043401874416,12424.1,16.904665167835116,
2025-10-20T14:55:00.000000,12291.0,12309.9,12291.0,12309.9,6,ULTRACEMCO,12304.582336790556,12308.466857888237,52.16224442677226,12424.1,16.167169828495744,
2025-10-20T15:00:00.000000,12309.9,12310.0,12295.95,12305.0,25,ULTRACEMCO,12304.665869432445,12308.151688989306,51.633433824634984,12424.1,15.490226168807052,
2025-10-20T15:05:00.000000,12305.0,12311.0,12300.15,12311.0,99,ULTRACEMCO,12305.932695545956,12308.410626353914,51.07898266129544,12424.1,14.945263838928254,
2025-10-20T15:10:00.000000,12311.0,12323.1,12311.0,12319.1,75,ULTRACEMCO,12308.566156436766,12309.382387594467,50.93233202800922,12424.1,15.36407904696278,
2025-10-20T15:15:00.000000,12319.1,12355.3,12319.1,12352.8,221,ULTRACEMCO,12317.412925149412,12313.329443267698,51.15254832782348,12424.1,17.376982831701763,
2025-10-20T15:20:00.000000,12352.8,12377.65,12352.8,12377.65,76,ULTRACEMCO,12329.460340119529,12319.176766606997,51.81969707824741,12424.1,19.958607200126988,
2025-10-20T15:25:00.000000,12377.65,12377.65,12345.9,12349.0,82,ULTRACEMCO,12333.368272095624,12321.887969642725,52.315451622329796,12424.1,21.74740144481286,
